,Dim1,Dim2,Class
0,81.48966,4.585646,Adventure
1,74.35698,4.4771924,Adventure
2,60.3466,15.592614,Comedy
3,-12.465749,-32.065296,Comedy
4,53.949005,13.739034,Comedy
5,72.85528,3.2096245,Action
6,54.90761,-0.30020472,Comedy
7,-36.70966,-41.62338,Adventure
8,27.607754,-7.840167,Action
9,76.01706,3.3636212,Action
10,62.374367,-0.8360605,Comedy
11,4.576716,-41.09353,Comedy
12,-1.3379271,-32.583374,Adventure
13,45.33364,42.557972,Drama
14,48.561546,-28.67367,Action
15,68.81486,6.8244786,Crime
16,66.91998,17.176785,Drama
17,-1.3767247,24.453686,Comedy
18,65.62224,10.3314905,Comedy
19,37.996086,-28.653769,Action
20,70.952354,11.657928,Comedy
21,43.26175,10.674998,Crime
22,27.891628,7.649781,Action
23,0.75691336,13.827761,Drama
24,68.8782,15.402788,Drama
25,31.276978,24.167034,Drama
26,-4.510279,13.811485,Children
27,-9.326971,41.05016,Drama
28,49.000763,24.063877,Adventure
29,-22.07645,-19.058378,Crime
30,56.47297,8.975472,Drama
31,80.88939,6.384306,Mystery
32,76.282,6.2203355,Children
33,66.18572,18.570656,Crime
34,9.849467,-59.225445,Children
35,72.94099,12.634666,Comedy
36,8.577382,66.32456,Drama
37,0.3646397,25.53421,Drama
38,-5.1008267,-7.723546,Action
39,5.978452,-5.5433636,Drama
40,52.741417,5.0864487,Action
41,33.20604,-0.82077694,Comedy
42,1.5370564,11.612518,Drama
43,81.708466,5.0977626,Mystery
44,67.25422,0.899106,Animation
45,-48.322563,-33.693832,Drama
46,80.11877,8.282639,Crime
47,48.552414,16.628109,Comedy
48,5.854219,97.89628,Adventure
49,-6.903572,-68.134895,Children
50,11.828681,55.58734,Drama
51,1.3744439,-12.81221,Drama
52,50.0237,22.402931,Comedy
53,32.65567,-3.009912,Adventure
54,-18.829693,39.903984,Drama
55,70.09867,8.532905,Drama
56,-37.817703,-46.25869,Comedy
57,-8.272729,-69.007095,Comedy
58,10.432476,-16.594517,Comedy
59,-7.477343,-55.06006,Action
60,-28.98065,-0.375383,Comedy
61,-7.164627,25.767233,Comedy
62,61.06002,16.963997,Action
63,27.831682,-53.26681,Action
64,-41.98296,-6.746828,Comedy
65,40.05477,42.67513,Drama
66,-45.23504,39.066353,Drama
67,-2.6808703,-55.537796,Comedy
68,3.9187038,15.386248,Action
69,-70.85869,24.631433,Documentary
70,-25.070292,-2.1724517,Action
71,25.65026,-22.989008,Drama
72,-64.39176,36.91781,Children
73,1.4059892,11.674028,Crime
74,-6.728118,36.56547,Comedy
75,-19.490032,-12.196883,Drama
76,9.386017,42.290943,Drama
77,24.731667,11.442018,Action
78,-7.696004,-53.956806,Children
79,0.7465617,-30.013727,Comedy
80,14.896364,-11.662074,Action
81,25.50374,-35.93515,Drama
82,-4.1020722,-26.652979,Comedy
83,7.361165,24.708073,Comedy
84,67.491486,9.632927,Action
85,-39.813972,15.228912,Comedy
86,-8.1842575,35.588055,Crime
87,2.8209217,99.81458,Documentary
88,24.527733,-23.935034,Drama
89,-4.6692853,25.413437,Adventure
90,-9.13365,-65.52103,Comedy
91,0.07006233,-6.314525,Mystery
92,72.7128,13.12567,Comedy
93,40.30385,2.1883297,Drama
94,-13.549344,58.662083,Comedy
95,31.587858,-2.5393078,Adventure
96,-38.167374,55.53897,Documentary
97,82.773895,5.578435,Action
98,74.60559,12.465048,Crime
99,55.565086,17.770777,Action
100,14.723119,-9.165718,Drama
101,9.041438,42.331757,Documentary
102,-40.36396,-28.640215,Crime
103,-15.206716,-56.183052,Comedy
104,22.396006,17.988115,Comedy
105,-44.168266,53.00221,Drama
106,31.128069,-9.702932,Comedy
107,1.1315581,71.34626,Drama
108,-42.31715,2.7206585,Comedy
109,5.31762,-61.63121,Adventure
110,-65.63079,-27.916792,Documentary
111,-8.91387,-84.61936,Comedy
112,27.4734,-33.94639,Thriller
113,8.427036,-15.945133,Comedy
114,-65.726395,-26.028954,Documentary
115,45.247986,-9.304839,Drama
116,70.72661,6.9858384,Comedy
117,-41.254536,-0.8276383,Comedy
118,52.062263,9.03878,Action
119,-51.990124,-8.025762,Adventure
120,-5.921033,18.97384,Drama
121,6.0700607,97.231186,Drama
122,-2.561988,-82.92805,Crime
123,81.84766,4.9191957,Adventure
124,42.470184,9.842896,Action
125,30.38407,-85.135376,Drama
126,76.32934,2.6290333,Action
127,-7.165663,35.284542,Drama
128,-2.487307,-46.173683,Adventure
129,-51.474472,-7.9468927,Comedy
130,-36.317783,-44.961075,Comedy
131,66.63652,0.6989926,Adventure
132,4.702872,-3.5496552,Crime
133,55.098892,3.6306436,Action
134,73.1098,6.0417147,Drama
135,38.588455,25.195745,Documentary
136,63.242184,16.254248,Action
137,15.016264,-12.97737,Crime
138,76.500786,2.7720737,Action
139,-40.40318,-50.493645,Comedy
140,55.76451,-0.8729339,Action
141,9.0188675,-40.70659,Adventure
142,33.323475,-0.76017535,Action
143,-42.15658,36.357185,Comedy
144,53.90647,5.3074546,Action
145,60.22633,-5.2352552,Action
146,-38.208733,-45.33132,Comedy
147,-7.1371756,27.221533,Drama
148,-12.795425,38.314983,Comedy
149,-26.104654,-39.2371,Horror
150,40.76654,-65.89401,Comedy
151,22.819395,-77.61403,Drama
152,53.55261,18.713392,Comedy
153,3.4181018,-42.502026,Action
154,-48.290462,12.892103,Comedy
155,-52.781605,11.327522,Drama
156,73.27557,9.121058,Action
157,53.152412,4.3824434,Comedy
158,-31.001259,68.02202,Comedy
159,-4.687515,14.435222,Fantasy
160,-56.38274,-36.386303,Comedy
161,-23.685713,-35.9324,Thriller
162,23.38393,-28.83715,Drama
163,28.320774,-2.8565109,Drama
164,0.25415093,24.333328,Comedy
165,11.558937,-23.352589,Comedy
166,53.06864,4.4163556,Horror
167,41.423317,7.7919903,Action
168,-31.81849,69.22822,Drama
169,-14.336036,-16.588156,Drama
170,-30.829592,-23.298246,Drama
171,0.3770009,15.125037,Comedy
172,41.17274,-17.32227,Action
173,-42.156986,-10.736405,Comedy
174,-68.19575,-14.271421,Documentary
175,2.5554178,17.131216,Drama
176,75.2656,-0.058111027,Action
177,-47.915718,-11.128398,Drama
178,9.561748,-27.061794,Western
179,-43.458042,16.536406,Drama
180,-56.954735,-32.78408,Adventure
181,26.646597,49.598003,Drama
182,3.9251091,55.8442,Drama
183,-0.54294795,28.18552,Drama
184,57.352604,17.8261,Comedy
185,-11.276356,-65.12057,Drama
186,5.4669304,15.381139,Comedy
187,-42.10405,-29.456427,Drama
188,-59.359383,-36.257,Horror
189,2.4312677,23.442446,Drama
190,73.86355,13.524017,Comedy
191,56.097054,15.581847,Comedy
192,59.043957,-1.4478244,Drama
193,30.183035,-7.770526,Action
194,-10.367848,-66.07618,Comedy
195,-18.6059,8.253928,Drama
196,36.16977,19.812807,Drama
197,76.605034,6.538953,Adventure
198,35.664192,25.391148,Comedy
199,-7.1961546,18.099316,Drama
200,7.115252,-37.865864,Comedy
201,66.76971,18.577578,Comedy
202,52.67245,13.1192875,Action
203,-2.8224022,19.747766,Comedy
204,-67.08106,31.17859,Adventure
205,2.084895,-31.31222,Animation
206,-5.3178487,-42.352192,Thriller
207,-21.599092,45.192158,Children
208,7.120359,36.155743,Drama
209,-59.246334,-34.768753,Children
210,44.487663,32.291912,Documentary
211,-1.2099999,26.999607,Crime
212,2.1015615,13.538297,Comedy
213,32.84268,24.688889,Drama
214,-7.154508,-54.717922,Children
215,-13.124085,-18.4832,Action
216,56.716034,15.915521,Comedy
217,73.85818,4.785244,Drama
218,22.801594,24.066175,Drama
219,-21.263754,-78.038826,Comedy
220,50.72643,0.7602488,Comedy
221,-7.368293,16.479115,Mystery
222,-31.525234,-50.240807,Adventure
223,15.191012,-9.431965,Crime
224,83.172264,3.5844562,Action
225,50.58431,11.073346,Drama
226,-2.7324944,25.78824,Children
227,-21.788353,58.212208,Drama
228,43.975475,23.836843,Drama
229,65.333435,6.655086,Drama
230,-39.033844,-39.931133,Comedy
231,-53.747704,-33.99974,Drama
232,20.752792,-5.983999,Drama
233,-14.231709,10.001168,Drama
234,48.51645,21.37691,Comedy
235,48.12843,-0.8144126,Drama
236,-35.744274,-41.45128,Comedy
237,5.4760537,-61.8253,Comedy
238,0.5455565,14.664354,Comedy
239,52.630013,13.9677,Drama
240,23.216265,-79.24725,Comedy
241,-1.8644004,0.70569617,Drama
242,18.259848,20.236883,Drama
243,7.2654014,23.404404,Comedy
244,50.024124,7.7749963,Drama
245,-32.66536,29.159302,Crime
246,-18.72603,82.4856,Action
247,-54.29709,46.883606,Drama
248,-38.004944,-27.361856,Comedy
249,70.60582,10.702831,Action
250,6.424286,34.856693,Comedy
251,-9.951178,37.19482,Crime
252,-3.5841293,-70.639145,Drama
253,73.13821,5.5068145,Action
254,77.377205,10.559535,Action
255,-14.344152,-17.257505,Comedy
256,-48.329887,-33.68865,Comedy
257,83.78026,5.0539618,Comedy
258,1.4912086,-80.829,Drama
259,-28.718168,54.578438,Drama
260,70.00255,9.706991,Drama
261,-41.798466,55.6328,Drama
262,36.272755,40.651802,Drama
263,32.506634,-4.087631,Action
264,-12.1161,9.866266,Comedy
265,1.1773005,2.1473203,Comedy
266,-10.913338,38.613873,Drama
267,-0.81238776,27.37577,Drama
268,-1.188659,27.724344,Comedy
269,-65.89455,-24.640135,Comedy
270,-58.739353,-35.92343,Horror
271,28.121428,-76.93693,Comedy
272,-16.535892,1.9908938,Animation
273,0.37863255,24.821964,Children
274,49.464073,-0.07479614,Action
275,76.230354,4.9467497,Action
276,65.2554,10.525379,Comedy
277,83.829796,5.1480246,Crime
278,-3.8133445,22.116734,Comedy
279,-44.6779,-31.74809,Film-Noir
280,-4.213555,56.605965,Drama
281,-44.208015,1.8026077,Comedy
282,-18.87316,58.49221,Comedy
283,-31.379019,-50.30136,Comedy
284,25.221058,52.914955,Drama
285,33.722065,-1.4939817,Action
286,-35.64714,-12.044239,Horror
287,73.18533,8.787295,Adventure
288,-36.074894,-37.58879,Action
289,-19.629526,-12.18406,Drama
290,-2.8437924,-27.252844,Horror
291,58.161057,16.677061,Comedy
292,10.565456,65.85991,Drama
293,-34.7834,9.862693,Mystery
294,-64.583984,-29.909422,Drama
295,69.011856,15.571896,Drama
296,29.589882,-5.5127087,Action
297,73.70763,7.856434,Comedy
298,26.408764,34.4231,Adventure
299,-62.347683,40.17656,Drama
300,53.3852,19.164072,Comedy
301,-61.360786,-27.779596,Children
302,78.99023,9.504029,Comedy
303,49.547695,20.741562,Comedy
304,-33.57405,24.370073,Drama
305,30.454185,38.532356,Drama
306,48.16697,16.222155,Comedy
307,73.73573,4.621908,Action
308,55.635258,1.8301747,Drama
309,1.7145722,12.4675,Comedy
310,-11.094249,-39.85944,Comedy
311,62.6589,15.085056,Action
312,20.40947,14.431688,Drama
313,57.596542,-9.173852,Children
314,83.78571,4.454176,Comedy
315,74.24263,7.2670913,Comedy
316,4.5276585,-3.1145034,Drama
317,-29.423496,-22.81433,Comedy
318,25.512983,-25.417423,Action
319,3.2786276,-15.528519,Comedy
320,47.70278,9.143025,Adventure
321,43.006313,45.271187,Documentary
322,80.47796,3.2416472,Adventure
323,23.03895,16.527029,Drama
324,-9.726172,-15.173296,Drama
325,79.42172,4.926981,Action
326,63.851486,-2.1588244,Adventure
327,20.1397,54.13634,Drama
328,61.469814,12.421668,Action
329,0.82038087,14.680642,Comedy
330,8.89856,-17.719564,Comedy
331,-12.948017,30.894829,Thriller
332,16.939352,-46.70586,Children
333,51.39538,2.8161082,Action
334,80.45968,4.969266,Action
335,10.865213,-28.332855,Comedy
336,33.891674,-7.4929314,Action
337,81.30009,2.7922077,Action
338,35.045727,25.022036,Drama
339,47.758205,-11.247675,Drama
340,44.249268,39.93686,Western
341,-28.128103,-3.2091613,Action
342,-27.78996,58.035355,Drama
343,-44.675316,-31.751923,Drama
344,-12.021977,-48.41715,Action
345,-55.42535,-34.159145,Drama
346,7.0266266,78.70206,Drama
347,-47.585724,29.576746,Action
348,13.331653,74.47105,Crime
349,14.218588,-37.64686,Action
350,9.090506,-40.687332,Action
351,-46.598248,-32.94137,Drama
352,-38.75707,0.48174575,Horror
353,-16.092304,-21.650078,Drama
354,-7.544128,-84.33865,Crime
355,67.652374,10.390396,Children
356,28.461802,8.555926,Drama
357,9.375098,-16.926193,Comedy
358,-4.412845,-41.91803,Comedy
359,7.3465796,-37.930073,Comedy
360,-25.897444,-45.563995,Western
361,-7.949098,33.490845,Comedy
362,18.740211,-25.579079,Drama
363,3.4675305,-39.35713,Comedy
364,54.808804,3.784008,Action
365,-45.29328,-1.6446571,Adventure
366,-26.44323,-7.7881002,Thriller
367,4.745501,-4.013067,Action
368,17.463203,-54.36553,Drama
369,-31.320442,33.041607,Drama
370,-35.67195,-13.174962,Horror
371,-24.808874,-44.43423,Drama
372,37.443577,20.973347,Drama
373,-21.482317,-78.08711,Comedy
374,-24.931467,26.373133,Comedy
375,41.977894,9.804339,Crime
376,53.809643,4.291672,Adventure
377,-26.147232,-39.276318,Comedy
378,73.68161,4.3027844,Action
379,54.14688,5.476564,Comedy
380,22.274939,-29.032234,Drama
381,0.8834621,-50.973522,Comedy
382,-29.993088,-41.67564,Action
383,69.80951,9.40568,Comedy
384,50.98415,23.050196,Comedy
385,67.5406,9.433402,Action
386,-7.5045505,-60.088394,Comedy
387,-38.997253,-43.919224,Comedy
388,39.07107,45.122517,Drama
389,16.803404,18.157696,Drama
390,42.767105,-72.17884,Comedy
391,-32.00411,-17.424116,Comedy
392,14.585018,54.665726,Drama
393,-38.991463,-25.471653,Drama
394,0.31174025,-34.756317,Comedy
395,72.60104,3.9286108,Drama
396,35.72859,-6.144196,Adventure
397,-27.19737,33.548782,Crime
398,81.464005,4.963382,Thriller
399,17.032482,-26.760035,Drama
400,-0.68119174,-72.2274,Action
401,9.307141,-31.201025,Comedy
402,-39.647583,-50.307392,Drama
403,2.945033,-21.604345,Action
404,61.59239,12.373972,Action
405,-5.106314,101.632256,Comedy
406,-3.6005335,19.825752,Comedy
407,23.896784,16.528131,Drama
408,41.37775,-68.88053,Comedy
409,46.499393,8.974985,Comedy
410,21.838345,-29.473948,Comedy
411,-6.295049,-89.45035,Comedy
412,65.32078,6.5061913,Action
413,41.75269,27.319633,Drama
414,40.22119,-62.83406,Comedy
415,4.2047906,15.136311,Drama
416,-4.881405,-38.21005,Comedy
417,-4.9632444,-41.447643,Action
418,83.07177,2.930304,Action
419,1.4151528,12.273679,Drama
420,-32.80859,26.077108,Crime
421,-63.8137,-30.12981,Adventure
422,57.16263,-3.1663833,Action
423,-56.48155,-32.076492,Comedy
424,-23.51033,-51.090363,Comedy
425,-6.925171,-22.290377,Drama
426,20.66675,-16.340454,Comedy
427,-0.4319493,-14.621096,Thriller
428,5.278383,15.512824,Drama
429,5.73353,23.78235,Comedy
430,-41.372932,3.440484,Action
431,54.642467,-1.8781315,Action
432,0.23083091,100.49579,Drama
433,-8.736548,101.449814,Comedy
434,49.3598,23.810423,Comedy
435,-22.321,-51.072502,Comedy
436,78.42234,4.417013,Comedy
437,26.719767,39.17756,Drama
438,-8.678325,-56.076138,Action
439,0.6439199,-6.6174083,Action
440,11.541438,-47.12997,Comedy
441,-16.744186,80.40368,Drama
442,37.993183,2.2235544,Crime
443,64.8114,6.7237864,Drama
444,64.55422,18.604437,Drama
445,-11.299603,-21.532175,Drama
446,-18.277924,-14.982865,Action
447,-6.627075,-24.165087,Horror
448,-27.92579,-1.3682315,Comedy
449,-2.676881,17.388594,Comedy
450,36.412693,20.513487,Drama
451,28.072287,7.6033173,Comedy
452,26.356947,0.8360151,Action
453,-8.947863,-36.280888,Comedy
454,6.8617477,-37.581127,Action
455,63.15023,15.18988,Comedy
456,-25.542864,-7.2557397,Crime
457,-43.73326,-5.2725105,Action
458,-15.210691,22.539839,Drama
459,46.50066,21.268423,Drama
460,20.081242,54.015244,Drama
461,82.4446,5.9152327,Drama
462,-2.5826108,-47.71026,Comedy
463,49.385338,23.791395,Drama
464,1.9391577,16.480986,Children
465,-37.605614,-12.491812,Comedy
466,29.576214,-5.55909,Action
467,28.830397,20.458939,Drama
468,42.204018,41.951626,Drama
469,-28.812176,-1.828447,Drama
470,-39.413807,-11.086937,Drama
471,7.3714986,22.088842,Drama
472,74.18171,7.3794208,Comedy
473,31.187452,-9.489405,Thriller
474,76.73739,10.677783,Action
475,-39.10485,-40.34971,Comedy
476,46.349766,8.804824,Comedy
477,-25.235073,-45.463257,Action
478,17.118088,-49.444946,Action
479,-37.88619,-5.2848163,Action
480,27.208622,-34.595436,Action
481,-11.1363535,80.26093,Drama
482,-47.47453,-4.9955325,Comedy
483,72.16281,13.717261,Animation
484,62.31983,13.433912,Action
485,66.47019,17.841932,Action
486,66.034874,18.743633,Crime
487,-42.232662,-5.767655,Documentary
488,-0.733308,-32.78359,Action
489,-5.711726,22.256346,Comedy
490,37.47562,47.99252,Drama
491,21.33756,-70.72941,Comedy
492,6.6809883,-77.43269,Comedy
493,-37.4668,16.263582,Comedy
494,-23.178658,-35.91623,Comedy
495,-53.521976,12.776463,Drama
496,-28.918093,-2.9209478,Comedy
497,-39.295776,-41.793556,Children
498,-9.430509,-69.211975,Adventure
499,-44.675316,-31.751923,Crime
500,-34.02852,-41.717922,Drama
501,-23.140135,54.692936,Documentary
502,-25.075691,58.762115,Comedy
503,10.123093,-15.929665,Comedy
504,77.60258,4.7024016,Children
505,77.655876,4.411264,Comedy
506,80.68447,4.180737,Adventure
507,82.44537,3.8342655,Action
508,82.213005,6.791324,Adventure
509,81.25001,4.759476,Action
510,83.63558,4.992841,Crime
511,63.39681,10.936073,Animation
512,79.07483,4.709309,Animation
513,62.57574,11.455776,Animation
514,78.1632,4.471843,Comedy
515,32.91799,48.63565,Adventure
516,-21.788353,58.212208,Action
517,-58.166965,47.704502,Documentary
518,-8.629006,-12.614045,Drama
519,-56.69912,-32.08096,Fantasy
520,79.66759,8.753682,Comedy
521,-43.434116,2.7883341,Adventure
522,52.042435,18.133991,Action
523,-13.988625,-64.44616,Action
524,-14.347743,-49.50792,Comedy
525,-24.599861,-4.6324587,Drama
526,39.34494,40.18695,Comedy
527,58.259197,10.423426,Animation
528,-30.860416,-39.06477,Comedy
529,1.6334178,-7.134442,Comedy
530,-4.038668,-46.787964,Comedy
531,1.6443131,96.740395,Comedy
532,-44.104916,-5.250499,Drama
533,40.180946,9.647596,Crime
534,-45.9346,-1.8625731,Adventure
535,-2.969728,57.4819,Drama
536,-16.647804,99.595116,Comedy
537,10.2542925,-47.545853,Comedy
538,-22.900993,-18.556023,Comedy
539,-65.41966,-29.284954,Drama
540,32.660225,-3.1967945,Comedy
541,-22.837692,-16.726889,Romance
542,-13.334703,-19.340464,Comedy
543,25.564535,-24.658918,Drama
544,-33.764595,16.685745,Drama
545,48.53945,-1.1884274,Action
546,79.85192,3.2785952,Action
547,-65.89452,-24.640182,Comedy
548,-17.06446,-7.9189353,Drama
549,55.33943,3.4916453,Action
550,10.059572,-26.835638,Comedy
551,57.91129,14.916701,Adventure
552,-42.35355,-6.1494093,Thriller
553,-44.568356,-1.1599262,Comedy
554,39.969334,47.712036,Comedy
555,-37.543316,-43.94909,Action
556,20.991922,58.88094,Drama
557,11.679483,82.10529,Drama
558,51.506245,18.064268,Comedy
559,60.31058,-5.7201996,Adventure
560,-37.138832,-10.380879,Adventure
561,-87.32383,9.770845,Drama
562,-2.969471,57.48182,Drama
563,-29.299984,66.22861,Drama
564,-1.1758128,56.48927,Drama
565,-25.082731,-45.424164,Action
566,7.5700936,-10.524009,Comedy
567,-10.104879,-83.201126,Action
568,-11.299059,-14.254259,Action
569,-41.771008,53.20406,Mystery
570,-30.512098,-42.113583,Drama
571,40.846336,-66.29118,Drama
572,-42.908627,-10.328885,Comedy
573,-20.41751,-81.63616,Drama
574,10.51529,-39.729965,Action
575,-42.180565,-27.831282,Drama
576,29.41209,-5.34381,Crime
577,57.913567,19.075521,Comedy
578,0.14171089,-19.966055,Adventure
579,-31.414776,-50.160778,Comedy
580,-0.8965598,-27.844107,Adventure
581,38.34495,27.764048,Drama
582,22.513369,13.076837,Drama
583,3.6734357,46.844666,Comedy
584,28.559574,-3.001844,Comedy
585,-5.904172,27.18888,Adventure
586,2.633945,56.93499,Documentary
587,33.39018,-0.80773777,Drama
588,-26.197956,-60.523525,Comedy
589,-30.835808,-23.278088,Drama
590,-41.26177,0.9110382,Comedy
591,20.29127,14.227717,Crime
592,75.37574,2.95742,Action
593,-6.128134,37.650063,Horror
594,76.714325,1.8204142,Action
595,9.1294155,-18.215857,Action
596,-5.706532,27.138494,Animation
597,-36.383034,-44.83023,Horror
598,10.591314,-16.463114,Comedy
599,-89.67064,8.589525,Animation
600,-15.913084,4.5566826,Comedy
601,30.807041,1.1571698,Action
602,73.56818,13.958475,Comedy
603,-25.52634,58.62479,Drama
604,-66.101,0.26389852,Documentary
605,26.67237,59.043304,Drama
606,24.28406,-33.88591,Action
607,50.841328,0.96808213,Comedy
608,-29.465645,15.613478,Drama
609,27.803926,-8.606789,Comedy
610,-33.565327,18.630344,Drama
611,-57.41168,7.587929,Drama
612,-15.590525,-8.1407995,Horror
613,73.66518,13.507793,Comedy
614,3.8963664,55.592205,Drama
615,82.81297,2.5388436,Action
616,-21.580275,10.745937,Drama
617,27.512947,-33.229782,Drama
618,57.899117,-16.292234,Animation
619,54.512665,3.9818468,Comedy
620,46.602787,8.724908,Comedy
621,62.417484,-4.273251,Action
622,67.30214,9.92055,Comedy
623,-10.5851345,-84.77334,Drama
624,-97.64365,6.793509,Documentary
625,-33.76459,16.685747,Drama
626,46.130707,-19.903152,Action
627,31.817627,2.96241,Comedy
628,38.5322,27.528528,Drama
629,-36.980396,-10.836946,Children
630,51.836445,8.378512,Drama
631,-64.52477,38.837006,Comedy
632,-38.614216,-9.002163,Comedy
633,40.71702,5.1603265,Drama
634,27.936123,-82.70169,Crime
635,-12.74447,10.193225,Adventure
636,-1.127478,-46.320644,Action
637,1.3564478,-50.667953,Children
638,0.58856386,-34.75234,Comedy
639,-35.592323,-11.974796,Comedy
640,-62.364456,1.5377959,Drama
641,29.05788,52.594124,Drama
642,-15.377442,4.229366,Adventure
643,-31.589315,-61.745983,Comedy
644,33.083214,-8.658424,Comedy
645,61.65595,-16.478912,Crime
646,-19.586372,-78.48223,Comedy
647,-30.0323,31.804981,Drama
648,28.568659,-8.324604,Action
649,32.516693,-2.6955419,Children
650,43.04008,23.462694,Comedy
651,-34.85826,-47.3354,Action
652,-27.92579,-1.3682315,Children
653,-57.469788,-34.103382,Horror
654,-8.169773,-55.04069,Comedy
655,-21.764387,-5.153438,Drama
656,50.860535,2.6386204,Action
657,-26.279015,-38.856365,Drama
658,42.40702,8.459797,Comedy
659,82.06454,6.0739365,Crime
660,-38.387695,38.52478,Action
661,0.13914587,28.207457,Crime
662,19.87534,-65.75498,Comedy
663,13.649147,18.921474,Crime
664,30.047722,-55.618683,Comedy
665,-66.09516,0.6992268,Action
666,1.6593906,100.198235,Action
667,30.590366,-31.032066,Horror
668,31.110857,-6.807259,Sci-Fi
669,-9.574206,-69.412315,Children
670,2.5039692,-63.094193,Drama
671,-4.7897863,-38.225143,Children
672,0.046188667,-35.502766,Action
673,-26.686321,-76.64628,Adventure
674,-63.757553,40.6604,Drama
675,-35.06839,31.085499,Horror
676,30.584732,23.176786,Comedy
677,7.31173,38.368423,Drama
678,-18.71935,-41.66711,Drama
679,38.564434,44.42807,Adventure
680,-0.06088756,30.216934,Comedy
681,51.6658,24.013336,Comedy
682,7.0169673,29.483206,Musical
683,-35.499863,-16.807842,Comedy
684,44.841957,23.575375,Drama
685,65.80209,20.269228,Drama
686,70.04025,15.0176115,Mystery
687,-8.070163,41.728973,Comedy
688,7.4988623,51.082275,Drama
689,-23.610216,16.823177,Comedy
690,65.77576,20.55379,Action
691,41.31123,23.563387,Comedy
692,64.32265,20.117477,Comedy
693,7.341662,29.41057,Comedy
694,73.99915,13.507906,Drama
695,51.7976,23.850895,Film-Noir
696,44.02677,30.932064,Comedy
697,44.004498,22.535799,Comedy
698,41.096214,23.672314,Comedy
699,-52.781666,11.32743,Children
700,-4.357414,42.54473,Musical
701,73.10284,13.778389,Adventure
702,46.910828,40.823418,Drama
703,-38.519382,-0.76096094,Comedy
704,-0.123292826,30.022385,Drama
705,66.415474,19.013424,Drama
706,75.00278,9.544397,Adventure
707,39.78514,27.566286,Drama
708,25.244743,52.615612,Comedy
709,38.14616,26.628725,Drama
710,-31.905212,15.573148,Drama
711,-0.9729405,29.75531,Film-Noir
712,-1.0602518,39.53906,Mystery
713,-2.3619332,42.74054,Drama
714,-0.29741788,29.366554,Crime
715,-43.493755,-1.4299492,Comedy
716,5.3839273,40.93152,Comedy
717,-2.1378832,43.441185,Comedy
718,25.42492,35.84955,Comedy
719,-21.985813,-5.11127,Musical
720,-7.207603,37.685253,Action
721,-36.98575,32.68396,Adventure
722,-29.939957,72.7445,Crime
723,-5.87367,37.91874,Drama
724,24.90419,52.282345,Drama
725,-7.457557,38.245186,Comedy
726,-22.812983,-50.466496,Comedy
727,-38.124382,32.089878,Comedy
728,44.155426,44.644436,Drama
729,9.230006,42.568333,Drama
730,-42.79717,36.70045,Comedy
731,-12.676817,38.33426,Comedy
732,41.946354,43.029556,Adventure
733,65.890495,20.68272,Children
734,38.178177,25.3943,Drama
735,-0.41189817,26.086765,Comedy
736,12.869615,55.45323,Drama
737,-66.095085,0.69916,Drama
738,-18.915369,57.979618,Drama
739,-34.270336,-25.27558,Musical
740,-45.967743,39.358738,Drama
741,-3.9679964,24.248308,Horror
742,50.422157,22.174164,Adventure
743,-49.61223,15.274402,Adventure
744,-4.9646688,41.71004,Drama
745,12.775672,42.527714,Comedy
746,-65.89551,-24.63986,Romance
747,-66.28068,-21.006042,Drama
748,-47.011417,-31.772533,Drama
749,-20.705492,-18.57665,Drama
750,-40.601433,16.339806,Comedy
751,-2.5483446,12.705792,Adventure
752,-30.830591,-23.295416,Drama
753,-14.472036,-11.86562,Comedy
754,6.7176967,-27.088123,Action
755,24.38563,17.656715,Drama
756,-16.670649,-9.109734,Drama
757,-5.4319882,42.085953,Comedy
758,37.92087,-28.852777,Action
759,-3.4913785,-6.5638156,Action
760,-32.50687,-17.055468,Crime
761,10.013943,-36.030354,Drama
762,14.193818,-30.909548,Action
763,-5.694219,-71.61678,Children
764,20.614286,-4.7180996,Drama
765,-26.994122,-43.50107,Children
766,-50.508297,-32.058872,Adventure
767,-41.59075,-12.317306,Adventure
768,-9.101926,-12.743885,Children
769,-41.07637,-42.537838,Children
770,-18.610868,1.5065485,Children
771,1.5423727,6.0322647,Children
772,-0.43851706,3.0163946,Children
773,2.037371,-31.240154,Adventure
774,-32.556442,-39.061954,Children
775,30.726383,24.308868,Adventure
776,-16.033133,-42.933125,Children
777,31.496126,23.979174,Adventure
778,56.27612,10.253848,Comedy
779,16.783253,-46.540245,Children
780,59.133053,9.926774,Animation
781,-87.48922,9.102407,Animation
782,-71.456276,8.337168,Animation
783,-8.496693,24.048931,Animation
784,62.595375,-12.230227,Adventure
785,66.98361,17.534988,Children
786,51.30581,18.117456,Animation
787,1.1853843,1.7937638,Adventure
788,32.109886,4.210469,Adventure
789,52.0355,17.403032,Adventure
790,-8.703764,24.628742,Animation
791,-33.38616,-15.741761,Comedy
792,61.049103,1.8935219,Musical
793,77.44882,9.126014,Action
794,9.347184,-19.003723,Action
795,-46.598248,-32.941372,Drama
796,28.516567,61.61037,Drama
797,46.51748,8.6559515,Comedy
798,-9.836541,-65.5078,Drama
799,-15.447539,79.948586,Drama
800,51.976162,-2.147593,Action
801,23.457474,-7.1092863,Action
802,5.342672,41.825123,Documentary
803,-40.761173,52.092304,Drama
804,-36.18194,-26.374374,Crime
805,7.490665,-75.25924,Drama
806,28.2711,-54.21636,Thriller
807,-2.1559308,-2.8492837,Drama
808,-2.4838588,12.812679,Comedy
809,50.29258,10.197923,Drama
810,52.147015,21.454056,Comedy
811,40.594654,5.067931,Thriller
812,-56.66684,-10.845257,Animation
813,6.4397764,78.01892,Comedy
814,-62.29872,1.5209473,Crime
815,75.68288,12.398752,Children
816,50.529934,-56.24102,Drama
817,-5.158035,25.281467,Comedy
818,-46.89754,-1.0590571,Comedy
819,67.01487,14.323093,Comedy
820,72.73262,14.154424,Comedy
821,29.098654,21.378384,Comedy
822,2.7028975,36.48899,Drama
823,36.860294,41.423717,Comedy
824,49.316517,21.915995,Crime
825,-61.893597,0.620509,Adventure
826,-0.22111471,28.875341,Crime
827,56.700516,9.700582,Drama
828,77.582306,11.236202,Crime
829,65.903786,16.63382,Drama
830,9.176753,-18.309107,Comedy
831,62.429256,1.3176769,Crime
832,41.92513,8.686636,Drama
833,52.6553,13.674406,Drama
834,1.209649,23.297276,Drama
835,33.917507,48.006157,Drama
836,78.24309,3.3150356,Children
837,-73.5301,6.348555,Children
838,38.983044,-24.309456,Action
839,67.40294,3.9846225,Action
840,-5.930143,42.81884,Drama
841,38.928432,25.167816,Drama
842,-18.767385,89.38035,Horror
843,-90.296616,-7.686974,Comedy
844,-32.399834,75.5095,Documentary
845,-12.559754,80.41122,Action
846,-7.965419,-23.01184,Crime
847,-58.380386,48.679626,Drama
848,18.650314,33.301216,Drama
849,-59.35885,-35.88165,Drama
850,37.328064,8.473338,Comedy
851,4.1363425,56.78378,Drama
852,2.2221897,67.66003,Documentary
853,10.2242565,3.261624,Drama
854,3.8240964,27.596697,Comedy
855,-34.080658,-39.996502,Comedy
856,56.86465,-0.02975871,Action
857,-28.943552,-55.789383,Horror
858,54.459587,17.915285,Action
859,-41.18293,-45.891685,Horror
860,9.78991,49.205494,Drama
861,9.92404,49.5328,Drama
862,-1.0566491,-13.515111,Comedy
863,77.77578,11.129118,Adventure
864,-68.14303,29.479406,Romance
865,5.8457465,97.85592,Drama
866,-64.52491,38.83687,Documentary
867,-44.38481,37.776817,Documentary
868,-89.71953,8.568856,Animation
869,3.1323175,68.74243,Drama
870,-3.5709636,101.65238,Animation
871,-64.962685,0.55384,Drama
872,37.03147,43.59991,Drama
873,24.000538,26.577957,Comedy
874,40.339275,-61.11891,Drama
875,-12.7765,10.700664,Comedy
876,-23.53288,-60.2537,Action
877,-5.747047,18.845343,Comedy
878,44.52034,31.870058,Drama
879,1.3992146,6.0306907,Comedy
880,-1.5199888,26.122229,Comedy
881,-30.333458,55.176807,Drama
882,-41.458176,39.766262,Drama
883,-25.86696,74.30272,Drama
884,-1.7458767,22.848257,Crime
885,-29.576447,-22.501,Comedy
886,60.592678,1.8185995,Drama
887,-39.740566,39.413128,Comedy
888,-6.4369607,37.137306,Drama
889,-2.3679407,22.53514,Drama
890,27.559374,38.874454,Drama
891,-3.9036758,22.902765,Comedy
892,-7.1124697,38.74897,Documentary
893,-34.944096,-15.87619,Crime
894,20.331207,31.148033,Documentary
895,-25.225105,84.30166,Documentary
896,76.7918,9.655995,Drama
897,-43.500378,2.8572206,Comedy
898,81.87814,4.366586,Action
899,77.88705,10.653217,Action
900,81.49184,4.8641696,Action
901,66.32345,20.951117,Fantasy
902,76.43076,8.977521,Action
903,68.17173,21.202051,Action
904,-1.2427826,40.83025,Comedy
905,59.10653,20.006752,Drama
906,46.677734,41.444576,Adventure
907,75.88334,10.351561,Crime
908,65.753975,20.465788,Drama
909,74.59595,8.959774,Action
910,39.033585,47.617004,Action
911,81.69557,4.1180353,Action
912,35.734516,25.901276,Drama
913,-0.46552622,29.32644,Film-Noir
914,76.11217,10.030628,Crime
915,77.771515,9.778416,Horror
916,58.812782,19.93439,Action
917,38.868404,41.99671,Adventure
918,38.972668,47.840218,Drama
919,-3.959535,41.991684,Action
920,69.82569,14.950889,Crime
921,70.4675,8.39356,Action
922,75.13691,9.378731,Crime
923,74.36347,11.711336,Drama
924,-89.255424,8.806821,Adventure
925,38.93431,27.793446,Action
926,68.42264,21.311096,Drama
927,26.348902,34.71302,Drama
928,45.527077,43.013702,Crime
929,45.33096,25.369335,Drama
930,59.131428,19.57111,Comedy
931,45.175716,41.82764,Drama
932,36.971493,43.392063,Drama
933,44.36769,30.258747,Action
934,66.4571,16.773443,Comedy
935,-1.5017607,29.359497,Comedy
936,2.7030222,68.85001,Comedy
937,-11.369718,38.054638,Drama
938,-3.8774245,42.5621,Comedy
939,77.40568,10.523686,Action
940,-6.9896226,39.3803,Comedy
941,45.988976,24.989574,Drama
942,7.342596,27.895178,Comedy
943,52.489925,22.911615,Comedy
944,38.845577,24.32106,Crime
945,71.17185,6.0832124,Drama
946,69.095474,14.630162,Comedy
947,-11.716559,38.076744,Crime
948,44.9334,23.859867,Action
949,44.734295,31.00657,Adventure
950,38.00421,28.725706,Drama
951,65.86541,20.457142,Crime
952,-4.854523,25.501913,Drama
953,32.267117,24.446241,Action
954,-55.11793,-31.467527,Comedy
955,-10.7954,24.431198,Comedy
956,-3.4967802,24.211357,Comedy
957,74.83909,11.792762,Horror
958,72.56325,14.120666,Adventure
959,6.1914597,29.577068,Crime
960,-5.2477503,27.135355,Action
961,44.775333,31.869976,Action
962,45.25494,32.5615,Drama
963,8.769329,41.206734,Action
964,77.92686,10.352165,Comedy
965,59.572227,2.6168025,Drama
966,42.610462,26.009953,Crime
967,-31.106024,25.60825,Comedy
968,43.125168,23.172548,Comedy
969,80.58174,4.947033,Adventure
970,39.427773,11.625081,Comedy
971,44.251617,31.620214,Drama
972,-5.1374865,40.91695,Comedy
973,45.741558,23.346416,Action
974,49.635925,24.550802,Action
975,65.71234,20.494068,Drama
976,37.845512,28.742216,Comedy
977,67.97012,15.269744,Comedy
978,22.368721,57.291992,Comedy
979,14.286606,68.678085,Drama
980,38.017582,25.771442,Comedy
981,64.38486,19.435375,Animation
982,-12.798084,37.2132,Drama
983,-5.880909,42.9461,Crime
984,51.192043,22.033197,Comedy
985,-33.002502,-15.963916,Drama
986,46.51536,41.228714,Action
987,59.676983,20.225374,Comedy
988,-45.45567,37.642834,Documentary
989,-41.324898,-0.66480196,Drama
990,78.16484,3.872669,Action
991,37.497593,25.989761,Comedy
992,45.41749,41.485294,Drama
993,39.06743,41.64083,Drama
994,6.1554976,28.623482,Drama
995,0.36615163,24.305769,Comedy
996,-3.1066816,25.107834,Drama
997,42.332584,28.246826,Drama
998,-9.589773,40.399292,Comedy
999,-8.064348,34.270245,Drama
1000,61.539974,15.860339,Children
1001,38.023766,26.579214,Adventure
1002,65.14074,16.607542,Action
1003,31.603813,39.43565,Drama
1004,25.389624,25.379116,Adventure
1005,71.15157,13.694117,Comedy
1006,-14.403738,100.30647,Documentary
1007,-17.416914,-39.08069,Drama
1008,-16.361671,-84.09433,Comedy
1009,55.87537,-2.2224605,Action
1010,-2.0062723,18.702091,Comedy
1011,23.025227,-79.33451,Horror
1012,23.990473,-73.22175,Horror
1013,35.05558,-72.75574,Horror
1014,34.678185,-72.95419,Horror
1015,39.269234,-64.438576,Horror
1016,3.0503619,-25.043262,Drama
1017,47.33446,-63.40336,Horror
1018,-29.775908,-40.042812,Horror
1019,28.262667,-78.996666,Horror
1020,6.011241,-77.54603,Horror
1021,13.246192,19.78835,Horror
1022,46.613297,22.682104,Horror
1023,-61.65619,-27.739222,Horror
1024,41.828762,-71.42917,Horror
1025,42.871735,-72.0546,Horror
1026,-25.05154,85.06948,Drama
1027,41.363495,1.747025,Fantasy
1028,-57.596836,-8.69933,Drama
1029,7.918593,39.667595,Horror
1030,-29.952658,-49.963108,Horror
1031,41.36647,1.1231028,Thriller
1032,12.460319,4.6116858,Crime
1033,53.71983,18.474768,Drama
1034,-3.6987967,-9.814289,Drama
1035,8.158105,-16.12202,Horror
1036,-4.63949,20.70107,Horror
1037,-3.5782478,101.54476,Horror
1038,3.355871,27.892052,Horror
1039,-0.27620655,-46.675243,Crime
1040,-4.69134,-69.095245,Crime
1041,22.409899,10.851074,Comedy
1042,36.86556,47.469517,Drama
1043,6.4298472,-64.45608,Horror
1044,71.18817,7.6601458,Action
1045,1.520408,27.824057,Drama
1046,64.60214,21.321049,Drama
1047,34.54904,-18.969046,Children
1048,32.718246,50.632175,Documentary
1049,22.257595,10.853186,Drama
1050,-30.802439,26.829453,Drama
1051,18.576626,18.42097,Drama
1052,59.152157,4.6472774,Adventure
1053,63.789364,-2.589174,Action
1054,55.84012,-0.83736324,Adventure
1055,50.053654,7.8373265,Action
1056,32.162136,-4.9954643,Action
1057,64.90906,16.724354,Action
1058,55.303204,16.25959,Action
1059,51.29806,9.208132,Adventure
1060,62.870384,-3.6596532,Action
1061,1.7213305,16.052996,Action
1062,-0.5286976,-15.073057,Action
1063,66.54074,4.1166844,Comedy
1064,11.736293,-66.863625,Comedy
1065,2.0418553,-56.105026,Action
1066,33.130447,-9.465142,Action
1067,70.02082,4.3626513,Action
1068,22.977682,-15.397537,Horror
1069,28.373251,-63.02051,Action
1070,4.732355,-34.552998,Comedy
1071,67.52038,9.660732,Action
1072,-8.3706255,49.86767,Comedy
1073,71.901146,4.063511,Drama
1074,59.150364,19.733654,Comedy
1075,-29.75175,-17.315878,Comedy
1076,51.339867,9.228178,Action
1077,-31.283182,55.815834,Drama
1078,-17.199686,-37.451107,Romance
1079,-4.736046,-20.756731,Drama
1080,21.219883,14.159828,Drama
1081,10.009778,-15.633458,Adventure
1082,7.920246,78.42849,Crime
1083,63.928856,11.891183,Comedy
1084,49.062706,8.3970995,Action
1085,34.08047,-7.290322,Comedy
1086,46.116188,44.21407,Crime
1087,-18.188929,20.010305,Drama
1088,2.6541102,67.677536,Drama
1089,-32.04872,-17.361092,Comedy
1090,-17.065979,-38.335087,Crime
1091,45.59507,-10.118735,Drama
1092,29.211681,35.699966,Drama
1093,-28.057184,66.591774,Adventure
1094,16.959501,-27.334593,Crime
1095,4.1755123,56.660187,Drama
1096,-1.1252196,-28.084179,Comedy
1097,40.60784,-65.29299,Children
1098,30.023912,-55.628616,Action
1099,-29.030487,-21.040018,Drama
1100,-8.015348,22.831322,Action
1101,-47.626114,-31.31362,Comedy
1102,3.514489,-40.95098,Action
1103,26.808983,-25.659073,Action
1104,2.2239068,67.65796,Drama
1105,55.031273,-28.819054,Action
1106,8.128691,-65.87114,Comedy
1107,22.689281,-78.053825,Comedy
1108,-3.8740113,21.009785,Comedy
1109,-22.503069,10.929007,Drama
1110,-3.635972,-72.23364,Comedy
1111,5.5738444,70.12762,Comedy
1112,-46.054607,-5.0467343,Crime
1113,-6.2936525,26.0377,Comedy
1114,11.786352,-63.389378,Comedy
1115,11.651948,41.030594,Comedy
1116,2.416303,-57.69952,Comedy
1117,-0.53894407,-14.02629,Comedy
1118,-23.000826,48.56558,Drama
1119,25.823748,-24.77344,Mystery
1120,-48.31539,-8.416801,Children
1121,2.1102571,-49.15307,Comedy
1122,30.131086,21.981373,Crime
1123,23.580448,16.487528,Action
1124,55.960186,1.016869,Crime
1125,-30.797077,-62.80651,Comedy
1126,-56.75689,47.295856,Action
1127,16.28816,-50.24004,Children
1128,11.36961,54.201004,Romance
1129,32.029106,3.2612178,Comedy
1130,1.0563066,50.34189,Romance
1131,51.541,-2.406352,Action
1132,20.153585,11.475515,Drama
1133,-37.47159,-10.9121065,Drama
1134,-33.660812,31.073477,Comedy
1135,67.15996,1.0268284,Comedy
1136,2.5729003,-1.3738337,Drama
1137,46.71316,-28.280668,Action
1138,-1.4591272,-32.535923,Animation
1139,26.401678,-70.197044,Comedy
1140,-70.082756,3.1667805,Romance
1141,6.0015,-64.05835,Action
1142,15.099555,7.1649847,Drama
1143,-20.687294,41.8996,Action
1144,-28.693161,-16.772415,Drama
1145,17.875904,-45.660652,Action
1146,61.580074,16.980288,Comedy
1147,-28.632801,-68.01734,Drama
1148,-47.433125,-30.15351,Comedy
1149,14.182966,16.455494,Drama
1150,9.425389,-16.549564,Comedy
1151,-2.1541522,2.3057573,Romance
1152,45.428406,-32.90503,Action
1153,-36.034813,-25.997505,Comedy
1154,72.69902,12.83801,Action
1155,16.087969,-12.1653185,Action
1156,41.707573,-70.03754,Drama
1157,34.67142,-42.169956,Comedy
1158,75.05357,2.9440515,Action
1159,-52.408394,-8.0762,Comedy
1160,11.75666,78.09922,Drama
1161,34.188873,26.625774,Comedy
1162,-27.327852,-43.383194,Comedy
1163,1.2003533,37.932915,Comedy
1164,70.32034,-15.838447,Action
1165,-4.9785776,81.033646,Drama
1166,-39.752842,15.103761,Comedy
1167,-44.682602,-8.025285,Children
1168,-25.012882,58.491077,Drama
1169,-0.42506287,-46.71024,Comedy
1170,-0.62016517,-53.888615,Adventure
1171,61.983624,-3.6829693,Action
1172,-15.892176,-35.28309,Drama
1173,63.745636,-32.865982,Action
1174,60.190437,-24.868008,Action
1175,-30.22401,56.100315,Comedy
1176,-49.511444,53.704575,Comedy
1177,56.52899,-16.115805,Adventure
1178,59.46381,5.678248,Comedy
1179,-21.278011,83.44263,Comedy
1180,-32.037037,-22.983034,Drama
1181,64.378914,-3.563113,Action
1182,41.33954,-69.516655,Romance
1183,79.98998,3.0738194,Action
1184,-3.4081984,-71.57978,Comedy
1185,-23.184814,-42.13652,Adventure
1186,-1.5207628,-31.58489,Children
1187,65.00484,-4.173698,Drama
1188,-36.164917,-26.417055,Comedy
1189,25.651201,-22.819931,Action
1190,38.853302,11.397487,Action
1191,35.33162,-18.045681,Children
1192,-2.1000993,-14.091457,Action
1193,39.786625,-28.451883,Horror
1194,31.368713,-7.4296856,Action
1195,-17.382698,-50.743916,Children
1196,5.558895,-27.681574,Comedy
1197,-40.16289,41.808132,Comedy
1198,-30.550737,73.08321,Drama
1199,56.855053,-3.0248957,Drama
1200,28.12511,-36.761036,Crime
1201,-2.6784055,-48.046707,Action
1202,-16.389374,8.150247,Drama
1203,-8.803828,-35.47612,Crime
1204,19.443077,-65.404495,Comedy
1205,7.719492,-38.102936,Horror
1206,-14.2944975,1.7042695,Action
1207,-30.40636,-40.988174,Adventure
1208,9.2853,-47.164783,Action
1209,63.04568,-3.6082287,Action
1210,-9.881204,-38.86282,Drama
1211,71.31092,6.6628385,Action
1212,-8.370807,49.853947,Drama
1213,-64.67341,-26.253572,Comedy
1214,-64.52486,38.836926,Drama
1215,31.240644,-6.427683,Comedy
1216,8.067895,-4.153005,Adventure
1217,43.494225,-11.147397,Action
1218,71.921074,7.7611933,Crime
1219,47.868176,-11.029014,Adventure
1220,8.3519335,-3.9946492,Crime
1221,-23.974318,-2.942841,Drama
1222,-7.6015167,-62.811398,Horror
1223,17.047832,-55.305305,Drama
1224,69.790215,8.1597805,Drama
1225,29.052996,-37.6121,Action
1226,17.76607,14.9451275,Crime
1227,-37.744408,-4.7913475,Comedy
1228,8.3939,95.99366,Action
1229,-2.0661833,44.202236,Drama
1230,4.28879,23.585285,Drama
1231,63.252552,19.442743,Comedy
1232,61.78733,9.672238,Comedy
1233,-3.9720542,-87.9705,Comedy
1234,-27.918982,35.017723,Drama
1235,35.664677,-6.339388,Horror
1236,55.8917,-2.363607,Drama
1237,0.5115468,-50.823586,Children
1238,-12.195963,-56.237267,Crime
1239,-61.783405,-0.5538996,Comedy
1240,-27.388952,-65.95452,Documentary
1241,7.501466,39.63348,Drama
1242,3.8254726,79.21718,Documentary
1243,70.341934,12.561878,Drama
1244,-43.77153,12.656516,Children
1245,-22.920507,45.12462,Drama
1246,4.136248,56.783615,Drama
1247,-9.210574,-17.644789,Romance
1248,-64.52475,38.837036,Drama
1249,-19.216097,-18.815018,Drama
1250,18.52302,-25.5987,Crime
1251,-21.132597,-13.936888,Crime
1252,48.711243,19.782446,Comedy
1253,25.724539,-15.872349,Comedy
1254,20.012608,-51.61404,Action
1255,-15.622963,-20.88463,Drama
1256,-27.278728,-20.960407,Crime
1257,28.089544,8.354151,Drama
1258,44.360394,30.55139,Drama
1259,51.073578,11.208429,Drama
1260,-22.784634,18.055553,Crime
1261,64.92631,-4.0975223,Action
1262,9.279472,-64.411804,Comedy
1263,29.417303,22.463615,Drama
1264,-8.913836,-84.61936,Comedy
1265,-1.7763588,21.433193,Drama
1266,13.542733,-52.32609,Action
1267,75.653076,4.6616774,Comedy
1268,0.82649255,71.74449,Drama
1269,-42.878754,18.062372,Drama
1270,-65.419655,-29.284956,Drama
1271,22.03216,8.552736,Crime
1272,44.771034,-10.890748,Action
1273,34.785965,-18.063763,Adventure
1274,0.70201325,-50.97058,Comedy
1275,58.923405,-4.539425,Action
1276,40.9596,6.92498,Drama
1277,0.8287256,3.3265288,Drama
1278,-32.797626,55.44309,Drama
1279,-28.240917,15.65798,Drama
1280,-1.1608689,56.45312,Comedy
1281,-19.76187,40.23457,Comedy
1282,41.411083,-24.303024,Children
1283,17.066929,-25.199152,Comedy
1284,77.273865,8.834681,Drama
1285,14.02686,-52.293392,Children
1286,41.177044,7.221552,Crime
1287,29.94356,-15.663019,Children
1288,47.740017,0.35758376,Comedy
1289,-44.28922,-7.9214196,Thriller
1290,-6.419533,42.844173,Drama
1291,82.98465,-21.973846,Drama
1292,62.670856,-18.350283,Action
1293,52.41824,-9.359471,Action
1294,50.65751,-7.344231,Drama
1295,44.94162,30.15938,Crime
1296,23.257975,16.808107,Drama
1297,13.637255,-49.82089,Comedy
1298,74.64032,12.011593,Comedy
1299,14.369483,77.37006,Drama
1300,-44.914616,39.84777,Comedy
1301,9.177887,-3.766221,Drama
1302,-45.958122,54.58467,Action
1303,-11.416869,-86.89715,Comedy
1304,50.58507,16.86844,Comedy
1305,57.631107,16.102669,Adventure
1306,33.05773,-36.19404,Action
1307,-9.348684,24.679134,Comedy
1308,23.093496,-5.6432424,Crime
1309,-6.124884,49.733692,Comedy
1310,-6.36937,-84.093956,Drama
1311,4.9879947,98.36619,Drama
1312,28.629135,-63.217144,Comedy
1313,19.695265,-51.08456,Action
1314,-30.006496,-21.63029,Drama
1315,0.59458655,-30.119085,Action
1316,-22.52014,-58.459938,Crime
1317,-46.59945,53.75888,Horror
1318,4.7167544,-3.7888863,Action
1319,61.638325,13.657127,Comedy
1320,34.35305,-26.497057,Sci-Fi
1321,-24.526184,-36.310577,Crime
1322,72.36566,4.0280867,Comedy
1323,-0.8031898,42.920727,Crime
1324,10.265412,-47.275864,Crime
1325,44.422916,-11.273738,Action
1326,-8.316339,55.451324,Comedy
1327,-50.417828,-34.524075,Comedy
1328,-77.12404,18.54538,Documentary
1329,6.222017,-60.07107,Thriller
1330,-7.235095,18.248005,Comedy
1331,40.90007,1.8620086,Action
1332,2.193795,-8.234385,Crime
1333,31.99659,0.33852124,Crime
1334,-11.730291,-64.67751,Adventure
1335,-43.165188,-30.720201,Drama
1336,-6.467359,38.299294,Crime
1337,48.64742,-8.66351,Comedy
1338,-44.189278,28.951944,Children
1339,-21.841375,-79.665474,Comedy
1340,4.6109333,-27.787767,Comedy
1341,40.606052,-65.292244,Comedy
1342,-26.073227,11.372864,Comedy
1343,-25.574467,-78.06353,Adventure
1344,-46.956997,-6.8917813,Comedy
1345,-33.461597,-4.3723974,Drama
1346,49.787636,-16.363625,Action
1347,31.456959,-22.01935,Action
1348,7.153252,25.631437,Crime
1349,37.111954,-16.04148,Drama
1350,10.291558,75.91512,Comedy
1351,-7.768883,-69.04492,Comedy
1352,-30.761774,-24.595257,Comedy
1353,23.478271,17.366112,Drama
1354,1.8367828,-7.581987,Drama
1355,-31.080284,35.114838,Drama
1356,7.639715,27.60682,Comedy
1357,0.4029461,-30.47031,Adventure
1358,-31.550236,-50.226196,Comedy
1359,-40.817345,52.13269,Documentary
1360,-27.528248,16.937841,Comedy
1361,-7.4907017,-54.789635,Action
1362,-32.313606,31.270845,Drama
1363,-16.900352,-35.50148,Drama
1364,12.304056,-50.03295,Horror
1365,-2.4019022,-46.711056,Comedy
1366,-4.3733106,-26.307407,Action
1367,7.2150245,-60.953594,Action
1368,-43.19215,-30.609993,Comedy
1369,28.061972,21.277771,Crime
1370,-39.664566,39.314533,Comedy
1371,62.092987,-16.195827,Drama
1372,12.710699,-48.07408,Adventure
1373,60.575035,-24.419758,Action
1374,31.386433,1.2873408,Comedy
1375,48.022007,24.527111,Adventure
1376,-38.443153,-11.330877,Comedy
1377,5.028638,-57.08739,Adventure
1378,18.998508,-22.123114,Comedy
1379,-36.500294,27.839298,Drama
1380,-12.1409645,-84.793495,Horror
1381,34.031162,-17.26529,Thriller
1382,6.427859,79.06302,Drama
1383,40.198494,-24.21657,Adventure
1384,-3.4642203,16.248434,Comedy
1385,-35.233532,16.667837,Drama
1386,-62.863968,42.269905,Comedy
1387,-58.20089,48.728962,Drama
1388,29.216566,36.04714,Comedy
1389,-20.581236,-44.672802,Comedy
1390,57.590893,-16.185925,Adventure
1391,58.646553,-2.6553721,Action
1392,3.121144,-80.0576,Comedy
1393,54.45605,-17.34386,Comedy
1394,46.12927,2.3343637,Comedy
1395,-8.7545,53.75519,Drama
1396,-44.81751,-0.07838369,Comedy
1397,-7.6182523,18.328892,Drama
1398,74.72367,-14.651866,Action
1399,60.36547,-25.367422,Action
1400,-5.383235,-53.027706,Children
1401,28.483845,-7.3030214,Animation
1402,57.393135,20.090595,Drama
1403,-17.987135,19.453447,Drama
1404,74.69819,5.887015,Comedy
1405,-57.128902,-10.631127,Horror
1406,-35.24444,-26.957241,Musical
1407,25.774946,59.956627,Action
1408,21.694777,34.072887,Drama
1409,2.8723338,55.8821,Drama
1410,21.986523,57.693596,Adventure
1411,41.437614,42.49459,Drama
1412,-19.062342,-11.700056,Drama
1413,14.188736,42.18156,Comedy
1414,25.233616,52.288708,Drama
1415,3.5916245,6.9964886,Comedy
1416,-25.986364,54.344894,Drama
1417,39.606575,45.987797,Drama
1418,11.77399,54.418747,Drama
1419,34.30467,40.971584,Drama
1420,4.5144277,67.64992,Drama
1421,8.537056,30.279135,Drama
1422,-0.25891605,29.290293,Crime
1423,-42.961727,33.16281,Drama
1424,43.607594,29.625113,Drama
1425,14.345032,36.238228,Adventure
1426,14.152365,70.14582,Drama
1427,-5.304415,42.008198,Drama
1428,34.985165,44.49709,Drama
1429,2.1998072,27.890505,Drama
1430,50.384106,22.23821,Action
1431,65.71909,16.669174,Drama
1432,10.447809,3.0313714,Drama
1433,35.877174,23.859106,Drama
1434,35.949364,23.808746,Drama
1435,36.025642,14.72652,Comedy
1436,39.299793,3.971637,Drama
1437,42.831974,30.650204,Drama
1438,71.84019,4.9388776,Drama
1439,46.56722,13.248551,Drama
1440,-45.552364,-0.87820065,Comedy
1441,7.6522713,51.314575,Drama
1442,-5.13856,21.41296,Comedy
1443,-32.821835,26.050728,Comedy
1444,57.191597,15.844297,Adventure
1445,74.69304,13.0173435,Comedy
1446,-13.004341,-62.909172,Horror
1447,-39.3446,-40.454273,Horror
1448,-10.17975,-48.96626,Horror
1449,-3.2493043,-62.10351,Horror
1450,8.497162,-66.71651,Horror
1451,-39.35849,-40.41043,Horror
1452,-28.983456,-55.781574,Horror
1453,-3.2362292,-63.726944,Horror
1454,-29.225897,-55.34993,Horror
1455,-19.448305,-57.201504,Horror
1456,-49.25332,-10.466254,Horror
1457,-17.208693,-80.5908,Horror
1458,5.3734694,-65.44745,Horror
1459,-4.9824004,23.8076,Horror
1460,-18.583836,-58.369705,Horror
1461,-7.16512,-69.62971,Horror
1462,-17.17122,-80.460526,Horror
1463,27.906569,-79.903656,Horror
1464,-19.751839,-57.050545,Horror
1465,-46.304844,54.67879,Horror
1466,-35.493935,-47.27276,Horror
1467,-5.971219,-56.213173,Horror
1468,19.711721,-65.130196,Comedy
1469,52.01606,10.462858,Horror
1470,21.8679,-65.36893,Horror
1471,5.081311,-64.09571,Horror
1472,64.9917,3.9726715,Horror
1473,17.74983,-71.90311,Horror
1474,9.456226,-66.693344,Horror
1475,68.67324,13.820329,Action
1476,58.114487,6.0308614,Action
1477,59.07901,5.426779,Action
1478,55.84812,9.972809,Comedy
1479,23.026089,-7.1837635,Comedy
1480,62.40081,16.799074,Action
1481,63.524185,-4.379575,Action
1482,-28.252247,15.661104,Comedy
1483,-38.006317,-27.366838,Crime
1484,-4.2474537,20.975739,Drama
1485,41.24321,29.915817,Drama
1486,70.185,2.7404387,Adventure
1487,70.96934,5.201039,Adventure
1488,38.270126,13.624148,Action
1489,-30.686028,-49.074852,Children
1490,-40.61537,0.22281955,Children
1491,-41.23101,-46.624947,Children
1492,-30.142445,-16.866806,Children
1493,59.10762,9.939756,Animation
1494,46.684765,41.219902,Action
1495,38.946964,22.494804,Drama
1496,41.89071,8.619833,Adventure
1497,37.005028,44.438435,Drama
1498,55.346703,-3.4633377,Crime
1499,-33.302578,-3.3587413,Drama
1500,24.539097,9.155731,Drama
1501,2.631748,-59.103428,Horror
1502,19.264853,-64.49,Comedy
1503,81.90688,3.6621974,Action
1504,-7.544128,-84.33865,Children
1505,-19.370092,0.4834511,Adventure
1506,4.7831774,-34.892727,Children
1507,-24.896244,35.382267,Children
1508,-4.105009,-54.884686,Children
1509,-25.438477,58.361534,Adventure
1510,-3.8817992,-70.23597,Children
1511,-37.370148,-43.775887,Children
1512,-47.41657,-6.971583,Action
1513,-25.841509,-43.138763,Children
1514,-38.904728,-49.225555,Adventure
1515,-20.009848,-53.239548,Comedy
1516,-4.1649084,18.185028,Adventure
1517,-20.62973,1.1838787,Action
1518,-32.56871,-39.103176,Adventure
1519,-17.259455,-49.620316,Adventure
1520,30.379766,-5.9132104,Children
1521,17.026539,-46.653847,Children
1522,61.905117,10.857704,Adventure
1523,-59.351624,-36.276356,Action
1524,-41.91047,-29.793758,Adventure
1525,-55.397373,-8.172071,Adventure
1526,41.553574,8.171248,Action
1527,6.3110332,0.2545384,Children
1528,2.3952446,-15.0531025,Comedy
1529,-4.979843,26.039295,Documentary
1530,-9.51146,25.508844,Comedy
1531,-30.444693,67.34987,Film-Noir
1532,45.62032,41.6192,Drama
1533,40.73503,39.95803,Drama
1534,3.6007328,67.2966,Drama
1535,-45.898087,-4.954882,Drama
1536,-92.0013,-1.0901502,Drama
1537,3.6889482,-15.781895,Comedy
1538,-21.527395,4.8790236,Comedy
1539,9.134848,38.613956,Crime
1540,31.906195,66.355995,Drama
1541,47.097733,24.090208,Drama
1542,-30.119696,0.88914794,Adventure
1543,60.19681,9.399841,Animation
1544,57.397533,19.661968,Animation
1545,63.834675,9.782431,Animation
1546,9.333847,-18.913141,Children
1547,-8.666311,25.403095,Children
1548,-12.409397,-34.829525,Children
1549,59.392128,9.740882,Adventure
1550,52.238686,17.137291,Animation
1551,6.309311,-37.70684,Adventure
1552,16.116453,-11.862124,Adventure
1553,-8.633409,-2.88793,Adventure
1554,-9.622171,-67.1745,Children
1555,-29.262064,-70.458534,Adventure
1556,2.2263334,-8.646171,Adventure
1557,50.56885,3.344377,Action
1558,-39.044888,-48.6485,Children
1559,-8.667685,23.624897,Animation
1560,-2.8634014,-27.204353,Children
1561,-19.327034,-50.396458,Children
1562,-39.62347,6.100626,Adventure
1563,54.013206,13.645309,Comedy
1564,-90.31291,-6.5697026,Animation
1565,8.699784,-35.68522,Adventure
1566,-18.63139,50.55763,Drama
1567,57.81768,17.392056,Action
1568,4.841207,38.333183,Drama
1569,-1.1788083,-23.945255,Horror
1570,-3.9625647,21.948816,Comedy
1571,50.035,14.918774,Comedy
1572,-4.2360706,17.737637,Comedy
1573,-36.3747,-11.553124,Comedy
1574,2.3133183,5.739406,Crime
1575,-9.05629,27.778864,Drama
1576,74.817856,5.9525285,Action
1577,1.4961481,4.828646,Adventure
1578,6.906473,29.217224,Drama
1579,1.5519774,23.661057,Thriller
1580,32.64759,-72.424995,Horror
1581,6.8467455,-77.90677,Drama
1582,-3.5255082,-63.170258,Horror
1583,-30.246931,-50.113247,Horror
1584,-34.824257,-47.39905,Animation
1585,56.54153,8.288361,Children
1586,35.77236,10.453131,Comedy
1587,39.096867,-27.173725,Action
1588,-20.936247,30.053024,Crime
1589,-3.2309895,83.09349,Drama
1590,20.883232,48.41722,Drama
1591,-1.9445564,18.578232,Adventure
1592,7.561992,-16.378445,Comedy
1593,33.81087,47.08562,Adventure
1594,-24.81222,-44.500515,Comedy
1595,-4.3442316,21.682106,Animation
1596,-42.995564,40.34259,Adventure
1597,-8.679481,24.08939,Adventure
1598,48.84675,16.23188,Adventure
1599,-11.568393,-3.6275432,Adventure
1600,-32.87867,-63.696335,Adventure
1601,2.4166126,-15.12057,Adventure
1602,57.026752,18.806879,Comedy
1603,53.10354,18.051868,Comedy
1604,2.0983427,13.586372,Drama
1605,-8.74459,-27.50846,Adventure
1606,-41.607433,-12.329343,Comedy
1607,-5.6034856,-91.00135,Comedy
1608,46.39272,13.013892,Adventure
1609,-26.87767,29.412493,Comedy
1610,1.7600958,-60.836273,Children
1611,31.913418,-36.746395,Action
1612,10.6901,-73.01448,Drama
1613,-44.66612,2.9208117,Comedy
1614,-21.788578,58.21275,Comedy
1615,-48.836338,33.86875,Crime
1616,42.778267,27.135273,Drama
1617,56.94424,15.870089,Adventure
1618,8.494768,-41.21528,Adventure
1619,-12.33387,-66.55752,Comedy
1620,44.709126,-74.69239,Action
1621,-35.138996,8.475382,Comedy
1622,-20.92432,-43.130543,Crime
1623,55.681038,1.946403,Action
1624,-0.8946424,-49.11077,Comedy
1625,-13.825858,-64.93989,Action
1626,-28.744635,2.2835023,Comedy
1627,-43.218437,-30.553436,Comedy
1628,71.89982,12.787655,Comedy
1629,12.907347,77.55762,Drama
1630,-46.21707,37.97647,Crime
1631,-19.357046,-5.1032867,Comedy
1632,-13.887687,20.545115,Thriller
1633,-14.442491,-9.506218,Thriller
1634,24.118229,34.164,Thriller
1635,10.649094,38.53845,Drama
1636,-28.5901,-38.48514,Drama
1637,7.3834057,34.58824,Adventure
1638,-42.246105,-4.704031,Comedy
1639,-41.771008,53.20406,Thriller
1640,-0.5319246,27.9412,Crime
1641,-19.636995,17.954481,Mystery
1642,6.0452313,-63.217163,Drama
1643,6.85583,-76.5024,Drama
1644,47.39567,7.8781986,Action
1645,65.99845,17.70622,Action
1646,-52.65285,-11.432761,Comedy
1647,0.054307263,95.34441,Action
1648,-15.419276,18.334402,Drama
1649,-26.983576,69.1253,Drama
1650,-6.2645855,49.51765,Crime
1651,2.1402898,41.096935,Mystery
1652,-34.935978,-42.070015,Comedy
1653,-28.20365,54.310505,Film-Noir
1654,-38.010777,-27.346674,Drama
1655,-39.667057,39.316822,Drama
1656,-56.525017,-8.581025,Thriller
1657,-65.749275,-26.034666,Thriller
1658,-70.32042,8.767303,Drama
1659,40.307117,-61.997593,Drama
1660,-54.241535,8.710511,Crime
1661,45.21075,23.757524,Drama
1662,-5.237926,22.13049,Horror
1663,-4.5638885,-9.183846,Drama
1664,16.976559,76.93247,Comedy
1665,-38.510998,38.5935,Drama
1666,-34.87296,6.7696433,Comedy
1667,38.991802,11.211286,Comedy
1668,18.477188,-75.23,Comedy
1669,26.537289,-5.815414,Comedy
1670,-9.181638,-16.317394,Comedy
1671,51.092964,23.325327,Comedy
1672,-39.55203,-11.046361,Comedy
1673,22.124924,-29.288857,Comedy
1674,25.238787,-22.796207,Comedy
1675,25.270428,-72.22983,Comedy
1676,-26.764488,-64.65216,Horror
1677,-18.873482,58.49109,Comedy
1678,-36.968807,-9.94999,Comedy
1679,-13.770782,-41.507175,Crime
1680,-37.10184,-36.93413,Comedy
1681,-9.35986,-13.948671,Comedy
1682,-34.239815,-41.479446,Drama
1683,-7.770106,-27.43265,Comedy
1684,10.422279,-46.97796,Adventure
1685,-29.990019,-16.8248,Comedy
1686,-13.103655,-47.687202,Mystery
1687,62.71028,2.8151126,Crime
1688,38.46575,-13.810699,Drama
1689,-66.160706,-23.035728,Drama
1690,-17.169634,-33.389572,Drama
1691,57.659275,7.3936186,Action
1692,-40.376827,29.55049,Action
1693,53.36353,-0.78394836,Action
1694,-9.585275,-48.724552,Horror
1695,-15.969405,-20.878845,Crime
1696,-22.490067,-57.111263,Action
1697,-51.702465,-6.2945514,Comedy
1698,23.887598,16.06617,Drama
1699,-2.0973418,-83.62441,Comedy
1700,-20.121735,40.1433,Horror
1701,49.42035,24.140236,Action
1702,45.119976,24.084553,Comedy
1703,-20.901104,4.701085,Comedy
1704,69.48125,13.483516,Drama
1705,-12.344175,-56.904266,Comedy
1706,58.35369,-6.2400384,Adventure
1707,-1.1489346,80.31923,Comedy
1708,2.0957892,-53.906326,Comedy
1709,43.902042,-26.45134,Adventure
1710,-65.08064,36.619278,Thriller
1711,-5.2982593,27.02381,Comedy
1712,-9.073112,27.640823,Comedy
1713,62.799004,17.553541,Comedy
1714,36.31755,43.009384,Drama
1715,-49.876045,53.56079,Drama
1716,28.901934,-38.169056,Comedy
1717,-58.72875,-36.239925,Action
1718,-31.849165,31.313086,Drama
1719,6.533469,14.936428,Sci-Fi
1720,-45.99343,37.560257,Drama
1721,37.829094,25.061012,Drama
1722,50.338722,-8.568225,Drama
1723,4.2753644,-51.209377,Comedy
1724,32.922306,-31.23465,Drama
1725,38.27447,28.676928,Comedy
1726,-9.3549385,-16.859493,Drama
1727,54.976196,0.23541176,Comedy
1728,32.698433,-31.535116,Action
1729,-31.491215,76.925156,Documentary
1730,71.17041,6.09864,Comedy
1731,-39.87499,-11.908825,Comedy
1732,-37.807377,30.655657,Fantasy
1733,-4.0824857,-41.20039,Horror
1734,76.951836,10.613968,Crime
1735,-3.908231,80.93381,Comedy
1736,-9.617611,-22.270893,Comedy
1737,33.72307,-72.54528,Crime
1738,-17.620367,48.245255,Drama
1739,38.615295,-25.693602,Action
1740,35.44994,-9.455836,Comedy
1741,35.96366,9.620263,Drama
1742,10.523744,15.101311,Drama
1743,16.491602,-44.595455,Horror
1744,25.458277,-65.88197,Comedy
1745,52.23586,-9.087642,Romance
1746,-50.128113,51.308975,Comedy
1747,-24.292786,-8.153695,Action
1748,-20.666998,-6.201668,Mystery
1749,-13.462666,-37.25861,Drama
1750,6.008266,34.325024,Drama
1751,-28.297087,5.2176228,Comedy
1752,-32.64005,8.469235,Comedy
1753,5.177693,69.186005,Drama
1754,2.4100482,27.267357,Comedy
1755,63.842655,-3.8000767,Action
1756,7.750166,-43.645073,Animation
1757,70.307274,1.3562899,Adventure
1758,-11.327714,-28.411121,Comedy
1759,5.5293994,70.12989,Drama
1760,-19.00503,49.26956,Drama
1761,-4.7784653,23.91044,Comedy
1762,-10.688037,40.90242,Drama
1763,-37.36988,-43.393795,Comedy
1764,-70.63606,25.014015,Drama
1765,-7.2237024,-69.34248,Drama
1766,28.733728,-83.03386,Action
1767,-20.163195,-52.81555,Action
1768,-1.8168162,22.902033,Action
1769,5.943124,0.15713066,Adventure
1770,8.77467,-64.431145,Adventure
1771,9.193685,-18.431162,Comedy
1772,-18.250217,-14.993887,Action
1773,7.131731,-16.412638,Comedy
1774,-3.0829678,-63.325718,Comedy
1775,0.68795145,-52.03432,Action
1776,-5.916499,-9.992996,Comedy
1777,7.99069,-16.600622,Comedy
1778,40.257156,2.2758849,Action
1779,-3.4917436,-45.492588,Horror
1780,6.937415,-16.528997,Comedy
1781,-9.171928,-56.617687,Comedy
1782,6.2847686,-51.35963,Comedy
1783,5.9506774,-51.62711,Comedy
1784,-6.6731834,-54.23957,Comedy
1785,23.923134,-65.65385,Comedy
1786,41.473553,-28.207361,Adventure
1787,-4.1585174,-55.749832,Comedy
1788,15.198866,-12.848844,Comedy
1789,-41.591274,55.712536,Drama
1790,14.224945,-52.73984,Crime
1791,-39.636555,39.45755,Comedy
1792,37.596794,21.350462,Crime
1793,14.177336,-52.697025,Children
1794,40.134075,-17.855797,Action
1795,54.037937,-14.369316,Animation
1796,57.97769,19.057903,Comedy
1797,71.443565,5.539242,Comedy
1798,-10.799918,37.21477,Comedy
1799,19.985712,-51.149784,Adventure
1800,-40.188877,-27.396807,Children
1801,9.399267,33.19186,Western
1802,37.68194,-13.170928,Action
1803,47.26849,13.644333,Action
1804,43.176685,-35.06764,Action
1805,33.055466,-7.7241526,Action
1806,61.651604,15.987746,Action
1807,51.602646,9.754797,Comedy
1808,-3.8018153,-41.655815,Comedy
1809,38.16547,13.454824,Action
1810,34.13278,-7.133764,Action
1811,37.503773,-12.866442,Action
1812,18.543844,-45.41288,Action
1813,-2.9922194,17.316666,Comedy
1814,-2.4199562,-14.073433,Action
1815,-65.42488,-29.28596,Drama
1816,3.7800472,-19.200274,Comedy
1817,38.25109,-62.50749,Comedy
1818,-3.4866536,-9.885014,Comedy
1819,-43.213497,31.343536,Drama
1820,49.844322,10.759806,Drama
1821,35.28391,-5.229658,Action
1822,11.759348,-66.75686,Action
1823,48.017735,14.77853,Comedy
1824,59.687603,-2.7885516,Comedy
1825,18.91882,54.245567,Crime
1826,55.015102,-4.0419354,Action
1827,9.362301,-19.10795,Horror
1828,34.989353,-30.395163,Action
1829,-35.625877,-42.318523,Adventure
1830,46.3947,-1.4329753,Comedy
1831,41.583416,-12.412961,Drama
1832,32.70318,-26.672298,Drama
1833,15.516347,54.54413,Drama
1834,11.550953,69.66039,Comedy
1835,-23.303337,-5.9421406,Drama
1836,13.876365,42.214775,Drama
1837,17.354946,14.945816,Drama
1838,-17.040941,-33.9303,Drama
1839,16.138931,-55.004448,Horror
1840,-6.8470373,18.422256,Comedy
1841,33.042683,-35.096275,Horror
1842,16.835644,-50.183746,Adventure
1843,-63.22149,-24.844454,Horror
1844,-3.2504,-71.70973,Drama
1845,-42.293777,-0.5872193,Horror
1846,55.448223,16.846733,Drama
1847,-3.3661036,-42.167324,Horror
1848,-28.919443,25.9313,Action
1849,-36.546535,-46.213974,Comedy
1850,-46.05369,-1.5306239,Horror
1851,5.4068317,-65.63998,Horror
1852,-48.616837,-33.352707,Horror
1853,-4.0781417,15.786542,Comedy
1854,26.923725,-80.349335,Horror
1855,34.71301,14.783093,Crime
1856,4.715303,-35.709805,Action
1857,-2.583001,-16.189396,Comedy
1858,60.773468,9.007346,Adventure
1859,23.835724,-15.221853,Action
1860,-11.623734,-21.621056,Comedy
1861,-26.023424,-43.250214,Comedy
1862,7.3286114,16.53533,Drama
1863,3.8704286,38.226444,Action
1864,28.741873,20.732748,Action
1865,-28.346045,-6.3739653,Adventure
1866,31.712387,-0.979095,Comedy
1867,-10.786777,58.21925,Drama
1868,-53.674656,-34.011,Comedy
1869,-32.146645,15.164088,Adventure
1870,34.34082,-6.6650324,Comedy
1871,-39.45961,-25.966663,Drama
1872,59.08694,-5.671257,Action
1873,-33.20718,28.118866,Comedy
1874,-61.56367,-27.846487,Comedy
1875,-32.07239,56.834625,Drama
1876,-62.366028,40.17448,Documentary
1877,-70.18781,25.187206,Animation
1878,31.16277,-3.5694106,Comedy
1879,45.069317,-17.76836,Romance
1880,33.527943,-38.140884,Comedy
1881,-20.969093,-78.11071,Comedy
1882,47.280514,10.202703,Drama
1883,73.12896,14.017726,Comedy
1884,-65.21276,37.29781,Drama
1885,-36.20381,-9.17162,Comedy
1886,26.640198,-7.6495357,Drama
1887,21.171448,13.811389,Comedy
1888,16.671356,76.97713,Crime
1889,8.941553,95.64973,Drama
1890,3.3674011,-20.771315,Horror
1891,5.035326,-64.35879,Comedy
1892,-5.448723,-90.44336,Horror
1893,42.222225,-71.02761,Horror
1894,-9.629038,-15.491077,Horror
1895,-9.20502,-16.329016,Comedy
1896,-13.049256,-32.509163,Drama
1897,-6.6611304,0.5636051,Action
1898,-7.4198036,-12.053875,Drama
1899,-13.374614,-38.497913,Drama
1900,37.74791,41.359756,Action
1901,-15.354529,-82.95178,Action
1902,10.286339,-73.27521,Sci-Fi
1903,-6.251075,21.655981,Action
1904,0.9197035,13.350564,Action
1905,63.781372,19.082329,Action
1906,-38.863243,-39.89793,Action
1907,-38.17482,-45.42478,Action
1908,-38.407253,-44.689934,Action
1909,-39.261242,-12.377736,Action
1910,-14.463569,-56.34323,Action
1911,-14.670548,-29.963577,Action
1912,6.6715446,-77.42775,Adventure
1913,40.95412,-66.69877,Documentary
1914,59.219013,-5.4898233,Comedy
1915,-3.8319762,-45.4998,Action
1916,54.843468,16.794542,Drama
1917,67.90175,15.916069,Comedy
1918,-22.84443,-16.717611,Drama
1919,11.657292,-8.834727,Drama
1920,11.848362,-62.792736,Horror
1921,9.893244,-27.083538,Action
1922,-2.40713,43.418385,Horror
1923,11.820732,19.968102,Drama
1924,29.5791,-84.05875,Comedy
1925,-57.465717,-10.954064,Horror
1926,-47.77717,-9.295383,Horror
1927,24.58557,-72.11126,Comedy
1928,-17.329062,82.179375,Drama
1929,36.42388,-35.768265,Comedy
1930,-2.033003,-30.385357,Animation
1931,-9.179012,-17.827824,Horror
1932,28.03775,-25.69337,Crime
1933,6.242635,65.65304,Drama
1934,37.574947,28.240046,Drama
1935,-25.29487,-78.33858,Animation
1936,34.058918,-26.502068,Comedy
1937,27.125797,-32.573803,Action
1938,-26.3869,-7.7813554,Drama
1939,83.5355,4.650126,Action
1940,59.090195,16.876274,Comedy
1941,40.3021,-62.12825,Drama
1942,34.273495,-38.34187,Comedy
1943,6.013455,39.325993,Drama
1944,-48.322765,-33.69359,Comedy
1945,-69.85891,21.693111,Crime
1946,51.700558,22.79323,Comedy
1947,33.665855,-4.950973,Comedy
1948,-17.182964,-14.8022175,Action
1949,8.397267,26.729004,Comedy
1950,6.495086,66.74269,Drama
1951,21.970758,-67.66546,Comedy
1952,33.284893,-31.354046,Comedy
1953,-31.90836,15.566245,Comedy
1954,-13.031299,-50.552174,Drama
1955,-25.297464,-1.8861806,Comedy
1956,11.171979,32.090023,Drama
1957,-8.288882,34.096138,Comedy
1958,7.9848113,-34.319324,Comedy
1959,28.22328,-3.3350966,Comedy
1960,60.46082,16.988321,Comedy
1961,-2.7708964,25.68869,Action
1962,58.98015,-4.0767417,Crime
1963,4.457317,-41.002937,Comedy
1964,-1.3229228,56.30328,Drama
1965,-18.872854,58.48906,Drama
1966,-29.579782,-22.50426,Drama
1967,1.2791785,57.808628,Drama
1968,-36.608734,-42.072025,Comedy
1969,45.2775,-76.1285,Action
1970,-34.995117,-42.248535,Adventure
1971,31.26677,-8.064548,Action
1972,70.17572,0.30294165,Action
1973,-51.758377,-7.2634506,Comedy
1974,-16.649221,-9.140099,Drama
1975,-5.834782,-8.458425,Comedy
1976,41.172775,-68.859924,Comedy
1977,9.482029,66.20015,Drama
1978,-9.924955,-49.786247,Action
1979,77.53677,-13.813107,Action
1980,-24.643845,-62.164978,Comedy
1981,-50.110043,12.308695,Drama
1982,42.412136,45.48192,Adventure
1983,-57.55258,-8.406501,Horror
1984,-49.22861,-7.4628563,Horror
1985,1.9233174,4.1078987,Drama
1986,63.22617,1.8293028,Action
1987,58.50953,-1.8978344,Action
1988,24.881704,-22.217665,Action
1989,19.149763,-63.114834,Action
1990,-57.101147,-9.854482,Horror
1991,-69.55272,21.836267,Drama
1992,45.538055,-76.43855,Horror
1993,-65.72548,-19.835222,Horror
1994,-71.80162,7.990255,Drama
1995,-19.986477,-82.671936,Horror
1996,-66.68946,-18.091307,Horror
1997,62.835888,11.713331,Comedy
1998,-24.901491,-79.68941,Comedy
1999,-69.827965,1.1367724,Horror
2000,-66.27708,-18.909037,Sci-Fi
2001,-45.524555,-1.7984239,Action
2002,-46.708652,37.10931,Horror
2003,44.35478,-74.14355,Sci-Fi
2004,-37.295494,-44.139164,Horror
2005,-42.19503,16.52283,War
2006,-40.705482,29.444365,War
2007,62.650284,1.7854174,Comedy
2008,-8.236957,-17.2742,Drama
2009,-3.6472018,-70.66248,Drama
2010,32.733025,-26.23853,Drama
2011,2.4090815,69.72234,Documentary
2012,-21.532467,-13.6425905,Comedy
2013,18.959429,51.28525,Drama
2014,76.174515,6.0279965,Action
2015,39.396954,28.180182,Drama
2016,63.951996,-26.81957,Adventure
2017,39.030907,-24.467958,Crime
2018,-12.456545,31.562332,Comedy
2019,37.42405,43.923298,Drama
2020,71.545586,15.283337,Action
2021,-51.378838,-7.502989,Documentary
2022,57.92221,7.5670395,Comedy
2023,-20.645853,-81.90162,Drama
2024,-23.422585,78.49625,Comedy
2025,-59.6009,4.1951685,Comedy
2026,-13.708889,-84.64118,Sci-Fi
2027,53.767815,4.9632096,Comedy
2028,71.39189,14.532313,Animation
2029,60.751484,-26.121353,Action
2030,25.156034,18.099436,Drama
2031,74.01796,7.513432,Comedy
2032,31.085058,1.9317874,Thriller
2033,-1.4969769,55.41721,Romance
2034,-0.59394556,-29.507902,Children
2035,61.46908,10.551181,Drama
2036,55.6364,-3.2295353,Drama
2037,2.3344302,-37.974197,Horror
2038,75.71594,6.0839863,Action
2039,57.71549,6.1447983,Comedy
2040,-37.083042,-10.680143,Comedy
2041,45.389977,-33.369072,Horror
2042,41.645702,-33.081245,Action
2043,41.402245,-17.46174,Action
2044,52.509697,-1.7554257,Action
2045,61.712364,-15.755458,Comedy
2046,5.3050213,-78.34483,Drama
2047,-46.898907,39.487232,Crime
2048,-69.06383,-12.997592,Crime
2049,42.05639,42.98292,Action
2050,34.744858,41.306454,Drama
2051,42.12401,43.252666,Drama
2052,-8.755044,36.91739,Crime
2053,2.4534879,77.44178,Drama
2054,-2.9737794,-82.3452,Adventure
2055,6.7471066,-5.282603,Adventure
2056,3.1225498,-39.077957,Action
2057,1.7122322,36.27847,Comedy
2058,-22.977575,48.66613,Action
2059,-0.46533298,48.979694,Comedy
2060,41.852806,31.752823,Drama
2061,41.89313,-70.53499,Horror
2062,9.677127,-64.19286,Action
2063,44.11428,-73.8129,Comedy
2064,-21.394207,-16.501673,Drama
2065,11.872617,55.63697,Drama
2066,19.10294,15.128313,Drama
2067,55.819366,15.7731905,Comedy
2068,-68.03162,-12.064894,Comedy
2069,-5.7883053,-89.33156,Action
2070,-12.549896,54.127705,Drama
2071,-35.534588,-13.024147,Comedy
2072,1.5703018,51.0758,Comedy
2073,-32.65285,-40.522266,Comedy
2074,41.48976,-69.43952,Horror
2075,27.77866,37.349644,Drama
2076,-19.776772,4.849949,Comedy
2077,57.20985,14.938184,Adventure
2078,80.72617,3.521214,Drama
2079,52.22124,2.7655652,Action
2080,-5.5993147,38.545414,Crime
2081,-70.721306,4.267667,Comedy
2082,-33.45997,-4.373245,Comedy
2083,8.05397,-6.9755344,Crime
2084,50.810318,2.1017969,Comedy
2085,7.908337,-10.955463,Drama
2086,-36.298492,-44.142376,Comedy
2087,-36.19561,-26.33282,Comedy
2088,40.477993,-64.67623,Drama
2089,2.7443857,-17.58084,Comedy
2090,-56.333595,-8.421848,Horror
2091,-48.85026,-8.610348,Horror
2092,19.288622,-65.409355,Comedy
2093,-7.7999268,-59.32494,Horror
2094,-5.1359324,26.747509,Comedy
2095,-14.678508,-24.059063,Horror
2096,3.4085557,-77.55458,Horror
2097,72.073524,14.138024,Comedy
2098,2.1831982,-31.332623,Comedy
2099,-3.4084337,-42.001358,Comedy
2100,3.1749773,-39.993164,Adventure
2101,47.470688,15.808144,Comedy
2102,4.7298384,-35.137394,Comedy
2103,71.318886,11.839129,Comedy
2104,19.802452,-62.524433,Children
2105,30.557243,-66.90758,Comedy
2106,-26.26188,-65.033104,Adventure
2107,24.147598,64.856186,Drama
2108,20.655905,-16.13315,Action
2109,41.08162,-10.682975,Crime
2110,58.949406,19.810389,Children
2111,41.175735,-27.548037,Comedy
2112,-0.86867607,-49.163784,Comedy
2113,-2.4478283,-50.845924,Action
2114,16.563452,-44.2187,Action
2115,-32.12004,75.53087,Animation
2116,-51.12637,-26.339832,Action
2117,45.313847,-75.8554,Documentary
2118,-8.3066,-37.514526,Action
2119,17.219913,-76.01885,Action
2120,-3.944196,-83.213,Action
2121,41.39589,-67.612236,Action
2122,5.532809,28.202337,Drama
2123,43.303646,45.216663,Drama
2124,23.645613,-10.444723,Adventure
2125,-5.883315,101.665565,Documentary
2126,53.18391,-28.503325,Action
2127,35.376587,-36.71575,Horror
2128,29.862555,-51.76089,Children
2129,-35.633106,-16.516119,Comedy
2130,30.700247,-57.17752,Action
2131,-34.775894,7.3006263,Comedy
2132,-44.675316,-31.751926,Comedy
2133,-10.793413,58.22632,Drama
2134,29.88538,-5.616393,Drama
2135,-2.1815774,17.625824,Horror
2136,22.66705,56.53662,Comedy
2137,-25.346773,-37.31352,Drama
2138,-54.61436,31.16148,Adventure
2139,-15.964724,-7.8318768,Adventure
2140,-46.30597,54.70626,Drama
2141,-92.12284,-1.0119728,Adventure
2142,-20.007446,51.26795,Drama
2143,-66.333786,-19.939362,Thriller
2144,-43.64687,-1.203314,Adventure
2145,81.6179,5.020205,Drama
2146,-43.611984,36.74448,Documentary
2147,37.563522,-26.71703,Comedy
2148,26.022327,9.138922,Comedy
2149,39.49405,-58.71973,Drama
2150,-6.292168,21.83816,Adventure
2151,-49.62331,53.42011,Comedy
2152,6.5644774,36.03445,Drama
2153,-8.843565,15.732823,Comedy
2154,0.76156944,-81.38086,Horror
2155,-28.940838,2.7463229,Comedy
2156,48.49794,21.36301,Adventure
2157,36.300198,20.199127,Adventure
2158,-29.500092,32.017014,Comedy
2159,21.540417,-16.919935,Drama
2160,4.431736,-57.17505,Animation
2161,-9.4668665,-13.820932,Musical
2162,-1.92147,-82.26872,Horror
2163,-4.694321,-18.556559,Action
2164,-5.979752,-24.601902,Action
2165,40.18514,-23.87479,Action
2166,19.531578,-53.59161,Drama
2167,-24.89933,-3.9461634,Comedy
2168,-15.207119,-84.341125,Comedy
2169,0.5039718,-80.741356,Drama
2170,24.819147,-64.83313,Children
2171,41.374794,-73.99998,Action
2172,-2.5383487,-62.172787,Comedy
2173,18.137726,18.418493,Comedy
2174,52.84357,-1.369875,Action
2175,-28.967413,54.987755,Comedy
2176,41.529102,-69.460106,Action
2177,-34.22979,-25.2911,Action
2178,-87.13016,10.919518,Drama
2179,-19.062359,-11.69998,Western
2180,21.31413,53.763622,Comedy
2181,9.876139,-73.479576,Horror
2182,-67.56711,-15.412467,Adventure
2183,-13.731313,-40.29552,Horror
2184,-38.81907,-44.14424,Horror
2185,-14.696254,-42.185062,Horror
2186,-13.609311,-56.95627,Horror
2187,-29.283405,68.604004,Action
2188,29.15973,-27.604322,Drama
2189,-20.560442,1.2726185,Comedy
2190,46.674755,21.945724,Drama
2191,-9.939832,28.812016,Crime
2192,54.99397,17.673498,Comedy
2193,70.642845,2.473679,Action
2194,7.2623525,25.782621,Crime
2195,74.46842,12.804525,Comedy
2196,10.216839,33.69607,Drama
2197,-9.704501,40.46933,Western
2198,6.6195135,36.155983,Crime
2199,-4.3000603,42.1611,Action
2200,-6.464971,49.911232,Drama
2201,-41.34882,-0.8048591,Comedy
2202,-61.709892,0.6163331,Drama
2203,24.600584,31.760302,Drama
2204,42.84587,41.368103,Drama
2205,-35.76888,14.679469,Documentary
2206,26.903952,58.75835,Comedy
2207,-37.374947,30.899992,Drama
2208,-41.47342,40.214188,Comedy
2209,-43.562397,39.385715,Adventure
2210,-45.144363,41.570255,Comedy
2211,51.90768,-56.56729,Drama
2212,-2.0983567,43.380215,Drama
2213,35.868584,45.119335,Musical
2214,24.802492,-15.626372,Drama
2215,37.313023,48.053455,Drama
2216,42.892067,28.530132,Action
2217,-43.93114,-4.9528427,Comedy
2218,64.19847,16.737024,Action
2219,48.079445,20.42045,Action
2220,48.932587,20.71581,Action
2221,-25.441866,-42.942127,Adventure
2222,52.139393,22.466442,Action
2223,-40.978012,1.5661726,Crime
2224,62.22547,-11.153248,Children
2225,-5.165778,-18.948322,Action
2226,82.42566,5.687859,Action
2227,28.603783,-35.760536,Comedy
2228,-33.790928,-24.04381,Comedy
2229,40.480335,-65.95355,Drama
2230,2.245198,-63.562836,Action
2231,7.372566,26.052433,Adventure
2232,21.840788,54.845314,Drama
2233,46.732613,22.663622,Adventure
2234,-1.2630547,101.21893,Drama
2235,35.946095,41.299316,Adventure
2236,18.94122,47.271244,Drama
2237,-9.518298,101.352974,Drama
2238,3.9214845,23.55042,Comedy
2239,-15.054023,-57.06597,Horror
2240,-3.1116536,-6.1509404,Comedy
2241,20.287807,11.792402,Drama
2242,-22.279232,-15.467699,Comedy
2243,-6.1260056,-22.741709,Comedy
2244,-27.276993,-20.967793,Drama
2245,-11.628366,-87.019295,Horror
2246,-16.334354,58.755203,Thriller
2247,-6.427089,80.760315,Documentary
2248,63.260723,15.344698,Action
2249,28.331093,-3.6479461,Action
2250,70.58482,1.8662274,Adventure
2251,-40.81997,52.135265,Drama
2252,40.47042,1.5899452,Action
2253,40.194813,2.2174356,Action
2254,36.559124,13.845815,Action
2255,-58.519897,5.8269286,Horror
2256,36.997864,13.427302,Action
2257,9.567174,-40.78022,Horror
2258,3.971977,-6.7686996,Drama
2259,74.191734,12.462398,Comedy
2260,59.6403,2.3692098,Action
2261,-37.702156,55.621784,Documentary
2262,1.4064193,79.398254,Comedy
2263,26.817932,-36.32112,Comedy
2264,49.802498,-16.328054,Thriller
2265,51.691868,-8.002725,Drama
2266,1.2113404,38.140568,Documentary
2267,-36.448627,56.546978,Drama
2268,-41.620396,55.713642,Drama
2269,3.5639684,6.8316116,Drama
2270,-48.285503,52.834637,Comedy
2271,1.3620796,-63.03964,Comedy
2272,7.0094447,37.67419,Thriller
2273,1.4329547,11.42061,Horror
2274,-56.270008,-31.807512,Horror
2275,-41.120716,0.61466455,Comedy
2276,-10.16869,39.446125,Crime
2277,6.1304574,15.019413,Action
2278,-8.0206175,-82.607086,Horror
2279,-69.84375,21.895988,Comedy
2280,-30.937437,-49.08195,Horror
2281,-16.113588,-38.4503,Comedy
2282,-37.775265,-8.749665,Action
2283,-6.2505865,42.463577,Action
2284,-13.772809,-65.13513,Comedy
2285,-33.256752,26.939583,Action
2286,59.93785,16.55951,Comedy
2287,52.09474,17.975523,Adventure
2288,12.061938,32.1682,Comedy
2289,-22.451159,26.100182,Adventure
2290,42.01023,29.619013,Western
2291,21.46771,58.28351,Drama
2292,50.6001,10.915869,Comedy
2293,-42.33639,-10.427992,Comedy
2294,-19.61041,-78.29439,Comedy
2295,-22.907587,-53.288513,Comedy
2296,44.114307,-73.812874,Comedy
2297,2.550637,23.37838,Mystery
2298,-30.834215,29.723196,Comedy
2299,-9.844774,80.37229,Comedy
2300,6.7717967,-60.75768,Comedy
2301,-9.1660185,-38.7597,Comedy
2302,67.48962,18.397228,Adventure
2303,49.882206,-9.143766,Drama
2304,18.92799,-41.34624,Adventure
2305,-23.531216,-2.589203,Thriller
2306,-49.87759,53.569523,Crime
2307,-21.788603,58.212746,Comedy
2308,8.342839,26.574873,Comedy
2309,-32.10509,25.893776,Comedy
2310,41.97543,43.894627,Action
2311,-6.736627,-70.27406,Drama
2312,-10.115399,-66.16892,Drama
2313,26.912537,15.063769,Action
2314,-44.077774,1.8655816,Comedy
2315,23.409613,63.533443,Drama
2316,1.9825414,18.229942,Adventure
2317,-30.40114,25.017826,Comedy
2318,47.140285,13.611825,Comedy
2319,7.7369432,96.39204,Drama
2320,3.3867762,65.07902,Western
2321,1.653926,67.00272,Drama
2322,32.197723,40.02457,Comedy
2323,25.189085,53.14325,Documentary
2324,20.706968,54.083977,Drama
2325,-6.5484824,-9.387285,Comedy
2326,62.039677,-4.405633,Fantasy
2327,64.57041,-20.45609,Action
2328,1.6861862,30.38199,Drama
2329,-18.983334,99.00434,Children
2330,31.285114,-3.4095318,Comedy
2331,-6.03148,35.45596,Comedy
2332,-12.941201,37.178497,Drama
2333,23.047764,57.591858,Drama
2334,37.21968,47.714954,Drama
2335,8.055476,39.78693,Drama
2336,29.20399,52.522007,Drama
2337,22.459831,57.162964,Drama
2338,-7.912296,101.50433,Comedy
2339,-32.313904,31.24792,Comedy
2340,35.692932,9.178603,Drama
2341,-8.827576,-12.70946,Comedy
2342,38.35459,22.397968,Drama
2343,59.68663,6.393579,Drama
2344,-10.437401,11.175015,Crime
2345,7.6670146,-30.83592,Drama
2346,35.60326,9.098913,Action
2347,35.023533,8.842096,Drama
2348,40.369263,-60.624752,Drama
2349,48.469387,-12.001582,Action
2350,41.77422,10.046028,Comedy
2351,14.571542,16.261559,Drama
2352,3.858124,64.0811,Drama
2353,-58.99581,-35.648575,Drama
2354,52.503197,-24.65265,Action
2355,70.653656,0.74731404,Adventure
2356,-0.5467555,50.52162,Drama
2357,27.449297,15.284059,Drama
2358,20.223797,-4.738632,Comedy
2359,-20.276762,43.228073,Drama
2360,-11.508492,-26.015335,Comedy
2361,-14.277482,5.8085976,Comedy
2362,23.22187,-28.849266,Comedy
2363,-21.416107,-81.22087,Comedy
2364,5.1522493,37.9953,Drama
2365,7.5351486,37.7134,Drama
2366,-42.35211,-28.138653,Drama
2367,38.263256,-58.873947,Drama
2368,-43.176952,-7.455108,Documentary
2369,-27.740244,-24.47494,Drama
2370,21.874916,15.942696,Drama
2371,3.4536872,-42.565044,Comedy
2372,73.044174,3.010675,Crime
2373,39.215256,10.267871,Drama
2374,-33.86566,-4.504432,Drama
2375,14.970575,71.2259,Drama
2376,-29.701513,72.948074,Action
2377,49.275806,-9.554612,Drama
2378,48.06849,-28.747774,Drama
2379,62.332993,-28.436749,Children
2380,36.690147,43.276325,Drama
2381,42.295246,-22.595903,Animation
2382,45.57925,32.79273,Drama
2383,-12.694227,-20.616026,Drama
2384,-16.029839,-20.348042,Comedy
2385,38.712482,45.14415,Comedy
2386,-53.940678,-25.887043,Action
2387,-35.640034,6.8295484,Comedy
2388,-4.9408784,23.784851,Adventure
2389,28.187239,34.604744,Crime
2390,7.400133,55.947556,Drama
2391,47.4194,-9.565349,Drama
2392,52.50995,-1.4192673,Comedy
2393,67.89675,11.198001,Adventure
2394,56.11589,-0.4259776,Drama
2395,-4.1274004,-15.567778,Comedy
2396,47.60826,-8.371942,Drama
2397,26.052223,9.326074,Drama
2398,36.55118,46.511383,Drama
2399,-43.9697,42.75564,Documentary
2400,-20.89375,-14.25461,Drama
2401,21.11359,13.535651,Drama
2402,37.26009,8.416936,Drama
2403,-41.405777,3.311687,Children
2404,34.90859,-38.289516,Adventure
2405,-46.609653,-32.92497,Drama
2406,12.244508,34.580635,Drama
2407,11.350389,32.22217,Drama
2408,-36.598946,-41.85922,Action
2409,33.820953,47.604996,Crime
2410,-9.759707,41.924847,Comedy
2411,-9.785931,78.08881,Drama
2412,-37.310925,-11.146562,Thriller
2413,16.592024,20.877071,Action
2414,-15.731026,-35.222168,Romance
2415,1.4859982,-53.55733,Action
2416,54.765793,18.48894,Comedy
2417,13.589009,20.007317,Drama
2418,-48.5455,39.11198,Animation
2419,-17.033218,20.010569,Drama
2420,-18.601225,17.980743,Drama
2421,-1.8635532,-14.760177,Mystery
2422,1.8438658,37.721024,Drama
2423,-18.988106,-11.615089,Drama
2424,16.92272,77.08917,Drama
2425,1.3606768,-61.385075,Comedy
2426,25.103216,49.619293,Thriller
2427,-32.26006,31.254572,Comedy
2428,22.742167,-69.83095,Thriller
2429,-49.423893,-8.587284,Comedy
2430,-11.1363535,80.26093,Comedy
2431,-9.035825,-56.47996,Comedy
2432,9.243343,3.1874552,Comedy
2433,45.324123,42.360695,Drama
2434,57.448654,7.0883303,Comedy
2435,16.630098,-50.261993,Comedy
2436,-6.60205,-12.491897,Drama
2437,20.972576,10.951809,Drama
2438,-33.097153,30.854883,Drama
2439,40.310345,5.2626886,Drama
2440,62.424595,11.170428,Comedy
2441,31.794989,-3.0412912,Comedy
2442,56.099564,-0.08377961,Comedy
2443,46.138344,-1.1379193,Action
2444,62.364353,-11.397544,Drama
2445,38.24403,-23.774824,Comedy
2446,47.3568,-10.562875,Adventure
2447,38.2583,29.452324,Drama
2448,-39.35951,-10.83797,Comedy
2449,29.912758,22.531162,Crime
2450,26.629538,-5.960379,Comedy
2451,10.599453,-16.757586,Action
2452,22.616274,56.757977,Action
2453,-9.853455,78.31788,Comedy
2454,-9.665421,24.103575,Action
2455,19.642727,-62.432167,Action
2456,34.160137,-7.0493684,Drama
2457,-27.559017,-43.23124,Comedy
2458,6.072616,29.505117,Drama
2459,-39.981422,0.9254587,Crime
2460,48.13604,-0.04058604,Comedy
2461,-2.7439463,-13.390236,Drama
2462,50.727386,24.273783,Action
2463,38.23034,-66.45367,Comedy
2464,29.689781,-84.65103,Horror
2465,-17.507267,-83.57284,Documentary
2466,-23.974318,-2.942841,Action
2467,-41.910652,-29.793444,Comedy
2468,48.248924,-0.38974574,Adventure
2469,-4.3128886,-54.459507,Comedy
2470,-1.4313785,-32.438904,Animation
2471,3.8254726,79.21718,Drama
2472,26.166069,-81.10838,Horror
2473,-58.55585,48.535446,Drama
2474,-4.134459,39.742134,Drama
2475,36.749172,21.576912,Crime
2476,29.403454,-35.135845,Comedy
2477,47.569195,9.17523,Horror
2478,51.938213,3.1805322,Comedy
2479,8.373776,82.608444,Comedy
2480,-19.690062,98.74763,Documentary
2481,-68.49197,25.228807,Comedy
2482,-45.393692,37.44116,Comedy
2483,-32.766113,-40.417786,Comedy
2484,-75.45062,18.832777,Comedy
2485,29.549534,-84.08057,Comedy
2486,-5.242558,80.67001,Musical
2487,12.685865,-36.65437,Action
2488,31.918133,3.1559625,Comedy
2489,-20.624846,43.735455,Comedy
2490,32.969563,-72.55804,Comedy
2491,41.629696,39.738876,Comedy
2492,31.011879,-31.233442,Comedy
2493,-29.337753,31.474592,Documentary
2494,1.4802397,29.292273,Crime
2495,-10.774008,58.206482,Drama
2496,10.063598,66.1584,Drama
2497,-6.254451,-82.20174,Drama
2498,-9.90212,40.21914,Crime
2499,52.813812,-57.04334,Documentary
2500,-10.2061825,42.487095,Comedy
2501,11.83724,16.923145,Drama
2502,-71.582596,23.467241,Horror
2503,-67.86697,-15.024557,Adventure
2504,-12.309649,40.817497,Adventure
2505,14.570001,42.403698,Drama
2506,-11.152368,81.275185,Comedy
2507,46.550205,-28.666597,Sci-Fi
2508,28.407787,7.7040105,Fantasy
2509,16.687943,48.90379,Drama
2510,7.432264,24.032158,Comedy
2511,-10.068212,37.956062,Comedy
2512,4.1884956,27.594913,Drama
2513,48.795094,20.688065,Comedy
2514,44.29869,25.108194,Crime
2515,51.6613,12.202479,Comedy
2516,6.4633365,38.15807,Crime
2517,10.065492,49.699875,Drama
2518,37.632576,40.747253,Romance
2519,-11.65289,-34.967426,Drama
2520,7.590053,55.120766,Action
2521,4.2061996,56.521976,Drama
2522,4.1357775,56.782227,Drama
2523,26.887794,63.769966,Drama
2524,2.3654587,77.6402,Action
2525,-10.387618,-16.431578,Comedy
2526,46.274868,39.51779,Drama
2527,-36.34812,-42.162926,Comedy
2528,2.7350826,-26.316965,Children
2529,-0.9326797,-82.19983,Action
2530,4.0907617,-59.925777,Adventure
2531,-5.1325746,-52.437202,Comedy
2532,-1.915697,-46.86356,Comedy
2533,20.14166,-73.1497,Comedy
2534,-1.5088415,-47.371197,Comedy
2535,-60.17659,-21.545092,Comedy
2536,49.259083,15.672966,Adventure
2537,-4.227712,14.196936,Children
2538,-3.5493412,16.374065,Children
2539,-68.57739,-13.680859,Adventure
2540,-8.886705,-68.77421,Adventure
2541,-31.283182,55.815834,Comedy
2542,15.493859,7.343922,Drama
2543,-33.34205,26.159378,Action
2544,-14.538955,-7.4636164,Action
2545,-18.453285,-10.830307,Action
2546,63.715553,1.8999298,Drama
2547,33.8311,-5.354077,Drama
2548,-21.788378,58.212208,Comedy
2549,12.639535,-0.8476195,Adventure
2550,-18.87361,58.491978,Drama
2551,1.6441796,67.00249,Drama
2552,-28.53497,-23.514929,Adventure
2553,43.122883,10.511846,Adventure
2554,-9.812939,-7.5517745,Drama
2555,65.1075,16.011961,Comedy
2556,-52.011616,-7.586226,Comedy
2557,6.49355,-74.55439,Drama
2558,41.262337,23.355597,Drama
2559,10.842177,14.682019,Drama
2560,1.7113954,2.6018088,Drama
2561,-16.039257,-11.539914,Drama
2562,-96.26791,11.497983,Animation
2563,-41.602234,-41.098362,Action
2564,20.699669,-65.158554,Action
2565,25.46822,-71.17915,Action
2566,39.453392,-66.405174,Action
2567,39.471474,-68.46194,Action
2568,-7.384279,42.116203,Crime
2569,-7.4865165,7.394313,Drama
2570,35.294098,-9.657424,Action
2571,2.912895,-38.95241,Action
2572,1.9464031,-50.51328,Action
2573,5.1957192,15.267672,Action
2574,39.413177,-63.214302,Action
2575,-40.99398,-41.26902,Action
2576,-24.27247,10.486207,Mystery
2577,-17.136524,-33.38107,Comedy
2578,28.728378,52.627735,Drama
2579,50.75224,10.559932,Comedy
2580,-18.82811,48.35528,Drama
2581,31.927195,-2.9991305,Comedy
2582,16.079311,70.788376,Drama
2583,26.348572,-5.762136,Action
2584,-7.0808506,-23.60703,Drama
2585,-3.841387,-55.95867,Comedy
2586,-20.296171,-44.87161,Drama
2587,52.242245,-56.70451,Drama
2588,-62.913475,42.18869,Drama
2589,-40.15167,-12.294082,Adventure
2590,-5.668762,25.417015,Comedy
2591,-32.045868,-17.348053,Comedy
2592,3.521813,39.181133,Drama
2593,38.234978,27.51396,Drama
2594,22.168423,57.173035,Drama
2595,28.946426,59.95025,Adventure
2596,63.07246,3.2225497,Adventure
2597,7.4258804,96.59742,Comedy
2598,-53.282185,51.96401,Sci-Fi
2599,14.981045,75.528534,Drama
2600,32.107555,3.6900554,Horror
2601,-39.086796,-1.354384,Comedy
2602,-15.059787,-26.436941,Drama
2603,5.716677,15.952192,Adventure
2604,-27.444563,-5.239346,Drama
2605,69.01452,12.730447,Comedy
2606,44.665157,-25.836514,Animation
2607,2.8362474,-26.26526,Thriller
2608,62.773003,-3.0119228,Adventure
2609,-71.064224,24.255033,Adventure
2610,23.224825,47.955803,Adventure
2611,9.205513,95.49853,Drama
2612,-19.517733,-51.750248,Comedy
2613,11.29842,48.949127,Drama
2614,49.956863,11.917943,Drama
2615,18.612694,-25.644081,Comedy
2616,-4.387654,-42.37934,Comedy
2617,12.993464,15.790767,Drama
2618,38.980633,46.706776,Drama
2619,40.176476,23.787985,Comedy
2620,6.848916,23.57107,Drama
2621,-15.920186,-11.050274,Comedy
2622,2.6223783,30.542217,Comedy
2623,38.225628,26.938515,Action
2624,47.812675,8.693084,Drama
2625,-4.7834353,-41.404297,Comedy
2626,16.564295,11.469069,Drama
2627,30.868364,-24.712402,Drama
2628,-29.576878,-22.49858,Drama
2629,-30.755003,25.64208,Comedy
2630,-28.647518,-1.1213361,Comedy
2631,-13.468179,-14.305722,Action
2632,-28.225725,4.016557,Comedy
2633,4.405878,-21.476683,Comedy
2634,-14.7150345,-24.10993,Comedy
2635,35.171703,13.426777,Comedy
2636,62.644577,15.798327,Action
2637,29.347815,10.109161,Drama
2638,12.067466,17.378374,Crime
2639,-12.045201,100.8389,Comedy
2640,31.05838,-3.6636891,Drama
2641,59.707794,19.110632,Crime
2642,36.185658,8.981143,Comedy
2643,-51.009914,-7.8356156,Comedy
2644,-39.962738,-7.729242,Comedy
2645,-28.128103,-3.2091613,Documentary
2646,6.714534,29.3442,Comedy
2647,-12.629951,-65.59311,Comedy
2648,-12.72581,-11.347464,Drama
2649,27.006857,63.733826,Drama
2650,30.939325,40.292946,Comedy
2651,33.087303,49.300438,Comedy
2652,-21.029951,28.610228,Horror
2653,31.178719,24.157032,Crime
2654,64.02805,19.40578,Comedy
2655,-6.0406227,-54.84834,Drama
2656,1.1442536,-3.6576078,Drama
2657,51.567703,-2.228365,Action
2658,-3.53366,24.585089,Drama
2659,0.957349,-4.003463,Mystery
2660,28.985746,39.469894,Comedy
2661,-13.486611,-49.622295,Action
2662,34.625206,-39.508556,Children
2663,11.175305,18.858679,Comedy
2664,-36.880314,-44.887028,Comedy
2665,-5.106314,101.632256,Comedy
2666,-58.60522,48.08209,Comedy
2667,11.205265,54.28411,Comedy
2668,-47.74223,-27.717615,Comedy
2669,-21.847525,-79.0997,Horror
2670,30.127302,-84.82815,Horror
2671,43.91953,-73.49824,Horror
2672,-34.955868,7.130459,Action
2673,0.7176038,-81.33994,Drama
2674,81.41439,2.8355374,Action
2675,-15.2075405,21.563341,Drama
2676,-40.623997,16.369331,Comedy
2677,5.36929,-64.96926,Action
2678,10.777664,55.693188,Drama
2679,-19.235561,-43.68453,Horror
2680,-20.666536,-81.787,Comedy
2681,-39.44678,-40.836365,Comedy
2682,-24.734081,84.84368,Animation
2683,17.275457,-50.146687,Action
2684,8.801804,-7.5582347,Drama
2685,43.675716,-76.230865,Comedy
2686,-23.238483,-79.40343,Comedy
2687,-21.80693,-14.11463,Crime
2688,22.64024,27.08173,Comedy
2689,40.62405,-59.089462,Musical
2690,-33.369423,32.328163,Comedy
2691,8.138052,-16.420599,Adventure
2692,-72.04486,5.7912354,Documentary
2693,-0.97670496,-26.939466,Comedy
2694,62.7957,-27.649574,Adventure
2695,-44.020603,-1.3331628,Comedy
2696,56.31602,11.034873,Comedy
2697,-14.6560545,3.512967,Comedy
2698,-14.080981,-82.583885,Comedy
2699,-49.296707,-32.563778,Comedy
2700,73.53005,-14.686759,Action
2701,51.438736,2.3558173,Action
2702,-21.623394,-81.32545,Documentary
2703,9.960359,15.000145,Comedy
2704,-53.55123,31.326433,Horror
2705,-33.79084,-24.043802,Action
2706,-40.336864,41.55269,Adventure
2707,18.287619,53.209534,Comedy
2708,30.973936,21.753258,Action
2709,-4.3831167,57.494507,Thriller
2710,39.572304,1.7150005,Action
2711,1.9826282,99.68497,Drama
2712,41.03075,2.0437002,Action
2713,36.16477,13.906312,Action
2714,-4.3825474,57.494236,Comedy
2715,-66.45942,32.18986,Drama
2716,-36.565147,13.206967,Action
2717,17.253025,-43.71426,Comedy
2718,-65.213104,37.297733,Horror
2719,-14.8665,-29.938414,Drama
2720,-50.41773,-34.523365,Horror
2721,-30.426626,67.86435,Documentary
2722,33.52932,47.70786,Action
2723,25.691944,58.949577,Drama
2724,-43.166496,-30.720566,Horror
2725,-22.667664,-79.96409,Horror
2726,-65.39492,-29.65136,Horror
2727,-66.92083,-19.819105,Horror
2728,-24.713371,-78.922615,Horror
2729,-23.551792,-80.027115,Horror
2730,41.707573,-70.03754,Action
2731,34.045177,26.57671,Drama
2732,-3.1237009,-51.837696,Comedy
2733,65.088425,14.865085,Comedy
2734,-46.128815,32.397274,Adventure
2735,-18.560055,81.26394,Adventure
2736,-65.21311,37.29767,Adventure
2737,11.543887,65.44949,Comedy
2738,-44.43748,36.352352,Drama
2739,-30.951283,67.11974,Documentary
2740,8.47772,96.11181,Drama
2741,-31.818266,32.999424,Documentary
2742,-50.41773,-34.523365,Documentary
2743,42.923992,25.825155,Action
2744,14.423878,36.376408,Action
2745,-1.8673378,27.567223,Crime
2746,-6.08731,-9.311538,Drama
2747,14.60793,36.750645,Comedy
2748,8.116937,-3.989225,Horror
2749,-17.936647,100.130135,Adventure
2750,7.7717824,-50.98506,Comedy
2751,24.963142,-73.508125,Comedy
2752,0.65637213,-62.01688,Comedy
2753,-60.02953,-33.24969,Comedy
2754,-65.0036,-24.077908,Comedy
2755,-21.20865,-77.92029,Comedy
2756,-1.128328,-81.34504,Comedy
2757,-0.11582978,-81.49654,Comedy
2758,-48.20112,-10.429174,Comedy
2759,28.99261,-6.5971746,Action
2760,32.976955,-1.5197531,Action
2761,6.9692826,-4.615848,Adventure
2762,-19.028744,-42.173775,Drama
2763,-34.611103,-12.179698,Crime
2764,52.388386,16.95627,Action
2765,51.90898,22.8192,Action
2766,1.0259024,15.301859,Action
2767,14.727643,-43.17333,Action
2768,-4.7455554,-9.200699,Film-Noir
2769,-3.9950743,-11.014352,Drama
2770,-5.2792673,-9.189562,Horror
2771,3.3062963,-60.063522,Horror
2772,24.21542,-72.97792,Action
2773,10.777814,55.69327,Drama
2774,-4.607864,-28.27889,Comedy
2775,-41.761623,55.842525,Drama
2776,-19.361717,-42.739933,Drama
2777,-31.839647,-42.21616,Comedy
2778,40.48228,-64.679504,Action
2779,62.5563,-4.026983,Action
2780,-54.68755,-25.71938,Comedy
2781,41.415146,44.669613,Drama
2782,27.581436,21.435259,Drama
2783,2.8978212,5.9899597,Drama
2784,-46.701042,12.327563,Animation
2785,-49.75691,28.435505,Action
2786,-13.156942,40.47328,Horror
2787,-27.1566,34.153202,Crime
2788,-26.007462,54.337578,Action
2789,-6.3162546,42.943275,Drama
2790,-21.209051,-18.391457,Drama
2791,-13.224254,-11.438019,Horror
2792,6.054551,40.981213,Drama
2793,36.07866,25.723064,Crime
2794,-21.468979,-16.432774,Drama
2795,-6.2333694,57.47617,Drama
2796,-20.874,-19.213888,Drama
2797,-66.09502,0.69902414,Comedy
2798,46.55857,16.875366,Action
2799,-43.734642,40.363125,Crime
2800,-53.145317,29.567274,Drama
2801,3.899963,-60.13075,Comedy
2802,31.199547,-8.8761635,Action
2803,41.09349,-27.561987,Action
2804,-54.261044,47.14511,Drama
2805,-18.562466,18.105982,Drama
2806,64.16518,9.700621,Animation
2807,53.172462,1.1510956,Adventure
2808,64.683304,-5.378433,Action
2809,34.2493,-37.629536,Adventure
2810,64.19711,-20.053606,Drama
2811,19.343979,49.287933,Drama
2812,-34.92233,11.077245,Drama
2813,-54.56727,8.250087,Comedy
2814,41.262623,44.673862,Action
2815,2.1713796,13.570069,Action
2816,-4.6336417,-41.793514,Action
2817,-3.420108,1.1972886,Crime
2818,-6.593588,-71.06166,Action
2819,21.581,-75.44771,Action
2820,32.5499,-72.182465,Action
2821,-22.551233,-5.022384,Action
2822,-30.060263,-42.436535,Horror
2823,-9.248589,53.71441,Action
2824,1.6941644,-82.79375,Comedy
2825,47.22849,-63.39848,Comedy
2826,-42.069138,40.489624,Crime
2827,38.0205,-26.5527,Comedy
2828,59.394775,8.440137,Comedy
2829,-39.297237,-51.488483,Comedy
2830,-50.12814,51.3085,Comedy
2831,2.6070595,37.094643,Drama
2832,-14.67834,21.057281,Drama
2833,-63.355213,38.642017,Drama
2834,3.361885,-17.95189,Drama
2835,10.160498,95.947296,Drama
2836,75.96771,3.9817965,Action
2837,-22.820461,-53.29044,Comedy
2838,2.7201102,99.73266,Drama
2839,-10.615964,-27.522942,Thriller
2840,60.952137,-17.873114,Drama
2841,21.39996,-61.769764,Animation
2842,32.63858,50.53177,Drama
2843,16.552359,-55.196285,Action
2844,-1.8662922,0.41900128,Western
2845,-19.029566,-16.129475,Adventure
2846,-25.373316,58.811195,Drama
2847,32.652912,-2.7218914,Comedy
2848,-5.7304,-21.989988,Drama
2849,-1.6517544,41.12377,Drama
2850,-43.984444,1.2244307,Comedy
2851,-31.118612,68.78597,Drama
2852,-46.53216,41.187916,Comedy
2853,2.6331096,56.933758,Drama
2854,7.701768,54.142265,Comedy
2855,45.359035,-32.87594,Comedy
2856,-31.925552,69.44596,Drama
2857,-4.217792,56.607544,Drama
2858,37.54246,-27.434374,Drama
2859,31.457455,-7.9932866,Comedy
2860,51.51438,-16.259964,Horror
2861,44.57092,-11.453718,Action
2862,23.420807,-78.93087,Comedy
2863,-9.805773,29.146389,Comedy
2864,-38.22851,56.084473,Horror
2865,30.394945,-85.12297,Horror
2866,-13.355706,-11.46982,Adventure
2867,-3.600658,-62.105663,Thriller
2868,38.34236,29.072153,Action
2869,-20.699398,-52.251637,Action
2870,-13.884331,-82.75441,Horror
2871,-5.2993584,-90.90447,Horror
2872,-13.618635,-64.833694,Horror
2873,16.68821,-24.643833,Action
2874,-13.715016,-65.05772,Horror
2875,9.363974,10.0136385,Drama
2876,-29.06427,47.900513,Drama
2877,-35.969723,29.49784,Comedy
2878,-7.5441284,-84.33865,Horror
2879,-65.67236,33.203194,Horror
2880,-4.363224,101.5853,Comedy
2881,-44.782047,-0.72164345,Comedy
2882,-18.713717,89.94145,Drama
2883,15.423953,6.109537,Thriller
2884,-20.606855,4.534453,Comedy
2885,-49.17638,30.24039,Documentary
2886,25.518732,-23.008097,Comedy
2887,-26.525764,35.192837,Comedy
2888,52.773594,4.4541035,Drama
2889,8.666917,-66.67839,Action
2890,-8.267026,-7.465635,Comedy
2891,57.633926,10.646153,Action
2892,35.76946,-9.4281225,Comedy
2893,-59.246346,-36.383255,Drama
2894,10.884575,42.936996,Drama
2895,-15.233682,19.187738,Drama
2896,-39.81091,-9.091766,Comedy
2897,17.408838,-51.48552,Action
2898,19.305592,-53.785442,Action
2899,33.606346,-5.3951344,Comedy
2900,28.48633,-82.29541,Comedy
2901,-25.438145,58.3613,Drama
2902,-0.948864,-53.1375,Action
2903,5.128993,15.534735,Comedy
2904,-21.79836,58.231613,Drama
2905,25.580942,-66.09605,Crime
2906,-5.6938887,-7.8223076,Crime
2907,68.85463,6.9216747,Drama
2908,21.540491,-29.22865,Action
2909,41.25766,-68.30772,Crime
2910,-25.376286,58.32085,Comedy
2911,-24.479536,-2.9168718,Comedy
2912,-6.6373334,-42.24891,Crime
2913,23.521961,-70.70951,Horror
2914,1.1837521,-61.738243,Comedy
2915,39.300545,27.370752,Drama
2916,57.82489,19.568329,Comedy
2917,-10.713898,-40.232155,Comedy
2918,-34.792866,56.142162,Drama
2919,2.5832994,37.18309,Drama
2920,50.213257,8.530309,Drama
2921,-42.462997,-0.80477804,Horror
2922,-38.66615,-9.010904,Horror
2923,-15.160523,-57.532013,Horror
2924,30.771084,52.05062,Drama
2925,40.848362,-66.29027,Comedy
2926,-43.264866,37.743122,Comedy
2927,-27.8125,-23.057783,Adventure
2928,-29.961937,-43.107292,Adventure
2929,-48.11787,30.070532,Comedy
2930,-29.325912,-69.711426,Comedy
2931,-27.006983,-76.18247,Adventure
2932,-72.33289,6.2068534,Horror
2933,54.784367,-62.885925,Horror
2934,-30.14987,-45.253998,Sci-Fi
2935,-31.870987,-67.86635,Horror
2936,-13.676846,100.463455,Horror
2937,-12.080641,100.94916,Horror
2938,-20.133984,98.60818,Horror
2939,-16.647804,99.595116,Horror
2940,0.87005764,2.736946,Comedy
2941,-60.47424,-24.024454,Adventure
2942,29.370317,-37.517353,Action
2943,-24.739716,-2.2972898,Action
2944,70.42445,2.3105357,Comedy
2945,73.537384,13.593105,Drama
2946,-20.341068,28.003986,Drama
2947,1.6839651,100.25011,Drama
2948,0.81269175,-3.2689118,Drama
2949,15.510743,-56.614834,Comedy
2950,24.843355,-65.5442,Comedy
2951,-24.215816,-36.591312,Action
2952,7.363629,-71.67054,Drama
2953,-30.870302,25.853872,Action
2954,26.791275,-81.67028,Comedy
2955,14.784621,42.091667,Musical
2956,-68.92057,-12.784887,Animation
2957,-15.309246,20.969782,Drama
2958,-73.59048,7.590215,Crime
2959,51.23321,12.338847,Drama
2960,31.078049,-7.838528,Comedy
2961,36.950367,8.398765,Drama
2962,-38.833958,-49.046555,Comedy
2963,-10.906328,36.2621,Action
2964,30.522831,-66.29241,Crime
2965,12.564028,-29.39844,Adventure
2966,61.6305,-4.746301,Action
2967,33.73474,-26.483198,Drama
2968,41.375996,-28.637135,Comedy
2969,30.79281,8.63717,Drama
2970,35.496906,-36.569683,Action
2971,-4.72791,42.5171,Drama
2972,36.77287,13.525017,Action
2973,28.204664,34.09531,Drama
2974,46.29881,-28.689604,Action
2975,10.717556,-37.07448,Drama
2976,62.083076,-19.146564,Children
2977,-41.771008,53.20406,Documentary
2978,7.845595,-43.998127,Animation
2979,45.368435,-22.587816,Children
2980,2.5644846,38.2963,Drama
2981,-0.66253465,-3.145589,Drama
2982,64.61963,-1.9415653,Drama
2983,74.70679,7.518923,Action
2984,16.05704,-51.464123,Action
2985,30.913965,-25.084536,Drama
2986,47.87293,-18.586607,Action
2987,2.0112221,-3.1285691,Adventure
2988,46.992786,15.991304,Comedy
2989,7.0256896,-10.702749,Comedy
2990,37.854065,1.1339967,Action
2991,-52.979534,-10.364699,Adventure
2992,37.260918,21.58216,Drama
2993,38.870914,2.7531166,Drama
2994,-20.72417,-18.723972,Drama
2995,-1.0288237,-26.537764,Comedy
2996,63.765247,-0.7202463,Comedy
2997,-12.273715,-34.469204,Comedy
2998,51.714634,8.757607,Drama
2999,10.163113,-15.790006,Comedy
3000,56.374336,-15.487221,Adventure
3001,30.860834,23.411053,Drama
3002,62.694878,-2.8423738,Comedy
3003,40.21444,8.523367,Drama
3004,-9.399888,-16.01137,Thriller
3005,26.500023,59.465435,Drama
3006,74.53265,1.8077286,Drama
3007,44.450726,-11.025832,Comedy
3008,7.600475,-72.00502,Romance
3009,56.22465,3.8044255,Comedy
3010,71.57026,12.249471,Adventure
3011,-5.7984285,35.657,Comedy
3012,13.801101,-52.915916,Horror
3013,28.809237,-38.54253,Drama
3014,-16.334507,58.755524,Comedy
3015,49.777878,-8.944885,Drama
3016,63.68794,2.4651668,Crime
3017,0.586331,-5.5417933,Romance
3018,-36.970905,-11.717744,Drama
3019,-6.901165,36.10296,Crime
3020,28.633947,6.839218,Children
3021,-2.60421,-42.252327,Comedy
3022,35.83554,13.841929,Drama
3023,38.285145,41.811405,Action
3024,-22.975769,-5.493841,Crime
3025,27.759964,52.719685,Drama
3026,46.89124,44.443474,Drama
3027,-88.90719,-8.896745,Horror
3028,-11.112097,7.0002975,Crime
3029,-2.892162,-52.04161,Action
3030,21.419146,-15.648604,Drama
3031,-61.38031,41.372116,Drama
3032,20.927658,11.263067,Crime
3033,-25.506197,55.67616,Drama
3034,-28.51207,3.4277132,Comedy
3035,-21.961084,-44.411175,Comedy
3036,-56.743645,6.732753,Action
3037,-22.760853,-59.903618,Action
3038,-41.216465,-46.55719,Action
3039,-30.247772,1.043832,Drama
3040,-31.55655,-61.84995,Comedy
3041,32.06278,-8.037829,Comedy
3042,-35.71198,-26.392546,Drama
3043,12.952958,77.59262,Drama
3044,6.1133094,56.238865,Drama
3045,-31.467813,73.16536,Comedy
3046,-25.156775,-7.508206,Comedy
3047,-5.764766,-90.00666,Comedy
3048,-35.906837,12.063988,Comedy
3049,-36.82076,54.86818,Thriller
3050,37.78061,-13.101547,Action
3051,59.98233,6.903986,Action
3052,-24.148605,10.125871,Action
3053,-20.859087,-80.8651,Comedy
3054,-44.85152,2.1655235,Animation
3055,-40.272305,-7.4190664,Comedy
3056,-4.483729,-68.86194,Romance
3057,18.648804,-73.02881,Thriller
3058,-39.577763,6.2066326,Comedy
3059,28.897455,15.090203,Action
3060,28.367764,-77.92986,Comedy
3061,-6.9032044,25.753927,Fantasy
3062,-30.998272,-49.462452,Drama
3063,-14.204274,-10.599784,Thriller
3064,-22.044994,-16.2489,Drama
3065,-1.1959252,3.012886,Drama
3066,-5.2821717,-83.83472,Comedy
3067,-16.12519,99.787346,Comedy
3068,6.2478237,67.58077,Drama
3069,6.8586316,-4.6952195,Action
3070,20.136112,-51.758503,Comedy
3071,29.18567,-65.40834,Horror
3072,34.807247,-66.929375,Comedy
3073,-34.37746,6.9387217,Drama
3074,24.650194,-72.14818,Comedy
3075,-3.3305888,24.223871,Comedy
3076,37.966125,-65.93166,Fantasy
3077,-5.8010664,-89.87018,Comedy
3078,-3.9742835,-87.866104,Comedy
3079,-35.86422,-47.46667,Comedy
3080,-3.814552,-40.41377,Action
3081,-17.415396,101.19488,Adventure
3082,42.27699,-71.0423,Comedy
3083,-16.56248,-20.509869,Crime
3084,-6.8005247,-53.966003,Comedy
3085,-18.18867,46.176285,Action
3086,-33.650818,8.211646,Horror
3087,-10.77929,38.67058,Drama
3088,-2.1488178,-3.5158696,Drama
3089,-51.45953,50.443356,Comedy
3090,62.404972,-17.082117,Horror
3091,-2.7529266,-27.385275,Comedy
3092,6.495087,66.74269,Drama
3093,7.4249783,-42.971767,Comedy
3094,-61.498165,34.298313,Animation
3095,25.262743,1.0359819,Drama
3096,2.4631402,-58.582184,Comedy
3097,-19.814882,82.78836,Comedy
3098,34.326622,-38.19791,Animation
3099,28.582296,-26.081394,Action
3100,6.453231,65.2926,Drama
3101,44.666748,-10.662951,Action
3102,-15.108163,10.340804,Drama
3103,-26.031857,-64.254944,Action
3104,30.089258,-25.438187,Thriller
3105,-5.2324076,-28.282255,Comedy
3106,-41.74115,55.729305,Documentary
3107,-3.0980484,1.4522125,Drama
3108,-49.548042,28.62926,Comedy
3109,-28.181005,5.2093163,Drama
3110,-5.8924265,101.5978,Action
3111,-12.77775,-82.75155,Comedy
3112,-2.970314,57.481266,Comedy
3113,-37.87856,34.342762,Drama
3114,41.481785,39.848988,Drama
3115,31.426529,51.536003,Drama
3116,-26.617044,-3.2162268,Comedy
3117,1.0853701,50.951866,Musical
3118,52.00446,-56.601986,Drama
3119,-37.59086,34.52249,Horror
3120,-41.934525,-29.751625,Comedy
3121,-29.95925,-25.877777,Sci-Fi
3122,-4.160538,-17.030025,Action
3123,-52.406925,-35.41817,Drama
3124,-4.737161,-20.518768,Action
3125,38.844788,-66.5338,Comedy
3126,9.867967,-10.746693,Comedy
3127,-90.32238,-7.702251,Action
3128,58.93533,-30.584753,Action
3129,2.6010556,38.67997,Drama
3130,22.928257,25.252981,Crime
3131,-38.742245,-44.079956,Comedy
3132,-6.8304157,-70.93161,Comedy
3133,-28.060139,66.59599,Documentary
3134,-39.07022,13.766148,Crime
3135,-47.41691,-6.971726,Comedy
3136,9.101046,12.10784,Comedy
3137,-23.243423,-41.70306,Comedy
3138,53.790752,-2.107795,Drama
3139,12.985586,-25.769968,Action
3140,-7.157729,37.92311,Comedy
3141,78.39572,9.814935,Mystery
3142,20.264273,-54.17861,Comedy
3143,5.1810074,-56.62371,Comedy
3144,-12.34333,4.32971,Comedy
3145,33.906574,-9.799216,Action
3146,0.38120335,-62.51918,Comedy
3147,5.917674,-10.548221,Drama
3148,41.436207,29.958668,Drama
3149,-51.643406,13.799896,Documentary
3150,-66.66959,33.501564,Documentary
3151,33.988735,-17.331625,Action
3152,54.96188,0.8769501,Crime
3153,11.214929,-49.58591,Comedy
3154,4.2404027,-52.918076,Animation
3155,-22.340427,-80.84421,Comedy
3156,12.76132,55.216934,Crime
3157,62.382233,9.438964,Comedy
3158,3.610615,-41.379845,Adventure
3159,22.012579,-67.82548,Comedy
3160,-10.579941,-84.78517,Drama
3161,-47.76049,-8.326776,Drama
3162,1.8099264,-50.545635,Comedy
3163,0.9631705,-52.53895,Comedy
3164,-44.086437,30.283995,Drama
3165,-17.90874,17.9749,Drama
3166,-1.7487282,-82.57505,Drama
3167,68.346,21.30654,Action
3168,10.638908,55.543602,Drama
3169,35.16831,-29.701048,Action
3170,-17.355331,5.1672335,Comedy
3171,35.11904,-31.838276,Comedy
3172,63.76156,-17.716892,Action
3173,-12.559758,80.41189,Drama
3174,2.8159559,-6.682144,Action
3175,-15.457016,-57.13285,Comedy
3176,7.072561,65.73938,Documentary
3177,28.78913,20.726646,Comedy
3178,28.63912,37.693905,Drama
3179,-66.05052,-23.401808,Comedy
3180,2.8867884,-6.0045786,Comedy
3181,22.105003,25.867567,Comedy
3182,23.982994,-57.937298,Comedy
3183,3.5832863,-24.4488,Comedy
3184,-19.567019,14.750132,Drama
3185,-28.932905,-55.89469,Comedy
3186,-61.491356,41.529293,Children
3187,6.073226,-22.06275,Drama
3188,36.024467,43.43657,Drama
3189,11.64033,82.11142,Crime
3190,54.343452,-2.1286385,Action
3191,2.5162206,52.634033,Drama
3192,1.5482298,36.192978,Documentary
3193,28.426853,-53.098907,Romance
3194,80.170296,3.7290778,Adventure
3195,-7.8024545,80.83731,Comedy
3196,58.95283,-1.0931151,Drama
3197,68.12032,-21.350586,Action
3198,-29.465778,15.61357,Adventure
3199,-16.629095,5.669989,Drama
3200,4.91817,-78.911385,Drama
3201,-22.359297,-58.594723,Comedy
3202,48.210075,5.264107,Comedy
3203,11.148979,32.04512,Drama
3204,13.7657995,55.29708,Adventure
3205,15.19869,55.04985,Drama
3206,28.856821,20.672533,Crime
3207,32.013283,24.45053,Adventure
3208,30.24962,39.89659,Western
3209,-34.23616,-12.060354,Comedy
3210,41.632317,47.635525,Drama
3211,41.500748,42.58887,Drama
3212,16.23298,75.15567,Drama
3213,10.708057,35.287666,Action
3214,4.315707,-52.79059,Comedy
3215,13.93505,76.92106,Drama
3216,41.40756,-27.313122,Comedy
3217,55.815792,-14.551242,Action
3218,7.7728395,54.104427,Drama
3219,10.899202,41.141304,Comedy
3220,16.80099,19.632044,Comedy
3221,-75.110374,19.771622,Comedy
3222,26.006186,-5.1370792,Action
3223,-10.370722,-21.932838,Action
3224,-6.848784,-39.609215,Crime
3225,4.918125,-78.911575,Action
3226,-41.651234,33.88065,Comedy
3227,-12.684634,81.48354,Comedy
3228,-28.533028,3.1455262,Comedy
3229,48.051468,5.4070997,Comedy
3230,59.73734,-28.60537,Adventure
3231,61.806545,-18.880058,Action
3232,42.094215,-33.456905,Comedy
3233,57.708214,6.019899,Action
3234,64.10351,-5.352353,Adventure
3235,40.8697,-58.918407,Crime
3236,-18.338383,7.9964333,Drama
3237,-53.84254,-11.547253,Comedy
3238,-16.152342,82.04563,Comedy
3239,-10.36757,28.120396,Crime
3240,26.739841,49.70393,Drama
3241,-51.913696,-7.650835,Comedy
3242,-28.209358,5.240328,Crime
3243,-19.062342,-11.700056,Drama
3244,37.789604,-21.228539,Children
3245,14.145129,3.6041281,Action
3246,33.607437,-10.968514,Comedy
3247,-28.891014,31.684275,Drama
3248,-70.56695,3.6743088,Crime
3249,-33.236805,-22.803421,Comedy
3250,-24.058727,81.99895,Drama
3251,21.330435,-78.06894,Comedy
3252,-10.775158,58.207527,Comedy
3253,2.9095404,-22.00324,Action
3254,-6.051251,-51.651966,Action
3255,-34.536156,33.04391,Comedy
3256,-11.198002,101.06238,Comedy
3257,-67.02816,-18.272291,Horror
3258,-6.233298,57.47572,Drama
3259,13.746516,70.92276,Crime
3260,15.055603,75.2389,Drama
3261,-65.29825,4.3972545,Drama
3262,-17.164267,1.7723194,Comedy
3263,2.57147,52.072346,Comedy
3264,47.33707,-63.401512,Comedy
3265,-30.730827,71.90799,Drama
3266,-2.550923,1.8612205,Drama
3267,-61.45066,41.489006,Drama
3268,-37.07135,30.944736,Drama
3269,-8.341793,55.41911,Film-Noir
3270,26.943707,39.683506,Drama
3271,3.8079383,7.3183465,Comedy
3272,11.954708,76.096855,Drama
3273,-30.901354,67.1522,Drama
3274,-28.010307,66.51183,Drama
3275,-49.613182,53.424686,Action
3276,-42.419895,-28.884512,Mystery
3277,-7.5752516,36.88715,Horror
3278,3.3037217,45.749516,Action
3279,26.844225,38.764935,Drama
3280,-26.243706,35.42417,Action
3281,-28.391392,48.872375,Action
3282,-12.5068445,-27.594799,Action
3283,-11.505053,-26.454395,Action
3284,-27.926085,64.78251,Action
3285,-76.69119,17.230665,Adventure
3286,53.531353,-28.570366,Adventure
3287,62.249065,12.3739195,Comedy
3288,44.89702,-8.696219,Action
3289,-16.36165,-84.09429,Drama
3290,2.0111737,36.933468,Crime
3291,-44.260406,15.429025,Comedy
3292,-31.227001,-47.969833,Comedy
3293,-77.12046,10.754373,Documentary
3294,-98.57138,20.50666,Animation
3295,-77.31393,16.871822,Documentary
3296,-77.31393,16.871822,Documentary
3297,24.585888,-80.0175,Comedy
3298,-9.261722,-85.107056,Drama
3299,14.211793,36.049873,Comedy
3300,1.7954203,37.683575,Drama
3301,-13.245137,-48.98336,Action
3302,24.627766,11.087719,Adventure
3303,-68.35414,-13.930376,Drama
3304,17.687487,-74.14322,Comedy
3305,-38.142094,-27.840334,Drama
3306,2.4123144,-1.6957183,Comedy
3307,-10.98206,58.13863,Drama
3308,-7.229718,-67.96875,Comedy
3309,2.8664563,-54.547153,Adventure
3310,-10.037236,9.178025,Comedy
3311,-41.825977,-48.262115,Horror
3312,6.891133,-10.409551,Drama
3313,21.381186,-78.40725,Comedy
3314,-36.014317,32.74446,Drama
3315,22.742321,-16.186338,Drama
3316,9.119377,11.844077,Action
3317,42.478012,-2.190379,Comedy
3318,-6.36937,-84.09397,Comedy
3319,-62.390446,-26.549997,Comedy
3320,-4.1721787,100.175156,Comedy
3321,-44.586292,12.504567,Film-Noir
3322,-57.98326,-25.534214,Action
3323,-1.663592,-26.295666,Action
3324,3.036293,30.334091,Comedy
3325,11.935947,54.993004,Comedy
3326,24.45018,-73.08099,Children
3327,30.231678,-85.33199,Comedy
3328,-43.234634,-27.685179,Drama
3329,1.1844586,-5.807226,Crime
3330,19.797226,15.137527,Drama
3331,-1.634227,-26.428434,Comedy
3332,6.8299437,-61.976997,Comedy
3333,-2.247072,-29.437588,Comedy
3334,15.906259,-74.10095,Horror
3335,-38.503216,31.97411,Comedy
3336,-11.535725,-3.3096209,Adventure
3337,-7.513341,-61.107887,Comedy
3338,-7.411432,-23.095348,Drama
3339,41.893948,-70.53469,Mystery
3340,14.379312,15.070882,Comedy
3341,-6.459932,-21.843714,Comedy
3342,-5.08484,-19.373919,Comedy
3343,-21.74671,-57.244766,Comedy
3344,-28.240017,35.195267,Comedy
3345,8.661098,-31.253632,Action
3346,-40.98627,32.709904,Comedy
3347,-13.725938,-41.363857,Adventure
3348,-30.364046,1.4898006,Drama
3349,8.578934,66.591896,Drama
3350,-33.2666,7.982399,Horror
3351,-11.780425,-18.615877,Comedy
3352,-1.9821427,18.25035,Comedy
3353,-1.4608693,41.248314,Drama
3354,-73.355,7.363398,Action
3355,-37.393967,27.504248,Action
3356,1.4052577,-9.15528,Drama
3357,23.928902,-15.471262,Comedy
3358,-10.073535,55.984913,Comedy
3359,5.3163376,-57.874092,Comedy
3360,17.467337,-19.72147,Drama
3361,-20.754719,-54.669548,Action
3362,-91.03155,-6.234783,Action
3363,56.07282,18.499552,Adventure
3364,27.391333,0.026239533,Action
3365,7.0500965,-76.23238,Comedy
3366,-16.691683,1.7185382,Action
3367,15.6684,18.855324,Drama
3368,-8.389277,-41.804714,Comedy
3369,51.954224,-60.8357,Action
3370,16.374186,47.87486,Drama
3371,-22.319744,59.750065,Action
3372,6.3133564,-77.12153,Comedy
3373,-9.301625,11.282087,Comedy
3374,-0.8199059,-49.18687,Comedy
3375,-9.329538,-83.8644,Drama
3376,-29.756903,-17.306864,Adventure
3377,-2.1084702,-71.83935,Comedy
3378,-13.281873,-18.238201,Action
3379,24.108124,35.28956,Drama
3380,9.030755,-64.49207,Action
3381,-8.115345,-42.129868,Drama
3382,-25.711134,-6.721225,Comedy
3383,15.348977,-22.109102,Comedy
3384,-22.449154,-56.023705,Comedy
3385,-36.494064,30.40053,Comedy
3386,-2.173406,-71.81545,Crime
3387,-6.369339,-84.093765,Comedy
3388,-20.81883,43.72448,Crime
3389,13.440665,77.25743,Drama
3390,9.9296055,-54.960114,Action
3391,-18.133749,-51.64982,Action
3392,-18.73462,58.346306,Drama
3393,-10.095936,12.359165,Drama
3394,-18.137596,4.5026155,Comedy
3395,-4.423274,-69.26466,Comedy
3396,24.992357,-15.124938,Comedy
3397,-22.127737,-50.273823,Comedy
3398,0.35988835,16.78216,Comedy
3399,-53.05864,-32.745655,Animation
3400,4.1101394,-79.86366,Drama
3401,-54.196228,4.3550124,Drama
3402,-0.39566848,-3.5286782,Comedy
3403,12.184492,-64.11048,Action
3404,38.125072,-68.66948,Action
3405,-12.763089,-19.4184,Action
3406,-60.2863,42.946533,Adventure
3407,37.35273,-59.510765,Action
3408,-7.472783,-61.048294,Action
3409,58.059708,-16.723343,Action
3410,38.876907,-24.990242,Comedy
3411,12.8116045,20.353497,Action
3412,46.48219,21.427744,Comedy
3413,-13.454424,39.47904,Comedy
3414,62.740215,-17.771132,Action
3415,7.777487,38.24343,Comedy
3416,8.657246,78.75062,Crime
3417,29.3137,-84.25908,Comedy
3418,-33.47965,27.648672,Comedy
3419,-34.270336,-25.275404,Adventure
3420,-3.5560489,-9.992334,Action
3421,21.019634,33.87015,Drama
3422,-37.9047,55.496796,Comedy
3423,15.157245,-19.990177,Crime
3424,-3.3290756,-17.091549,Comedy
3425,-34.74869,-42.486134,Comedy
3426,-51.04824,-25.285303,Comedy
3427,-23.946053,-61.621876,Horror
3428,-37.727512,15.275282,Drama
3429,-38.638523,-48.887985,Comedy
3430,28.42989,-52.399437,Action
3431,35.991302,-67.773636,Action
3432,11.582871,-62.932587,Comedy
3433,3.5434325,-19.15656,Comedy
3434,-39.88974,0.81231743,Comedy
3435,3.4759026,-20.164396,Comedy
3436,26.318989,3.7329893,Comedy
3437,-36.19014,-5.275955,Adventure
3438,24.041592,-72.99281,Adventure
3439,-41.94752,15.14048,Comedy
3440,-37.335144,-4.551451,Adventure
3441,-18.084044,19.698904,Mystery
3442,29.779083,-24.239443,Crime
3443,20.081244,54.015247,Crime
3444,-32.8376,-50.15731,Comedy
3445,17.348345,-27.047226,Drama
3446,47.937477,-0.13449812,Children
3447,57.512817,-16.608631,Action
3448,-29.298502,-0.5885891,Drama
3449,37.96124,39.999836,Adventure
3450,-29.409166,-25.774939,Comedy
3451,12.404096,77.907524,Drama
3452,25.221321,25.29481,Comedy
3453,-38.2786,12.404048,Drama
3454,-65.924034,33.079525,Documentary
3455,-17.404886,9.721804,Drama
3456,11.2817,-56.75756,Comedy
3457,-27.856518,-22.523642,Horror
3458,-23.191746,48.00277,Action
3459,58.69848,6.174118,Comedy
3460,33.219925,-35.95411,Action
3461,62.4081,7.859949,Drama
3462,10.732491,-48.41001,Action
3463,-46.597664,-32.86217,Comedy
3464,-3.4846363,-87.50566,Drama
3465,-31.426485,30.305029,Horror
3466,30.622816,-24.506628,Drama
3467,27.275095,-8.891569,Comedy
3468,-20.559345,-78.117096,Comedy
3469,9.848417,-35.979767,Comedy
3470,33.188927,-0.96822166,Adventure
3471,8.010111,-35.09485,Horror
3472,8.625913,-34.51521,Comedy
3473,-1.6103772,54.886864,Romance
3474,-29.489317,16.675335,Comedy
3475,-29.192984,30.816345,Comedy
3476,-31.774822,-4.0995064,Comedy
3477,-8.711237,-50.616222,Horror
3478,-36.055134,29.667543,Drama
3479,-1.1152166,-63.08815,Action
3480,27.69099,-67.49198,Action
3481,52.35167,-61.02251,Action
3482,-41.3267,38.157024,Drama
3483,28.196882,-54.554146,Action
3484,28.907978,-37.82178,Comedy
3485,-23.076595,45.134945,Comedy
3486,-28.225657,68.53592,Drama
3487,-25.446457,58.368412,Crime
3488,-15.224169,-7.6856704,Documentary
3489,8.517422,-31.00527,Thriller
3490,9.005386,-31.342258,Drama
3491,-39.075115,13.824973,Drama
3492,-62.059376,-28.559422,Comedy
3493,11.77427,-47.23169,Comedy
3494,44.41483,-57.263145,Drama
3495,55.339634,0.9970904,Crime
3496,-22.879755,-59.843746,Comedy
3497,-16.2698,-83.48728,Drama
3498,-19.70451,-43.441914,Comedy
3499,-44.230816,15.176049,Documentary
3500,-2.8103683,1.6417043,Drama
3501,-10.974683,58.088955,Drama
3502,41.257896,-68.30763,Horror
3503,-4.476381,14.006282,Drama
3504,32.289097,65.09914,Drama
3505,-30.05591,70.6967,Comedy
3506,-50.065617,-9.7701025,Horror
3507,-15.958652,-20.710033,Crime
3508,10.918472,38.82352,Adventure
3509,-29.66974,-3.4672847,Comedy
3510,-25.981396,17.217607,Comedy
3511,42.374992,41.995766,Action
3512,-28.762465,-68.32457,Action
3513,7.590053,55.120766,Drama
3514,-14.185671,-6.3182793,Action
3515,-30.37504,30.115316,Drama
3516,28.89334,37.808643,Comedy
3517,-16.555338,-43.168034,Mystery
3518,20.77815,48.80877,Drama
3519,-8.387148,-82.09159,Drama
3520,-16.50042,-8.27085,Drama
3521,-4.473492,-41.84205,Adventure
3522,-15.136836,100.24011,Sci-Fi
3523,25.928722,-27.983538,Thriller
3524,10.08614,-26.977922,Drama
3525,59.061405,15.873128,Comedy
3526,-12.14132,-84.79356,Action
3527,-3.8105707,-20.957666,Adventure
3528,-2.9290295,-51.939163,Children
3529,31.520617,-5.603064,Comedy
3530,-35.77052,-26.150227,Comedy
3531,8.156884,67.07212,Action
3532,-66.29764,-19.88694,Horror
3533,-20.37545,18.960752,Comedy
3534,20.260313,49.348377,Crime
3535,-14.42739,-7.010248,Comedy
3536,-28.62091,-6.430346,Horror
3537,9.810792,11.085004,Drama
3538,13.139271,40.967064,Drama
3539,25.1184,53.390118,Drama
3540,31.545698,-28.029844,Comedy
3541,30.504614,-78.15723,Comedy
3542,-20.360792,4.632343,Action
3543,-52.575054,-33.46803,Drama
3544,45.319103,29.894545,Crime
3545,-27.372293,-5.0347104,Comedy
3546,-47.21282,-6.471424,Action
3547,23.894068,-72.68668,Horror
3548,-0.21195073,24.152258,Action
3549,42.050865,43.5512,Drama
3550,1.5857787,-81.03291,Comedy
3551,16.942097,-73.99249,Drama
3552,-33.86648,-4.503401,Comedy
3553,-22.498484,-54.79814,Documentary
3554,35.74544,9.323239,Crime
3555,30.443192,-26.661903,Action
3556,28.001823,-24.539614,Comedy
3557,-25.940378,17.146364,Drama
3558,-1.2015442,24.518986,Animation
3559,47.02406,2.606859,Drama
3560,10.753198,-40.971943,Horror
3561,-64.9638,0.5548997,Comedy
3562,74.82621,12.366091,Drama
3563,-65.74995,-26.034685,Action
3564,17.293505,19.853312,Drama
3565,8.281131,23.231792,Crime
3566,25.118404,53.390083,Drama
3567,33.96591,-38.350506,Thriller
3568,77.29428,1.3964264,Adventure
3569,24.612526,-34.02226,Action
3570,-45.14376,33.119415,Drama
3571,10.0130415,-7.1927447,Crime
3572,48.287388,-0.30063736,Comedy
3573,-18.83325,-51.82758,Horror
3574,77.29362,-14.797528,Adventure
3575,-30.8438,-46.38806,Comedy
3576,15.661485,-48.592613,Adventure
3577,-1.8029686,-29.511717,Comedy
3578,53.63248,-27.384836,Action
3579,-27.86896,3.299941,Drama
3580,1.5044585,4.4580197,Drama
3581,-18.857147,-82.5786,Comedy
3582,-28.1886,15.554201,Adventure
3583,35.212887,45.21156,Drama
3584,-43.526157,38.363003,Crime
3585,-13.440356,-27.160437,Action
3586,8.691764,10.284967,Drama
3587,20.00298,49.72008,Drama
3588,-29.157356,13.607585,Crime
3589,8.660925,38.464016,Drama
3590,7.9820437,52.356052,Drama
3591,-52.40744,-35.417587,Comedy
3592,-6.369343,-84.09397,Comedy
3593,-27.158394,-21.125134,Fantasy
3594,-33.380886,-15.597671,Drama
3595,11.22213,-38.35166,Comedy
3596,39.12869,-63.60813,Mystery
3597,29.73485,22.605833,Drama
3598,-11.2994375,-21.684376,Action
3599,10.059901,-9.278285,Action
3600,-22.516533,83.73285,Sci-Fi
3601,-26.708303,47.740047,Crime
3602,-10.004852,56.051743,Action
3603,-19.524755,14.716432,Action
3604,-45.70439,0.795739,Adventure
3605,-16.361723,-84.09403,Comedy
3606,-23.050713,-60.77355,Adventure
3607,31.899061,25.109798,Comedy
3608,26.74246,64.12771,Action
3609,26.347542,3.6708076,Crime
3610,28.413614,-10.211527,Action
3611,7.3242817,-7.4914465,Drama
3612,-28.278358,-67.44489,Documentary
3613,11.711205,-48.707836,Adventure
3614,76.42998,1.9706206,Crime
3615,-46.42126,15.304105,Adventure
3616,-64.85208,-0.17895173,Action
3617,-66.49768,-18.087042,Sci-Fi
3618,-10.6361065,38.92534,Drama
3619,-33.752758,30.419588,Crime
3620,-4.382684,57.494347,Drama
3621,-20.102793,-7.0627384,Comedy
3622,76.44683,8.988494,Comedy
3623,3.0189614,-40.103394,Comedy
3624,58.181126,-2.3959944,Mystery
3625,-41.19568,33.496243,Drama
3626,-63.024612,0.039793853,Drama
3627,11.725609,42.057487,Drama
3628,63.632305,15.451271,Comedy
3629,4.0934844,-15.853441,Adventure
3630,-34.372345,56.028214,Comedy
3631,25.932285,-60.32857,Action
3632,3.2095065,-59.782715,Action
3633,-16.366858,-84.08042,Adventure
3634,-35.832504,-45.7585,Comedy
3635,0.21107495,-20.601141,Adventure
3636,15.095469,-9.202235,Comedy
3637,26.726274,-8.941799,Comedy
3638,82.999664,2.0728405,Adventure
3639,49.108448,-8.695766,Comedy
3640,75.32297,3.4139388,Drama
3641,-44.26002,15.428829,Adventure
3642,-33.451508,24.700369,Comedy
3643,-16.821497,-37.664444,Adventure
3644,14.920677,69.688416,Drama
3645,52.199944,-9.785555,Drama
3646,64.101006,-5.8646135,Action
3647,7.9179883,39.66336,Drama
3648,20.240923,49.361477,Drama
3649,39.379253,10.607612,Comedy
3650,34.822304,14.035306,Drama
3651,0.8536931,14.615199,Drama
3652,16.915117,-25.214392,Drama
3653,-41.47196,-43.658386,Comedy
3654,-8.316339,55.451324,Drama
3655,3.1500106,-40.233025,Comedy
3656,29.076086,15.085896,Action
3657,29.521229,-17.212576,Action
3658,6.777155,-76.56811,Drama
3659,-10.065867,-35.711155,Drama
3660,-25.062502,35.15441,Drama
3661,-1.0003495,50.160954,Action
3662,-4.295246,-18.586447,Action
3663,30.571434,-85.42847,Animation
3664,12.988717,-30.093237,Action
3665,-52.66267,-11.292079,Action
3666,13.892915,-41.12736,Adventure
3667,-8.119914,3.0885198,Action
3668,-16.17863,-10.854083,Comedy
3669,25.36265,-80.62719,Comedy
3670,-13.778437,9.978826,Sci-Fi
3671,-2.5562654,-9.287763,Action
3672,-19.363298,98.89391,Documentary
3673,63.507458,18.250149,Comedy
3674,-23.934214,15.297708,Mystery
3675,22.704502,25.504478,Western
3676,40.20751,9.214516,Action
3677,8.203196,-3.9949858,Drama
3678,-3.5044575,14.657191,Drama
3679,4.136469,56.7832,Drama
3680,-92.05342,-1.1122321,Action
3681,-63.757557,40.6604,Drama
3682,7.632684,25.588575,Animation
3683,-31.380928,34.79982,Drama
3684,-49.467556,-9.465197,Comedy
3685,-46.922646,29.72148,Comedy
3686,-13.670321,-42.873825,Adventure
3687,-1.632447,-6.920322,Comedy
3688,-7.4635034,-53.747704,Comedy
3689,-4.7285657,-26.558197,Drama
3690,-34.977886,10.261319,Comedy
3691,7.087385,96.956024,Comedy
3692,-1.4108928,-24.631414,Children
3693,34.409805,-29.150024,Action
3694,34.05722,-39.245018,Action
3695,2.2786024,79.36062,Comedy
3696,29.427244,-55.06887,Comedy
3697,-26.076496,-60.576015,Children
3698,11.402909,-38.292763,Comedy
3699,-1.9194272,19.284777,Children
3700,45.38193,-59.253307,Drama
3701,-0.6125965,-62.405518,Comedy
3702,31.985853,-25.936169,Drama
3703,19.933104,-18.584057,Crime
3704,-59.36444,32.4291,Adventure
3705,-1.8830652,22.759556,Comedy
3706,27.104462,-66.03471,Drama
3707,-23.58261,-17.683914,Drama
3708,-26.551086,-37.64977,Comedy
3709,11.848953,54.82437,Drama
3710,25.159466,35.925335,Comedy
3711,27.891026,58.713326,Comedy
3712,-6.2336164,57.47535,Comedy
3713,19.756283,-6.972907,Drama
3714,9.472842,-39.40582,Fantasy
3715,-29.242638,-6.419588,Comedy
3716,-42.400898,-27.013626,Comedy
3717,7.990844,30.06918,Comedy
3718,-22.931683,-59.508095,Drama
3719,-38.856518,34.08699,Documentary
3720,-4.262417,-14.371292,Comedy
3721,-32.675213,-16.78655,Animation
3722,-38.945026,31.96825,Drama
3723,3.7529123,-18.802746,Comedy
3724,48.140984,-11.148103,Action
3725,-6.4271703,80.76042,Action
3726,-21.18962,-54.92339,Action
3727,-1.3621173,-32.643127,Animation
3728,-51.46998,50.321575,Horror
3729,-50.59207,-32.648487,Comedy
3730,-6.6876183,-47.979218,Action
3731,41.16825,-26.77537,Action
3732,-55.973885,7.706666,Drama
3733,-10.777515,58.204983,Crime
3734,-4.9607077,81.09505,Action
3735,-23.555504,55.140236,Comedy
3736,30.746975,-85.58352,Horror
3737,-8.913892,-84.619705,Drama
3738,-16.189943,20.871817,Drama
3739,3.8058507,7.315363,Drama
3740,-30.10044,-39.6911,Comedy
3741,-90.29742,-7.693014,Action
3742,-29.143883,-25.75445,Action
3743,23.938951,-79.697685,Comedy
3744,-18.226328,-51.111538,Comedy
3745,69.47175,1.4089663,Adventure
3746,33.065823,-4.965523,Action
3747,35.352417,-35.842663,Action
3748,-2.1543925,2.3055918,Drama
3749,-40.868946,-5.0462894,Comedy
3750,2.60731,67.6205,Documentary
3751,1.5056276,27.726242,Drama
3752,-7.5059896,-62.74441,Drama
3753,-67.69151,0.92418927,Comedy
3754,18.216566,48.543552,Drama
3755,-29.465778,15.61357,Drama
3756,19.530138,54.197582,Documentary
3757,-34.313614,56.203014,Action
3758,-0.026428279,98.200356,Comedy
3759,-13.676846,100.463455,Action
3760,10.04958,-56.667526,Action
3761,4.8854084,-21.43071,Action
3762,30.357609,-78.3782,Action
3763,3.936114,46.685722,Comedy
3764,49.25107,-0.8566953,Action
3765,-4.502217,-55.928486,Comedy
3766,-39.058975,-48.96709,Drama
3767,-16.267487,-83.475914,Drama
3768,8.476114,-46.928394,Action
3769,22.156765,-6.6688404,Comedy
3770,49.48427,-0.12096944,Thriller
3771,30.66766,9.441969,Drama
3772,-15.466373,-55.549374,Drama
3773,18.907839,51.688496,Drama
3774,-1.5294292,3.0203826,Drama
3775,27.959099,-82.653275,Drama
3776,41.320908,-68.87448,Comedy
3777,3.0326269,67.5642,Comedy
3778,11.984195,-8.338187,Thriller
3779,8.041975,-16.627806,Comedy
3780,-18.11244,-40.50423,Comedy
3781,-16.334698,58.755367,Comedy
3782,-21.315094,83.37482,Documentary
3783,-7.3780093,27.324793,Crime
3784,14.757655,39.58093,Comedy
3785,28.91202,-13.728229,Drama
3786,-11.897852,32.010563,Crime
3787,14.447705,-27.218904,Comedy
3788,-13.744475,-40.027622,Drama
3789,-34.96626,7.147784,Comedy
3790,60.803967,9.000658,Comedy
3791,-49.84511,54.066357,Action
3792,-10.622356,5.8757715,Comedy
3793,-24.877817,56.071804,Drama
3794,-11.228669,-21.610533,Comedy
3795,24.437506,-15.400513,Comedy
3796,-25.830072,-43.050636,Comedy
3797,-60.78009,-21.117172,Children
3798,26.623314,-25.239792,Crime
3799,41.45766,-32.964073,Action
3800,-20.185717,-6.3307223,Romance
3801,6.387613,34.938347,Crime
3802,5.6959915,-77.97007,Comedy
3803,-16.335337,58.755787,Drama
3804,31.124125,-67.20569,Horror
3805,16.622337,-27.827105,Comedy
3806,-43.398643,35.9338,Documentary
3807,-7.912296,101.50433,Drama
3808,-15.081528,7.846585,Crime
3809,-33.17545,-3.5225852,Crime
3810,24.313814,-76.699776,Comedy
3811,-6.4770756,-26.130987,Comedy
3812,-2.5619383,-82.928375,Drama
3813,-1.4030377,41.389282,Comedy
3814,4.8837523,39.87822,Drama
3815,-16.128654,-8.61096,Drama
3816,15.392174,-74.5196,Drama
3817,-13.817733,-53.42393,Drama
3818,0.086858734,49.44912,Comedy
3819,77.15452,-14.045168,Action
3820,-23.582615,-17.683905,Comedy
3821,53.847977,-61.55121,Horror
3822,-21.509851,15.028383,Adventure
3823,22.69433,23.530098,Adventure
3824,12.1899395,-63.95633,Adventure
3825,-7.626667,-54.861156,Comedy
3826,23.386015,-0.80789554,Drama
3827,22.04764,53.63657,Drama
3828,-35.765793,15.395917,Musical
3829,-30.387194,57.37909,Drama
3830,-29.581043,-22.504623,Comedy
3831,50.557667,8.281793,Comedy
3832,75.20653,-14.83291,Action
3833,-10.366762,42.761078,Drama
3834,-12.200106,31.86092,Comedy
3835,-7.9339805,-12.458032,Comedy
3836,-16.11488,-8.62138,Crime
3837,12.905003,77.55343,Documentary
3838,17.031107,7.6035767,Drama
3839,48.611477,-1.0686086,Action
3840,42.84388,-22.835358,Adventure
3841,-55.50172,-26.153542,Drama
3842,-41.188282,52.221584,Drama
3843,-22.585648,-52.13357,Comedy
3844,-64.46591,36.404224,Drama
3845,47.98401,-17.67436,Drama
3846,3.2382162,-54.32216,Comedy
3847,-2.2372742,81.16735,Drama
3848,-25.19519,27.797558,Action
3849,-11.84791,-65.32375,Drama
3850,32.082733,-27.790112,Action
3851,16.037031,-20.554466,Comedy
3852,-1.983192,101.35577,Comedy
3853,39.112896,44.95995,Drama
3854,74.127,4.82322,Action
3855,54.097847,-17.987377,Adventure
3856,49.889896,-28.63708,Action
3857,-21.576822,10.544376,Drama
3858,-6.234299,57.474247,Comedy
3859,-32.80727,-22.637548,Action
3860,-40.36398,-28.640234,Crime
3861,7.2107677,67.310646,Drama
3862,-19.897608,-57.703766,Comedy
3863,35.852257,-72.7819,Comedy
3864,-30.920414,-46.03419,Adventure
3865,-44.034645,33.660484,Drama
3866,-19.215145,-18.158169,Western
3867,0.10696597,-6.2107363,Comedy
3868,-31.09512,-45.95097,Action
3869,-28.447495,-23.594683,Western
3870,-21.625443,-81.315346,Action
3871,25.769228,-68.763115,Comedy
3872,56.560024,-16.16902,Adventure
3873,75.22103,2.14794,Action
3874,4.147139,35.888042,Adventure
3875,30.289974,38.73696,Drama
3876,-26.274128,-77.30112,Adventure
3877,35.540974,-17.798344,Comedy
3878,-43.886578,-9.106284,Comedy
3879,-22.135517,-13.21504,Comedy
3880,22.367239,-68.31705,Children
3881,-4.169537,-54.672318,Comedy
3882,21.441158,-77.87073,Comedy
3883,2.9790657,-79.96195,Comedy
3884,11.790746,-38.73086,Children
3885,72.814476,-15.369816,Action
3886,-69.045715,6.036136,Action
3887,-19.743841,-43.406593,Comedy
3888,-6.470038,-52.440086,Adventure
3889,38.77424,-27.895008,Action
3890,59.014427,-3.3052502,Crime
3891,23.154825,26.08784,Crime
3892,-44.16211,42.891235,Comedy
3893,-15.622627,99.9653,Sci-Fi
3894,-28.433334,68.915695,Comedy
3895,10.4594555,-73.21355,Drama
3896,30.803717,38.395924,Children
3897,13.876409,42.214504,Drama
3898,2.676056,-60.30865,Horror
3899,12.344747,42.315712,Drama
3900,7.27584,-33.625156,Action
3901,49.631775,-26.998457,Action
3902,50.348236,-33.283623,Children
3903,66.802956,0.63810647,Comedy
3904,-38.336365,34.220722,Documentary
3905,-55.619804,-8.374911,Comedy
3906,-13.724483,-55.865856,Comedy
3907,-6.439981,56.88032,Horror
3908,-14.403738,100.30647,Action
3909,3.4173946,53.10689,Action
3910,-23.359467,16.630949,Adventure
3911,42.623135,47.081375,Drama
3912,-28.305899,-5.1346726,Adventure
3913,-46.586834,41.447186,Comedy
3914,2.586268,-55.171806,Comedy
3915,69.075264,-0.2487604,Horror
3916,7.400138,55.947453,Comedy
3917,15.334902,-41.622795,Adventure
3918,-37.47673,-10.777293,Comedy
3919,20.375475,-4.9377556,Crime
3920,49.0117,-17.782043,Action
3921,6.901966,35.18024,Comedy
3922,-29.140413,-3.2805824,Comedy
3923,5.945612,96.89315,Comedy
3924,-41.947834,15.140198,Drama
3925,-25.197643,-7.0764694,Action
3926,24.027239,32.76063,Action
3927,35.509415,-37.758698,Action
3928,6.579396,-29.42537,Adventure
3929,-25.616226,16.706282,Comedy
3930,-13.506845,7.7028804,Drama
3931,-1.6198391,17.94532,Drama
3932,8.524275,-10.808137,Comedy
3933,10.118104,-67.57224,Comedy
3934,-1.0014256,-35.40954,Drama
3935,-63.757557,40.6604,Comedy
3936,-1.22154,101.10447,Drama
3937,31.132675,-86.68713,Animation
3938,31.527704,-86.49936,Animation
3939,11.014805,19.204597,Action
3940,27.220345,-16.305555,Action
3941,-8.474153,-37.214245,Action
3942,4.6652026,39.044266,Sci-Fi
3943,-1.3228972,-16.86906,Comedy
3944,-56.62151,5.333788,Musical
3945,-2.4760783,-9.240815,Comedy
3946,28.160418,-54.313026,Crime
3947,44.11427,-73.8129,Comedy
3948,-17.859238,-40.00214,Drama
3949,17.029572,-27.072683,Crime
3950,0.9669168,-57.414654,Thriller
3951,-36.607918,-45.632053,Comedy
3952,-52.49054,-8.720256,Crime
3953,13.015993,42.589397,Drama
3954,4.191598,-23.400864,Comedy
3955,-1.0327939,-53.121548,Comedy
3956,48.476612,16.588503,Action
3957,-0.1164083,-81.82027,Crime
3958,-12.834741,30.95427,Comedy
3959,-16.527658,19.903091,Action
3960,-11.266738,-87.00453,Comedy
3961,4.9852896,-34.543167,Adventure
3962,-68.23545,0.4974766,Comedy
3963,-10.037011,-69.791794,Comedy
3964,-55.973152,1.9406959,Horror
3965,-48.151394,-31.471848,Comedy
3966,-18.713207,-41.603115,Crime
3967,40.760746,-67.89561,Children
3968,20.891613,-76.744995,Adventure
3969,19.885048,-65.61765,Comedy
3970,21.314283,53.763954,Children
3971,-56.690113,9.141122,Comedy
3972,-24.827477,84.73836,Comedy
3973,-63.72736,0.71427417,Comedy
3974,9.465606,95.35001,Comedy
3975,7.9447875,30.111832,Drama
3976,33.0978,-36.249268,Action
3977,1.0234349,-63.47903,Comedy
3978,22.400465,-25.65567,Adventure
3979,16.146063,-55.113438,Action
3980,-24.032907,31.429108,Comedy
3981,7.7213583,78.86379,Drama
3982,24.52877,35.49687,Drama
3983,1.7869288,28.327974,Comedy
3984,71.209496,5.8810196,Adventure
3985,-67.51011,30.175508,Documentary
3986,47.526566,0.6562732,Comedy
3987,37.537266,-27.0218,Action
3988,14.235119,15.218355,Drama
3989,-17.964066,6.869478,Action
3990,1.7707267,-57.55116,Animation
3991,55.946796,-12.638961,Crime
3992,1.5505394,36.19478,Drama
3993,-24.8979,28.193985,Drama
3994,-16.87277,-20.500118,Drama
3995,-28.133669,-62.754883,Comedy
3996,-2.9654157,80.71404,Drama
3997,-17.41059,-82.58959,Action
3998,-66.44425,-18.942581,Horror
3999,-36.068127,12.405997,Documentary
4000,25.051512,35.156155,Drama
4001,25.766111,13.9451885,Drama
4002,-66.16018,-19.86129,Horror
4003,-43.687397,1.9097534,Comedy
4004,-40.363873,-28.6404,Animation
4005,5.6020994,79.15468,Action
4006,14.879292,-7.5846286,Horror
4007,18.709063,-72.60319,Romance
4008,-6.6160927,-54.22757,Action
4009,3.4022489,36.33644,Comedy
4010,-16.06419,1.452246,Drama
4011,-8.5873785,-41.001564,Drama
4012,64.54704,19.15754,Documentary
4013,-66.92417,-19.858109,Comedy
4014,54.342175,-61.336834,Adventure
4015,48.34093,16.435402,Comedy
4016,40.857113,-73.370384,Comedy
4017,0.7279847,-35.193184,Action
4018,58.4729,4.9936466,Horror
4019,-27.549892,-7.0079803,Crime
4020,-27.755709,-5.026897,Drama
4021,-57.128834,-26.402851,Documentary
4022,-31.343073,73.50726,Comedy
4023,-27.136213,-37.92313,Drama
4024,20.040188,-51.816498,Crime
4025,-13.001588,37.228447,Animation
4026,39.17079,-2.6554644,Comedy
4027,12.3912945,-43.758755,Comedy
4028,-12.921878,-33.206306,Drama
4029,-36.297085,53.2303,Western
4030,48.31247,-59.551964,Action
4031,-17.517717,-83.56404,Horror
4032,6.011686,-77.54652,Comedy
4033,-8.342638,-7.4418383,Drama
4034,-32.36327,-42.624023,Comedy
4035,-12.154174,9.952763,Mystery
4036,-21.906382,-50.025017,Action
4037,49.733097,-56.11884,Drama
4038,0.72903717,99.80202,Comedy
4039,-18.951305,49.67373,Thriller
4040,16.816479,-76.06103,Documentary
4041,28.93861,-83.752556,Documentary
4042,-10.987248,58.13056,Drama
4043,-31.72982,53.747868,Comedy
4044,0.35165557,98.016205,Comedy
4045,-16.198069,99.87434,Action
4046,-9.688493,42.204132,Drama
4047,-22.25763,-15.958863,Drama
4048,-56.383003,-36.3852,Comedy
4049,3.991935,-77.71321,Horror
4050,-10.8235,81.35713,Drama
4051,-20.375431,18.960678,Comedy
4052,-54.00019,-24.824606,Comedy
4053,50.133377,-60.0911,Drama
4054,8.553007,82.40414,Drama
4055,-51.46562,-25.576025,Comedy
4056,-10.596909,-84.74083,Horror
4057,-58.768513,-35.46767,Comedy
4058,-0.18497686,26.214802,Action
4059,10.721809,-40.968517,Horror
4060,-8.116241,22.441149,Action
4061,-4.1635146,80.42008,Action
4062,-21.906382,-50.025017,Mystery
4063,13.439343,39.01782,Drama
4064,36.427204,22.159145,Drama
4065,-29.018446,31.09864,Comedy
4066,-12.82867,-33.574886,Action
4067,-8.477121,-82.65701,Fantasy
4068,44.52199,44.087696,Drama
4069,-15.534731,-35.585346,Comedy
4070,-8.304488,57.505024,Comedy
4071,32.998528,-36.21222,Action
4072,43.220318,-34.540184,Children
4073,9.741256,-7.458461,Crime
4074,58.274334,5.6390905,Drama
4075,6.4135485,24.415646,Drama
4076,77.135956,-15.006912,Adventure
4077,11.781828,78.07844,Drama
4078,13.299049,76.82048,Drama
4079,-14.769595,22.20353,Documentary
4080,-21.580845,18.455536,Romance
4081,-23.289343,-60.754524,Drama
4082,-19.474222,49.87776,Comedy
4083,8.311136,81.94404,Action
4084,1.5712987,-80.98439,Comedy
4085,37.468964,47.986423,Drama
4086,-2.9702075,57.48207,Adventure
4087,-32.0621,56.852253,Comedy
4088,23.619663,-72.49884,Adventure
4089,-12.787461,-42.751743,Action
4090,34.739613,41.25801,Drama
4091,4.7030497,79.17246,Comedy
4092,-30.080381,-5.8374424,Horror
4093,-6.2339735,57.474293,Comedy
4094,40.76654,-65.89401,Comedy
4095,15.108617,74.79892,Crime
4096,64.537674,-21.94484,Action
4097,1.6680745,40.818882,Drama
4098,-2.891241,-53.139633,Comedy
4099,-25.816986,-64.30387,Drama
4100,-19.57698,41.7493,Drama
4101,3.544325,30.073444,Drama
4102,31.34694,-86.584625,Animation
4103,27.002287,-53.6867,Action
4104,29.544704,-7.8138905,Drama
4105,59.71741,-30.19783,Adventure
4106,25.829355,-68.28473,Horror
4107,43.68963,-73.13977,Comedy
4108,-5.1063137,101.632256,Crime
4109,31.781916,66.73424,Drama
4110,-17.283495,81.52451,Comedy
4111,-30.057863,-42.124256,Horror
4112,-29.530136,-4.135363,Crime
4113,-32.06237,56.85178,Comedy
4114,28.285454,52.981068,Action
4115,29.706272,-35.45377,Comedy
4116,-4.4474897,78.52994,Crime
4117,48.161953,24.510046,Comedy
4118,49.503113,24.29398,Action
4119,-52.00064,-7.913795,Comedy
4120,2.278659,79.36085,Comedy
4121,11.174648,74.66713,Action
4122,-24.139174,84.39932,Sci-Fi
4123,-22.370815,-52.504654,Action
4124,-5.0068235,-83.360016,Horror
4125,15.737685,-21.134819,Comedy
4126,-24.233753,-18.457844,Comedy
4127,-34.536232,33.043995,Documentary
4128,11.355108,74.68343,Comedy
4129,-2.2635536,-9.048972,Comedy
4130,11.7858305,-25.719765,Comedy
4131,38.844315,-24.222557,Comedy
4132,26.560537,-9.426961,Action
4133,37.920544,9.990378,Comedy
4134,-52.407143,-35.41749,Drama
4135,3.5816329,67.45956,Thriller
4136,-44.002663,-7.8441906,Drama
4137,83.01781,1.991501,Adventure
4138,25.118484,53.38988,Drama
4139,39.15163,27.00046,Crime
4140,11.135766,19.11444,Drama
4141,64.56315,-6.259734,Crime
4142,36.797733,-17.527014,Comedy
4143,-37.42344,-9.472672,Crime
4144,19.81858,-76.70462,Action
4145,30.684732,-57.345882,Drama
4146,-29.787434,13.039499,Drama
4147,-28.80662,66.2343,Action
4148,-32.50544,54.036545,Comedy
4149,-18.968933,-50.803375,Comedy
4150,-2.1311386,-15.1720295,Comedy
4151,53.165424,22.432718,Animation
4152,-27.278728,-20.960407,Adventure
4153,44.669834,44.10908,Drama
4154,-70.28176,-11.442572,Horror
4155,-41.90928,16.613005,Horror
4156,-29.46571,15.613587,Drama
4157,-25.429035,58.7786,Drama
4158,-11.21291,-28.336733,Drama
4159,74.98207,3.3717122,Crime
4160,13.73347,-7.10781,Children
4161,61.011932,4.452813,Comedy
4162,34.81597,11.447552,Drama
4163,-14.118578,-20.422522,Drama
4164,20.04557,49.83999,Drama
4165,58.69631,2.2639556,Drama
4166,-2.7252843,-55.537315,Action
4167,-1.0576686,50.19019,Comedy
4168,-47.40214,-6.9775047,Drama
4169,6.5628076,14.881508,Comedy
4170,-29.519453,-20.495428,Comedy
4171,2.6026819,-22.10336,Comedy
4172,-34.270527,-25.275702,Crime
4173,-4.3126483,-45.64428,Comedy
4174,28.404047,-50.58769,Action
4175,-29.14479,-55.583534,Action
4176,67.127594,19.334776,Action
4177,-39.73937,14.965674,Comedy
4178,10.417523,94.82579,Crime
4179,-11.891731,-35.009735,Drama
4180,-48.252235,12.867653,Comedy
4181,-41.64085,-46.83907,Comedy
4182,-30.712841,68.33487,Drama
4183,-10.587992,-84.76832,Comedy
4184,23.03476,34.800007,Drama
4185,-43.489426,-29.954641,Comedy
4186,-44.286358,-7.9196053,Crime
4187,-59.533028,-33.976578,Comedy
4188,-6.2641463,-56.44785,Comedy
4189,-21.85705,-78.358574,Horror
4190,25.63723,49.437344,Drama
4191,-58.993427,-35.66932,Documentary
4192,-0.11651286,-81.82028,Horror
4193,-27.800993,58.081818,Drama
4194,-29.30433,66.63924,Action
4195,-13.294159,-37.13878,Drama
4196,15.006281,-56.076008,Action
4197,1.1737626,-20.792465,Horror
4198,26.82806,-9.110362,Action
4199,-58.281124,-31.881252,Comedy
4200,-42.981895,-11.767205,Documentary
4201,-47.40708,-6.9732046,Drama
4202,-13.736917,58.356297,Drama
4203,-49.876045,53.56079,Comedy
4204,26.194397,53.285645,Drama
4205,3.9864624,0.4919969,Action
4206,5.437299,98.10149,Crime
4207,-38.180935,12.36123,Comedy
4208,-46.243732,-6.289483,Animation
4209,-33.761047,15.445915,Action
4210,-61.35827,40.105556,Comedy
4211,16.81831,49.10306,Drama
4212,-47.813004,39.571564,Comedy
4213,-10.989155,58.13628,Drama
4214,-33.40407,14.914869,Adventure
4215,-18.155054,-45.23086,Adventure
4216,-58.642662,48.400105,Comedy
4217,-66.491,32.17896,Comedy
4218,-13.550794,58.633007,Documentary
4219,-27.483356,-38.112236,Comedy
4220,-57.41168,7.587929,Comedy
4221,-6.0158076,-69.1929,Horror
4222,-63.595245,-24.8342,Comedy
4223,-45.653286,-30.780003,Comedy
4224,-12.1409645,-84.793495,Horror
4225,-40.681374,-48.13985,Drama
4226,21.978794,-77.357315,Comedy
4227,46.881985,-1.3501029,Comedy
4228,26.909977,-9.0528965,Action
4229,51.50464,-16.210318,Action
4230,-0.22813937,-19.83627,Animation
4231,3.5501041,67.61965,Drama
4232,-30.529934,-6.400599,Adventure
4233,-12.65534,82.1391,Romance
4234,19.29224,-44.84141,Comedy
4235,-20.385244,-46.38462,Adventure
4236,15.252886,32.557507,Adventure
4237,-10.713996,56.331272,Drama
4238,-70.983,24.238977,Drama
4239,-24.233753,-18.457844,Comedy
4240,2.6644456,40.640438,Comedy
4241,28.084734,59.23241,Drama
4242,-0.78757423,-6.547671,Action
4243,43.638325,41.003437,Action
4244,24.887028,10.485405,Crime
4245,55.81326,15.562667,Comedy
4246,6.280729,97.60989,Romance
4247,-31.257387,34.775608,Comedy
4248,20.70691,54.08312,Documentary
4249,-11.235124,4.7148967,Action
4250,-37.33746,-4.589848,Drama
4251,31.820896,66.69016,Drama
4252,-37.727528,15.275119,Comedy
4253,25.744484,-69.44093,Comedy
4254,-5.452354,-46.0272,Comedy
4255,-16.120712,-8.617731,Action
4256,11.010395,-54.07366,Comedy
4257,31.627447,-28.196526,Action
4258,-7.8389826,35.838924,Crime
4259,-32.913048,-22.646915,Drama
4260,30.144373,40.340294,Drama
4261,-15.964724,-7.8318768,Drama
4262,52.65788,13.725778,Comedy
4263,27.991207,-33.44089,Action
4264,-4.255342,-46.742413,Drama
4265,-56.38278,-36.38625,Drama
4266,-45.38279,-8.245862,Comedy
4267,39.05808,40.24551,Drama
4268,11.897343,55.20075,Comedy
4269,-37.92566,55.489098,Adventure
4270,29.259645,37.96662,Drama
4271,6.194639,67.61627,Drama
4272,4.136325,56.7838,Drama
4273,-10.282828,-16.334436,Comedy
4274,-16.884098,-33.121014,Adventure
4275,-57.848484,48.610542,Comedy
4276,-41.211563,0.41295078,Horror
4277,-16.53535,19.570978,Drama
4278,24.305105,32.725563,Comedy
4279,-49.50696,53.69787,Drama
4280,-4.3681626,-53.539005,Comedy
4281,29.704506,-27.61966,Drama
4282,13.24396,-47.673298,Animation
4283,-1.8836092,-52.041256,Comedy
4284,-13.309177,86.25237,Comedy
4285,17.682936,-5.791675,Drama
4286,28.808464,-27.725151,Action
4287,10.210171,-47.677612,Comedy
4288,-0.9055687,-15.758511,Comedy
4289,6.3046446,-77.16181,Drama
4290,-43.898487,31.191868,Comedy
4291,28.97674,59.68916,Documentary
4292,11.6075,70.0173,Drama
4293,5.225814,-78.256775,Comedy
4294,-51.643307,13.800027,Drama
4295,15.241365,7.5465226,Crime
4296,18.763271,-52.557064,Action
4297,50.82067,16.64973,Drama
4298,7.017548,27.948208,Action
4299,-20.678139,49.678417,Drama
4300,-37.114258,35.573517,Comedy
4301,53.125538,-14.743286,Comedy
4302,-30.45051,35.087822,Crime
4303,-74.99662,8.215379,Documentary
4304,-36.904346,-46.314632,Horror
4305,-20.17404,16.875,Crime
4306,26.629223,-36.797665,Action
4307,-24.388813,-79.187065,Comedy
4308,-9.756984,28.403309,Comedy
4309,36.683636,12.035563,Adventure
4310,-7.863215,-52.71745,Comedy
4311,15.72063,-11.7191305,Documentary
4312,6.4609175,78.32924,Action
4313,10.205806,50.08663,Drama
4314,45.761154,-76.47227,Sci-Fi
4315,26.513103,38.836155,Mystery
4316,5.5670524,34.048885,Drama
4317,-31.228275,69.42813,Documentary
4318,20.178225,-22.420218,Comedy
4319,-20.820208,-46.262154,Comedy
4320,-6.0215178,-53.18096,Comedy
4321,-16.745619,-82.423546,Comedy
4322,2.7513943,-82.78342,Comedy
4323,10.00357,-72.36575,Adventure
4324,-3.490233,-71.49041,Comedy
4325,28.118074,-80.03091,Comedy
4326,-4.470974,-26.592272,Crime
4327,10.931127,5.6519814,Crime
4328,-19.08625,-42.191372,Comedy
4329,-19.339758,17.805862,Documentary
4330,-34.270336,-25.27558,Drama
4331,-6.141752,-22.287365,Crime
4332,-8.874727,35.34579,Documentary
4333,-1.7341979,-23.955177,Children
4334,70.96331,-13.157003,Action
4335,-53.12563,9.84394,Drama
4336,26.177172,49.35599,Crime
4337,-24.233753,-18.457844,Drama
4338,-22.39547,10.744171,Crime
4339,42.316185,-33.956245,Children
4340,-42.904232,33.87695,Comedy
4341,-42.91323,-7.2993355,Drama
4342,-8.9349985,-84.61798,Comedy
4343,-59.637672,4.2115426,Comedy
4344,9.836419,72.565605,Comedy
4345,40.282875,-62.845924,Drama
4346,-4.883014,-90.48997,Musical
4347,-17.72281,-79.609116,Drama
4348,40.560978,23.960295,Action
4349,-20.442724,-17.430485,Comedy
4350,-21.150436,17.409485,Comedy
4351,76.1107,-15.082828,Action
4352,10.596714,-27.885252,Comedy
4353,-66.95518,29.677658,Documentary
4354,10.375129,49.950497,Comedy
4355,49.663387,-59.421867,Animation
4356,69.515144,-0.03010669,Comedy
4357,10.854285,-48.612003,Comedy
4358,-23.13746,54.7143,Documentary
4359,-48.290485,12.892157,Comedy
4360,77.452835,-13.4875965,Adventure
4361,59.75241,-1.0401857,Action
4362,-59.909836,-22.055634,Horror
4363,-1.6314574,41.156254,Documentary
4364,-18.50919,-11.088108,Drama
4365,51.984406,-18.58051,Action
4366,-8.780042,29.19428,Drama
4367,13.765897,55.29749,Western
4368,-24.657078,35.572487,Action
4369,18.650314,33.301216,Musical
4370,-31.83488,15.453036,Action
4371,-19.353523,19.471354,Documentary
4372,-8.736548,101.449814,Comedy
4373,-42.70202,-7.8923354,Adventure
4374,6.3046446,-77.16181,Comedy
4375,-7.912296,101.50433,Comedy
4376,-34.536045,33.043907,Comedy
4377,-37.167812,32.781548,Comedy
4378,2.6337905,56.93482,Comedy
4379,-62.07661,35.232727,Action
4380,-11.775032,54.43967,Drama
4381,30.969429,-57.54504,Comedy
4382,18.603903,-75.410965,Comedy
4383,-13.697758,58.847317,Children
4384,-19.867437,-13.35105,Comedy
4385,-49.86955,54.13345,Western
4386,-73.67469,6.3353777,Documentary
4387,22.654211,26.11604,War
4388,-23.888302,-2.5427065,Drama
4389,7.861113,26.93073,Drama
4390,4.408757,98.72237,Comedy
4391,29.722002,52.11411,Action
4392,23.525778,26.323345,Drama
4393,7.400206,55.947105,Drama
4394,-70.89025,4.170728,Documentary
4395,22.370653,34.287476,Drama
4396,8.056251,95.13395,Drama
4397,14.774505,40.43789,Drama
4398,1.4931127,-63.270245,Children
4399,-27.278728,-20.960407,Drama
4400,16.54084,31.796295,Drama
4401,-5.5705867,-22.447126,Mystery
4402,38.116386,40.029865,Drama
4403,23.829845,26.47206,Comedy
4404,2.8114874,-54.304913,Comedy
4405,42.811363,-76.01562,Musical
4406,33.640427,-29.048824,Action
4407,11.056138,-50.452198,Comedy
4408,64.833725,17.184296,Action
4409,55.47181,-28.987717,Action
4410,-49.090385,14.810878,Action
4411,-44.17623,52.999996,Drama
4412,-49.395638,-30.578676,Drama
4413,54.651028,-62.69471,Horror
4414,-20.58215,83.03433,Crime
4415,-25.967484,13.354354,Drama
4416,-0.7710391,-72.23272,Drama
4417,-17.733442,-42.928413,Comedy
4418,-20.646324,-18.067299,Adventure
4419,-16.361723,-84.09403,Comedy
4420,20.988213,58.88971,Drama
4421,-10.115915,75.440216,Comedy
4422,60.11384,-25.114738,Action
4423,16.612236,-39.939995,Comedy
4424,19.707367,-9.756162,Adventure
4425,72.358505,-26.90222,Action
4426,-20.985123,29.284636,Drama
4427,77.873886,-13.24151,Action
4428,51.41111,-16.206259,Action
4429,-39.813972,15.228912,Comedy
4430,4.0998697,81.86984,Drama
4431,-4.092805,-70.404434,Drama
4432,58.002388,-26.235624,Action
4433,-34.9069,17.68266,Comedy
4434,30.174793,-17.326698,Action
4435,-21.594389,52.376545,Comedy
4436,-42.471336,1.7756199,Crime
4437,-21.801874,58.24042,Drama
4438,20.013062,-74.4704,Comedy
4439,47.608116,-59.34097,Adventure
4440,-17.336147,-49.933136,Comedy
4441,-10.535534,-33.07195,Children
4442,4.3779116,-60.42573,Action
4443,-66.28066,-21.00606,Comedy
4444,-18.105278,-40.50632,Comedy
4445,47.00054,-28.420084,Action
4446,49.50994,-10.497325,Drama
4447,19.650055,-41.47252,Action
4448,-17.365286,7.5553646,Comedy
4449,-23.965696,-2.9494598,Comedy
4450,2.8917081,52.960724,Drama
4451,-52.85083,4.3919663,Comedy
4452,28.254873,52.68359,Comedy
4453,37.821144,-66.62445,Action
4454,-59.758156,2.2197657,Action
4455,23.78851,34.04765,Comedy
4456,-2.9816873,55.287952,Comedy
4457,-13.712244,-35.517082,Comedy
4458,18.928677,-52.022488,Action
4459,-24.876968,58.58867,Action
4460,-55.024815,-9.321526,Adventure
4461,37.44704,-18.02561,Comedy
4462,31.598139,-43.74102,Comedy
4463,25.118584,53.39046,Romance
4464,14.531077,69.94972,Drama
4465,-13.547149,58.667187,Drama
4466,34.747494,-9.304561,Children
4467,49.34587,-21.31772,Action
4468,17.779608,32.545258,Comedy
4469,-52.394775,-35.41362,Action
4470,-59.636253,4.2108016,Documentary
4471,-20.5665,-45.543053,Crime
4472,-58.51428,47.970512,Comedy
4473,29.259663,37.966637,Drama
4474,-10.338515,101.21045,Drama
4475,1.9101138,67.69729,Documentary
4476,-31.519987,-42.680977,Comedy
4477,15.316298,-41.603584,Action
4478,-29.885818,-39.07591,Action
4479,27.174997,14.322363,Western
4480,-8.849591,27.791668,Action
4481,-1.58862,-26.244856,Comedy
4482,-0.47100264,25.85609,Comedy
4483,13.724698,-52.919315,Action
4484,-23.843008,-51.809147,Adventure
4485,1.9228956,-64.31585,Comedy
4486,-55.968132,2.0372937,Crime
4487,29.350018,-79.40558,Horror
4488,-35.21596,31.172338,Comedy
4489,-7.08904,-69.71123,Comedy
4490,-28.0364,3.7966263,Drama
4491,-16.812881,-34.344753,Drama
4492,-41.781456,55.827095,Drama
4493,-43.59801,35.89459,Action
4494,-29.464214,-1.5187771,Comedy
4495,-51.643326,13.800026,Adventure
4496,-68.142944,29.479982,Horror
4497,8.798136,10.283408,Comedy
4498,-3.2767293,16.166174,Comedy
4499,27.22663,36.926678,Drama
4500,5.878881,34.046135,Comedy
4501,-30.302826,2.1939452,Comedy
4502,-8.982193,2.4398754,Action
4503,6.427862,79.06303,Horror
4504,-10.527186,43.046165,Comedy
4505,29.03475,37.83484,Documentary
4506,52.165527,-56.66806,Drama
4507,31.170795,39.077824,Drama
4508,-10.4163685,-66.686356,Comedy
4509,37.3016,48.17375,Drama
4510,-14.010839,11.782291,Drama
4511,-65.2127,37.297848,Documentary
4512,23.924784,53.31718,Drama
4513,12.994337,-31.650978,Action
4514,2.1303837,-58.613354,Comedy
4515,-49.11296,14.80566,Comedy
4516,-68.146126,29.495945,Comedy
4517,-15.9353285,-35.388992,Drama
4518,-23.551662,-80.02743,Documentary
4519,10.961773,-57.24754,Horror
4520,-21.371197,-48.13453,Comedy
4521,-29.578142,-22.496733,Drama
4522,-1.7503289,-47.369244,Comedy
4523,-20.511614,-51.63738,Comedy
4524,-13.85721,9.690617,Drama
4525,-37.124138,-41.778435,Horror
4526,51.678497,-1.1345866,Comedy
4527,29.581806,-11.715349,Action
4528,-40.236713,29.873783,Comedy
4529,68.528366,14.635728,Comedy
4530,-44.99631,33.022602,Animation
4531,-54.783092,11.567916,Horror
4532,-20.900297,-48.522408,Comedy
4533,-12.785325,-48.2484,Action
4534,28.244963,34.737495,Action
4535,-17.668617,-43.194454,Action
4536,-28.778362,-25.654572,Action
4537,-28.983984,26.997877,Comedy
4538,-28.955593,26.742203,Horror
4539,26.924255,15.971528,Comedy
4540,11.2267275,-49.436775,Comedy
4541,-8.866168,-67.42319,Comedy
4542,-13.708888,-84.641174,Horror
4543,-52.06984,-34.175694,Horror
4544,-11.484097,-26.128853,Comedy
4545,22.016338,-29.035109,Drama
4546,13.167921,16.298412,Drama
4547,5.419108,33.648376,Children
4548,48.566048,9.101491,Action
4549,-43.10113,-1.0716385,Comedy
4550,-64.43604,-29.012321,Adventure
4551,10.809771,-46.36517,Comedy
4552,42.632378,-27.093596,Action
4553,-1.1906309,-12.629042,Comedy
4554,19.356787,17.808056,Drama
4555,-56.40364,-26.476795,Comedy
4556,-24.828875,14.207625,Drama
4557,-28.987925,-23.036564,Documentary
4558,-8.767228,24.525331,Animation
4559,-44.33952,35.131313,Fantasy
4560,-64.525055,38.83698,Documentary
4561,45.39956,44.92766,Comedy
4562,41.040356,42.812828,Drama
4563,-54.911533,-8.871242,Documentary
4564,-68.14294,29.480085,Comedy
4565,-16.22595,15.82292,Comedy
4566,-29.05054,33.252594,Comedy
4567,11.41847,42.491875,Drama
4568,42.402695,27.873125,Drama
4569,3.5336008,-79.33583,Comedy
4570,8.939861,55.78369,Drama
4571,-23.108316,11.43985,Drama
4572,1.109605,71.448006,Drama
4573,20.20599,-61.654488,Children
4574,20.890615,-61.851387,Children
4575,4.2307615,27.882677,Crime
4576,4.163084,-0.81079125,Crime
4577,-38.385365,-48.743885,Children
4578,-1.9061323,-52.602158,Action
4579,-26.15468,13.298052,Horror
4580,-23.406736,-80.907135,Comedy
4581,50.052597,22.888561,Comedy
4582,36.823147,47.49227,Action
4583,-17.13928,-14.390837,Thriller
4584,24.41629,-17.507957,Drama
4585,-30.275568,-62.820686,Comedy
4586,-13.198522,-37.36879,Action
4587,-2.9944897,-24.10888,Action
4588,-22.845423,48.6143,Comedy
4589,1.8693227,-8.485406,Adventure
4590,31.51406,67.47682,Drama
4591,-1.2867218,43.16938,Drama
4592,-20.420994,-18.19156,Comedy
4593,43.49138,-76.2657,Comedy
4594,-10.050551,7.882877,Drama
4595,-5.105918,101.631454,Action
4596,-75.00245,9.099805,Sci-Fi
4597,-65.42041,-29.285044,Comedy
4598,49.458176,-56.081154,Drama
4599,-5.1474032,-41.531616,Comedy
4600,-30.310781,-40.521908,Drama
4601,27.414358,38.872894,Crime
4602,39.523876,-68.68399,Comedy
4603,20.139688,54.136333,Drama
4604,-8.615771,33.611534,Action
4605,-37.167793,32.781548,Drama
4606,14.435778,-56.330765,Crime
4607,19.096104,-5.65088,Crime
4608,62.961975,13.240788,Comedy
4609,-43.701317,1.9627135,Comedy
4610,-28.38737,3.9755278,Crime
4611,9.078209,41.113182,Crime
4612,59.652702,2.284,Crime
4613,31.553848,-67.27825,Action
4614,34.43248,-17.816587,Comedy
4615,77.0413,8.55107,Action
4616,45.118942,-9.252556,Drama
4617,10.44211,-55.02894,Horror
4618,-57.404125,-11.022016,Comedy
4619,-17.235664,-38.693085,Action
4620,-18.980131,-18.551062,Drama
4621,-6.8632727,-23.054014,Crime
4622,-10.072158,-25.394133,Crime
4623,21.514917,12.982086,Drama
4624,16.236605,6.501581,Drama
4625,19.27859,-41.101192,Comedy
4626,62.48248,-29.158941,Adventure
4627,-47.53042,-0.9566787,Drama
4628,-7.5692787,35.564648,Action
4629,-28.812176,-1.828447,Drama
4630,-60.656044,2.9982722,Sci-Fi
4631,3.5319386,51.994587,Adventure
4632,-37.206425,-4.962102,Thriller
4633,24.52877,35.49687,Musical
4634,-59.636997,4.2113047,Comedy
4635,4.5171576,39.896183,Drama
4636,30.108986,38.619286,Crime
4637,14.879619,6.825115,Drama
4638,-38.648594,0.77084506,Crime
4639,73.22543,-14.442102,Action
4640,-69.87203,26.344574,Documentary
4641,56.624928,7.9716825,Children
4642,-62.91361,42.188694,Documentary
4643,2.6513762,57.00322,Drama
4644,62.79358,2.8578546,Comedy
4645,9.990834,3.8456879,Comedy
4646,8.573776,66.32175,Documentary
4647,33.12808,-34.367115,Action
4648,59.549946,-26.460669,Adventure
4649,2.5325897,57.86453,Documentary
4650,-51.643238,13.799822,Comedy
4651,24.69714,8.921539,Adventure
4652,50.482502,-33.362095,Children
4653,30.360096,-15.419754,Horror
4654,38.079903,11.653427,Crime
4655,-25.70806,48.03527,Comedy
4656,49.746708,16.743416,Comedy
4657,49.12433,-33.492706,Children
4658,32.42513,-41.380306,Action
4659,1.6603496,49.183693,Drama
4660,-70.890305,4.1706676,Documentary
4661,-31.507841,76.77728,Documentary
4662,-69.64184,2.5551047,Documentary
4663,-22.650986,26.148443,Action
4664,46.97554,-59.25106,Horror
4665,-7.8024545,80.83731,Drama
4666,-29.269688,33.486572,Comedy
4667,2.657047,57.058804,Drama
4668,-8.723034,-35.59391,Drama
4669,-31.335657,-17.522863,Comedy
4670,-26.052204,-3.6289515,Drama
4671,-33.043556,-4.0454545,Comedy
4672,37.32561,13.215771,Drama
4673,14.470833,41.930954,Drama
4674,-67.30645,1.1491293,Drama
4675,-3.5303853,101.10068,Drama
4676,21.283648,53.710117,Drama
4677,-48.807346,33.271664,Drama
4678,22.874205,25.779222,Adventure
4679,-54.007523,31.203146,Crime
4680,25.343382,34.324738,Crime
4681,-16.634832,16.002935,Action
4682,-5.111762,-28.386934,Comedy
4683,1.9232672,23.564896,Comedy
4684,4.9323277,-10.906106,Action
4685,17.301895,-54.23167,Action
4686,22.272694,16.775576,Crime
4687,4.294693,-79.13009,Drama
4688,13.644195,-42.866337,Comedy
4689,31.44107,-31.592985,Action
4690,10.276507,34.297215,Horror
4691,23.105396,-15.4570055,Action
4692,27.44368,-63.341488,Comedy
4693,13.392272,-1.7310168,Action
4694,25.856422,65.37423,Drama
4695,20.9241,13.933407,Drama
4696,-14.974731,22.131742,Drama
4697,-5.9030204,-22.332726,Comedy
4698,-41.582947,40.02711,Drama
4699,-30.780844,-7.5419097,Comedy
4700,25.614298,-66.80978,Action
4701,-20.319578,1.3671865,Action
4702,39.115227,-0.532959,Crime
4703,-11.355235,-26.449501,Comedy
4704,52.086124,-56.63371,Comedy
4705,43.692356,22.845932,Action
4706,2.598315,81.0146,Comedy
4707,7.678631,38.302654,Drama
4708,-25.85605,35.953312,Drama
4709,-17.528017,-50.782364,Comedy
4710,23.277157,17.492628,Action
4711,-19.778162,4.5551863,Comedy
4712,17.626177,-26.79234,Drama
4713,-20.009655,43.142227,Action
4714,16.26675,54.26945,Drama
4715,-6.9618406,-12.313871,Comedy
4716,-43.71736,36.307407,Drama
4717,-41.676685,-40.977592,Comedy
4718,10.311509,78.42586,Comedy
4719,-2.9826908,57.465286,Drama
4720,-13.896284,-39.730663,Action
4721,-18.288212,-41.06856,Comedy
4722,15.531472,39.958378,Crime
4723,-47.235863,-11.93645,Children
4724,5.9602494,-37.66321,Comedy
4725,-10.488489,-33.676323,Action
4726,-12.2390175,3.9896572,Action
4727,-60.886444,-35.339767,Comedy
4728,4.450327,39.859154,Comedy
4729,-21.52167,15.044782,Comedy
4730,-14.694277,-7.3771386,Drama
4731,-8.304181,57.505913,Comedy
4732,21.49503,33.46907,Drama
4733,-16.499586,57.91043,Comedy
4734,-31.234665,74.17314,Action
4735,27.0827,36.821148,Comedy
4736,18.650322,33.30122,Comedy
4737,13.039557,40.238247,Children
4738,-11.204688,52.98648,Drama
4739,-13.549334,58.662083,Drama
4740,31.560905,51.506462,Drama
4741,-41.471897,40.21694,Adventure
4742,-42.264988,-6.602598,Drama
4743,41.244717,39.58053,Drama
4744,29.21107,35.701244,Comedy
4745,30.58228,38.784595,Drama
4746,19.637049,53.089123,Action
4747,32.254696,65.2355,Drama
4748,-43.07115,17.618603,Action
4749,-17.337994,-39.180492,Comedy
4750,-72.834785,6.760977,Comedy
4751,-34.82972,11.466637,Adventure
4752,9.3264475,33.104256,Action
4753,-28.022915,34.896626,Drama
4754,-16.465055,19.221157,Drama
4755,-60.085655,42.52783,Drama
4756,-32.437916,32.96654,Comedy
4757,-19.489883,-12.197016,Drama
4758,-46.30178,31.349045,Comedy
4759,-32.866932,-4.3719897,Comedy
4760,-46.41356,15.296723,Comedy
4761,36.761826,46.652428,Adventure
4762,-6.233566,57.474518,Drama
4763,20.706783,54.082657,Comedy
4764,55.441833,8.288402,Action
4765,-71.22251,23.840614,Comedy
4766,-47.69203,12.381839,Drama
4767,-26.765806,33.50759,Comedy
4768,-9.518298,101.352974,Documentary
4769,40.729656,23.745272,Adventure
4770,-0.8815223,-16.213575,Comedy
4771,4.812851,-29.212112,Comedy
4772,-57.37938,7.5921097,Comedy
4773,19.74477,-22.286572,Comedy
4774,-15.441982,-28.357054,Comedy
4775,-28.632462,-3.2304678,Action
4776,-22.843872,-16.717527,Drama
4777,42.562687,-59.49781,Drama
4778,-29.89119,-42.27867,Horror
4779,-24.433493,-4.2515664,Horror
4780,-10.707655,-65.61862,Comedy
4781,12.861613,39.099525,Animation
4782,-3.3709712,84.23543,Comedy
4783,0.25806105,100.74979,Comedy
4784,11.098514,18.03609,Drama
4785,-55.030483,-9.309679,Documentary
4786,4.8120294,-78.712524,Drama
4787,-18.175335,4.5487285,Action
4788,-2.1543736,2.3056073,Drama
4789,-43.481026,40.43727,Comedy
4790,-13.54483,58.659122,Drama
4791,-40.69979,1.6897104,Comedy
4792,0.22760257,40.11648,Drama
4793,-66.66931,33.50166,Documentary
4794,-1.5767971,-23.666056,Drama
4795,71.16106,-13.086675,Action
4796,62.55019,-0.99053633,Drama
4797,47.621574,-14.59691,Comedy
4798,26.578531,-25.025312,Comedy
4799,-4.190874,14.346766,Drama
4800,83.099,1.7635471,Action
4801,46.12365,-19.113804,Drama
4802,4.251327,-23.557558,Comedy
4803,-10.585662,40.007637,Documentary
4804,17.071144,20.626606,Drama
4805,0.3649433,16.591879,Crime
4806,19.40822,-43.69737,Children
4807,48.79151,-10.779664,Drama
4808,43.493427,-11.580378,Action
4809,47.732822,-26.130898,Action
4810,-12.962796,-19.506535,Drama
4811,-17.339172,-20.289913,Drama
4812,-19.421396,40.63577,Comedy
4813,-53.677746,10.701224,Documentary
4814,34.107082,-10.751326,Comedy
4815,12.290547,-47.305183,Action
4816,-46.40555,15.292694,Drama
4817,-69.06825,1.9912926,Drama
4818,23.329155,25.423649,Drama
4819,-21.047974,-47.12416,Drama
4820,33.354355,40.446888,Drama
4821,7.402423,79.71012,Drama
4822,-20.375422,18.960884,Drama
4823,-25.022038,-78.65432,Comedy
4824,-47.351204,-26.462507,Action
4825,27.70185,-32.79134,Action
4826,-49.543953,-30.44835,Horror
4827,-14.39892,-10.432724,Adventure
4828,8.0485115,41.0524,Comedy
4829,6.5318117,39.69451,Drama
4830,-58.81086,2.1867092,Comedy
4831,-20.36822,18.783918,Comedy
4832,2.2221897,67.66003,Comedy
4833,-35.096306,18.486122,Adventure
4834,-28.815664,66.241646,Crime
4835,-9.171019,56.65987,Crime
4836,-26.364334,86.6107,Drama
4837,-37.056053,55.843697,Drama
4838,-69.487976,-9.293381,Comedy
4839,-27.160427,-66.042496,Drama
4840,-45.45987,30.023872,Documentary
4841,8.464107,-35.620335,Animation
4842,-10.527449,42.901134,Drama
4843,26.631964,34.53271,Action
4844,-51.122612,49.796524,Sci-Fi
4845,-16.33464,58.756474,Drama
4846,36.83415,42.497135,Drama
4847,45.533985,-76.229485,Horror
4848,32.75201,38.272663,Adventure
4849,31.149183,37.901176,Action
4850,-22.825577,50.463474,Drama
4851,51.22898,10.576345,Drama
4852,-3.97435,-26.785805,Comedy
4853,-3.9799774,40.040382,Adventure
4854,13.012675,-47.48689,Comedy
4855,-38.357285,-48.50567,Comedy
4856,-0.64295584,-62.846382,Drama
4857,-24.223259,17.386196,Comedy
4858,10.529331,-56.798378,Comedy
4859,3.8707592,-59.665573,Action
4860,29.45326,9.64032,Drama
4861,-32.06237,56.85178,Comedy
4862,8.205264,23.54829,Drama
4863,-57.881226,47.876118,Comedy
4864,43.68963,-73.13977,Comedy
4865,-31.745897,25.730165,Drama
4866,-5.5010257,-52.66082,Comedy
4867,58.96362,-5.671924,Comedy
4868,8.730563,-8.829425,Comedy
4869,-36.705746,30.898632,Comedy
4870,-39.97744,30.608137,Drama
4871,-14.769578,22.203568,Drama
4872,33.31909,40.42554,Action
4873,42.095375,45.43441,Drama
4874,-65.21296,37.297863,Animation
4875,-12.661401,-48.171818,Crime
4876,-16.092806,-8.63848,Comedy
4877,-1.9772549,-0.0033981004,Action
4878,-6.8388004,-48.113255,Adventure
4879,-37.49181,-4.6494493,Action
4880,7.31173,38.368423,Drama
4881,41.118343,-59.338005,Comedy
4882,18.282835,-53.57679,Comedy
4883,-5.0205464,-54.395218,Comedy
4884,0.6003439,-29.701496,Adventure
4885,67.03395,-14.493503,Drama
4886,7.5905237,-66.17172,Comedy
4887,-18.81115,1.1359147,Romance
4888,28.114992,-34.68755,Thriller
4889,39.54497,21.784664,Comedy
4890,49.892807,-27.117636,Adventure
4891,36.27489,-17.552488,Action
4892,-18.188961,20.010277,Crime
4893,-46.30576,32.296078,Drama
4894,-35.76585,15.396257,Drama
4895,-30.742682,70.85931,Crime
4896,-67.86517,30.218597,Film-Noir
4897,33.522305,40.538673,Drama
4898,-9.223524,-26.77458,Comedy
4899,-51.643124,13.800085,Comedy
4900,-19.676855,42.681,Action
4901,30.668312,0.94896865,Comedy
4902,28.245447,-11.74169,Mystery
4903,-15.639469,8.821014,Thriller
4904,-66.05052,-23.401808,Drama
4905,0.44736367,56.54295,Comedy
4906,-16.538069,5.36501,Comedy
4907,36.641262,42.4287,Drama
4908,12.075542,4.589311,Action
4909,77.32896,10.4865,Drama
4910,17.022747,-8.322245,Crime
4911,-17.907665,50.4095,Comedy
4912,10.878793,-26.267937,Comedy
4913,13.729494,-36.865772,Comedy
4914,-64.47759,2.5591693,Crime
4915,44.6971,-34.106873,Action
4916,40.544872,44.322063,Drama
4917,-22.573381,-17.127796,Drama
4918,53.060257,-1.8193439,Action
4919,-24.162247,-12.010128,Comedy
4920,14.544638,-30.95646,Action
4921,-22.7861,18.047352,Crime
4922,49.803474,-27.369526,Drama
4923,15.115355,-10.995658,Comedy
4924,15.505933,-10.387258,Action
4925,3.573083,67.48821,Drama
4926,45.223537,43.957977,Adventure
4927,3.8122063,29.074284,Action
4928,19.165888,-76.126015,Drama
4929,-13.664019,-33.737892,Action
4930,-39.924732,-50.62096,Comedy
4931,39.230675,46.07865,Drama
4932,28.470663,-83.27013,Comedy
4933,-17.952724,-52.01503,Comedy
4934,-27.108854,29.486765,Comedy
4935,74.579384,8.674683,Action
4936,31.17521,8.399216,Action
4937,-54.07024,-8.79892,Documentary
4938,-58.5198,5.8270626,Documentary
4939,29.102966,-10.324432,Comedy
4940,54.44164,-3.7760963,Action
4941,12.915518,-31.036455,Comedy
4942,-3.9650412,-45.026394,Drama
4943,0.1575666,-35.137245,Comedy
4944,54.84567,9.761741,Comedy
4945,60.665775,-25.583517,Action
4946,-50.453968,-33.915527,Drama
4947,-52.424313,2.6836107,Comedy
4948,68.44357,-21.590145,Action
4949,29.838917,62.294914,Crime
4950,-33.75766,26.344679,Comedy
4951,28.752531,-36.589706,Horror
4952,6.126017,56.245422,Drama
4953,15.522268,7.0598936,Adventure
4954,-10.152683,37.32405,Action
4955,-3.7824798,84.23914,Drama
4956,27.468403,53.02108,Drama
4957,-37.504745,56.0682,Drama
4958,-51.50518,50.28461,Drama
4959,-43.32252,-7.4587145,Comedy
4960,-38.148197,55.521408,Drama
4961,-54.780678,11.565837,Fantasy
4962,-20.820145,-46.26223,Action
4963,40.66321,39.75734,Horror
4964,26.703959,53.110306,Documentary
4965,19.352633,42.435547,Action
4966,37.689533,1.3507099,Action
4967,-3.0586188,80.282425,Drama
4968,37.375664,1.3238728,Action
4969,9.134882,38.61387,Comedy
4970,-23.974258,-2.9429576,Drama
4971,11.657152,54.967514,Comedy
4972,-8.314309,52.54703,Crime
4973,30.12658,62.317085,Musical
4974,-14.584051,81.825386,Drama
4975,-12.688438,-39.88648,Mystery
4976,24.23199,16.132647,Drama
4977,-25.027487,35.129818,Drama
4978,-63.728394,40.71422,Comedy
4979,-7.3788447,-27.467134,Drama
4980,45.692673,-55.813995,Horror
4981,-91.59689,-2.3804107,Horror
4982,-23.526382,29.776934,Comedy
4983,-35.15223,-42.46525,Adventure
4984,-19.58164,-81.50617,Horror
4985,10.979228,40.01451,Action
4986,-93.70517,1.4848864,Drama
4987,12.028111,34.553173,Drama
4988,35.149704,40.787926,Action
4989,20.54365,-61.760597,Comedy
4990,24.297003,33.95118,Drama
4991,9.015629,-73.84222,Action
4992,-40.32709,53.268555,Comedy
4993,-30.723946,67.68386,Comedy
4994,9.760313,-73.35113,Comedy
4995,-0.14267483,-81.70597,Comedy
4996,-70.11852,25.892303,Drama
4997,41.81849,44.868454,Drama
4998,-57.383083,7.5916514,Comedy
4999,-26.320942,-37.96966,Action
5000,-51.52943,-25.14721,Comedy
5001,14.804422,41.625015,Crime
5002,-7.7835956,-22.943502,Comedy
5003,53.070374,-61.357475,Drama
5004,-12.765891,10.13409,Adventure
5005,-25.438196,58.360386,Drama
5006,7.3777885,41.583206,Crime
5007,-10.84099,57.85273,Drama
5008,-57.900845,5.07733,Drama
5009,2.7131858,56.032852,Action
5010,-28.292631,5.151142,Action
5011,-93.50728,2.215112,Drama
5012,-1.6077954,54.887478,Action
5013,47.820442,44.88462,Drama
5014,-18.931614,18.839205,Film-Noir
5015,-62.384254,40.17151,Drama
5016,23.939907,-79.69569,Comedy
5017,-43.324078,-27.626003,Action
5018,-60.65563,2.9960158,Documentary
5019,25.712315,53.147884,Drama
5020,50.241676,-56.189182,Thriller
5021,-41.55332,38.990524,Action
5022,-44.819046,-6.936745,Adventure
5023,-41.80871,55.7676,Drama
5024,-37.07135,30.944736,Drama
5025,-10.3377905,101.210014,Comedy
5026,-42.68381,31.392492,Crime
5027,-19.062342,-11.700056,Adventure
5028,-27.370604,16.712578,Comedy
5029,-31.596931,14.799592,Comedy
5030,-37.896416,14.022757,Comedy
5031,-44.266624,14.98392,Comedy
5032,-30.168015,-39.80473,Comedy
5033,-61.5065,1.4780562,Comedy
5034,-39.513615,14.493161,Comedy
5035,-19.950987,-5.109771,Adventure
5036,-94.19919,3.1051037,Fantasy
5037,-97.786896,12.715588,Drama
5038,-11.151925,81.27481,Comedy
5039,-47.950382,12.825704,Action
5040,-30.208588,-42.59624,Comedy
5041,-16.046244,-20.89556,Comedy
5042,-49.112667,14.805755,Comedy
5043,-65.7501,-26.03462,Horror
5044,-26.649118,-76.75572,Drama
5045,-30.901762,-3.8204947,Comedy
5046,10.5071745,66.502014,Comedy
5047,12.928374,39.629272,Western
5048,-65.64452,-26.002615,Drama
5049,35.47747,41.745094,Action
5050,-17.897133,18.945255,Crime
5051,-53.515938,13.294275,Adventure
5052,-11.15208,81.27472,Action
5053,-36.170464,-26.397705,Drama
5054,-48.898426,14.86573,Comedy
5055,-56.67992,9.132438,Comedy
5056,20.950706,33.9127,Drama
5057,28.12205,59.283733,Action
5058,30.506191,52.192535,Crime
5059,-24.257215,31.374535,Horror
5060,-48.290554,29.450155,Documentary
5061,-55.48759,31.604174,Comedy
5062,-16.334675,58.755856,Drama
5063,-46.811592,13.715084,Drama
5064,-68.426865,1.6728799,Drama
5065,-12.684323,81.4821,Drama
5066,-1.0469238,80.019005,Drama
5067,-18.872845,58.495434,Crime
5068,-2.8789942,0.549867,Drama
5069,7.1060686,-64.10313,Fantasy
5070,-12.303296,82.182495,Drama
5071,-69.6418,2.555061,Documentary
5072,41.53069,43.816956,Action
5073,-12.868167,40.60332,Crime
5074,-7.452089,-6.217567,Drama
5075,-32.38465,74.6882,Comedy
5076,-62.413345,35.99606,Horror
5077,41.37506,-74.00006,Sci-Fi
5078,-28.762478,-68.32454,Horror
5079,6.0754685,-59.088406,Comedy
5080,-49.047333,29.16429,Action
5081,-29.42549,-70.898994,Comedy
5082,-4.0898976,55.94891,Fantasy
5083,17.956566,48.411644,Drama
5084,-43.97236,43.072926,Documentary
5085,8.166325,38.47335,Comedy
5086,-9.626169,41.160923,Drama
5087,-57.383083,7.5916514,Adventure
5088,13.936746,51.426563,Action
5089,-21.491867,51.68393,Drama
5090,12.552995,16.805801,Comedy
5091,-6.244361,80.00426,Drama
5092,13.3547945,39.17761,Comedy
5093,7.5382886,-75.396385,Crime
5094,-2.3278883,43.239685,Crime
5095,20.962406,-77.62276,Comedy
5096,-39.285923,30.69646,Crime
5097,5.4721045,-77.59082,Action
5098,-16.120478,-8.617859,Drama
5099,-60.38012,-21.358332,Drama
5100,11.517656,16.116615,Action
5101,-68.42113,1.5981919,Drama
5102,-53.282185,51.96401,Action
5103,10.57819,55.11774,Action
5104,-40.456882,-26.608744,Drama
5105,4.4206767,-79.27271,Comedy
5106,-68.48937,28.769917,Drama
5107,-33.764442,15.446421,Drama
5108,-8.452565,49.806396,Drama
5109,-53.52199,12.776343,Comedy
5110,-17.053963,45.140705,Action
5111,54.570053,-62.590694,Crime
5112,55.19859,-63.61092,Horror
5113,-28.902784,-72.64083,Horror
5114,2.2223291,67.660065,Action
5115,-17.19202,20.475437,Drama
5116,-16.662197,58.08365,Drama
5117,-16.40209,-36.560677,Drama
5118,38.065216,44.399475,Drama
5119,-33.76479,18.828108,Animation
5120,16.759083,48.17962,Crime
5121,-26.635809,55.86184,Action
5122,-9.560886,5.5497165,Children
5123,-25.554453,-3.7783203,Comedy
5124,19.769901,33.489006,Drama
5125,-52.40685,-35.418472,Comedy
5126,7.400263,55.947483,Comedy
5127,31.00711,51.91147,Drama
5128,26.178577,53.16217,Drama
5129,-25.57361,13.929615,Comedy
5130,-57.806114,48.037884,Drama
5131,-22.461546,-56.190895,Drama
5132,29.001528,54.091785,Crime
5133,-53.62834,47.239727,Horror
5134,-10.173665,24.250652,Mystery
5135,-39.81559,15.228372,Comedy
5136,-70.78052,24.544607,Action
5137,47.608116,-59.34097,Drama
5138,4.98844,98.3681,Comedy
5139,-53.278267,51.923496,Comedy
5140,-8.527681,57.29641,Action
5141,-33.71946,5.8818507,Action
5142,30.320047,56.522835,Comedy
5143,20.988333,58.694176,Drama
5144,-49.108913,14.806888,Documentary
5145,-15.145458,-27.276386,Drama
5146,3.508829,65.713295,Action
5147,-48.17856,30.44681,Comedy
5148,-73.621544,7.6067863,Comedy
5149,47.204857,-63.29058,Action
5150,-15.38021,21.060226,Comedy
5151,-35.76659,15.398045,Comedy
5152,6.98334,66.6393,Drama
5153,2.6346972,56.93599,Comedy
5154,-56.690113,9.141121,Drama
5155,-35.527847,15.303011,Comedy
5156,13.517249,52.87457,Drama
5157,-21.406485,57.2039,Drama
5158,9.476623,33.287342,Drama
5159,5.0415273,40.841465,Adventure
5160,76.44077,-14.239687,Adventure
5161,71.91788,-15.653183,Action
5162,26.58411,-25.647076,Comedy
5163,-24.548433,26.52463,Comedy
5164,-27.927162,-1.3675917,Drama
5165,-9.903796,28.83629,Comedy
5166,76.59174,-15.219888,Adventure
5167,8.28817,-31.145533,Action
5168,8.391894,30.180609,Action
5169,52.90618,-27.325323,Action
5170,19.989195,-41.062313,Animation
5171,45.1464,-32.54666,Comedy
5172,-23.28169,-60.75189,Documentary
5173,53.789173,18.199224,Comedy
5174,17.618225,48.66057,Drama
5175,-17.297092,-9.727462,Drama
5176,-22.12755,-54.863804,Comedy
5177,-19.65702,-57.052814,Comedy
5178,42.200222,-71.03243,Comedy
5179,-23.119684,-19.992384,Comedy
5180,42.672394,-75.961914,Comedy
5181,-1.9172157,-4.5580587,Comedy
5182,-23.551678,-80.027016,Comedy
5183,-16.276129,81.13211,Drama
5184,-71.16595,4.621547,Crime
5185,-66.49668,33.606236,Drama
5186,-14.100192,-81.44416,Comedy
5187,-58.557602,48.016552,Animation
5188,28.938467,-83.75257,Comedy
5189,-21.06703,-49.21031,Action
5190,43.215134,-72.71294,Sci-Fi
5191,22.579657,26.019037,Adventure
5192,-29.631256,-3.3907197,Drama
5193,-27.545416,16.965132,Comedy
5194,1.2052318,57.066895,Crime
5195,20.94945,33.913616,Drama
5196,-14.765502,20.057316,Drama
5197,32.6952,40.042244,Drama
5198,-29.575886,-22.501396,Drama
5199,-18.873722,58.49349,Drama
5200,57.01142,18.807901,Comedy
5201,-24.237673,17.617,Crime
5202,-93.34102,16.964453,Romance
5203,-15.590501,-8.140953,Action
5204,4.918166,-78.91131,Drama
5205,44.57192,45.984207,Drama
5206,-24.702435,14.780338,Children
5207,7.2975664,38.15518,Crime
5208,-49.922695,-8.612614,Drama
5209,2.013349,-11.924321,Action
5210,47.088238,-59.24706,Drama
5211,-16.032679,-55.3387,Crime
5212,-26.761292,-65.512726,Action
5213,-32.74689,28.765036,Action
5214,-22.18216,-19.933918,Drama
5215,-7.287037,-62.24207,Mystery
5216,-69.112,-10.078621,Crime
5217,-93.773094,16.907362,Comedy
5218,-55.089962,1.9959435,Comedy
5219,-58.521378,5.8281965,Drama
5220,-7.7964907,-83.75549,Drama
5221,49.076942,-29.917093,Adventure
5222,55.804222,9.2691345,Comedy
5223,58.626328,-2.1009827,Comedy
5224,-31.780857,33.0086,Drama
5225,20.133747,-20.637129,Action
5226,-13.592154,-40.906635,Drama
5227,50.337612,9.051702,Drama
5228,33.514286,-23.907227,Adventure
5229,17.866323,48.479034,Drama
5230,-2.564883,55.31389,Comedy
5231,-26.107204,11.511839,Comedy
5232,-88.28658,-7.764162,Animation
5233,-59.34729,-35.863026,Comedy
5234,-27.80058,58.078968,Documentary
5235,-30.157896,-3.670513,Action
5236,32.162666,65.45061,Adventure
5237,-40.783375,51.922695,Documentary
5238,40.10786,47.286503,Documentary
5239,-51.643307,13.800027,Documentary
5240,-19.969006,43.056618,Drama
5241,-31.9088,8.886658,Adventure
5242,-23.38704,48.083218,Action
5243,-4.228796,-16.54982,Comedy
5244,-37.590378,32.65493,Crime
5245,-77.20193,16.935652,Comedy
5246,-32.948284,-10.9862,Action
5247,-10.246306,-0.110020086,Action
5248,-41.57156,37.354244,Adventure
5249,-57.159317,-8.513577,Comedy
5250,-19.317108,-56.572895,Comedy
5251,-44.26002,15.428829,Comedy
5252,1.4943187,-9.326081,Comedy
5253,-23.582615,-17.683905,Drama
5254,24.551468,-80.09201,Comedy
5255,47.115925,5.6886215,Documentary
5256,-3.495321,-13.489836,Comedy
5257,21.330683,-78.06814,Horror
5258,49.647625,-60.117973,Comedy
5259,-17.46345,9.766854,Action
5260,76.47205,-17.196148,Action
5261,-9.924235,24.47971,Drama
5262,55.41761,-26.519573,Action
5263,59.55291,15.651688,Comedy
5264,-12.21108,1.2899373,Comedy
5265,70.48304,-13.789107,Action
5266,-7.048526,37.088882,Crime
5267,37.979343,42.728416,Drama
5268,-47.07641,30.609129,Crime
5269,64.89922,-1.8286865,Action
5270,34.5212,-41.778126,Action
5271,-34.83432,8.8214,Drama
5272,14.504016,55.180954,Crime
5273,41.680035,39.399296,Action
5274,-39.814236,15.229241,Adventure
5275,-56.68932,9.139841,Comedy
5276,-21.833456,51.605015,Comedy
5277,-47.51259,-30.521269,Comedy
5278,-48.32231,-33.69367,Comedy
5279,-65.09651,-29.76193,Comedy
5280,-47.074734,-26.262901,Adventure
5281,-15.89599,-35.250088,Drama
5282,-22.876951,17.406448,Drama
5283,3.2681623,-57.514393,Comedy
5284,40.438644,47.216797,Drama
5285,7.465476,-71.975174,Drama
5286,0.25921735,50.227936,Action
5287,-11.198248,101.07584,Comedy
5288,-53.66809,-34.01141,Adventure
5289,11.683149,55.64936,Comedy
5290,-76.71924,10.415326,Documentary
5291,8.9398575,55.78371,Drama
5292,46.540012,44.096592,Documentary
5293,52.757965,-57.005573,Crime
5294,-70.14192,-11.599993,Crime
5295,46.093353,-59.202972,Drama
5296,-69.06437,-12.996728,Crime
5297,-75.197655,9.265838,Mystery
5298,-74.46874,10.587266,Crime
5299,44.66825,-17.71415,Thriller
5300,28.45217,-34.575825,Action
5301,37.99061,-16.748182,Drama
5302,56.712322,19.07693,Comedy
5303,-20.581913,83.034775,Action
5304,-35.134247,-16.105324,Comedy
5305,58.893646,-2.4205885,Action
5306,17.720613,-52.82618,Comedy
5307,-6.659546,78.09994,Romance
5308,3.7604978,99.118645,Drama
5309,52.088436,18.07367,Adventure
5310,20.728714,-21.955448,Comedy
5311,-33.017868,-4.2577806,Comedy
5312,40.09433,-24.123068,Action
5313,-21.780598,52.379074,Drama
5314,9.831246,-56.012497,Comedy
5315,31.946762,-28.746698,Horror
5316,-8.185678,52.272892,Comedy
5317,12.609866,-54.323875,Adventure
5318,-13.768697,6.5953155,Crime
5319,-23.481316,-6.136613,Action
5320,24.181261,16.23313,Drama
5321,-2.6123104,-53.290627,Drama
5322,8.63269,-7.816791,Drama
5323,6.040167,65.34908,Drama
5324,42.2222,-71.027626,Drama
5325,-20.893637,-14.2546625,Drama
5326,-31.742098,16.521433,Drama
5327,-0.46463406,-26.459578,Action
5328,30.397247,-17.397665,Action
5329,8.516029,-31.43248,Comedy
5330,38.22948,-28.588366,Action
5331,10.495101,-22.816015,Comedy
5332,8.919916,-9.394897,Comedy
5333,16.040455,-39.781277,Drama
5334,40.382866,22.38211,Adventure
5335,69.68917,14.940913,Comedy
5336,-27.80093,58.080975,Drama
5337,2.694061,5.703759,Crime
5338,9.188002,12.1398945,Drama
5339,25.563179,-68.43176,Action
5340,22.61784,-27.149384,Adventure
5341,-39.428596,-51.13538,Horror
5342,57.83707,-19.796232,Animation
5343,22.091848,-0.77958727,Action
5344,3.0838096,17.03494,Comedy
5345,1.5774411,96.468216,Romance
5346,12.807824,-54.05182,Action
5347,-10.288079,24.356411,Drama
5348,-20.368567,18.932707,Drama
5349,31.917757,-15.275617,Comedy
5350,32.200325,-2.322792,Action
5351,-55.368366,-26.324337,Comedy
5352,-28.567535,67.46426,Comedy
5353,-29.489105,16.675465,Drama
5354,18.124334,33.32328,Drama
5355,-24.65483,35.651638,Comedy
5356,-12.911499,53.96742,Comedy
5357,45.777927,-76.47525,Animation
5358,17.070671,10.923376,Action
5359,-53.289707,51.884674,Documentary
5360,-36.68146,30.861362,Sci-Fi
5361,12.044168,-63.44503,Comedy
5362,13.338522,-31.188932,Comedy
5363,7.76765,-50.93399,Horror
5364,29.413317,-38.64512,Comedy
5365,50.29354,10.400354,Comedy
5366,51.177464,22.754646,Drama
5367,-1.1498873,-2.8120553,Drama
5368,-21.580912,18.45557,Drama
5369,-16.333872,58.75611,Documentary
5370,-24.223328,-18.46231,Crime
5371,51.682476,14.7871065,Horror
5372,39.787273,5.206453,Drama
5373,-4.9783974,-46.929512,Drama
5374,77.197296,1.4857161,Action
5375,-22.25684,-15.958891,Drama
5376,65.26914,-28.975616,Adventure
5377,-6.1658435,-9.1844845,Drama
5378,19.829802,-65.23647,Comedy
5379,19.713253,-7.285216,Action
5380,37.655357,-13.187988,Comedy
5381,47.71732,13.732853,Drama
5382,63.102036,-18.067986,Action
5383,9.222875,33.16179,Drama
5384,0.19019733,-20.871367,Adventure
5385,57.792404,-27.613567,Action
5386,29.083916,-37.02708,Children
5387,-60.414825,44.919888,Documentary
5388,11.067626,5.1083603,Drama
5389,-57.02829,-33.42156,Drama
5390,37.22165,12.630963,Action
5391,63.411015,-18.498108,Action
5392,38.733498,-25.199142,Action
5393,-66.68946,-18.091307,Documentary
5394,-19.353516,19.4714,Comedy
5395,26.696114,52.272907,Documentary
5396,6.351628,-64.16496,Adventure
5397,9.923155,-64.1126,Drama
5398,-28.030874,-67.07649,Horror
5399,-31.80453,68.405106,Drama
5400,-30.940159,74.116486,Documentary
5401,-20.75864,-14.255317,Drama
5402,-72.024376,-9.999645,Comedy
5403,-69.272514,27.3406,Comedy
5404,-24.909319,57.878056,Drama
5405,-60.472538,45.078693,Drama
5406,-26.71547,87.17006,Comedy
5407,-94.539734,16.451326,Fantasy
5408,-68.14106,29.48549,Crime
5409,49.371155,-60.001373,Comedy
5410,-37.60638,32.649582,Crime
5411,-17.056057,20.264647,Comedy
5412,-44.241936,14.989861,Musical
5413,-17.328892,82.17965,Comedy
5414,-46.27294,-6.322629,Drama
5415,-41.94722,15.140808,Comedy
5416,-19.038395,18.912018,Comedy
5417,-2.969687,57.48157,Drama
5418,7.7145176,56.162594,Adventure
5419,-31.225134,69.36434,Drama
5420,-53.684624,-33.12348,Comedy
5421,49.85928,-56.134182,Crime
5422,-30.191,-3.5803928,Drama
5423,-38.310764,55.789604,Drama
5424,-51.64331,13.800027,Comedy
5425,19.355392,53.71916,Drama
5426,8.096371,96.18407,Comedy
5427,-31.282856,55.815983,Drama
5428,-41.947445,15.140972,Comedy
5429,31.906195,66.355995,Drama
5430,18.626661,33.26054,Drama
5431,-47.02651,-32.501923,Drama
5432,-28.453302,-1.8825593,Musical
5433,-60.762184,1.8050004,Drama
5434,23.468298,33.805527,Action
5435,2.2131326,100.02418,Comedy
5436,-15.853437,57.68956,Comedy
5437,-18.78764,-43.940796,Comedy
5438,-29.530214,-25.772943,Action
5439,-67.00009,32.516685,Crime
5440,41.273354,42.50063,Drama
5441,-69.64184,2.5551047,Drama
5442,-53.52159,12.776607,Crime
5443,-93.079956,16.981022,Crime
5444,13.765839,55.297184,Comedy
5445,41.920033,47.41328,Drama
5446,-32.096565,-66.991066,Crime
5447,7.716304,78.87312,Drama
5448,43.67202,47.181175,Drama
5449,31.658497,67.08433,Drama
5450,27.188913,63.54038,Drama
5451,33.058853,49.710144,Children
5452,40.037434,-58.62138,Adventure
5453,54.121395,-62.13913,Comedy
5454,26.773928,63.911953,Horror
5455,1.4255254,79.504234,Drama
5456,4.2202005,-78.98435,Sci-Fi
5457,11.0498905,66.18057,Drama
5458,-87.333664,10.577346,Animation
5459,7.8482256,-74.44005,Adventure
5460,8.096371,96.18407,Comedy
5461,30.42351,62.367077,Drama
5462,-46.811733,13.713465,Crime
5463,-30.403091,-17.514105,Action
5464,-49.506973,53.696083,Comedy
5465,-48.178844,30.448284,Action
5466,-8.736548,101.449814,Action
5467,3.5312867,6.9822016,Comedy
5468,-55.94107,-32.669865,Action
5469,-26.752447,-65.52714,Documentary
5470,-31.411114,77.41784,Action
5471,-50.10999,12.308699,Action
5472,-35.824463,-26.78921,Documentary
5473,-25.755005,-37.24358,Children
5474,3.0512662,79.29968,Comedy
5475,-21.491816,57.423504,Crime
5476,-66.66936,33.501606,Action
5477,-17.96506,50.182697,Drama
5478,-49.992348,-9.558017,Action
5479,7.059899,39.645634,Comedy
5480,13.272689,42.657074,Fantasy
5481,-17.329742,82.172264,Adventure
5482,-22.256937,-15.95825,Crime
5483,-26.279572,-65.01643,Comedy
5484,-46.21975,54.072372,Horror
5485,-13.661471,58.773716,Drama
5486,-4.3329105,57.6686,Comedy
5487,-56.29822,4.7834244,Drama
5488,-30.751593,-7.855394,Action
5489,11.128289,78.193245,Drama
5490,-48.286568,29.452663,Action
5491,-14.418729,-10.471899,Action
5492,43.39624,45.196564,Comedy
5493,10.138586,95.00245,Drama
5494,-70.38317,25.455801,Horror
5495,47.621872,44.80631,Drama
5496,-19.167324,-43.710884,Sci-Fi
5497,2.2131329,100.02418,Documentary
5498,11.934883,34.414864,Action
5499,-37.705788,8.034664,Comedy
5500,25.55253,25.841454,Drama
5501,12.869604,55.453106,Drama
5502,-44.260406,15.429025,Action
5503,2.72011,99.732666,Action
5504,-39.04807,-49.25695,Horror
5505,-33.865955,-4.5044165,Action
5506,-1.3441128,-3.7908049,Comedy
5507,-28.685669,48.468594,Comedy
5508,43.94213,45.09079,Adventure
5509,-97.17705,6.9234,Drama
5510,0.73672706,-9.744642,Action
5511,-2.1541522,2.3057573,Drama
5512,-27.375355,87.30049,Comedy
5513,29.954933,38.40556,Adventure
5514,-10.425418,-21.744825,Fantasy
5515,-38.004944,-27.361855,Drama
5516,-32.371857,-4.292542,Action
5517,-7.7001166,-68.19972,Adventure
5518,-69.54569,2.7140646,Horror
5519,-16.276129,81.13211,Documentary
5520,-21.811003,58.274048,Comedy
5521,44.231937,46.172523,Children
5522,-2.1543736,2.3056073,Drama
5523,-50.265137,-30.256544,Adventure
5524,-27.795504,65.87261,Action
5525,-30.741117,70.90151,Drama
5526,5.96756,-28.124163,Comedy
5527,-0.8869106,3.869104,Drama
5528,23.87613,34.10505,Drama
5529,3.5036929,-59.89736,Comedy
5530,32.54094,51.284214,Drama
5531,-37.58832,34.497578,Crime
5532,-99.72146,19.49625,Crime
5533,-12.1409645,-84.793495,Action
5534,-22.975216,-80.41156,Action
5535,-24.776705,57.969944,Comedy
5536,2.1533437,81.14398,Fantasy
5537,-28.343674,67.074425,Action
5538,-8.967638,55.244976,Crime
5539,-93.33638,0.69605327,Action
5540,-22.25684,-15.958891,Drama
5541,-17.730696,-79.57269,Comedy
5542,-1.3807887,-23.373203,Musical
5543,-45.82243,30.773355,Animation
5544,-58.51897,47.961056,Comedy
5545,-94.199196,3.1051044,Adventure
5546,-1.649091,28.012432,Adventure
5547,-4.3414817,-46.829945,Comedy
5548,-44.379807,28.332947,Comedy
5549,27.285206,52.699722,Action
5550,25.35699,-65.381004,Comedy
5551,-97.72617,6.289974,Drama
5552,-49.11268,14.805582,Drama
5553,18.990417,32.846394,Drama
5554,45.443386,-58.819378,Action
5555,-11.460164,-66.37453,Comedy
5556,-38.00506,-27.36189,Action
5557,27.07829,52.139603,Crime
5558,8.111618,54.197205,Documentary
5559,-2.0592115,80.065315,Drama
5560,54.570076,-62.59072,Drama
5561,-8.137958,-42.287685,Comedy
5562,-36.991924,34.890766,Documentary
5563,7.400206,55.94709,Comedy
5564,-12.684983,81.48334,Action
5565,24.961397,-69.67771,Comedy
5566,-16.946539,-37.993324,Animation
5567,-20.820513,-46.262016,Comedy
5568,-19.64634,-4.6734467,Adventure
5569,-91.69542,-2.706427,Crime
5570,33.76763,-72.50087,Action
5571,-31.49236,-41.84034,Action
5572,-9.167897,29.028193,Adventure
5573,6.124872,56.23995,Drama
5574,-2.2254825,-29.286705,Comedy
5575,0.9712503,-81.54425,Drama
5576,25.216892,-59.51619,Drama
5577,22.09921,-71.78256,Action
5578,-27.29024,16.633297,Drama
5579,-52.407265,-35.41763,Documentary
5580,8.433027,82.86155,Drama
5581,-27.140368,-37.923985,Drama
5582,-13.401243,-57.296574,Action
5583,29.94203,-79.18797,Action
5584,-59.06314,-36.431343,Comedy
5585,-6.900149,101.59468,Action
5586,-99.72146,19.49625,Adventure
5587,-15.827347,-55.592968,Action
5588,-52.22798,2.7238333,Comedy
5589,-29.53326,-0.2874261,Action
5590,8.158403,-31.138655,Comedy
5591,-11.1588745,-66.411385,Comedy
5592,1.2052765,57.066505,Crime
5593,-91.69542,-2.706427,Drama
5594,-56.3827,-36.3863,Comedy
5595,-16.944572,-37.99538,Adventure
5596,3.2680805,40.025307,Animation
5597,20.12353,-77.11792,Action
5598,6.280729,97.60989,Comedy
5599,-15.039654,-54.571564,Comedy
5600,-18.65796,-41.62379,Crime
5601,-27.54463,16.964785,Romance
5602,-16.126757,19.365595,Drama
5603,-48.125336,-9.405464,Drama
5604,10.332636,78.43792,Action
5605,-66.94709,-19.050049,Adventure
5606,-92.658356,1.4886594,Action
5607,-6.2608747,-22.419903,Action
5608,-64.96267,0.5538175,Drama
5609,41.27743,-72.0029,Comedy
5610,20.19532,31.013346,Drama
5611,-66.66942,33.501545,Action
5612,-22.876953,17.406464,Action
5613,-91.70445,-2.698725,Action
5614,28.470663,-83.27013,Sci-Fi
5615,-65.63088,-27.916843,Children
5616,-22.44904,-56.023785,Fantasy
5617,-5.2822046,-83.83453,Drama
5618,-36.401394,52.837482,Action
5619,-50.417744,-34.523373,Horror
5620,-26.956099,-76.300354,Action
5621,-30.231358,72.826935,Action
5622,-26.71547,87.17006,Documentary
5623,-25.307674,58.835175,Comedy
5624,-70.25441,24.40777,Adventure
5625,-28.628962,46.341084,Action
5626,-34.31364,56.20295,Drama
5627,-91.35665,-4.3564377,Adventure
5628,18.646038,33.284767,Drama
5629,20.109097,48.297882,Drama
5630,29.306314,-84.26263,Comedy
5631,-59.136936,1.8843112,Action
5632,5.9663296,38.614483,Drama
5633,-12.045201,100.8389,Comedy
5634,-2.0038016,80.14181,Action
5635,22.895609,53.505516,Documentary
5636,20.554434,0.99843746,Adventure
5637,-69.590546,26.828047,Animation
5638,-14.609424,81.82016,Comedy
5639,10.530156,94.75121,Drama
5640,9.455294,70.50735,Crime
5641,8.651443,-8.726049,Drama
5642,-43.917076,31.179155,Comedy
5643,-22.974792,-80.41129,Comedy
5644,-3.0597236,-51.723965,Action
5645,22.700293,-71.22529,Horror
5646,-77.40401,10.051901,Action
5647,23.421356,-28.923758,Adventure
5648,-12.732942,-56.9286,Comedy
5649,-53.93215,-24.867918,Comedy
5650,-5.2431602,80.66846,Action
5651,-36.492783,32.916245,Horror
5652,1.7566885,-7.0292144,Horror
5653,-16.025702,-8.7015,Drama
5654,31.535015,67.445366,Comedy
5655,-57.346256,7.5962896,Comedy
5656,-14.369218,-54.65237,Comedy
5657,27.397856,-82.15329,Comedy
5658,-48.910706,30.27055,Comedy
5659,6.6952043,67.519035,Comedy
5660,-62.80062,0.09664639,Comedy
5661,12.164072,40.788475,Crime
5662,52.61361,-61.123207,Action
5663,-35.084946,-15.994547,Horror
5664,-92.57566,5.530919,Drama
5665,34.73138,-30.700737,Action
5666,-25.118525,84.963936,Adventure
5667,26.943008,63.84861,Drama
5668,23.000847,34.805767,Comedy
5669,-1.1302872,21.421057,Action
5670,-44.680515,-8.024956,Drama
5671,-68.8466,-13.448885,Horror
5672,-44.432407,28.920198,Comedy
5673,-8.589303,-81.59874,Action
5674,-5.4897723,-90.77759,Comedy
5675,-18.648565,-50.831825,Action
5676,-18.188961,20.010277,Action
5677,-50.200893,-35.32878,Action
5678,9.870777,96.45504,Action
5679,24.557302,-68.9483,Action
5680,60.23527,-28.216055,Adventure
5681,-97.715416,6.3972435,Action
5682,-2.0038016,80.14181,Comedy
5683,24.859186,10.363729,Drama
5684,6.4868,65.68368,Drama
5685,-6.9227066,-69.68228,Action
5686,-54.155243,29.999426,Adventure
5687,14.784064,40.3046,Drama
5688,0.7024052,80.5194,Drama
5689,-48.32231,-33.69367,Horror
5690,-99.77483,19.49556,Drama
5691,-20.044937,-44.182434,Comedy
5692,-26.99867,33.40942,Drama
5693,-29.57831,-22.50444,Drama
5694,-31.44415,-49.267418,Horror
5695,45.161194,24.05251,Mystery
5696,3.8253841,79.21641,Drama
5697,-50.050285,-30.653257,Fantasy
5698,17.898903,-74.08306,Horror
5699,10.209798,-26.395796,Drama
5700,-34.45598,6.939639,Children
5701,29.239676,-79.252625,Action
5702,-4.600408,41.208023,Action
5703,-19.445797,-12.304929,Action
5704,19.157013,47.162376,Drama
5705,33.27424,-25.939423,Comedy
5706,-8.721843,30.472115,Drama
5707,-23.01375,-60.781067,Action
5708,-62.384335,40.171555,Documentary
5709,48.337833,-22.049232,Drama
5710,-32.88178,-63.666637,Drama
5711,-53.28218,51.96401,Comedy
5712,-63.72736,0.7142658,Documentary
5713,-10.244921,-36.616123,Drama
5714,0.3643543,24.899086,Crime
5715,5.446201,67.79156,Drama
5716,17.7681,-26.266577,Action
5717,-45.801315,30.7803,Drama
5718,26.682049,-42.665695,Drama
5719,32.781944,48.93154,Documentary
5720,-42.11552,31.458286,Documentary
5721,-17.136524,-33.38107,Action
5722,23.648157,35.092957,Drama
5723,28.423141,62.790707,Action
5724,22.562798,27.04994,Documentary
5725,-48.53754,32.846615,Documentary
5726,-6.4725947,50.00252,Documentary
5727,-8.397892,52.508305,Documentary
5728,-26.477995,-37.631863,Comedy
5729,-1.3854054,23.539057,Animation
5730,31.077446,38.37568,Action
5731,-57.326294,-8.783806,Documentary
5732,61.914833,3.2311058,Drama
5733,26.844332,66.08002,Comedy
5734,47.945904,24.544935,Drama
5735,72.81809,-15.1410265,Adventure
5736,-15.935493,80.324585,Drama
5737,47.270035,2.6427839,Adventure
5738,64.49732,-6.968646,Drama
5739,47.71602,-10.99459,Drama
5740,16.332026,-57.280945,Drama
5741,-44.983578,32.16966,Drama
5742,-7.273915,16.062534,Comedy
5743,65.889336,-16.901264,Comedy
5744,-47.901558,12.815174,Crime
5745,-19.717216,-5.142773,Drama
5746,24.681974,13.937936,Drama
5747,28.521994,-53.895588,Comedy
5748,-28.420052,-21.751003,Drama
5749,52.758114,-57.00568,Animation
5750,-8.822695,-50.1075,Drama
5751,-8.173173,-7.4655967,Comedy
5752,-15.803906,57.59445,Comedy
5753,-20.045,-44.18235,Comedy
5754,25.700808,53.349804,Children
5755,-53.282368,51.964027,Drama
5756,-24.454674,-62.553936,Comedy
5757,11.142897,-50.775536,Comedy
5758,-39.78288,15.160401,Crime
5759,12.64503,16.848051,Action
5760,-14.59255,-17.620218,Comedy
5761,26.05383,49.28359,Drama
5762,-2.7438514,-51.766495,Comedy
5763,-24.627575,-79.34905,Animation
5764,-15.224247,-7.685544,Comedy
5765,-24.506529,29.341608,Action
5766,-92.65843,1.4887576,Animation
5767,16.021738,-49.37742,Action
5768,12.298342,-53.133194,Children
5769,28.852577,9.808024,Drama
5770,-46.421295,15.304244,Drama
5771,-49.11268,14.805582,Comedy
5772,43.025417,43.304356,Crime
5773,26.274815,65.93927,Crime
5774,4.5811253,-57.302288,Action
5775,42.420975,31.148008,Drama
5776,9.913053,-9.397648,Action
5777,44.015656,-54.972084,Children
5778,44.88267,-56.59443,Action
5779,15.319891,-41.600765,Horror
5780,8.176433,-54.1695,Drama
5781,-34.442547,-12.131466,Comedy
5782,2.2786024,79.36062,Drama
5783,28.446148,59.426907,Drama
5784,-7.1129265,-68.59575,Comedy
5785,8.67134,95.81826,Drama
5786,23.778559,53.4015,Crime
5787,42.997196,-73.37888,Action
5788,-48.32244,-33.693466,Crime
5789,20.674196,53.83514,Drama
5790,39.388664,40.286602,Action
5791,61.8019,5.4204826,Adventure
5792,2.037467,-3.4059215,Action
5793,20.389513,33.672245,Action
5794,62.14441,-15.979465,Comedy
5795,46.78816,-59.22905,Comedy
5796,-24.121475,-6.3703027,Comedy
5797,56.421337,-13.000835,Action
5798,34.666958,-42.18037,Adventure
5799,-25.805256,-8.225396,Children
5800,-30.395298,57.361694,Drama
5801,-24.237661,17.616766,Mystery
5802,-8.350536,-7.5335393,Action
5803,-69.06437,-12.996728,Comedy
5804,13.060135,-30.130074,Action
5805,10.774348,4.959972,Action
5806,32.132217,51.120686,Drama
5807,-35.916355,53.884155,Comedy
5808,-14.472796,-40.205147,Adventure
5809,-11.270042,52.904938,Action
5810,-18.872484,58.49255,Adventure
5811,-27.23119,16.47193,Comedy
5812,-70.89026,4.1707473,Drama
5813,-15.306518,-28.43381,Comedy
5814,10.601575,-48.335472,Horror
5815,37.421295,-21.404282,Action
5816,26.355267,-28.006714,Comedy
5817,-46.242622,29.881943,Documentary
5818,27.018385,-24.013702,Action
5819,53.892906,-18.061846,Adventure
5820,4.811987,-78.712265,Drama
5821,-65.614494,-27.913725,Horror
5822,-22.370756,-52.504612,Comedy
5823,28.791113,53.3665,Drama
5824,52.004795,-56.60212,Comedy
5825,-62.906364,42.20795,Crime
5826,-31.502213,-42.72723,Horror
5827,15.301211,49.20439,Drama
5828,-21.059322,17.194452,Action
5829,-12.796578,4.2606277,Children
5830,-4.8901677,-19.170889,Comedy
5831,-57.418095,7.5865445,Drama
5832,-13.950787,-44.74347,Adventure
5833,14.286438,-41.483395,Comedy
5834,-39.864685,-48.332672,Action
5835,-46.23551,54.804916,Documentary
5836,-51.82203,14.800252,Adventure
5837,49.58848,-56.10219,Crime
5838,8.04208,66.40879,Action
5839,-15.482219,-35.746426,Comedy
5840,-18.32655,-82.58168,Action
5841,-17.56146,-40.07745,Comedy
5842,9.820362,66.16735,Animation
5843,-30.821293,71.66395,Action
5844,3.822164,79.2953,Comedy
5845,41.70256,47.503475,Action
5846,-15.102465,-54.604763,Adventure
5847,6.0546694,40.981205,Animation
5848,-18.703247,89.808525,Documentary
5849,-25.182894,-4.1137447,Drama
5850,70.771194,7.5925813,Action
5851,14.852474,-55.806034,Comedy
5852,50.66721,-28.70582,Action
5853,11.185427,-25.24565,Comedy
5854,-92.658356,1.4886594,Drama
5855,-15.380222,21.06022,Comedy
5856,-16.189865,20.87178,Action
5857,-8.305031,57.504597,Drama
5858,-87.53082,11.783308,Animation
5859,-19.450047,-46.583046,Comedy
5860,42.21396,-71.02896,Comedy
5861,-53.282772,51.964172,Drama
5862,-47.3737,-26.266472,Drama
5863,5.299056,67.04216,Drama
5864,-59.63797,4.211893,Drama
5865,-37.904774,56.191116,Comedy
5866,-65.63088,-27.916843,Comedy
5867,-32.68111,-42.81413,Drama
5868,-90.35532,3.0268562,Action
5869,-19.353477,19.471392,Drama
5870,-1.3972864,2.5514302,Drama
5871,32.13222,51.12068,Comedy
5872,51.85213,2.5831773,Adventure
5873,6.416299,-51.22849,Horror
5874,-65.89674,33.122646,Animation
5875,-25.643396,13.168078,Drama
5876,-13.315587,-38.533577,Comedy
5877,23.960266,-79.63838,Action
5878,-1.2563162,101.19077,Adventure
5879,11.1667185,-24.946884,Comedy
5880,-6.4161634,-47.95211,Comedy
5881,-2.199013,43.548565,Documentary
5882,30.752663,-40.731125,Action
5883,57.881508,-26.244122,Action
5884,18.905037,-54.31712,Horror
5885,63.789963,17.743069,Crime
5886,0.88879126,-80.37466,Drama
5887,-21.022745,-49.20179,Comedy
5888,11.763723,78.02065,Drama
5889,7.8479433,56.133747,Drama
5890,-28.278086,-67.44591,Animation
5891,-17.328892,82.17965,Drama
5892,-46.34024,15.219295,Comedy
5893,-25.265717,34.883087,Drama
5894,37.97076,42.729282,Documentary
5895,18.272226,-8.110468,Action
5896,76.756424,-15.534358,Action
5897,26.762623,-35.714886,Comedy
5898,16.731916,-39.58146,Comedy
5899,-29.576101,-22.498295,Adventure
5900,2.954875,78.92133,Comedy
5901,65.99645,-16.161646,Adventure
5902,-21.838766,-60.053215,Adventure
5903,-29.284462,-1.7440045,Children
5904,-10.168646,-33.998493,Horror
5905,48.818516,-22.335968,Comedy
5906,-3.4295366,100.97051,Comedy
5907,50.016655,-9.513665,Drama
5908,4.5925407,-5.8437705,Adventure
5909,1.9401689,-11.989735,Action
5910,-52.428234,10.528687,Documentary
5911,71.33509,-15.168177,Action
5912,28.207169,-51.27418,Action
5913,-36.120483,32.624763,Horror
5914,-47.82423,-9.433698,Comedy
5915,11.148841,78.26781,Comedy
5916,39.066456,40.27821,Drama
5917,75.286964,0.13332058,Action
5918,0.8736954,-3.8813818,Action
5919,-53.66672,-34.015472,Comedy
5920,-22.453598,-54.804543,Comedy
5921,31.611979,-15.566972,Adventure
5922,-2.1038868,-24.040617,Action
5923,45.335632,-32.95893,Comedy
5924,-62.36449,1.5379382,Documentary
5925,-45.09502,31.577553,Comedy
5926,3.1072125,81.65867,Comedy
5927,3.8632097,7.270462,Horror
5928,21.36973,55.26643,Comedy
5929,24.605938,-74.756516,Comedy
5930,-65.63088,-27.916843,Comedy
5931,72.19183,-15.818295,Action
5932,-8.374925,21.772243,Documentary
5933,14.034887,-30.87435,Comedy
5934,13.152997,-52.764103,Drama
5935,-17.202545,-20.345707,Drama
5936,62.074223,-18.173027,Action
5937,-44.387024,32.699398,Documentary
5938,61.375103,4.3584757,Comedy
5939,24.52877,35.49687,Comedy
5940,10.563249,34.79118,Crime
5941,24.191164,-79.07172,Action
5942,-10.3377905,101.210014,Comedy
5943,54.108044,-27.396788,Action
5944,15.223255,-22.209208,Children
5945,-21.09017,30.110088,Action
5946,-47.80266,-27.506746,Drama
5947,-29.461185,-22.700527,Drama
5948,13.78768,-26.260456,Action
5949,50.192905,-29.655275,Action
5950,13.2633705,-52.57984,Comedy
5951,-44.590107,-0.5907962,Comedy
5952,-27.80091,58.080982,Comedy
5953,-2.1272564,-30.231815,Action
5954,54.751255,1.229388,Action
5955,0.34052303,16.657091,Comedy
5956,15.145303,73.75497,Action
5957,52.08694,-56.634117,Drama
5958,26.663813,-43.27694,Action
5959,6.2260036,-65.29117,Comedy
5960,-25.059307,35.152832,Comedy
5961,-0.6901972,-34.12217,Comedy
5962,14.363272,-26.264582,Drama
5963,18.806923,-2.4146159,Action
5964,32.271973,-26.057137,Action
5965,-29.58124,-22.505816,Comedy
5966,-29.181707,31.567234,Documentary
5967,30.243845,-85.274284,Comedy
5968,-22.490143,-53.682156,Action
5969,-32.50377,8.502757,Adventure
5970,45.74409,-76.48206,Animation
5971,16.304571,54.847553,Comedy
5972,65.38307,7.4048405,Comedy
5973,-18.482773,0.49422356,Horror
5974,-13.326225,-39.045845,Drama
5975,19.903913,1.6290303,Adventure
5976,26.157526,48.909996,Comedy
5977,24.966434,-64.52621,Adventure
5978,46.561424,-28.701788,Comedy
5979,-53.282173,51.964016,Comedy
5980,8.1245365,-34.551117,Action
5981,30.921328,8.9722805,Drama
5982,1.4025378,-20.051846,Action
5983,37.31597,-26.778572,Comedy
5984,-16.629612,9.012556,Drama
5985,46.606106,2.4250326,Action
5986,-11.130739,-66.38776,Drama
5987,-4.8413906,35.072285,Comedy
5988,-39.751087,-5.2639675,Comedy
5989,-44.97277,36.440918,Adventure
5990,-30.874811,33.156467,Action
5991,14.72444,16.182796,Action
5992,-66.68946,-18.091307,Comedy
5993,-42.7013,18.10092,Documentary
5994,30.62553,-40.541454,Action
5995,28.239101,-25.15264,Crime
5996,-43.205585,-1.2700335,Comedy
5997,39.517227,-28.328835,Action
5998,-25.347301,58.824512,Comedy
5999,9.140082,-24.86445,Drama
6000,-2.480841,-51.348072,Action
6001,19.769901,33.489006,Fantasy
6002,-54.070236,-8.798919,Drama
6003,21.2072,-15.9422455,Crime
6004,37.580185,-20.581564,Action
6005,57.939754,14.246919,Animation
6006,0.8574457,37.84708,Crime
6007,31.715689,-2.3342242,Action
6008,24.417997,9.6639805,Drama
6009,7.1978226,-6.6296005,Drama
6010,2.857495,27.682434,Crime
6011,-31.850021,25.325024,Action
6012,2.9526327,-80.02258,Comedy
6013,28.132612,-38.523468,Action
6014,-31.490505,25.771029,Adventure
6015,55.03784,7.94596,Adventure
6016,51.1843,23.326944,Comedy
6017,9.92376,66.00625,Action
6018,-19.814682,82.78865,Drama
6019,29.939896,52.446354,Drama
6020,-97.69752,6.703931,Documentary
6021,-20.56503,-45.543274,Action
6022,44.645992,46.06821,Documentary
6023,12.184513,70.104515,Drama
6024,-16.433609,-55.688686,Action
6025,3.6301794,2.4055097,Comedy
6026,-47.363663,-1.0585806,Comedy
6027,21.47549,12.053981,Drama
6028,47.07787,5.7714725,Drama
6029,22.211252,-2.7472677,Comedy
6030,21.495626,12.159862,Drama
6031,-6.164449,24.33598,Crime
6032,-20.045,-44.18235,Children
6033,-30.595652,25.56224,Crime
6034,9.321475,-56.554985,Action
6035,-9.396864,-17.67785,Comedy
6036,27.586323,-32.987885,Thriller
6037,45.425705,-17.463102,Action
6038,-15.1016865,7.8314104,Comedy
6039,5.0422683,-21.14747,Horror
6040,4.887866,-29.045336,Comedy
6041,15.867546,75.21517,Drama
6042,-4.1977015,-63.026077,Comedy
6043,-12.575217,-35.295635,Adventure
6044,30.160503,56.245003,Drama
6045,8.320164,-7.1964574,Crime
6046,44.8743,-8.395,Action
6047,63.152145,-29.651474,Action
6048,-13.334667,86.26646,Crime
6049,15.71936,18.834543,Drama
6050,-24.454924,-62.553585,Horror
6051,-21.248163,98.0209,Comedy
6052,-65.89478,-24.640276,Action
6053,-41.158367,-41.66126,Comedy
6054,45.146862,-9.348186,Drama
6055,-19.072187,-82.95497,Comedy
6056,4.938653,-10.882855,Drama
6057,-32.506084,-25.462692,Horror
6058,39.117416,9.821274,Drama
6059,-90.717186,-7.055281,Sci-Fi
6060,-40.261745,-7.44307,Crime
6061,-7.3805456,14.769368,Adventure
6062,76.90661,-16.519077,Adventure
6063,59.249905,1.8083316,Drama
6064,27.858847,8.13309,Drama
6065,20.04629,-6.8406987,Action
6066,24.326439,35.03884,Drama
6067,-26.477076,-76.994026,Comedy
6068,12.424478,42.30499,Comedy
6069,-24.585144,26.42549,Action
6070,18.311052,-9.946724,Comedy
6071,12.300959,16.504856,Drama
6072,-30.343777,57.39102,Crime
6073,36.138718,12.975439,Crime
6074,-61.581444,40.04104,Crime
6075,76.449844,-17.35458,Adventure
6076,68.766335,-21.96088,Action
6077,49.34654,-10.495211,Drama
6078,2.9655402,-21.9186,Comedy
6079,-41.735195,-48.472786,Crime
6080,24.52877,35.49687,Action
6081,-58.026745,47.92474,Comedy
6082,-36.78424,-10.106628,Comedy
6083,-4.1717205,80.52538,Documentary
6084,-12.785739,-56.133297,Comedy
6085,26.845348,63.972942,Comedy
6086,16.933813,47.934082,Adventure
6087,51.142887,-7.879722,Action
6088,23.239874,10.249151,Comedy
6089,-28.587683,5.4927635,Adventure
6090,32.498898,-33.677807,Comedy
6091,28.402805,-50.238785,Adventure
6092,50.79186,-33.716625,Comedy
6093,-41.64198,-43.91373,Comedy
6094,0.74457663,-9.450476,Action
6095,10.672375,-58.86702,Comedy
6096,-38.31556,55.775402,Drama
6097,-94.18815,3.2540114,Animation
6098,-52.296715,-35.110836,Horror
6099,39.26112,41.45925,Adventure
6100,-93.68209,16.923283,Animation
6101,-1.2630547,101.21893,Fantasy
6102,-15.224169,-7.6856704,Action
6103,-64.96112,0.5555903,Documentary
6104,8.187058,52.000927,Crime
6105,-24.45479,-62.553974,Comedy
6106,-25.170464,27.826399,Action
6107,-40.434,-40.77929,Horror
6108,-31.202856,-48.83527,Comedy
6109,22.159315,13.202209,Drama
6110,12.062068,35.055515,Drama
6111,20.162937,-4.6992645,Comedy
6112,-9.7612295,-1.9918213,Animation
6113,33.628727,-16.685545,Action
6114,-41.947227,15.140822,Comedy
6115,-14.609423,81.82015,Adventure
6116,-9.263603,-35.92125,Adventure
6117,-11.312444,54.290432,Action
6118,11.872919,55.637234,Adventure
6119,18.245682,32.713474,Drama
6120,2.6557667,77.64727,Drama
6121,18.42987,18.200228,Drama
6122,30.599588,-57.01153,Action
6123,-44.81283,-6.9102697,Comedy
6124,29.259666,37.96664,Action
6125,8.163833,-30.800278,Drama
6126,19.568075,-44.098373,Action
6127,-11.274286,-0.20755678,Children
6128,2.2396398,-80.466705,Drama
6129,2.157425,-21.913393,Horror
6130,-3.1018994,79.60151,Comedy
6131,-30.620783,-6.713182,Comedy
6132,-51.683266,14.741197,Comedy
6133,37.841667,-22.68284,Adventure
6134,18.815733,-9.759263,Adventure
6135,15.109752,-35.044834,Crime
6136,29.603653,-65.82965,Horror
6137,-52.407444,-35.417107,Drama
6138,18.292482,-53.66229,Crime
6139,-22.767248,50.411545,Drama
6140,20.902487,-19.25276,Action
6141,33.814106,-66.47778,Comedy
6142,16.903013,14.853555,Action
6143,3.4205806,-54.08681,Action
6144,8.779734,-25.746637,Comedy
6145,27.04728,-53.78679,Action
6146,29.223988,-30.561,Crime
6147,31.297836,-16.007015,Comedy
6148,-31.70405,-68.37163,Action
6149,67.628296,-16.439848,Adventure
6150,10.737288,55.526287,Drama
6151,72.35417,7.0339317,Action
6152,-7.8237076,7.7435136,Comedy
6153,52.608162,22.721022,Comedy
6154,-1.6684091,-4.9039283,Comedy
6155,58.57698,0.9959698,Crime
6156,-43.08644,-7.548231,Crime
6157,8.386289,-64.034935,Children
6158,-26.929193,-64.38143,Comedy
6159,-12.341011,-84.10005,Comedy
6160,48.8747,-59.737423,Comedy
6161,-70.30883,3.8663907,Crime
6162,-1.5443916,-16.807459,Drama
6163,29.83828,-54.761784,Adventure
6164,-59.637375,4.211169,Documentary
6165,43.00278,27.286354,Drama
6166,-53.282036,51.963837,Action
6167,17.751383,9.39442,Drama
6168,6.4278607,79.06302,Documentary
6169,-66.49245,-18.922241,Drama
6170,48.28208,9.814325,Crime
6171,19.226006,42.794304,Comedy
6172,9.9430895,34.086533,Drama
6173,-26.752447,-65.52714,Drama
6174,30.497208,-78.18678,Horror
6175,31.106071,-40.180492,Crime
6176,-1.8191063,39.258286,Crime
6177,-58.635475,-35.910213,Comedy
6178,-11.121478,81.61136,Comedy
6179,-33.67022,24.632206,Documentary
6180,-6.4023376,-24.372952,Comedy
6181,2.210977,-37.708126,Comedy
6182,-7.6947575,-42.75836,Action
6183,-12.0452,100.83889,Comedy
6184,-48.148518,-11.029084,Comedy
6185,9.613334,72.614105,Comedy
6186,8.5855255,66.331314,Drama
6187,-25.57243,85.553856,Drama
6188,-34.646454,55.01721,Crime
6189,5.8467364,97.86585,Documentary
6190,19.293188,-41.231194,Comedy
6191,-42.07914,1.1163207,Drama
6192,-21.305645,30.149147,Comedy
6193,29.612724,-31.32907,Crime
6194,34.09096,-35.046997,Adventure
6195,42.369785,-11.389808,Fantasy
6196,-12.67012,-19.496916,Comedy
6197,-22.338686,30.632442,Comedy
6198,-51.429344,-25.900663,Action
6199,65.19358,-21.234741,Action
6200,27.611658,-49.436043,Adventure
6201,3.55839,47.099926,Crime
6202,-23.242424,-42.31691,Comedy
6203,25.404215,-69.88429,Drama
6204,-23.37249,-5.9630613,Drama
6205,56.22295,-20.1539,Adventure
6206,-29.666393,0.693275,Comedy
6207,62.510715,-31.389181,Action
6208,75.079865,-19.729948,Drama
6209,72.486,-26.822483,Action
6210,37.10339,-21.439215,Comedy
6211,8.671322,95.81817,Drama
6212,65.49163,-18.889803,Animation
6213,-55.45023,-34.135056,Drama
6214,-25.269266,-63.23165,Comedy
6215,1.5536957,-80.89319,Drama
6216,14.599147,-43.074364,Horror
6217,11.172941,-40.944527,Comedy
6218,29.954136,-16.037254,Drama
6219,52.479584,-18.645294,Adventure
6220,59.727444,5.676952,Comedy
6221,79.44811,-23.257935,Action
6222,27.151497,-42.942535,Comedy
6223,-9.030614,34.58134,Comedy
6224,33.725365,-28.925282,Drama
6225,24.890024,-74.53482,Comedy
6226,28.559446,6.490702,Drama
6227,-39.094784,31.136078,Documentary
6228,-41.559383,3.4386747,Documentary
6229,-28.943953,-63.140636,Comedy
6230,-11.982889,-81.98562,Children
6231,-4.171694,80.52522,Comedy
6232,-5.2822046,-83.83453,Drama
6233,-9.166576,-12.454143,Action
6234,45.403294,-33.251694,Action
6235,20.620739,-40.864204,Animation
6236,-30.225492,56.10238,Documentary
6237,6.8345423,-61.978527,Crime
6238,68.56108,-30.654463,Action
6239,-48.897182,14.865936,Drama
6240,-65.295204,4.417792,Drama
6241,-27.196629,-62.350185,Comedy
6242,69.04686,14.447193,Adventure
6243,-22.497936,-54.797684,Drama
6244,39.65722,9.969488,Drama
6245,-27.36446,-63.240665,Comedy
6246,-41.188416,52.22153,Documentary
6247,28.435616,62.7921,Action
6248,-72.55939,6.419334,Drama
6249,30.401697,-54.554432,Comedy
6250,42.355156,-24.301384,Animation
6251,13.610938,-36.756805,Action
6252,-40.057266,-6.8657384,Comedy
6253,53.014957,-14.53653,Action
6254,68.200325,-18.137316,Action
6255,46.09543,-17.547825,Drama
6256,56.990845,15.707335,Comedy
6257,57.283287,-27.35549,Action
6258,60.92039,4.21994,Drama
6259,2.4137218,-39.138523,Comedy
6260,18.432356,-9.910251,Adventure
6261,-4.7123814,16.721287,Action
6262,2.6888301,52.77281,Drama
6263,-13.693161,6.723059,Action
6264,-32.419224,-66.84134,Fantasy
6265,-7.0033474,0.3988443,Drama
6266,33.445915,-36.290077,Adventure
6267,1.6074723,67.75751,Adventure
6268,-7.7763596,51.981285,Drama
6269,-62.364456,1.5377959,Drama
6270,-1.7527871,-4.5153074,Drama
6271,-30.962656,68.2563,Comedy
6272,6.681483,-61.856697,Children
6273,0.5854268,-29.540283,Comedy
6274,-19.361723,-42.73994,Action
6275,-49.509865,53.704533,Crime
6276,50.53203,11.417021,Drama
6277,11.013821,3.0098672,Drama
6278,-11.258471,10.603772,Comedy
6279,11.323049,-24.907404,Drama
6280,7.40022,55.946846,Crime
6281,-85.687546,8.823776,Children
6282,-18.666227,4.4994144,Comedy
6283,-22.781868,96.99719,Comedy
6284,-59.399426,-35.974594,Comedy
6285,-26.264902,-65.02969,Drama
6286,30.557577,-56.952168,Horror
6287,14.320192,39.479107,Drama
6288,-56.602604,-35.510178,Comedy
6289,3.1383796,6.435476,Crime
6290,-3.3241177,-22.790861,Action
6291,-18.673103,40.070137,Comedy
6292,-21.726885,-53.57329,Drama
6293,-18.796864,-0.4881432,Adventure
6294,-47.088795,39.77847,Documentary
6295,-56.79623,47.199158,Drama
6296,16.32677,7.6658306,Comedy
6297,15.574544,-12.426244,Drama
6298,-27.800833,58.081818,Comedy
6299,-5.0415044,35.238884,Comedy
6300,23.11003,-3.2568038,Crime
6301,-56.382824,-36.38635,Horror
6302,2.5431664,-3.2382717,Drama
6303,21.553547,34.201607,Drama
6304,-46.047806,54.52033,Documentary
6305,37.59653,6.420546,Adventure
6306,24.618967,-29.762468,Action
6307,-8.79003,2.524377,Comedy
6308,28.838346,-24.773123,Drama
6309,-65.46317,34.850494,Comedy
6310,62.219288,9.873829,Comedy
6311,69.38257,13.470267,Drama
6312,3.7118258,1.4239796,Action
6313,44.51,-23.478085,Adventure
6314,-5.3927374,-45.99647,Comedy
6315,74.21344,2.3989098,Crime
6316,-6.256162,-51.786846,Horror
6317,-10.24923,-24.72496,Comedy
6318,-12.163688,-39.388863,Comedy
6319,-8.610907,-38.572304,Comedy
6320,-4.688571,-28.888819,Action
6321,13.421049,20.01146,Drama
6322,21.600721,34.168938,Drama
6323,-11.1520815,81.27472,Drama
6324,-39.989086,-49.926876,Action
6325,25.8647,14.350036,Drama
6326,-2.9600031,80.75953,Documentary
6327,38.24538,23.375303,Drama
6328,-27.801388,58.082283,Documentary
6329,-23.074982,54.192703,Comedy
6330,62.25703,-0.84356374,Action
6331,71.12409,7.943222,Drama
6332,49.784657,-27.029392,Drama
6333,-11.10634,81.29092,Film-Noir
6334,21.35187,-15.427141,Crime
6335,-27.155409,-7.7132273,Drama
6336,-47.757523,-8.521705,Crime
6337,60.420227,-29.97927,Animation
6338,47.593197,-10.295895,Crime
6339,4.5460896,-23.365137,Comedy
6340,2.5268025,-59.203304,Comedy
6341,18.32807,9.680752,Comedy
6342,-53.079823,-32.805492,Documentary
6343,-6.3889065,-56.333385,Comedy
6344,-50.417656,-34.525173,Comedy
6345,6.126093,56.24512,Documentary
6346,74.958786,-14.983594,Action
6347,57.840607,-21.917288,Adventure
6348,29.196465,-77.914345,Comedy
6349,48.56844,-12.291075,Action
6350,8.563126,41.084476,Drama
6351,-29.991508,-41.0958,Comedy
6352,49.075077,-12.669717,Comedy
6353,-19.356552,-12.74613,Action
6354,6.529932,41.02136,Drama
6355,-89.9708,-5.711577,Crime
6356,-15.15202,3.7369602,Adventure
6357,14.338375,-7.1592655,Drama
6358,64.14891,-5.800938,Action
6359,46.096313,-24.310032,Children
6360,52.739277,-33.03479,Action
6361,30.693974,-11.827414,Action
6362,-0.23984735,-4.697038,Drama
6363,19.530138,54.197582,Action
6364,-51.675323,14.24302,Comedy
6365,17.8846,47.610622,Drama
6366,24.312567,8.465954,Drama
6367,52.09084,-9.430685,Drama
6368,45.439495,-17.003817,Drama
6369,17.455555,18.565111,Drama
6370,-97.30597,6.06235,Documentary
6371,41.465393,43.20767,Drama
6372,-20.266169,-18.827848,Comedy
6373,-22.682579,26.07139,Drama
6374,2.671079,-57.3782,Action
6375,25.271461,-27.81876,Action
6376,9.093061,-25.005943,Drama
6377,34.25841,15.2252865,Drama
6378,1.1985788,-57.520996,Action
6379,-7.698046,-38.574547,Drama
6380,-14.093752,5.60242,Drama
6381,34.439606,-72.2494,Comedy
6382,-48.290623,12.892163,Drama
6383,-28.420052,-21.750977,Comedy
6384,-25.064632,-19.22273,Comedy
6385,-11.432863,-86.96374,Horror
6386,-5.9831786,-8.310802,Crime
6387,-30.136847,-62.90514,Action
6388,19.769855,33.489037,Drama
6389,37.782486,-23.867943,Adventure
6390,-62.62278,36.30853,Comedy
6391,-24.734076,84.84368,Horror
6392,26.180548,53.157455,Documentary
6393,0.5913483,40.05923,Comedy
6394,-77.24329,16.436075,Documentary
6395,-5.2499847,-41.22391,Comedy
6396,-0.9127708,-13.545749,Action
6397,6.6004276,-61.89014,Drama
6398,29.741196,-65.36653,Adventure
6399,-6.241425,-51.76235,Drama
6400,-9.737371,-12.164369,Comedy
6401,33.39375,-24.04248,Drama
6402,30.59199,-60.79275,Comedy
6403,-3.8503814,79.163445,Comedy
6404,13.561287,77.354965,Documentary
6405,74.29321,-15.4417515,Animation
6406,-4.699338,-9.331563,Romance
6407,8.082514,-65.9995,Drama
6408,-53.521976,12.776463,Comedy
6409,37.13633,-67.46455,Comedy
6410,-13.676853,100.463455,Animation
6411,-91.895035,-1.649359,Adventure
6412,-62.173397,-26.67798,Drama
6413,52.82994,-32.98999,Action
6414,-9.682199,7.9633756,Drama
6415,1.3374913,-63.21585,Comedy
6416,30.495798,-15.183293,Comedy
6417,10.651009,-22.497337,Drama
6418,-60.006348,-22.027262,Comedy
6419,12.462319,17.06775,Drama
6420,12.353045,77.79555,Drama
6421,-52.659275,4.575131,Drama
6422,65.59906,17.706087,Action
6423,13.440665,77.25743,Adventure
6424,-16.333937,58.75614,Crime
6425,38.991405,-27.57794,Action
6426,-16.127172,-11.699166,Drama
6427,-49.18462,-8.895049,Comedy
6428,54.61125,-3.955908,Crime
6429,-19.361723,-42.73994,Action
6430,-37.722523,56.059135,Sci-Fi
6431,-89.22807,-3.0139306,Fantasy
6432,43.773773,-35.098427,Adventure
6433,69.86948,0.3862243,Action
6434,-3.6472843,-82.2314,Horror
6435,-46.421284,15.3041,Drama
6436,-58.35171,-31.879326,Adventure
6437,3.6374261,64.15118,Comedy
6438,19.17237,43.07463,Comedy
6439,-2.8946648,-9.26088,Drama
6440,13.821513,20.307707,Drama
6441,-12.791797,-56.50712,Comedy
6442,-9.979976,1.6720705,Drama
6443,-15.796644,1.5792152,Horror
6444,17.918598,47.401318,Drama
6445,-7.313723,-42.986626,Drama
6446,45.36601,1.9652354,Action
6447,-6.2337413,-52.259647,Horror
6448,0.53634703,-20.654408,Action
6449,-10.47823,-32.983646,Drama
6450,-5.1738677,-18.646019,Crime
6451,34.26665,-18.068323,Comedy
6452,24.747015,-75.549194,Comedy
6453,-92.39881,5.365369,Action
6454,13.073431,-39.593853,Horror
6455,60.37939,-30.029442,Action
6456,-37.72755,15.275131,Documentary
6457,-33.208145,25.753183,Action
6458,22.184917,-7.5063934,Adventure
6459,14.51851,14.767623,Crime
6460,-87.286125,9.102875,Animation
6461,2.4713416,-17.24597,Drama
6462,-64.81517,-25.691206,Action
6463,28.825424,10.494406,Drama
6464,9.902441,3.2368042,Crime
6465,-19.968252,1.8760781,Horror
6466,-21.961016,47.180565,Comedy
6467,25.869923,-16.772577,Comedy
6468,9.139503,-47.050083,Crime
6469,3.6451764,-79.47396,Comedy
6470,78.89757,-24.855328,Action
6471,28.786238,-24.68759,Comedy
6472,29.549131,-84.08034,Children
6473,-24.354044,55.387783,Documentary
6474,-57.70726,48.233162,Documentary
6475,-63.522507,1.1656159,Action
6476,-58.221672,46.541172,Comedy
6477,-43.992695,36.111816,Animation
6478,-13.620211,-33.59609,Action
6479,-7.6163597,37.327538,Drama
6480,3.3782003,36.528786,Drama
6481,62.094746,4.761518,Comedy
6482,44.456448,-8.281613,Comedy
6483,-0.5264914,18.721767,Horror
6484,-25.85605,35.953312,Action
6485,-45.423634,33.04216,Documentary
6486,74.25647,-23.50734,Adventure
6487,-45.666332,38.563076,Drama
6488,79.65185,-24.96505,Action
6489,-34.28909,-40.352448,Drama
6490,17.922102,20.090199,Crime
6491,-48.29063,12.892162,Action
6492,-26.2409,35.430393,Action
6493,7.06715,-76.07355,Action
6494,-28.965017,-21.02246,Comedy
6495,-12.086067,100.92409,Horror
6496,-43.65429,-7.6336536,Comedy
6497,61.56183,-16.720276,Crime
6498,-26.147541,-77.42004,Horror
6499,-14.366926,101.13606,Comedy
6500,0.5338706,-62.585213,Crime
6501,-64.377144,34.732834,Crime
6502,19.165497,-76.129524,Comedy
6503,49.647667,-60.11826,Action
6504,43.11992,-23.036257,Animation
6505,62.120277,-28.53229,Action
6506,-5.2508373,-28.104614,Adventure
6507,-41.161316,-9.317493,Comedy
6508,31.275934,0.74467367,Action
6509,10.90191,14.331773,Action
6510,-64.84619,34.94928,Comedy
6511,-13.802065,101.93332,Comedy
6512,-3.5187871,-83.29103,Comedy
6513,-98.09006,13.852858,Documentary
6514,32.582943,23.776018,Documentary
6515,-16.55906,8.161344,Drama
6516,34.44066,-9.073536,Drama
6517,-32.905735,-10.940284,Comedy
6518,63.67327,-19.065514,Action
6519,11.05292,-43.472027,Comedy
6520,63.282295,-31.855516,Comedy
6521,74.97578,-20.602558,Action
6522,77.07675,-17.084942,Adventure
6523,49.279118,-21.617815,Comedy
6524,4.2608376,8.107401,Drama
6525,-50.26659,-35.065636,Drama
6526,-42.68018,31.390545,Documentary
6527,25.299486,11.674046,Drama
6528,-0.8300496,-29.526289,Comedy
6529,52.248573,-2.4498975,Adventure
6530,65.91982,-16.132265,Animation
6531,45.012466,-58.191734,Crime
6532,14.006094,-2.734698,Comedy
6533,-18.336624,7.4236765,Comedy
6534,69.924385,0.38202563,Action
6535,-64.5249,38.836876,Documentary
6536,15.770382,39.99628,Crime
6537,62.7671,7.166834,Comedy
6538,-37.026234,8.354162,Comedy
6539,62.782543,-29.612621,Action
6540,31.461906,-31.575472,Action
6541,-41.663357,-43.835117,Comedy
6542,-7.4644504,-43.63962,Comedy
6543,21.186188,-0.44472545,Action
6544,-32.450283,-4.1451573,Comedy
6545,50.98963,-60.134243,Children
6546,33.160744,-31.761267,Action
6547,-3.1399653,-17.059406,Comedy
6548,9.361082,10.319721,Horror
6549,-12.694044,10.450565,Drama
6550,-44.470516,12.401703,Comedy
6551,-46.1875,38.002754,Documentary
6552,8.227153,-54.265408,Action
6553,-53.28095,51.95957,Comedy
6554,49.371292,-60.001476,Comedy
6555,-21.723679,-49.138042,Drama
6556,3.9650168,23.30766,Action
6557,45.43229,2.0814316,Action
6558,15.944739,-12.075353,Action
6559,-5.9518948,78.52509,Comedy
6560,-17.235771,-38.69281,Crime
6561,32.141552,7.724494,Drama
6562,45.653877,-76.37715,Drama
6563,-54.78209,11.567478,Drama
6564,3.9937265,55.184685,Drama
6565,-19.461525,56.540985,Documentary
6566,32.240417,-24.961054,Crime
6567,14.839791,15.083892,Drama
6568,-27.421532,-24.108135,Drama
6569,-8.304253,57.50494,Comedy
6570,-9.08332,-27.36974,Action
6571,21.973774,-7.835452,Crime
6572,15.19869,55.04985,Documentary
6573,8.31932,81.53296,Action
6574,-54.474445,-25.944065,Comedy
6575,-27.160604,-66.03464,Drama
6576,-91.6907,-2.7095788,Comedy
6577,30.234837,-17.323103,Action
6578,-0.51940244,-35.60632,Comedy
6579,-11.965658,3.2235816,Comedy
6580,44.517048,30.063065,Action
6581,22.853369,-18.279823,Comedy
6582,35.30691,45.236927,Drama
6583,30.236923,-56.121094,Action
6584,26.522293,-28.374704,Comedy
6585,-12.27275,1.5536875,Comedy
6586,-3.1838574,17.59105,Adventure
6587,15.375539,19.486195,Crime
6588,26.782774,-26.555683,Drama
6589,34.73189,11.067826,Drama
6590,-31.10558,73.5322,Drama
6591,-21.134268,10.688717,Comedy
6592,9.052976,-3.8828094,Horror
6593,5.356857,15.575912,Crime
6594,44.081493,-58.402832,Comedy
6595,-23.290592,-60.753525,Comedy
6596,35.69586,46.821167,Crime
6597,3.9619648,81.8652,Crime
6598,-12.934486,39.896744,Animation
6599,10.549287,66.74576,Drama
6600,-24.600155,12.290931,Comedy
6601,-21.78856,58.21316,Horror
6602,-12.635684,-65.60919,Comedy
6603,21.982359,33.086357,Drama
6604,-7.800656,-1.1497551,Crime
6605,-33.86343,-4.505816,Documentary
6606,-23.076153,83.96643,Documentary
6607,14.9755125,69.50717,Action
6608,-53.853455,-26.087973,Comedy
6609,64.45707,-6.8680367,Crime
6610,63.100983,-28.73747,Animation
6611,0.19420765,-7.251845,Crime
6612,-0.6737256,50.62437,Drama
6613,64.44116,6.8950486,Crime
6614,-14.9203,3.6234388,Comedy
6615,-60.77622,2.470312,Comedy
6616,-38.00506,-27.36189,Drama
6617,16.81764,11.064845,Drama
6618,-45.89589,40.774273,Drama
6619,16.67423,1.553166,Drama
6620,46.813034,-19.74487,Action
6621,23.122284,24.353111,Comedy
6622,46.48904,43.996864,Comedy
6623,-3.5187833,-83.291145,Drama
6624,11.781828,78.07844,Comedy
6625,7.1593704,16.39442,Horror
6626,55.264824,-19.957579,Adventure
6627,-11.42507,0.14977622,Action
6628,42.200165,-22.515087,Drama
6629,67.29354,-28.951225,Adventure
6630,73.29311,-15.811682,Action
6631,51.4943,-37.060177,Children
6632,-44.37059,37.774666,Animation
6633,-54.138996,-26.022516,Drama
6634,23.570637,15.785478,Drama
6635,-15.89009,19.981277,Comedy
6636,-50.533787,-30.645988,Action
6637,2.9228108,45.702545,Drama
6638,62.37316,10.083429,Comedy
6639,-57.470627,-34.10532,Documentary
6640,-22.398027,46.922977,Drama
6641,-55.04056,-8.909633,Documentary
6642,31.424822,-17.026339,Comedy
6643,29.508318,10.719737,Drama
6644,-65.62885,-27.916508,Horror
6645,-44.070694,39.48642,Drama
6646,45.60253,-0.8282525,Drama
6647,64.37907,-21.90189,Action
6648,43.29704,30.947613,Drama
6649,46.805122,-23.374836,Comedy
6650,16.153086,-39.6156,Action
6651,15.174358,-10.288551,Comedy
6652,-2.8179507,1.6798841,Comedy
6653,2.6339438,56.934986,Comedy
6654,-37.76402,55.580906,Comedy
6655,17.926455,3.9543855,Adventure
6656,-44.49849,33.356087,Action
6657,36.8557,0.90147537,Comedy
6658,31.220722,-11.639124,Comedy
6659,0.44296372,49.399784,Crime
6660,41.67522,47.522453,Drama
6661,-54.594845,8.26625,Comedy
6662,-48.443054,39.33651,Drama
6663,36.361835,-57.895844,Action
6664,35.66764,-9.368271,Action
6665,-65.224686,35.029537,Comedy
6666,-29.579102,-22.499403,Action
6667,-86.68952,11.325036,Adventure
6668,-7.324019,39.68708,Animation
6669,-12.222203,4.587524,Comedy
6670,12.390987,-27.085005,Crime
6671,30.95652,-16.551003,Action
6672,7.808544,-43.756134,Comedy
6673,-16.580297,1.7176585,Comedy
6674,-31.90757,15.537405,Horror
6675,50.331158,-20.209307,Action
6676,51.10724,23.510653,Comedy
6677,-94.19912,3.1051674,Crime
6678,13.483293,76.05986,Action
6679,-8.102267,-82.64338,Comedy
6680,31.224041,-39.213,Action
6681,53.92693,-18.02211,Action
6682,-7.1748323,16.067204,Comedy
6683,-46.597927,-32.94192,Crime
6684,30.428211,-14.451019,Action
6685,46.183697,-24.513826,Adventure
6686,12.120526,-1.1620958,Drama
6687,18.233648,8.433377,Drama
6688,27.323969,-33.687958,Comedy
6689,-9.653208,-20.424252,Comedy
6690,-8.681801,56.963787,Documentary
6691,40.282917,-62.84576,Drama
6692,-23.31459,78.60776,Comedy
6693,55.161747,-24.201855,Adventure
6694,6.103495,14.008834,Action
6695,15.920615,7.690827,Action
6696,55.97006,-20.428783,Adventure
6697,9.55912,70.74617,Drama
6698,-37.472134,-4.712342,Crime
6699,-11.322092,-35.051056,Drama
6700,3.0512662,79.29968,Documentary
6701,30.707138,-40.340393,Comedy
6702,-34.60563,-42.27824,Horror
6703,-17.020061,8.655115,Comedy
6704,-1.2463869,57.356266,Drama
6705,12.332344,38.85714,Documentary
6706,-31.707142,-68.39257,Action
6707,-29.660608,66.978966,Documentary
6708,-25.050758,-19.229116,Drama
6709,-42.176003,16.52736,Drama
6710,77.93688,-13.895549,Action
6711,-10.284325,9.586585,Action
6712,14.675155,-7.386465,Comedy
6713,-16.063677,-35.946415,Drama
6714,41.01054,0.6174209,Crime
6715,-31.137661,-45.892715,Comedy
6716,-14.255842,-54.157436,Action
6717,29.039373,-39.000103,Comedy
6718,11.479576,72.59086,Action
6719,-15.155929,21.522415,Comedy
6720,7.7984843,-8.194256,Drama
6721,21.746525,33.344593,Documentary
6722,-64.61031,34.380077,Horror
6723,14.156419,-26.163755,Adventure
6724,-53.801434,2.716497,Horror
6725,49.640564,8.683272,Comedy
6726,13.091239,-48.651623,Action
6727,-7.0951314,-39.456367,Crime
6728,2.6309586,81.32622,Drama
6729,-3.8462024,15.30495,Adventure
6730,-20.956257,47.034912,Comedy
6731,50.181587,-28.442013,Action
6732,20.831697,1.0455177,Action
6733,16.610977,32.023376,Comedy
6734,-30.047293,34.546223,Comedy
6735,-16.269798,-83.48729,Action
6736,-69.10059,2.0844395,Horror
6737,-4.1484575,83.96861,Children
6738,-30.909357,71.653076,Comedy
6739,-33.728878,15.412894,Comedy
6740,10.663777,-22.68801,Comedy
6741,41.42121,-71.71038,Documentary
6742,34.80412,-66.94315,Horror
6743,75.021996,-14.741246,Action
6744,14.2741785,-26.197746,Comedy
6745,-47.46124,-26.380232,Action
6746,56.86947,8.129689,Action
6747,18.387285,19.09022,Adventure
6748,24.738947,-18.069023,Comedy
6749,-41.60019,-48.325356,Comedy
6750,-53.82864,5.8412247,Drama
6751,68.67412,-30.558733,Adventure
6752,-32.037594,56.920036,Drama
6753,-47.076405,30.60923,Crime
6754,75.97945,-23.683172,Action
6755,-41.815067,55.749416,Comedy
6756,61.263206,-12.31472,Comedy
6757,-10.049876,-1.6090628,Horror
6758,-27.478258,16.854092,Documentary
6759,-42.184387,-29.359238,Horror
6760,72.99321,-16.137112,Action
6761,-19.353415,19.471476,Drama
6762,-1.7424139,100.37311,Comedy
6763,51.7199,-24.233774,Comedy
6764,-51.25282,6.533522,Horror
6765,-15.207958,-84.350395,Action
6766,-63.733864,40.70224,Comedy
6767,-24.81854,58.610565,Crime
6768,-16.455824,81.444984,Drama
6769,37.76484,-22.314257,Drama
6770,60.587196,-26.420477,Action
6771,21.597662,12.103302,Drama
6772,75.25939,-13.95972,Adventure
6773,55.59668,-18.992088,Action
6774,72.73013,-23.83033,Action
6775,49.853004,-21.098833,Action
6776,-12.232677,-66.225876,Comedy
6777,-6.7375627,-47.641514,Children
6778,-45.95012,1.7149307,Action
6779,-10.567386,-22.027971,Children
6780,7.5044255,39.63919,Documentary
6781,-21.172884,50.39369,Comedy
6782,-4.3821483,57.494617,Horror
6783,-2.8002687,81.29855,Documentary
6784,50.228054,-60.39358,Comedy
6785,-88.25115,-7.747793,Animation
6786,-46.3037,54.699406,War
6787,67.00427,-15.191622,Comedy
6788,19.978565,4.879544,Comedy
6789,-16.595135,5.6737905,Action
6790,-87.01555,9.928494,Animation
6791,15.947691,-39.92509,Action
6792,19.373537,-9.220975,Adventure
6793,-7.6763115,-68.32186,Action
6794,-63.705795,0.25504583,Horror
6795,-10.342634,-40.412163,Crime
6796,-13.562898,-49.826855,Sci-Fi
6797,64.600044,-7.0819364,Action
6798,-22.638008,-58.230175,Drama
6799,-5.9716926,101.324295,Comedy
6800,-29.140219,13.360904,Crime
6801,39.61639,-17.657108,Comedy
6802,12.455569,-25.440178,Drama
6803,-37.103382,27.844881,Documentary
6804,-87.82939,-4.7538543,Animation
6805,42.48054,45.126675,Adventure
6806,-23.473585,46.259026,Crime
6807,-67.40328,-16.085672,Drama
6808,-43.461636,16.539412,Drama
6809,-22.84443,-16.717611,Drama
6810,26.713097,53.233326,Comedy
6811,65.70062,-26.882755,Action
6812,-6.793551,-25.599155,Horror
6813,-5.2697344,80.19488,Drama
6814,3.5806303,-18.613047,Comedy
6815,-70.055916,4.732812,Action
6816,9.344502,-64.617546,Drama
6817,48.565777,9.077495,Action
6818,47.384403,-13.31105,Action
6819,-9.082832,-35.821102,Adventure
6820,-22.343405,-80.84493,Action
6821,6.166562,-65.214226,Comedy
6822,56.226185,-12.932122,Action
6823,-9.821541,-49.004578,Action
6824,-41.336014,55.687355,Drama
6825,-16.406158,15.954513,Action
6826,-61.86276,-27.516243,Animation
6827,7.243326,27.967083,Drama
6828,2.0471382,-62.150883,Comedy
6829,23.5941,-10.168085,Action
6830,10.3496475,-39.65316,Comedy
6831,-9.42008,-26.96894,Comedy
6832,-65.21292,37.297882,Documentary
6833,26.754808,-60.660362,Horror
6834,4.6064167,8.528527,Action
6835,-72.300575,6.1156545,Drama
6836,55.818947,8.194874,Comedy
6837,34.6525,-66.84794,Comedy
6838,32.10309,-38.527805,Action
6839,8.029558,-6.876668,Crime
6840,-67.86431,30.187017,Comedy
6841,29.155794,-37.76098,Action
6842,-96.84427,6.080459,Drama
6843,16.593357,-8.884051,Action
6844,7.6578846,-73.628494,Drama
6845,-55.80349,-25.699778,Horror
6846,30.234806,-32.004753,Crime
6847,0.9339738,-9.452205,Drama
6848,10.836339,-58.95057,Comedy
6849,47.447,-58.59114,Action
6850,0.6529524,-7.5285797,Western
6851,-66.333786,-19.93936,Action
6852,48.256268,-21.90667,Action
6853,8.711913,-29.850277,Comedy
6854,-38.29799,-1.0623649,Comedy
6855,-9.537363,81.08896,Drama
6856,24.93273,46.62852,Crime
6857,-10.210565,10.077633,Drama
6858,-53.87423,4.2808533,Action
6859,-96.78562,11.659296,Animation
6860,-12.964196,-27.250267,Drama
6861,45.6371,-8.287218,Action
6862,27.999882,-34.0687,Adventure
6863,-46.43793,30.697079,Action
6864,13.997253,-41.978867,Action
6865,2.751213,17.233238,Comedy
6866,-9.336779,-35.953636,Drama
6867,-19.315676,42.72973,Comedy
6868,0.46236774,-3.7349021,Comedy
6869,1.8559905,48.769943,Drama
6870,2.6687834,-57.501408,Comedy
6871,-10.195183,12.852701,Drama
6872,-52.407055,-35.417984,Documentary
6873,-20.389074,-49.46341,Comedy
6874,2.6689324,-2.8974183,Crime
6875,21.52312,16.103104,Drama
6876,-57.701668,48.257046,Sci-Fi
6877,-69.590546,26.828045,Sci-Fi
6878,7.8463244,23.525312,Action
6879,-44.9186,0.41660485,Action
6880,-90.717186,-7.055281,Adventure
6881,71.85485,-23.689829,Action
6882,14.908484,15.0358925,Drama
6883,47.39043,-9.558034,Crime
6884,16.203024,8.798274,Adventure
6885,65.941734,4.0131445,Crime
6886,73.10088,-25.99818,Action
6887,10.93378,5.221411,Comedy
6888,-27.350897,16.6928,Drama
6889,-38.112404,-5.508043,Action
6890,-65.42057,-29.285053,Children
6891,23.058401,51.715904,Action
6892,8.346521,-74.817566,Drama
6893,41.04864,-67.15572,Comedy
6894,-93.04414,1.4417528,Action
6895,-7.981941,-0.8316517,Crime
6896,-11.903729,10.018722,Comedy
6897,2.6273234,57.390873,Drama
6898,7.4942627,-51.416332,Adventure
6899,-65.63088,-27.916843,Crime
6900,-17.381145,-33.112137,Drama
6901,-66.99609,32.517143,Action
6902,57.79249,-26.770334,Adventure
6903,63.28344,-28.055534,Action
6904,28.860043,20.308205,Drama
6905,62.019222,-11.472339,Drama
6906,-64.96267,0.5538175,Horror
6907,19.295607,-20.984499,Action
6908,44.186203,-23.590034,Comedy
6909,-18.439978,6.9635773,Drama
6910,39.96403,-61.602013,Drama
6911,-19.238615,1.1621848,Animation
6912,-92.337555,-0.1983348,Adventure
6913,-3.4539096,84.24434,Drama
6914,1.8018794,-11.954479,Action
6915,-86.45405,-4.857414,Adventure
6916,33.79367,40.682236,Documentary
6917,-86.66665,9.464985,Animation
6918,45.77963,-21.986038,Drama
6919,31.026966,16.619297,Drama
6920,31.027119,16.618706,Drama
6921,-9.95175,5.5296097,Drama
6922,61.645233,5.0380287,Crime
6923,18.136677,19.440111,Drama
6924,26.339722,0.6607751,Drama
6925,-18.871851,58.491226,Action
6926,21.515717,2.6259825,Drama
6927,48.720688,20.865694,Drama
6928,67.77097,-21.36139,Drama
6929,54.169518,-13.977255,Comedy
6930,49.242737,-21.205194,Drama
6931,-74.36721,8.141882,Animation
6932,-39.327744,-26.588829,Action
6933,-55.79148,6.5007143,Drama
6934,49.392334,-21.48203,Adventure
6935,-53.053288,9.438546,Comedy
6936,23.918812,5.245244,Drama
6937,-85.677246,8.847897,Comedy
6938,-91.70005,-2.7020833,Comedy
6939,-38.16704,34.986416,Documentary
6940,-5.3975935,-22.619047,Drama
6941,26.475134,13.846489,Drama
6942,15.402614,75.821846,Documentary
6943,37.878273,-17.038874,Comedy
6944,13.722812,1.8703707,Adventure
6945,48.07505,-59.460392,Adventure
6946,-91.44516,-2.518766,Adventure
6947,6.4414043,24.796959,Action
6948,31.262415,-33.686428,Adventure
6949,13.707748,-1.4412173,Comedy
6950,-20.297182,-44.8714,Action
6951,15.650706,8.127169,Action
6952,10.794438,-55.405476,Horror
6953,-21.818161,48.616432,Action
6954,-30.823496,71.97467,Sci-Fi
6955,-21.721655,-82.17218,Adventure
6956,16.00736,-0.98235685,Action
6957,19.970518,-6.5167475,Adventure
6958,-46.108,54.820034,Comedy
6959,-49.609356,53.425804,Comedy
6960,25.646654,-17.18647,Action
6961,-17.258265,-14.518213,Drama
6962,-55.552124,1.925269,Drama
6963,20.765635,-4.684898,Action
6964,-23.07311,45.15514,Horror
6965,54.112347,-13.777187,Animation
6966,16.187124,-24.247124,Sci-Fi
6967,27.169819,-25.165852,Drama
6968,41.127663,-11.51566,Comedy
6969,-53.91162,4.12659,Comedy
6970,-45.95018,1.7149912,Action
6971,-30.55517,13.222011,Drama
6972,-38.043324,56.19174,Documentary
6973,-21.723803,-49.137978,Animation
6974,22.350325,48.469807,Drama
6975,-65.511856,-23.33596,Comedy
6976,49.080067,-8.968706,Comedy
6977,2.2254548,67.65463,Comedy
6978,-96.89427,6.3984323,Drama
6979,-17.172592,7.828177,Comedy
6980,1.2725326,50.596523,Drama
6981,-0.3553204,-23.02675,Horror
6982,15.693703,40.02524,Action
6983,32.56784,-34.075233,Adventure
6984,2.3488967,-57.297005,Adventure
6985,-92.50901,5.6076727,Comedy
6986,-30.742682,70.85931,Comedy
6987,27.486904,-10.372194,Comedy
6988,-60.656113,2.9981956,Adventure
6989,-9.660659,-49.772247,Horror
6990,27.725708,-27.87148,Crime
6991,41.55267,-12.335811,Action
6992,42.56439,31.030107,Crime
6993,-46.044796,-4.981645,Comedy
6994,-87.9095,-3.453465,Action
6995,-1.7328565,-82.6895,Action
6996,65.99289,-29.03682,Animation
6997,27.048435,15.741571,Action
6998,-12.701003,-27.39158,Comedy
6999,-1.2630547,101.21893,Comedy
7000,-48.910767,30.279955,Documentary
7001,-7.2700496,-52.937687,Action
7002,2.363536,13.786146,Comedy
7003,16.929712,-2.8406456,Comedy
7004,47.608116,-59.34097,Drama
7005,-27.139076,88.177216,Comedy
7006,55.781975,-20.25938,Action
7007,2.7718332,69.074394,Comedy
7008,25.681496,9.292196,Comedy
7009,11.666716,1.0526946,Comedy
7010,73.18224,2.4911218,Action
7011,24.071842,6.936034,Crime
7012,-18.232153,46.568077,Drama
7013,-1.4068638,-26.706263,Action
7014,52.4397,22.711315,Drama
7015,15.266107,6.372088,Drama
7016,65.06767,-27.149939,Action
7017,-34.623493,55.102406,Crime
7018,66.08737,-20.31436,Action
7019,-57.13467,7.348051,Comedy
7020,18.508814,-75.23592,Action
7021,49.767117,-9.521256,Action
7022,-9.484047,0.74328285,Documentary
7023,29.939888,52.446396,Documentary
7024,16.10842,-56.81029,Drama
7025,68.09351,-25.893219,Crime
7026,6.1260276,56.245617,Action
7027,-19.717615,-82.41096,Comedy
7028,2.2396297,-80.4668,Drama
7029,-37.270668,-44.35059,Adventure
7030,67.43097,-29.362724,Action
7031,65.57978,-27.020784,Action
7032,-44.257286,15.419478,Adventure
7033,9.493983,70.935715,Adventure
7034,20.081244,54.015247,Drama
7035,-58.53156,47.94707,Comedy
7036,21.801538,-3.2227862,Drama
7037,-51.45966,50.442753,Action
7038,14.362409,3.3591752,Comedy
7039,75.988716,-14.153576,Adventure
7040,-26.025734,-37.38209,Action
7041,-18.911116,4.5919394,Comedy
7042,19.755424,-76.75342,Drama
7043,68.906746,1.527361,Comedy
7044,-22.1858,-54.853794,Action
7045,-22.564026,30.339344,Drama
7046,-58.07891,48.717113,Crime
7047,-17.35102,100.39232,Comedy
7048,-10.782986,58.20767,Comedy
7049,40.848362,-66.29027,Children
7050,-68.433426,1.723232,Drama
7051,-30.759335,72.324554,Action
7052,45.433628,-25.950733,Action
7053,17.611263,-5.1505494,Comedy
7054,47.179176,-25.41509,Crime
7055,11.136691,78.2576,Crime
7056,42.046207,-4.052748,Comedy
7057,30.270233,-34.3902,Adventure
7058,27.176805,-81.01723,Adventure
7059,-21.310133,98.083496,Animation
7060,44.21901,25.837234,Action
7061,-49.107048,14.807545,Drama
7062,-24.00358,-36.207146,Crime
7063,-97.85079,12.376432,Action
7064,77.11063,-24.178257,Action
7065,14.441984,76.704926,Documentary
7066,-2.18454,-24.588295,Comedy
7067,14.509212,-39.960896,Comedy
7068,53.054214,-24.92189,Crime
7069,71.998726,-19.462221,Action
7070,-58.52126,5.828397,Action
7071,46.371956,-77.02278,Animation
7072,16.413218,4.0927744,Drama
7073,-22.315006,82.53582,Comedy
7074,-86.29142,8.614414,Action
7075,55.36509,18.0714,Comedy
7076,16.052938,-1.0053856,Comedy
7077,-36.521904,32.9803,Action
7078,79.41632,-24.535172,Adventure
7079,-91.89501,-1.6492478,Drama
7080,-2.0877054,99.63687,Drama
7081,-21.41838,-54.810562,Drama
7082,34.72199,10.178854,Drama
7083,-17.192074,20.475405,Documentary
7084,-22.498484,-54.79814,Comedy
7085,31.18769,-85.93381,Crime
7086,2.4358416,-1.3019292,Drama
7087,41.736946,-4.7132382,Comedy
7088,-9.360785,-0.75630796,Crime
7089,-21.271063,46.72401,Horror
7090,63.83462,7.1331058,Mystery
7091,41.612778,-11.485809,Comedy
7092,-9.547321,9.147018,Crime
7093,16.96828,-3.4193823,Adventure
7094,13.835362,-0.93288994,Comedy
7095,65.605064,-30.628153,Action
7096,1.6818895,-10.273836,Action
7097,8.8459215,96.89138,Action
7098,-75.950775,9.851248,Western
7099,-93.74344,2.5674798,Drama
7100,-24.731007,31.06223,Action
7101,-21.38076,-82.73388,Comedy
7102,-20.977396,4.7188935,Comedy
7103,17.558743,3.8123617,Drama
7104,-65.21333,37.296547,Drama
7105,-40.524765,-48.109837,Comedy
7106,-5.7741385,-46.96569,Comedy
7107,-39.55727,-49.855022,Comedy
7108,63.20249,-28.521545,Action
7109,19.441515,-53.730324,Adventure
7110,23.953814,64.97578,Drama
7111,-48.456036,31.589394,Action
7112,-34.55642,33.02877,Documentary
7113,3.5287998,-59.646976,Comedy
7114,-48.412033,12.140259,Fantasy
7115,2.8549783,-6.9697347,Comedy
7116,-22.370892,-52.504578,Drama
7117,-10.313252,-21.592886,Horror
7118,23.616833,47.43128,Crime
7119,-18.890005,-0.11168818,Adventure
7120,-49.831814,28.404354,Comedy
7121,31.013376,57.687096,Drama
7122,-69.9203,4.2972636,Action
7123,-27.494272,89.396286,Documentary
7124,9.515452,-8.787445,Horror
7125,-66.05052,-23.401808,Drama
7126,-12.407327,1.2466308,Action
7127,-91.44516,-2.5187507,Action
7128,38.251587,-63.11566,Comedy
7129,-10.131743,8.491631,Comedy
7130,1.7315214,-62.05849,Comedy
7131,28.185219,-18.292967,Horror
7132,18.345585,-8.674256,Action
7133,55.481792,-21.676096,Animation
7134,1.5882609,96.038506,Comedy
7135,-37.12659,27.79998,Documentary
7136,-27.230923,88.42169,Comedy
7137,25.321827,51.891953,Drama
7138,11.84538,16.217823,Drama
7139,-59.36777,-35.893345,Horror
7140,-7.9603157,-2.5325673,Horror
7141,-48.104393,-26.205175,Comedy
7142,40.278385,-62.248806,Drama
7143,-87.360695,10.856891,Documentary
7144,-30.562332,70.3867,Documentary
7145,-4.1017623,-13.61705,Comedy
7146,-18.26175,50.363037,Comedy
7147,-25.932768,17.136208,Action
7148,-27.74931,-62.923416,Animation
7149,-68.94694,5.2596045,Action
7150,-29.572197,-62.90712,Comedy
7151,-6.5841036,-9.512156,Comedy
7152,-1.8080673,-46.930714,Comedy
7153,42.33989,-24.499243,Action
7154,59.319485,15.559667,Action
7155,37.519356,-68.00875,Comedy
7156,-26.750057,28.86127,Drama
7157,-1.2526302,57.363785,Drama
7158,-64.962685,0.5538394,Documentary
7159,47.065582,-23.015516,Comedy
7160,-26.65516,-64.78285,Comedy
7161,45.79107,-30.684174,Adventure
7162,44.98395,-55.598866,Action
7163,-16.244946,9.346354,Drama
7164,31.985212,-15.624517,Drama
7165,-65.42041,-29.285048,Drama
7166,-13.304864,39.770565,Animation
7167,-44.117878,12.646419,Drama
7168,-13.931486,-56.270805,Action
7169,-41.825527,55.68276,Adventure
7170,7.716376,78.87286,Action
7171,48.928097,6.282159,Drama
7172,-96.98768,14.39619,Animation
7173,-9.348049,1.9709363,Crime
7174,45.661087,45.58386,Action
7175,18.349249,-53.51719,Action
7176,10.308701,15.141739,Action
7177,-54.59816,5.7340775,Action
7178,25.18918,64.487854,Comedy
7179,-7.30009,-61.436676,Comedy
7180,11.045807,6.5755253,Adventure
7181,66.43173,-29.624702,Animation
7182,6.495086,66.74269,Action
7183,-53.837704,13.092806,Drama
7184,-96.90427,13.528816,Animation
7185,77.00251,-24.224482,Action
7186,-9.806855,11.997161,Drama
7187,-8.649651,-36.66266,Crime
7188,67.38375,-14.670405,Drama
7189,51.140045,-59.903072,Action
7190,-16.223597,16.426231,Drama
7191,16.636658,2.5336223,Action
7192,9.977741,76.39753,Action
7193,-16.823305,4.5719132,Action
7194,-67.140366,-16.784279,Action
7195,-87.50461,-3.322085,Animation
7196,-10.321422,7.061057,Drama
7197,-57.3483,7.596121,Drama
7198,42.47416,-1.6955901,Drama
7199,-22.233202,97.38927,Animation
7200,5.838966,-65.74431,Drama
7201,43.898335,-54.850616,Comedy
7202,32.22142,-33.579308,Adventure
7203,-37.674934,55.918324,Documentary
7204,-24.790878,30.989569,Drama
7205,31.430294,-24.48246,Crime
7206,45.98777,-8.072653,Drama
7207,55.69143,-21.883913,Animation
7208,40.95412,-66.69877,Action
7209,30.09549,-31.829994,Comedy
7210,-74.11156,8.191822,Fantasy
7211,-97.702896,6.294915,Action
7212,83.02395,-21.971518,Action
7213,52.18736,-23.648998,Comedy
7214,70.64639,-15.35284,Action
7215,3.2946587,48.699326,Drama
7216,58.35229,-20.10197,Animation
7217,-6.5218472,-62.475815,Comedy
7218,-28.279247,-67.444145,Comedy
7219,-34.596153,32.9631,Horror
7220,-2.2937353,-28.651434,Comedy
7221,-11.794199,3.8031266,Action
7222,-10.03611,2.536482,Drama
7223,-2.0392694,-46.750168,Comedy
7224,48.716774,-21.41883,Action
7225,33.323933,51.289524,Action
7226,36.29252,47.99918,Crime
7227,25.362926,-80.62661,Crime
7228,-3.8355932,-52.10105,Comedy
7229,11.108518,-50.693413,Action
7230,-53.522,12.776342,Action
7231,-71.448235,5.0334673,Comedy
7232,-69.473366,2.944768,Comedy
7233,-30.49043,33.197117,Action
7234,-1.418382,3.1657588,Action
7235,-16.132935,-8.608216,Comedy
7236,-59.98245,-22.12939,Action
7237,48.855797,-25.141851,Adventure
7238,-14.361152,-7.5534987,Crime
7239,0.25806105,100.74979,Comedy
7240,-76.36464,16.787746,Adventure
7241,30.289497,-84.74808,Comedy
7242,-27.443844,47.71422,Action
7243,32.922142,64.08466,Comedy
7244,6.8466763,-27.095518,Action
7245,42.146244,-71.12668,Comedy
7246,-35.766552,15.398034,Children
7247,-28.278086,-67.4459,Animation
7248,28.945599,-35.633682,Comedy
7249,31.619482,67.18463,Documentary
7250,-20.750742,47.53071,Drama
7251,25.47847,-69.87984,Comedy
7252,45.554672,45.537132,Children
7253,2.8079338,69.44515,Drama
7254,14.386953,76.59466,Comedy
7255,-37.95949,56.201706,Horror
7256,41.4404,-13.762223,Comedy
7257,62.43549,-32.442005,Horror
7258,64.22291,-3.3926578,Drama
7259,4.543269,8.509158,Drama
7260,22.145002,48.50821,Action
7261,52.7131,-24.07536,Adventure
7262,11.350354,-38.56059,Action
7263,23.246368,5.983396,Drama
7264,-68.49943,25.784136,Animation
7265,12.712715,-52.439106,Action
7266,23.546206,7.8135467,Adventure
7267,41.27411,-72.00051,Comedy
7268,-24.47535,28.129044,Action
7269,-63.76101,40.671375,Documentary
7270,-60.414825,44.919888,Comedy
7271,-11.657373,3.76482,Action
7272,13.343984,-1.2412027,Drama
7273,-65.89453,-24.640203,Documentary
7274,27.209671,-42.70713,Comedy
7275,-18.70455,89.86626,Comedy
7276,-48.82538,28.796741,Horror
7277,-32.582546,29.09832,Comedy
7278,78.98719,-22.169737,Adventure
7279,-70.64035,9.008351,Animation
7280,49.04499,-26.283514,Action
7281,28.648043,-35.730022,Action
7282,-29.760206,-17.294132,Drama
7283,-5.3631263,-41.272717,Comedy
7284,-2.2206445,-15.579459,Comedy
7285,-23.449356,46.49232,Crime
7286,2.422682,47.91872,Drama
7287,-48.447567,-27.108097,Horror
7288,-44.650486,-8.008296,Drama
7289,29.451946,-79.34086,Action
7290,-17.632633,-40.617413,Drama
7291,23.361097,-70.37009,Comedy
7292,20.6016,-20.865862,Action
7293,-27.48247,-7.2056246,Comedy
7294,-13.302275,-82.7245,Comedy
7295,3.7204475,-79.56205,Documentary
7296,19.817703,11.673039,Action
7297,43.843822,-57.411392,Horror
7298,-12.11586,54.358055,Documentary
7299,-42.19328,16.523151,Comedy
7300,28.05649,-11.338127,Comedy
7301,10.902182,94.91721,Crime
7302,73.24419,-16.371717,Adventure
7303,14.7747555,76.316475,Crime
7304,15.295556,-5.885058,Comedy
7305,64.88107,-24.547031,Action
7306,50.241135,8.936022,Action
7307,32.16113,-16.627573,Action
7308,-26.365438,86.61376,Animation
7309,-69.07204,2.1355798,Documentary
7310,-31.90524,15.573257,Action
7311,-17.297228,-9.727503,Crime
7312,-23.332968,11.724375,Drama
7313,-97.30342,6.06484,Documentary
7314,-14.664068,1.4249632,Comedy
7315,-14.647455,-56.807194,Action
7316,-9.765554,1.9119692,Children
7317,-29.503473,16.655321,Comedy
7318,-17.19207,20.475405,Drama
7319,-4.218097,-22.431505,Action
7320,-9.504384,4.1992927,Drama
7321,-14.382196,-56.81622,Comedy
7322,50.07128,-60.153934,Horror
7323,-45.918938,39.173347,Comedy
7324,73.37259,-25.917461,Action
7325,-53.1313,-25.975075,Action
7326,3.8241634,79.26587,Comedy
7327,-17.077612,-38.3334,Adventure
7328,-16.418493,16.689562,Sci-Fi
7329,28.950378,-61.200962,Fantasy
7330,-23.780285,53.266342,Comedy
7331,6.4529724,-64.432205,Adventure
7332,7.9315014,96.61558,Crime
7333,67.65744,-30.713078,Action
7334,19.189627,33.364662,Drama
7335,-6.235941,57.47343,Action
7336,-72.99495,21.325417,Comedy
7337,-17.192076,20.475403,Comedy
7338,-25.001148,-36.594826,Drama
7339,33.20774,-37.766167,Action
7340,-45.72503,11.049755,Mystery
7341,-11.775639,-40.311733,Drama
7342,67.163925,-29.795288,Action
7343,-54.489765,5.6687922,Comedy
7344,31.114695,57.688576,Comedy
7345,-71.741295,5.4268913,Comedy
7346,54.28233,-36.035187,Comedy
7347,18.936691,-2.2748644,Comedy
7348,-7.367271,-23.23974,Drama
7349,15.227445,-23.460297,Comedy
7350,-13.421919,8.035384,Horror
7351,12.90647,-25.340548,Drama
7352,-30.04297,34.541664,Mystery
7353,13.139908,-47.524086,Action
7354,53.23121,-26.939056,Action
7355,79.18744,-22.190887,Adventure
7356,-66.90862,-17.411364,Comedy
7357,-39.374775,1.519657,Drama
7358,1.4254698,79.50431,Comedy
7359,-25.981396,17.217607,Comedy
7360,73.69287,-23.462214,Adventure
7361,-32.4378,32.966408,Comedy
7362,-46.092644,54.810856,Documentary
7363,67.53034,-14.849328,Fantasy
7364,32.346592,65.21468,Drama
7365,63.830673,-30.591259,Action
7366,2.041971,-9.723141,Drama
7367,30.531366,62.37922,Documentary
7368,-69.902916,21.915564,Animation
7369,30.189878,-13.77467,Action
7370,-57.920723,48.663887,Documentary
7371,66.00115,-16.111137,Animation
7372,77.768684,-13.759241,Action
7373,53.846832,-20.493332,Comedy
7374,60.812576,-29.904577,Action
7375,56.46922,-23.548946,Action
7376,61.073368,-12.148701,Action
7377,-14.822644,-24.117615,Comedy
7378,-3.8065784,-70.783455,Horror
7379,-25.805521,-64.32846,Drama
7380,-70.42113,8.741419,Action
7381,55.727013,-23.81509,Action
7382,-91.433495,-2.509081,Comedy
7383,-41.764122,55.832417,Comedy
7384,25.732414,12.143964,Drama
7385,33.141026,-24.30696,Comedy
7386,-34.313614,56.203014,Crime
7387,-1.1843972,3.2850685,Crime
7388,-11.71,-18.8139,Action
7389,-7.6762366,-44.06642,Children
7390,-19.723797,-56.496094,Comedy
7391,52.930984,-26.984728,Action
7392,-37.727528,15.275119,Crime
7393,-1.2522937,57.36329,Comedy
7394,52.87244,-18.866888,Action
7395,52.58048,-1.2009002,Action
7396,-46.811478,13.714981,Drama
7397,-17.627968,-39.544785,Fantasy
7398,5.5622363,-51.340927,Action
7399,-6.5171847,-39.93835,Action
7400,-1.1342373,100.68091,Comedy
7401,-33.762756,8.316696,Comedy
7402,-76.689476,17.306316,Action
7403,-28.612421,47.2735,Horror
7404,-15.0637865,100.12858,Action
7405,5.0129337,-28.875502,Drama
7406,-73.70127,21.9107,Comedy
7407,-20.82939,-51.605637,Action
7408,4.8396907,-28.846907,Comedy
7409,-3.6034746,-13.631711,Action
7410,9.876798,-11.053911,Comedy
7411,38.443844,-19.26385,Action
7412,-20.566565,-45.542988,Drama
7413,62.23645,4.3108253,Drama
7414,22.895573,53.50548,Documentary
7415,41.51876,0.6880751,Crime
7416,-5.0971384,23.769117,Comedy
7417,46.15659,-13.378414,Drama
7418,-64.461914,2.804403,Drama
7419,-4.372585,57.495136,Comedy
7420,-16.02871,58.07547,Comedy
7421,-24.946373,26.313583,Comedy
7422,45.316593,-16.9007,Drama
7423,42.567734,-20.892311,Adventure
7424,-36.817535,-9.655344,Comedy
7425,7.2297506,-10.679989,Comedy
7426,-69.272514,27.3406,Adventure
7427,16.531738,19.480803,Drama
7428,-90.31892,3.0297287,Animation
7429,20.822563,-28.479738,Adventure
7430,-53.764065,-11.99959,Horror
7431,-10.750334,9.215842,Comedy
7432,20.227043,-19.335732,Comedy
7433,-44.75174,30.239128,Documentary
7434,-12.318419,4.705998,Comedy
7435,7.1951957,-10.669566,Drama
7436,-6.2745233,42.33993,Documentary
7437,-51.511673,14.914306,Drama
7438,-18.91378,47.99636,Drama
7439,-60.038074,-20.812576,Animation
7440,30.945354,62.434162,Drama
7441,-46.446915,30.68504,Action
7442,12.590641,2.7179122,Action
7443,-44.336006,-8.809974,Documentary
7444,1.2053814,57.06673,Documentary
7445,37.199448,-16.101032,Action
7446,12.923123,16.523909,Drama
7447,-13.985988,-42.52206,Comedy
7448,-6.3582273,-1.944674,Horror
7449,-47.16553,-31.845636,Drama
7450,24.21481,6.3080854,Drama
7451,-27.797983,47.76298,Action
7452,-11.782224,74.45512,Horror
7453,38.194057,-20.08854,Comedy
7454,-3.128331,26.093145,Adventure
7455,62.86495,-27.26931,Action
7456,60.10451,6.7315383,Drama
7457,-23.990566,-79.63082,Drama
7458,46.302982,-24.883427,Action
7459,14.94126,-35.253075,Comedy
7460,-17.730152,50.2428,Drama
7461,26.64891,13.479101,Crime
7462,-48.0316,-26.140862,Drama
7463,27.905746,59.187046,Drama
7464,1.205308,57.066708,Comedy
7465,79.33069,-24.509745,Action
7466,65.16877,4.048821,Drama
7467,75.698006,-26.286226,Animation
7468,-23.334536,56.11606,Documentary
7469,35.28474,11.57872,Drama
7470,-49.782394,-30.100142,Comedy
7471,-31.514841,74.10576,Horror
7472,0.5470839,50.5122,Comedy
7473,-44.675316,-31.751926,Drama
7474,20.69772,-69.52295,Crime
7475,45.551792,-55.56216,Sci-Fi
7476,-20.103931,1.4948204,Drama
7477,19.519308,-20.746744,Comedy
7478,67.925674,-27.29383,Adventure
7479,54.99581,-23.771402,Drama
7480,-31.501158,76.04094,Action
7481,-21.689518,82.783455,Comedy
7482,10.944019,40.009983,Drama
7483,43.482307,-1.9578475,Western
7484,68.01038,-28.048664,Action
7485,49.665985,-29.51467,Comedy
7486,25.635403,13.993942,Drama
7487,-10.544684,-40.174393,Drama
7488,-22.25649,-15.959259,Action
7489,29.64072,51.28866,Crime
7490,53.81977,-61.909874,Drama
7491,0.19999008,95.5012,Action
7492,-15.664596,5.711171,Action
7493,-52.154434,5.7876387,Drama
7494,-86.34699,8.556503,Comedy
7495,52.70761,-34.497475,Comedy
7496,51.318634,-34.155426,Adventure
7497,-1.04608,80.02099,Adventure
7498,27.709707,-37.349964,Drama
7499,12.246196,0.0048885695,Animation
7500,-7.497779,27.260319,Comedy
7501,51.030834,-35.910454,Children
7502,4.9137397,-76.13851,Comedy
7503,55.487907,-26.303064,Action
7504,25.686995,13.958168,Drama
7505,15.008264,-7.689435,Action
7506,15.939528,-2.806818,Adventure
7507,50.222076,-60.392963,Drama
7508,61.978683,-31.517471,Action
7509,-13.916214,-53.56833,Crime
7510,-95.605835,8.999662,Animation
7511,-31.274912,74.45475,Documentary
7512,30.63734,-38.673317,Comedy
7513,-10.3377905,101.210014,Comedy
7514,1.2229189,57.11652,Comedy
7515,49.068443,6.378622,Sci-Fi
7516,-16.14906,82.03603,Documentary
7517,-9.683036,12.017573,Action
7518,-26.083576,35.57121,Crime
7519,-19.00681,49.129913,Drama
7520,12.374683,77.85297,Comedy
7521,32.329006,64.98295,Documentary
7522,21.444221,-16.141464,Comedy
7523,23.63376,3.7286003,Crime
7524,-31.55345,76.715576,Action
7525,-16.647802,99.59511,Comedy
7526,-19.490032,-12.196883,Action
7527,-66.999985,32.516785,Comedy
7528,13.160486,-2.01271,Drama
7529,-7.399937,-68.58802,Comedy
7530,28.251356,-18.051361,Adventure
7531,-23.264765,45.497486,Comedy
7532,10.777836,55.69315,Comedy
7533,28.66301,-11.108888,Adventure
7534,-3.057592,80.28323,Horror
7535,15.033924,75.87283,Crime
7536,-91.02388,-6.2366796,Comedy
7537,17.724983,-5.620241,Action
7538,60.779106,-28.661037,Action
7539,-5.5291414,-46.82251,Comedy
7540,-11.719251,53.68824,Drama
7541,33.860146,-16.711193,Romance
7542,17.444204,-10.064125,Action
7543,14.758666,-23.803904,Comedy
7544,15.814837,-56.31472,Adventure
7545,32.000214,-15.27719,Action
7546,46.88044,-20.031412,Action
7547,6.528178,41.17413,Adventure
7548,-53.282185,51.96401,Drama
7549,-87.234024,10.873768,Animation
7550,59.496845,-30.373476,Action
7551,-15.059809,100.2495,Adventure
7552,-86.34699,8.556503,Animation
7553,48.5763,-59.673416,Action
7554,15.619312,70.83784,Action
7555,21.851973,14.530887,Action
7556,48.99275,-21.814169,Comedy
7557,-59.41976,-34.24832,Documentary
7558,16.371086,-3.081472,Fantasy
7559,30.3307,-58.91543,Comedy
7560,-35.08289,-41.456215,Action
7561,-27.527248,33.409393,Fantasy
7562,55.39353,8.31655,Action
7563,-2.7999954,-6.126998,Drama
7564,42.82037,-27.043478,Action
7565,49.523407,-56.08213,Comedy
7566,-96.800415,14.390384,Adventure
7567,0.99621207,38.333084,Documentary
7568,-93.51225,1.8050443,Animation
7569,5.1015453,-23.353483,Fantasy
7570,-13.385822,-65.064476,Action
7571,-22.133764,30.457579,Comedy
7572,-26.275232,-37.520607,Drama
7573,-62.657814,43.47574,Comedy
7574,-10.388672,3.7327352,Comedy
7575,9.420841,-64.48161,Comedy
7576,37.59524,-22.097399,Animation
7577,-32.062275,56.852028,Comedy
7578,54.254845,-62.251884,Horror
7579,18.98655,51.3561,Action
7580,9.133991,-3.785009,Action
7581,-100.01115,19.952055,Documentary
7582,-71.03233,4.664917,Documentary
7583,-26.268768,-77.275154,Animation
7584,-23.164045,54.854958,Comedy
7585,16.54459,-24.726004,Comedy
7586,20.255178,-22.209969,Comedy
7587,58.689518,-20.35328,Adventure
7588,1.3678075,3.4773579,Drama
7589,65.510284,-21.176994,Action
7590,-46.70225,39.517277,Comedy
7591,-69.23554,-9.773641,Comedy
7592,6.619032,-60.574028,Drama
7593,-73.850204,20.12186,Comedy
7594,-98.09006,13.852853,Drama
7595,-31.520218,76.7237,Documentary
7596,25.887102,0.62977487,Drama
7597,-15.711877,-58.346115,Adventure
7598,-8.343226,55.420593,Action
7599,72.44251,-21.745272,Action
7600,-23.19313,96.69078,Documentary
7601,-18.346972,99.14398,Animation
7602,13.619026,70.951965,Drama
7603,-10.094223,9.32552,Action
7604,11.506912,-8.285024,Comedy
7605,42.438602,-2.0260963,Comedy
7606,31.089066,-33.847134,Action
7607,-35.508514,-26.57566,Adventure
7608,80.17565,-25.351328,Action
7609,46.877266,13.35615,Comedy
7610,14.973186,73.03388,Action
7611,26.423107,14.007727,Drama
7612,67.24941,-16.356276,Comedy
7613,16.66132,4.485924,Comedy
7614,-12.1409645,-84.793495,Thriller
7615,10.470377,-57.772724,Drama
7616,-19.916805,4.416094,Action
7617,22.051382,33.68077,Adventure
7618,3.6575377,2.1754181,Action
7619,72.71165,-23.559082,Action
7620,65.83191,-20.738943,Action
7621,-29.657782,66.97485,Comedy
7622,-67.000084,32.516693,Documentary
7623,-30.80258,-45.50969,Comedy
7624,-21.559738,32.00288,Drama
7625,42.95489,-3.0238304,Mystery
7626,-5.5594277,-91.07404,Comedy
7627,65.06576,-31.943035,Action
7628,-22.468616,-51.089638,Comedy
7629,37.286728,-21.63176,Comedy
7630,25.78068,-16.560308,Comedy
7631,80.508156,-22.79005,Action
7632,12.831406,-25.917751,Comedy
7633,27.394678,-32.29422,Action
7634,-7.8024545,80.83731,Drama
7635,12.983754,-25.436987,Action
7636,-19.690062,98.74763,Animation
7637,45.317066,-22.617445,Comedy
7638,36.289852,-9.670633,Comedy
7639,70.7117,-27.299948,Adventure
7640,-70.984375,-10.860119,Documentary
7641,-20.009047,51.407127,Comedy
7642,-36.160606,-26.41668,Documentary
7643,0.697518,-9.814557,Adventure
7644,80.78552,-21.246664,Action
7645,47.544315,15.2685585,Crime
7646,64.869736,-20.896534,Action
7647,45.23104,-0.44824657,Comedy
7648,-9.74285,9.410181,Drama
7649,-21.409557,31.572138,Comedy
7650,-2.0304346,-32.893394,Animation
7651,-33.764595,16.68575,Horror
7652,-48.322712,-33.693142,Action
7653,-96.3033,7.1108284,Animation
7654,64.99614,-24.172747,Animation
7655,32.862602,-9.655537,Comedy
7656,8.096371,96.18407,Comedy
7657,-7.1857553,-23.22839,Action
7658,25.452332,26.360914,Crime
7659,-47.897156,-11.13383,Comedy
7660,-28.025118,-67.08355,Drama
7661,-16.556667,15.875641,Action
7662,65.72208,-17.22472,Action
7663,-28.236599,15.655558,Comedy
7664,26.701864,-24.465546,Comedy
7665,39.334347,3.5944393,Drama
7666,0.28376675,-35.762817,Action
7667,-66.33379,-19.93936,Comedy
7668,18.175478,2.2758384,Horror
7669,-15.415107,1.4221065,Comedy
7670,-3.7316248,-22.47404,Horror
7671,9.69892,-10.850077,Comedy
7672,-12.6268635,81.70209,Drama
7673,-17.745949,50.21795,Drama
7674,-30.321255,57.402794,Horror
7675,-9.7634535,-36.04706,Drama
7676,14.793905,-35.735294,Action
7677,-21.267124,83.28481,Documentary
7678,-2.9469633,-6.296529,Drama
7679,32.83278,-41.57386,Action
7680,-51.9236,4.561856,Horror
7681,-53.518505,12.782059,Romance
7682,-8.154866,1.7084352,Adventure
7683,-57.33496,-26.09902,Action
7684,42.56188,-59.495995,Documentary
7685,26.112116,-66.33751,Comedy
7686,25.637989,-66.29141,Horror
7687,21.131163,-0.028744636,Sci-Fi
7688,44.82114,2.366157,Drama
7689,18.866772,54.346447,Drama
7690,29.767462,62.316032,Drama
7691,-70.54849,3.6694603,Adventure
7692,-46.306595,54.70766,Drama
7693,81.86019,-22.42749,Action
7694,24.149921,5.151258,Drama
7695,13.326509,70.57645,Drama
7696,-8.477989,-22.386301,Drama
7697,26.46906,15.536532,Drama
7698,-2.6338148,-15.246265,Drama
7699,-16.22492,81.8921,Horror
7700,31.861748,-27.779135,Action
7701,-25.972185,17.20206,Action
7702,-1.1273786,21.479532,Comedy
7703,-16.345167,16.186958,Comedy
7704,11.948346,2.7850506,Comedy
7705,-48.17853,30.448229,Comedy
7706,-89.34199,-2.9960723,Horror
7707,12.450812,39.28295,Drama
7708,-53.522385,12.7771845,Action
7709,-70.38316,25.455807,Documentary
7710,55.98467,-25.049948,Action
7711,17.621971,-21.90663,Comedy
7712,14.334529,-7.3215113,Horror
7713,-25.318174,58.308205,Drama
7714,-56.67895,9.116381,Drama
7715,-31.145336,33.089394,Drama
7716,-23.016657,11.312267,Drama
7717,-7.5441036,-84.3386,Action
7718,47.15198,-22.947346,Action
7719,32.958458,-13.790203,Crime
7720,23.676468,24.986452,Drama
7721,-20.896889,41.999382,Comedy
7722,0.46670863,39.745358,Drama
7723,-6.6414113,-2.0694642,Horror
7724,-40.191902,-27.396059,Drama
7725,31.241539,-15.468328,Adventure
7726,15.389527,-2.9551587,Action
7727,14.645925,14.882411,Crime
7728,-26.820238,32.46124,Drama
7729,11.085934,72.51141,Comedy
7730,-30.547825,28.58917,Action
7731,-73.261246,9.024073,Action
7732,-63.559704,0.9943112,Documentary
7733,-93.64822,1.5576278,Adventure
7734,46.851692,-23.329437,Action
7735,22.553051,-26.51097,Drama
7736,25.093048,-68.77364,Action
7737,63.50637,-26.488218,Action
7738,-16.334358,58.75624,Documentary
7739,-66.1431,-19.737188,Drama
7740,-97.53857,6.131581,Documentary
7741,60.69634,-30.933914,Children
7742,46.804478,-20.451523,Action
7743,44.833897,-33.697285,Comedy
7744,2.2130816,100.02384,Documentary
7745,-91.439835,-2.514823,Adventure
7746,13.147192,2.0557904,Comedy
7747,-23.472614,-60.207092,Drama
7748,17.13722,-39.42035,Children
7749,71.291885,-20.312939,Adventure
7750,47.07669,-11.126299,Drama
7751,22.028858,8.9076185,Comedy
7752,-95.38265,7.6365414,Animation
7753,12.777407,16.422451,Drama
7754,-15.293495,-55.991573,Children
7755,25.06715,-59.837288,Action
7756,-0.7225336,-33.518402,Comedy
7757,22.797016,-25.771933,Drama
7758,-10.815513,57.310287,Comedy
7759,-46.465008,30.686995,Adventure
7760,-20.223255,99.44638,Adventure
7761,49.436058,-24.939768,Animation
7762,44.99413,-54.821445,Animation
7763,-55.785896,-25.697435,Action
7764,28.6126,-53.470924,Action
7765,55.94656,-21.666685,Action
7766,-86.65944,9.758636,Animation
7767,70.15112,-16.198265,Action
7768,79.70499,-24.242258,Action
7769,57.96965,-25.785877,Action
7770,64.41478,-20.12071,Action
7771,-14.532788,-36.484665,Drama
7772,-3.9629073,-56.098175,Comedy
7773,28.20133,-43.033207,Comedy
7774,74.26623,-21.712318,Action
7775,24.572401,-0.737821,Comedy
7776,64.37766,-6.593965,Drama
7777,10.558748,-42.870487,Action
7778,-62.91363,42.188732,Comedy
7779,51.597366,-36.83271,Animation
7780,24.515799,-77.86661,Comedy
7781,-24.769976,34.96969,Comedy
7782,-24.05119,84.380066,Comedy
7783,15.4128895,-20.55645,Action
7784,30.516033,52.19755,Documentary
7785,-69.098114,2.0806012,Documentary
7786,25.583418,-60.206223,Comedy
7787,5.4464836,-22.553514,Drama
7788,-23.290382,-60.753647,Drama
7789,7.0838385,78.96517,Comedy
7790,42.192757,-20.84911,Action
7791,16.551102,-20.233221,Action
7792,16.500217,-8.748498,Crime
7793,-13.542244,-35.113434,Drama
7794,-4.3031373,-28.502064,Action
7795,-41.910645,-29.793427,Comedy
7796,-24.479946,-2.916675,Drama
7797,-57.352177,7.595743,Drama
7798,-17.335066,-80.23534,Horror
7799,9.519427,-63.18732,Action
7800,31.359892,-44.074554,Action
7801,50.205994,-9.286098,Drama
7802,64.579796,4.2944674,Comedy
7803,12.402996,-48.539326,Action
7804,-32.096855,-42.47155,Horror
7805,-66.6693,33.501682,Adventure
7806,-44.3688,-8.82906,Horror
7807,-8.435285,-2.165525,Action
7808,14.550346,0.085927516,Drama
7809,40.298782,-63.24385,Comedy
7810,-57.464203,-34.054455,Drama
7811,-97.94659,11.699553,Documentary
7812,-11.198002,101.06238,Comedy
7813,49.16836,-22.078176,Action
7814,24.027912,-18.189875,Drama
7815,-75.041664,22.018923,Comedy
7816,-53.521626,12.776437,Crime
7817,-9.8852,79.99988,Children
7818,-24.683088,-62.489063,Comedy
7819,-17.627924,-39.544758,Drama
7820,51.728523,-36.8635,Action
7821,-30.642797,70.54567,Drama
7822,-13.368878,-82.973526,Children
7823,-73.801384,7.814325,Horror
7824,28.429832,-50.384014,Action
7825,-63.727417,0.71438754,Drama
7826,-97.946594,11.6995535,Comedy
7827,-100.01115,19.952055,Comedy
7828,-9.519005,101.35397,Comedy
7829,-97.29362,6.0779133,Documentary
7830,-15.224321,-7.685424,Comedy
7831,-25.981249,17.21753,Comedy
7832,26.80335,-81.649574,Action
7833,-46.602036,-32.916954,Crime
7834,-88.1997,-7.0999913,Animation
7835,23.984934,-77.16608,Drama
7836,6.393546,-51.606117,Comedy
7837,56.80401,-19.99476,Animation
7838,15.548277,-6.193868,Comedy
7839,-7.2922406,6.9764476,Action
7840,-22.012331,97.5357,Comedy
7841,38.32751,-24.7082,Action
7842,68.33625,-30.94371,Action
7843,-47.00321,-11.976007,Comedy
7844,-13.34705,-49.74148,Drama
7845,44.16448,-1.4328581,Action
7846,-62.011356,35.009438,Comedy
7847,-3.675965,-20.536182,Action
7848,-16.601332,-37.66963,Crime
7849,2.994402,0.65836775,Action
7850,-47.679405,39.99316,Documentary
7851,6.067503,-74.35791,Comedy
7852,18.663588,-71.53254,Comedy
7853,63.212406,-30.021654,Action
7854,-32.19029,56.720963,Drama
7855,-25.775229,27.568237,Action
7856,-60.66031,2.9691055,Horror
7857,41.117226,-14.056545,Comedy
7858,-10.211134,41.486813,Action
7859,11.04144,6.3128705,Comedy
7860,-2.0037732,80.141945,Comedy
7861,28.653803,-64.636086,Comedy
7862,15.840869,-56.209232,Mystery
7863,-98.09006,13.852853,Drama
7864,21.391413,-70.42574,Action
7865,46.025043,-22.668583,Adventure
7866,66.65527,-31.326708,Action
7867,19.882036,43.57804,Comedy
7868,-18.809158,-82.90838,Documentary
7869,-53.562008,10.2871065,Documentary
7870,-26.744387,54.642925,Comedy
7871,-65.42041,-29.285044,Action
7872,-68.41125,-13.991466,Sci-Fi
7873,-8.696746,-34.981762,Comedy
7874,-12.67131,-31.808899,Comedy
7875,16.022152,3.9567842,Drama
7876,-13.087595,4.896753,Action
7877,62.84944,-31.100872,Comedy
7878,-22.490067,-57.111267,Drama
7879,-43.457127,30.309574,Comedy
7880,37.069923,48.35317,Comedy
7881,35.78462,-18.779177,Comedy
7882,-63.757847,40.659958,Documentary
7883,75.37004,-25.851656,Action
7884,67.10978,-28.025215,Action
7885,-63.718113,0.6990054,Drama
7886,-6.0757947,100.23945,Drama
7887,20.29579,-9.84615,Adventure
7888,64.42126,-21.322996,Action
7889,-58.521915,5.828673,Horror
7890,-25.777748,12.251546,Comedy
7891,-13.349137,-49.87064,Drama
7892,-14.612068,21.088448,Drama
7893,10.398418,-27.179573,Comedy
7894,47.35146,15.718255,Comedy
7895,-14.185694,5.669097,Action
7896,-69.024345,26.356136,Action
7897,13.187709,-30.986866,Comedy
7898,-37.46429,28.811874,Comedy
7899,73.17945,-23.25075,Adventure
7900,-58.163906,46.839603,Comedy
7901,-76.94815,10.589317,Action
7902,-77.52341,10.14392,Action
7903,-22.440998,97.24816,Action
7904,-77.172745,10.742932,Action
7905,-73.13116,21.089622,Action
7906,72.49914,-25.877056,Action
7907,-63.757847,40.659958,Animation
7908,-99.5918,19.97359,Drama
7909,-70.52304,-11.175112,Action
7910,-26.268768,-77.275154,Adventure
7911,15.524114,-23.562231,Comedy
7912,0.0668763,-10.311048,Comedy
7913,37.941864,-26.047739,Action
7914,-57.134865,7.3493547,Documentary
7915,31.710264,-27.886215,Comedy
7916,-18.287794,46.73735,Comedy
7917,-98.84854,20.39566,Animation
7918,-97.4774,14.150012,Adventure
7919,-94.65052,4.18667,Animation
7920,66.58541,-15.336959,Comedy
7921,6.4838095,-22.38483,Drama
7922,-76.86746,17.383297,Action
7923,-76.10501,17.96985,Action
7924,-76.61613,16.177435,Action
7925,-72.21763,22.564392,Action
7926,-22.784634,18.055553,Crime
7927,76.83584,-24.639072,Action
7928,-76.256355,17.834679,Action
7929,72.04256,-19.426613,Adventure
7930,-43.2579,-4.4163423,Drama
7931,23.049349,-25.85233,Crime
7932,-59.400883,-35.976837,Drama
7933,-6.4271703,80.76043,Horror
7934,-97.59745,10.837929,Animation
7935,-5.26738,80.6006,Comedy
7936,-90.29742,-7.693014,Adventure
7937,32.68532,-31.094625,Comedy
7938,-91.44521,-2.5153904,Children
7939,-13.93665,-56.317276,Comedy
7940,3.1277597,82.282616,Crime
7941,-75.89818,18.221474,Action
7942,-76.60329,17.507662,Action
7943,48.5763,-59.673416,Action
7944,-43.16495,-30.720491,Drama
7945,7.4501944,96.66959,Comedy
7946,-94.79033,4.6383853,Animation
7947,-33.889618,6.7359242,Comedy
7948,55.46444,-26.574455,Action
7949,-22.310263,59.724834,Comedy
7950,-21.468386,15.045896,Comedy
7951,-76.27675,17.554129,Action
7952,-77.40401,10.051902,Action
7953,-28.35261,-74.19813,Action
7954,-25.212397,27.375927,Drama
7955,79.58815,-22.903122,Action
7956,-1.0469238,80.019005,Drama
7957,45.56312,-25.448355,Comedy
7958,-19.717672,-82.411026,Crime
7959,29.968075,-59.984993,Comedy
7960,-2.552939,-82.947174,Documentary
7961,20.025057,-9.732249,Adventure
7962,-1.1446774,-23.260183,Children
7963,-16.15121,82.04372,Drama
7964,-77.08254,16.99588,Documentary
7965,15.434762,-10.674412,Action
7966,0.32350346,95.54469,Comedy
7967,16.976906,10.976356,Crime
7968,-7.512202,-63.022285,Comedy
7969,-91.439835,-2.5148747,Crime
7970,-31.681889,75.946884,Documentary
7971,-91.684326,-2.7124562,Drama
7972,-90.31326,-7.7028604,Drama
7973,-28.762478,-68.32454,Comedy
7974,14.503765,55.1821,Documentary
7975,-23.047764,48.270615,Drama
7976,35.3952,11.901015,Comedy
7977,-28.342165,33.95298,Documentary
7978,-98.130486,20.711164,Animation
7979,47.579758,9.58546,Action
7980,30.571218,-38.625126,Comedy
7981,-56.22148,-32.59225,Comedy
7982,41.770687,-20.309143,Action
7983,29.953869,-84.98885,Comedy
7984,26.087196,13.99872,Drama
7985,21.788324,-7.8491793,Action
7986,2.692894,46.156452,Crime
7987,-24.002806,-36.206924,Horror
7988,2.251143,24.129381,Drama
7989,14.928876,69.512215,Drama
7990,7.24837,97.18985,Drama
7991,41.955044,-5.171652,Action
7992,-25.863409,48.062378,Horror
7993,-3.578248,101.54476,Comedy
7994,-51.643314,13.800026,Comedy
7995,20.624071,-70.49572,Crime
7996,-33.4303,8.24412,Comedy
7997,43.657856,-58.28295,Drama
7998,31.336737,39.33718,Documentary
7999,10.987295,-42.86221,Animation
8000,3.4646192,46.30741,Horror
8001,44.35478,-74.14355,Documentary
8002,56.1719,-20.321533,Animation
8003,-40.36398,-28.640234,Documentary
8004,-69.64184,2.5551047,Action
8005,43.83461,-1.2500074,Drama
8006,4.329138,15.147971,Comedy
8007,-35.724743,-26.27405,Comedy
8008,33.4775,-72.57375,Action
8009,-61.226517,-20.948633,Horror
8010,29.666174,-38.58888,Adventure
8011,-9.019794,-2.4066854,Horror
8012,28.384798,-54.242912,Action
8013,51.919926,-8.704525,Drama
8014,30.516039,52.197487,Action
8015,-1.7921004,-23.436092,Horror
8016,14.894863,-35.52658,Action
8017,6.777155,-76.56811,Comedy
8018,-3.717534,-19.899641,Crime
8019,-3.5135598,84.23085,Documentary
8020,-35.856678,53.874256,Drama
8021,-67.42867,31.224886,Comedy
8022,70.534454,-25.003222,Animation
8023,42.525356,-1.0048134,Comedy
8024,37.85635,2.2279003,Drama
8025,22.903343,-25.295378,Drama
8026,69.34415,-18.46978,Adventure
8027,-6.5288897,-47.681824,Action
8028,-25.09855,-62.35768,Horror
8029,24.877247,35.692875,Children
8030,-64.39176,36.91781,Comedy
8031,-48.200523,-32.41851,Documentary
8032,-54.36932,31.231804,Action
8033,47.471527,-13.314351,Drama
8034,30.90613,-85.71255,Comedy
8035,25.558645,-68.76263,Comedy
8036,71.475174,-20.22049,Adventure
8037,-35.750767,15.393819,Comedy
8038,33.177513,-37.62833,Action
8039,63.06081,-27.79604,Adventure
8040,-25.55741,55.7003,Comedy
8041,26.200542,-69.550446,Crime
8042,15.935846,49.217003,Drama
8043,-96.60968,12.6929,Animation
8044,-53.666733,-34.01546,Action
8045,-43.165504,-30.720673,Action
8046,-17.421692,8.083136,Drama
8047,-12.592214,74.498245,Animation
8048,0.23064148,79.75259,Action
8049,-24.058937,-18.660059,Action
8050,-37.72749,15.27527,Action
8051,-16.693592,-37.30348,Adventure
8052,-26.26188,-65.033104,Animation
8053,79.493706,-24.456493,Adventure
8054,-10.68196,-86.14242,Comedy
8055,26.13092,-81.183235,Comedy
8056,38.786255,4.999779,Action
8057,24.169043,-68.63751,Action
8058,28.04081,-12.013935,Comedy
8059,-41.80871,55.7676,Comedy
8060,9.447334,-24.955753,Comedy
8061,12.94019,-39.707237,Comedy
8062,46.030502,-13.348786,Action
8063,70.67429,-12.147262,Action
8064,28.89644,9.5861,Drama
8065,-35.764965,15.397535,Comedy
8066,-61.411964,1.4690683,Comedy
8067,34.730606,-13.928651,Drama
8068,65.125916,-13.658937,Drama
8069,-62.913654,42.18871,Horror
8070,11.0297165,-53.777737,Comedy
8071,-26.66014,55.876236,Comedy
8072,-90.717186,-7.055281,Drama
8073,-12.686805,-20.023739,Drama
8074,31.434748,67.64301,Comedy
8075,-21.617233,-15.168234,Comedy
8076,26.85681,-66.12643,Horror
8077,22.539854,-1.9613618,Action
8078,-13.838389,9.694185,Crime
8079,-97.94659,11.699553,Animation
8080,-54.362263,31.173862,Action
8081,-41.910645,-29.793427,Documentary
8082,-69.272514,27.3406,Comedy
8083,8.319719,-9.566277,Action
8084,-42.895527,-8.360772,Romance
8085,-47.22426,-26.279758,Crime
8086,-97.7063,6.5644245,Documentary
8087,-57.134068,7.5090857,Comedy
8088,-54.412018,2.1945596,Comedy
8089,25.536972,36.15125,Documentary
8090,-17.330545,82.17654,Comedy
8091,37.265057,-20.558943,Action
8092,-27.49122,89.39142,Comedy
8093,27.929482,-82.70946,Comedy
8094,13.765889,55.297405,Drama
8095,30.678701,-31.132711,Drama
8096,-65.74938,-26.034616,Action
8097,-66.098,0.7553901,Drama
8098,-6.518206,-46.727146,Comedy
8099,16.064436,5.379758,Crime
8100,23.324482,-18.68622,Comedy
8101,-20.375195,18.95979,Horror
8102,29.218275,-41.98229,Drama
8103,52.407497,-34.33148,Action
8104,-9.628363,2.645554,Comedy
8105,17.266079,4.9603176,Drama
8106,-98.08697,13.811443,Documentary
8107,32.304276,65.061165,Documentary
8108,4.2715335,46.698395,Action
8109,16.837013,1.5087152,Adventure
8110,-22.622225,14.902579,Drama
8111,11.641859,-7.232042,Action
8112,-44.435448,-27.2151,Horror
8113,-59.30352,4.0272994,Comedy
8114,19.990696,5.051257,Adventure
8115,-9.629948,102.258415,Action
8116,64.7568,-32.043053,Adventure
8117,-21.800676,-51.121765,Drama
8118,-17.860575,-40.001625,Comedy
8119,-87.82031,-6.9549594,Animation
8120,64.03158,-25.959372,Action
8121,-24.578403,28.571117,Drama
8122,70.10379,-27.630991,Action
8123,71.42707,-23.615582,Adventure
8124,9.534909,-27.691587,Comedy
8125,24.060234,-70.95072,Drama
8126,46.52928,-19.095625,Action
8127,23.52629,-78.80547,Comedy
8128,-70.41951,-11.318196,Action
8129,28.659874,22.641256,Crime
8130,2.2396398,-80.466705,Comedy
8131,-8.913974,-84.61927,Drama
8132,23.567453,-27.197954,Action
8133,-12.230793,-19.205853,Comedy
8134,-9.831677,-0.13445157,Horror
8135,-24.008904,26.65232,Crime
8136,-28.059376,66.59562,Adventure
8137,57.70359,-24.971983,Action
8138,20.782711,-69.487465,Adventure
8139,24.382784,5.897729,Drama
8140,13.319956,50.96528,Animation
8141,18.097319,-72.606285,Drama
8142,-66.28049,-21.005936,Animation
8143,53.633865,-61.77363,Children
8144,29.407734,10.327045,Action
8145,-87.18069,-3.3357706,Animation
8146,-46.30366,54.716976,Horror
8147,-48.332523,-33.68892,Comedy
8148,-19.363298,98.89391,Action
8149,19.778978,-54.113846,Action
8150,29.952782,-11.914517,Action
8151,80.2769,-22.380863,Action
8152,-15.208222,-84.34528,Comedy
8153,24.0982,63.869724,Adventure
8154,-20.133984,98.60818,Comedy
8155,34.69293,-38.317123,Crime
8156,16.061987,75.29971,Action
8157,-40.35802,-48.53855,Comedy
8158,62.02039,-21.949953,Drama
8159,69.10571,-28.101822,Action
8160,22.656507,-0.9251187,Comedy
8161,-50.41629,-34.524384,Documentary
8162,-32.06202,56.852413,Comedy
8163,-11.1519375,81.27483,Adventure
8164,-41.289257,32.342094,Drama
8165,56.348938,-21.53355,Comedy
8166,75.2083,-22.50283,Action
8167,55.031776,-23.529768,Adventure
8168,48.312466,-59.551956,Action
8169,48.613407,45.185165,Documentary
8170,-86.398506,8.485121,Comedy
8171,52.84983,-61.240158,Action
8172,-46.163895,54.506493,Comedy
8173,-25.515692,-64.4117,Comedy
8174,-21.89052,-53.62584,Horror
8175,1.2858641,-6.907295,Drama
8176,47.17458,44.573948,Documentary
8177,-66.68946,-18.091307,Documentary
8178,53.58822,-35.435066,Action
8179,55.64393,-19.00746,Crime
8180,-11.076716,81.60119,Horror
8181,-30.73688,-7.383496,Comedy
8182,-23.315687,-17.891087,Comedy
8183,76.72618,-25.03648,Action
8184,-47.579002,12.267216,Comedy
8185,-9.949988,-1.7289239,Crime
8186,-65.89573,-24.640018,Comedy
8187,-30.838186,71.25943,Documentary
8188,3.2080076,-59.81157,Crime
8189,75.00818,-24.359596,Adventure
8190,40.283005,-62.84578,Comedy
8191,4.597281,-78.41813,Action
8192,-53.064392,4.440953,Horror
8193,-22.37093,-52.504543,Comedy
8194,68.33519,-28.270311,Action
8195,-68.572525,-13.704103,Action
8196,19.868418,48.60018,Thriller
8197,-22.490065,-57.111263,Comedy
8198,70.67778,-27.354374,Action
8199,56.486134,-23.785927,Action
8200,72.362625,-19.266312,Animation
8201,61.5,-31.419054,Action
8202,4.487353,15.44729,Action
8203,7.2895274,-60.895134,Action
8204,35.05374,-13.905302,Action
8205,67.57553,-31.15397,Action
8206,37.472507,-66.16735,Crime
8207,-16.149977,82.04176,Horror
8208,25.36291,-80.62691,Comedy
8209,-42.75992,-7.782498,Comedy
8210,-43.461636,16.539412,Comedy
8211,-19.788605,-80.54403,Sci-Fi
8212,-16.12519,99.787346,Comedy
8213,-34.34985,56.100773,Comedy
8214,21.330683,-78.06814,Comedy
8215,-65.23487,32.354538,Drama
8216,51.034294,-32.451694,Action
8217,-16.191423,81.95118,Drama
8218,39.52022,-4.2186594,Horror
8219,62.881374,-29.898632,Adventure
8220,63.437134,-22.142485,Action
8221,-11.174388,-65.81332,Comedy
8222,48.113842,-22.404066,Action
8223,-12.228571,-66.21199,Comedy
8224,1.5303469,-58.55003,Comedy
8225,20.645819,0.9769997,Action
8226,-7.936247,0.4748604,Drama
8227,31.333908,38.10329,Comedy
8228,53.262413,-61.47707,Action
8229,-74.112305,20.744894,Comedy
8230,51.504513,-34.73598,Adventure
8231,52.874165,-34.51033,Animation
8232,-54.166866,47.10892,Comedy
8233,7.568516,-7.7588716,Action
8234,-67.86697,-15.024557,Action
8235,42.674328,-2.2217557,Comedy
8236,53.421482,-20.649597,Comedy
8237,-10.030285,5.9657655,Action
8238,25.746283,0.6309799,Action
8239,37.275814,-20.440382,Adventure
8240,-66.92156,-19.855093,Documentary
8241,24.82253,5.0029197,Animation
8242,-12.731038,-33.6268,Drama
8243,27.381784,-59.176846,Drama
8244,-44.294083,52.974026,Comedy
8245,35.975666,22.563244,Drama
8246,-57.159317,-8.513577,Action
8247,-36.55118,32.427883,Horror
8248,55.427868,-64.04434,Comedy
8249,36.082718,-67.69464,Action
8250,-24.516119,95.70827,Adventure
8251,-13.708872,-84.64118,Action
8252,68.71845,-17.104172,Action
8253,-30.121462,-45.470264,Comedy
8254,-63.35521,38.64202,Adventure
8255,38.861977,5.1045628,Drama
8256,-38.01653,-6.0323544,Comedy
8257,6.2425356,-22.137531,Horror
8258,23.825214,4.7027106,Action
8259,11.313652,-7.1126375,Action
8260,-35.42605,32.972824,Drama
8261,21.827784,-70.89321,Action
8262,-21.616865,-44.46029,Comedy
8263,41.52941,-69.46024,Action
8264,11.115566,69.26059,Adventure
8265,-58.28919,-31.87735,Comedy
8266,-42.53497,-10.984513,Comedy
8267,14.559443,16.45424,Drama
8268,-94.199196,3.1051037,Documentary
8269,-42.188812,16.524208,Adventure
8270,45.533947,-76.22952,Comedy
8271,11.381521,-43.96472,Crime
8272,40.396503,41.39443,Drama
8273,44.621216,-34.755787,Animation
8274,43.43422,-0.098100446,Adventure
8275,-23.076443,83.96595,Animation
8276,-0.48508868,49.540462,Action
8277,-5.4605875,78.58713,Comedy
8278,20.828184,1.7868749,Action
8279,-16.119043,-8.618751,Comedy
8280,12.175353,-38.937374,Drama
8281,-21.924053,83.55632,Documentary
8282,26.060604,-60.352314,Crime
8283,-58.369347,-35.731895,Drama
8284,-46.000053,54.5881,Comedy
8285,39.37027,2.061587,Drama
8286,-21.41191,30.989618,Action
8287,52.648182,-27.23811,Action
8288,-8.027203,-1.5556371,Comedy
8289,73.56995,-23.960333,Action
8290,3.9593737,29.403152,Drama
8291,-56.69029,9.139354,Drama
8292,11.199454,-53.60705,Comedy
8293,-7.9557314,-0.10420611,Comedy
8294,3.357503,0.046686456,Children
8295,74.97225,-20.86371,Action
8296,79.05781,-24.62448,Adventure
8297,63.659554,-32.144257,Action
8298,6.8768206,-27.3489,Comedy
8299,18.634483,-75.430176,Action
8300,-21.265127,83.28678,Comedy
8301,-98.56881,14.423146,Adventure
8302,22.880337,26.14755,Crime
8303,80.59094,-21.482403,Adventure
8304,-21.05905,29.911116,Drama
8305,70.54673,-11.973834,Comedy
8306,-3.0195591,-22.581133,Action
8307,25.926655,14.677077,Drama
8308,-9.476513,-49.87832,Action
8309,19.318176,-72.42586,Comedy
8310,-67.86436,30.187004,Documentary
8311,38.74615,0.9129636,Crime
8312,50.390057,-20.20616,Adventure
8313,38.288536,20.899567,Drama
8314,-35.94062,-26.63658,Action
8315,55.292397,-63.784973,Drama
8316,21.190962,-19.27115,Action
8317,24.199408,4.6610928,Comedy
8318,-66.66931,33.50166,Action
8319,9.047417,-25.101856,Action
8320,-25.135456,-63.556263,Comedy
8321,33.511673,-14.233145,Comedy
8322,36.49841,8.395805,Action
8323,-12.612869,81.58094,Comedy
8324,47.64879,44.80906,Adventure
8325,-23.076443,83.96595,Comedy
8326,-43.166496,-30.720566,Horror
8327,-66.66947,33.50162,Comedy
8328,33.618065,-87.83976,Children
8329,-10.094156,75.439354,Action
8330,-15.22706,-29.031462,Comedy
8331,-5.4558983,77.58369,Comedy
8332,20.93446,-28.827166,Comedy
8333,-65.74996,-26.035076,Action
8334,9.9733305,96.10101,Drama
8335,-97.30375,6.0694838,Musical
8336,-53.521435,12.776738,Action
8337,-19.717615,-82.41096,Thriller
8338,3.1032143,99.13323,Comedy
8339,13.549756,51.162117,Action
8340,-23.551662,-80.02743,Action
8341,-3.6446378,-70.90561,Drama
8342,-76.10432,17.930786,Animation
8343,6.4390793,96.8908,Comedy
8344,19.769901,33.489006,Action
8345,11.891355,-1.206546,Action
8346,27.67274,-43.22919,Action
8347,49.633698,-14.0942745,Adventure
8348,-90.452354,2.9281864,Drama
8349,-24.086248,81.94014,Adventure
8350,9.948899,-65.29947,Drama
8351,33.010696,-37.80283,Action
8352,26.028282,-78.283424,Comedy
8353,-97.946594,11.699553,Drama
8354,-45.75052,1.6402978,Mystery
8355,-20.133984,98.60818,Action
8356,46.301037,-19.19072,Action
8357,65.83375,-15.961236,Action
8358,54.25862,-32.59778,Action
8359,-50.39008,-7.734457,Crime
8360,13.683873,76.34911,Drama
8361,-12.589544,-66.25634,Adventure
8362,-12.674127,81.50706,Drama
8363,-15.207959,-84.3504,Comedy
8364,-15.973563,-20.536964,Drama
8365,31.40382,-44.045296,Drama
8366,-4.52846,99.84782,Action
8367,-67.65721,-15.504494,Documentary
8368,-16.361883,-84.09351,Crime
8369,-10.985896,58.129005,Comedy
8370,-25.12117,-63.403408,Comedy
8371,8.799955,-57.183712,Comedy
8372,62.257526,7.7993298,Comedy
8373,-64.96168,0.55456436,Animation
8374,-0.9326797,-82.19983,Comedy
8375,-10.032255,-50.40784,Comedy
8376,76.58389,-16.527733,Sci-Fi
8377,37.030937,-59.337437,Action
8378,-8.849893,-81.81983,Comedy
8379,34.837162,-14.342859,Action
8380,-56.232067,46.44653,Animation
8381,-24.609932,95.640884,Animation
8382,52.931065,-34.30076,Action
8383,-1.983192,101.35577,Documentary
8384,-22.784645,18.053452,Crime
8385,62.943634,-28.827383,Adventure
8386,-11.719835,-26.708363,Horror
8387,46.234825,-13.798546,Action
8388,-55.722164,-26.28898,Comedy
8389,15.779201,-74.18289,Comedy
8390,1.5596851,-60.519997,Comedy
8391,40.44006,-58.766315,Drama
8392,-89.34203,-2.9960291,Animation
8393,8.048555,66.412605,Action
8394,-10.07321,75.41892,Comedy
8395,74.99466,-22.020203,Action
8396,62.130844,-23.296938,Adventure
8397,17.74359,1.9138215,Adventure
8398,-60.60238,45.116516,Comedy
8399,-51.495018,6.323319,Horror
8400,19.127424,-5.543629,Adventure
8401,-5.2432203,80.66842,Drama
8402,-25.318653,85.30238,Documentary
8403,-18.873669,58.49228,Documentary
8404,32.91749,49.44995,Action
8405,-24.454712,-62.553696,Action
8406,76.55834,-24.345736,Action
8407,-24.417595,58.83751,Comedy
8408,2.1091278,81.605896,Horror
8409,43.796764,-58.117294,Drama
8410,-18.703646,-41.606316,Drama
8411,64.891815,-24.196815,Adventure
8412,-42.678265,31.389559,Comedy
8413,-58.23399,47.00909,Comedy
8414,48.611195,-30.176945,Drama
8415,-67.46913,31.16964,Comedy
8416,23.83557,-18.68791,Comedy
8417,51.38773,-60.42388,Comedy
8418,-29.036047,-68.91161,Action
8419,27.724731,-62.0403,Action
8420,-45.831665,32.0757,Drama
8421,26.00715,-15.736622,Comedy
8422,-27.874966,91.38351,Action
8423,25.75986,-77.999565,Comedy
8424,59.068085,-18.811663,Action
8425,77.276505,-25.354675,Action
8426,67.33906,-26.486322,Action
8427,-15.047188,-54.933716,Comedy
8428,-53.269215,51.639374,Thriller
8429,-15.118234,-28.018206,Comedy
8430,-63.646183,0.82617825,Horror
8431,23.158945,3.7067397,Comedy
8432,2.8429556,46.55007,Comedy
8433,74.49549,-23.73813,Action
8434,-26.52035,-64.91489,Action
8435,20.204758,-76.94055,Comedy
8436,25.373655,36.00172,Drama
8437,19.91416,-18.41913,Comedy
8438,66.28954,-21.04146,Action
8439,74.19757,-22.010405,Action
8440,47.608234,-59.340935,Action
8441,2.2022095,-3.3883853,Comedy
8442,-50.476833,-31.221596,Comedy
8443,18.645329,33.278324,Drama
8444,-52.47506,5.1888623,Action
8445,-14.6108675,81.82156,Drama
8446,39.62636,-2.7071695,Drama
8447,-94.06172,7.258214,Action
8448,-13.724668,11.746465,Drama
8449,42.3973,-3.704595,Action
8450,45.595753,-13.055905,Action
8451,71.84382,-23.626835,Action
8452,37.510242,12.526079,Comedy
8453,37.55945,45.286175,Drama
8454,27.317854,-61.640736,Comedy
8455,22.667727,-26.508135,Drama
8456,40.32174,-61.52844,Action
8457,3.0508678,79.30148,Documentary
8458,80.62279,-23.24796,Action
8459,-28.422052,68.916016,Comedy
8460,-22.975216,-80.41155,Comedy
8461,-37.72757,15.2752905,Drama
8462,20.310514,-40.948753,Adventure
8463,10.207546,-54.546585,Comedy
8464,10.417523,94.82579,Animation
8465,-9.920352,79.463104,Drama
8466,50.06099,22.378098,Drama
8467,63.15049,-13.136352,Drama
8468,-66.61812,33.50713,Comedy
8469,74.833206,-22.636253,Sci-Fi
8470,16.213923,-20.556915,Crime
8471,4.5957794,-59.867588,Comedy
8472,16.0392,-39.579834,Comedy
8473,-27.505878,35.16432,Drama
8474,-7.1278563,0.07153284,Action
8475,76.46475,-17.480618,Action
8476,-5.6243763,78.76212,Sci-Fi
8477,50.10249,-22.894987,Action
8478,52.03719,-34.20691,Action
8479,11.576989,72.61085,Thriller
8480,-54.983658,5.408817,Comedy
8481,-50.417747,-34.523373,Thriller
8482,24.14427,15.906629,Drama
8483,-2.707522,-22.79249,Comedy
8484,5.999419,66.84755,Comedy
8485,11.292731,72.21491,Comedy
8486,-67.86904,-15.020347,Action
8487,-46.107964,54.819115,Drama
8488,-70.46783,3.7300746,Horror
8489,64.33255,-32.366764,Action
8490,64.62747,-25.038395,Action
8491,24.59387,-80.11178,Drama
8492,-88.006065,-3.2297246,Animation
8493,12.408243,-43.565975,Drama
8494,-58.01849,47.922993,Comedy
8495,25.34856,-78.09722,Action
8496,-7.385767,-1.0336826,Comedy
8497,-39.239418,6.581005,Comedy
8498,-22.31449,50.737545,Horror
8499,31.657843,-31.201271,Action
8500,11.230995,-56.63851,Drama
8501,-34.830105,8.470001,Drama
8502,-60.286263,42.94139,Drama
8503,-51.43976,-25.882534,Horror
8504,-8.736686,101.45722,Comedy
8505,-20.295828,-44.872097,Crime
8506,-21.490162,50.88352,Thriller
8507,10.240935,54.182495,Comedy
8508,-60.776268,2.4704933,Horror
8509,-11.142482,-25.68382,Crime
8510,-32.061913,56.852673,Documentary
8511,-45.26389,-6.8324523,Drama
8512,-23.28827,-60.753666,Documentary
8513,38.5418,-13.228597,Action
8514,-18.128014,19.733963,Drama
8515,15.647282,-21.401777,Action
8516,-2.0027082,99.909966,Comedy
8517,-88.36491,-3.1566286,(no genres listed)
8518,21.533163,-71.38376,Drama
8519,18.954905,-75.847626,Thriller
8520,36.428425,-58.004333,Animation
8521,5.9073443,-28.145329,Comedy
8522,-57.869244,-8.397281,Animation
8523,66.06043,-14.381123,Action
8524,-31.184622,13.025051,Comedy
8525,10.0675125,66.16196,Adventure
8526,-14.812157,-7.2650924,Horror
8527,25.863806,-15.882959,Horror
8528,-40.369076,-50.365852,Comedy
8529,41.66389,-20.370161,Action
8530,-9.234525,-68.868744,Action
8531,-18.938946,-18.542746,Sci-Fi
8532,4.780516,-78.67916,Crime
8533,-8.232445,35.45854,Action
8534,5.125924,-59.266033,Adventure
8535,-90.319305,3.029841,Action
8536,-18.626013,90.14036,Comedy
8537,47.367188,14.971601,Action
8538,-0.93269074,-82.19993,Action
8539,22.575142,-26.597563,Drama
8540,-16.125977,-8.612605,Documentary
8541,46.708538,-13.719303,Action
8542,-55.405872,-25.540068,Drama
8543,-4.104984,-16.58832,Comedy
8544,-24.36766,17.368519,Comedy
8545,37.954662,23.86603,Crime
8546,73.42173,-24.605238,Action
8547,17.494505,1.4280752,Adventure
8548,-32.15176,15.157006,Comedy
8549,-28.077751,35.024456,Crime
8550,2.5599058,26.921396,Drama
8551,2.7201102,99.73266,Action
8552,-89.6069,-2.951054,Animation
8553,-4.171354,80.52549,Adventure
8554,-93.48818,2.7541475,Animation
8555,-97.17686,6.9233036,Drama
8556,24.593903,-80.1118,Comedy
8557,7.5350065,-72.126884,Drama
8558,-12.33983,-39.181866,Action
8559,20.665396,-70.795135,Crime
8560,-19.814882,82.78836,Drama
8561,-46.59839,-32.94075,Comedy
8562,24.717834,-69.921486,Action
8563,-67.140335,-16.784172,Action
8564,3.9664745,-1.0538588,Action
8565,-23.335232,56.115856,Action
8566,-29.489317,16.675335,Comedy
8567,-2.9702606,57.481865,Comedy
8568,-49.112873,14.805938,Adventure
8569,62.111027,5.8500714,Drama
8570,26.806063,16.38667,Comedy
8571,3.3891468,81.481476,Comedy
8572,73.806915,-20.984112,Adventure
8573,-23.288,-60.75506,Comedy
8574,57.823112,-26.96855,Action
8575,14.389839,68.76163,Comedy
8576,-23.552608,-80.02765,Animation
8577,27.39813,-82.152824,Comedy
8578,26.075783,-42.452538,Comedy
8579,26.793783,-81.6666,Comedy
8580,-25.094952,-62.35706,Drama
8581,-89.60689,-2.952037,Comedy
8582,-31.90524,15.573257,Action
8583,35.544777,13.613083,Drama
8584,-27.512112,89.40385,Adventure
8585,-25.33549,58.828873,Documentary
8586,-90.6136,2.8144884,Animation
8587,-50.39237,-34.62205,Animation
8588,49.2669,-26.54088,Action
8589,-65.89573,-24.640018,Comedy
8590,81.68891,-21.761284,Action
8591,-7.912296,101.50433,Documentary
8592,5.9183097,41.475285,Documentary
8593,-19.443792,0.875144,Animation
8594,-23.84454,-61.585857,Comedy
8595,18.970667,-2.1910074,Comedy
8596,44.35478,-74.14355,Action
8597,-21.924053,83.55631,Action
8598,-3.0576363,80.2832,Comedy
8599,63.272568,-27.100706,Adventure
8600,-20.873272,47.69813,Action
8601,-38.00506,-27.36189,Adventure
8602,-24.301043,31.475554,Drama
8603,41.18379,-5.2830353,Children
8604,60.71639,-12.260039,Action
8605,-86.29141,8.61442,Adventure
8606,-35.764698,15.397555,Comedy
8607,-59.638893,4.211696,Comedy
8608,-21.371256,-48.134468,Documentary
8609,25.144987,-69.12515,Drama
8610,-12.0452,100.83889,Comedy
8611,-22.348392,-80.846176,Sci-Fi
8612,1.5526829,-80.86994,Crime
8613,-19.356604,-17.540834,Crime
8614,21.33068,-78.06828,Comedy
8615,14.386882,76.59474,Comedy
8616,-31.742016,16.521284,Comedy
8617,78.80245,-24.64752,Adventure
8618,-12.224579,-32.632595,Drama
8619,46.16137,-17.370409,Drama
8620,2.7381303,51.945614,Adventure
8621,-74.818405,8.930099,Documentary
8622,-10.534198,-84.88858,Comedy
8623,-5.8830442,101.66628,Comedy
8624,1.9136927,51.550125,Comedy
8625,-35.31453,16.560715,Horror
8626,-74.62609,20.824492,Comedy
8627,-20.513926,98.487854,Animation
8628,28.294,52.673794,Drama
8629,-2.627657,-9.176259,Drama
8630,-10.780737,-21.817192,Comedy
8631,-24.04074,84.42519,Comedy
8632,-23.094591,31.136158,Drama
8633,41.517975,-13.48925,Children
8634,9.968913,-73.48614,Comedy
8635,22.846441,-5.836613,Action
8636,63.61083,-15.578162,Action
8637,-26.837141,87.44078,Comedy
8638,63.407772,-26.58601,Adventure
8639,-67.30612,1.1492755,Sci-Fi
8640,-91.03155,-6.2347827,Action
8641,45.860027,-32.63783,Adventure
8642,-52.470592,4.465364,Comedy
8643,-46.598248,-32.94137,Action
8644,-23.990427,-79.63075,Comedy
8645,-24.649004,95.61293,Animation
8646,32.968845,64.14411,Comedy
8647,24.597372,-0.81662434,Action
8648,5.4703083,67.77694,Documentary
8649,12.288806,77.536285,Drama
8650,39.129868,-14.217503,Action
8651,29.375984,-27.199078,Action
8652,-69.10058,2.0846336,Drama
8653,-10.136405,-41.520836,Action
8654,66.88878,-26.930685,Action
8655,-73.37271,20.666252,Comedy
8656,-27.349766,88.85121,Comedy
8657,-34.270393,-25.276018,Crime
8658,-3.4189975,1.2170411,Action
8659,-66.14104,34.953026,Adventure
8660,-90.29742,-7.693014,Drama
8661,-39.235374,-49.557575,Adventure
8662,-29.39854,-70.10554,Animation
8663,-26.261936,-65.03323,Comedy
8664,-25.74401,16.774935,Drama
8665,-69.272316,27.340803,Documentary
8666,-27.891119,64.62339,Horror
8667,-58.703636,-36.1238,Horror
8668,-14.609423,81.82015,Adventure
8669,-58.519802,5.8270626,Comedy
8670,-27.230919,88.421715,Comedy
8671,-27.71617,90.19821,Comedy
8672,-11.013609,82.359695,Comedy
8673,-71.16595,4.621547,Comedy
8674,-20.133984,98.60818,Animation
8675,-0.53360826,100.98268,Comedy
8676,50.58399,-60.115467,Children
8677,-91.03155,-6.2347827,Drama
8678,44.35478,-74.14355,Horror
8679,25.911142,-78.64532,Action
8680,52.849773,-61.240284,Sci-Fi
8681,65.79594,-20.608978,Action
8682,5.281584,-24.115545,Fantasy
8683,82.66568,-22.125841,Action
8684,54.5355,-36.353878,(no genres listed)
8685,67.8755,-27.448631,Action
8686,81.38881,-22.67225,Action
8687,77.16597,-25.066727,(no genres listed)
8688,76.88095,-26.277468,Action
8689,68.29996,-19.102032,Action
8690,51.936718,-32.971905,Action
8691,69.65649,-16.241636,Action
8692,81.03906,-22.211016,Action
8693,82.65132,-22.201637,Action
8694,76.41101,-22.69749,Action
8695,76.96593,-23.144913,Action
8696,80.26855,-23.777756,Action
8697,74.17631,-24.043865,Action
8698,69.4949,-26.749882,Action
8699,-96.03714,11.077215,Action
8700,3.9425242,-63.578053,Children
8701,-27.59516,89.72548,Comedy
8702,-22.975399,-80.41164,Action
8703,-36.021217,-25.99441,Drama
8704,43.24084,-73.69371,Action
8705,-30.001791,-39.1482,Drama
8706,44.267498,46.155643,Comedy
8707,-13.034563,101.009476,Adventure
8708,-58.86292,-36.38774,Comedy
8709,-24.199738,95.94132,Adventure
8710,-87.019844,10.999686,Animation
8711,15.605567,-56.147377,Crime
8712,53.262413,-61.47707,Horror
8713,30.509935,-31.224098,Adventure
8714,51.68051,-38.038303,Drama
8715,-64.96113,0.5555894,Adventure
8716,-48.178513,30.448332,Adventure
8717,-21.544657,97.83541,Animation
8718,-96.55869,14.687839,Animation
8719,44.000656,45.095444,Adventure
8720,18.992197,-72.51689,Action
8721,30.2492,52.32629,Drama
8722,-99.56461,17.639212,Action
8723,35.26223,-31.515491,Animation
8724,-4.427771,-15.075065,Comedy
8725,-60.414913,44.91979,Animation
8726,-18.790213,100.9425,Adventure
8727,-37.590473,34.536655,Comedy
8728,-22.789957,31.009176,Sci-Fi
8729,-27.58498,87.838615,Comedy
8730,2.5994077,47.291645,Drama
8731,-8.702008,57.155045,Drama
8732,-4.17132,80.51969,Drama
8733,-66.1576,34.889378,Comedy
8734,-0.11653577,-81.819954,Drama
8735,-25.976353,10.781017,Adventure
8736,-33.395737,-4.410802,Drama
8737,-1.812213,2.6872272,Documentary
8738,6.9833393,66.6393,Documentary
8739,-33.761173,15.44592,Documentary
8740,-27.545177,16.965473,Documentary
8741,-96.88524,6.480669,Documentary
8742,23.778542,53.40094,Drama
8743,-1.7777048,-82.53499,Comedy
8744,-20.949564,29.373837,Comedy
8745,-37.323326,28.738367,Drama
8746,-49.175896,30.230585,Comedy
8747,15.111306,76.054245,Drama
8748,-24.888254,56.06418,Comedy
8749,21.213404,-70.917046,Thriller
8750,37.88972,-67.5163,Action
8751,-97.17341,6.922116,Animation
8752,1.0718654,100.485504,Comedy
8753,-27.392838,89.03604,Comedy
8754,-72.99495,21.325417,Comedy
8755,-25.050903,85.07292,Comedy
8756,-8.935091,-84.61792,Comedy
8757,46.199547,39.39695,Western
8758,-70.63739,25.01501,Comedy
8759,-2.1513798,-30.358595,Action
8760,11.268238,-56.605057,Drama
8761,14.303212,3.5874336,Comedy
8762,-41.93308,15.1355715,Action
8763,38.523396,-69.73677,Mystery
8764,-37.721714,55.640865,Comedy
8765,27.224346,50.29713,Crime
8766,-13.817862,-39.776577,Western
8767,-85.870636,8.796096,Drama
8768,-51.173767,6.70185,Comedy
8769,22.164383,-2.5635428,Horror
8770,-30.387083,57.378704,Action
8771,-72.81471,9.4343405,Comedy
8772,-25.318644,85.30452,Documentary
8773,2.6342838,56.93395,Documentary
8774,-46.09367,54.810677,Adventure
8775,-20.133984,98.60818,Comedy
8776,-69.36013,5.2097282,Action
8777,-73.187485,21.068039,Animation
8778,13.158946,-28.058308,Comedy
8779,-97.316,14.232486,Animation
8780,-39.8147,15.228353,Comedy
8781,-6.3113084,-83.88445,Action
8782,44.79873,-56.866135,(no genres listed)
8783,-63.721203,40.732704,Comedy
8784,23.32362,-79.310745,Horror
8785,32.197586,-15.417835,Comedy
8786,-89.511444,-3.7352257,Action
8787,2.0369751,-0.70108247,Comedy
8788,-21.248339,98.01981,Comedy
8789,37.575626,-68.049324,Action
8790,25.00765,33.429634,Drama
8791,10.490756,-47.503403,Comedy
8792,-29.418192,-71.95121,Action
8793,28.436863,-41.842247,Action
8794,-65.42533,-29.28592,Drama
8795,-39.99531,14.643183,Drama
8796,67.45087,-17.070454,Children
8797,-10.493505,-85.055046,Action
8798,-24.960337,28.225422,Comedy
8799,11.603096,55.31694,Adventure
8800,62.34842,-32.32041,Adventure
8801,-21.959532,47.19346,Comedy
8802,-27.800617,58.08022,Crime
8803,55.70559,-24.896132,Action
8804,-36.96444,8.562099,Comedy
8805,-87.45101,10.753976,Action
8806,63.463486,-27.04433,Adventure
8807,-8.850686,-40.086853,Drama
8808,16.601954,7.7031713,Action
8809,81.42814,-22.069534,Action
8810,-56.543472,-35.615913,Comedy
8811,6.4278812,79.062904,Horror
8812,-96.88523,6.480667,Action
8813,-20.133984,98.60818,Comedy
8814,25.331076,64.4005,Drama
8815,3.2140806,99.46208,Comedy
8816,29.914722,-15.407307,Comedy
8817,-5.2431664,80.668465,Documentary
8818,-17.172457,101.13585,Animation
8819,11.781672,78.07809,Comedy
8820,-24.609905,95.64089,Animation
8821,-6.5728955,101.038475,Comedy
8822,-58.743065,-36.271008,Thriller
8823,1.5526829,-80.86994,Action
8824,-19.208958,-46.169437,Comedy
8825,-12.885805,100.63133,Comedy
8826,0.1467764,-20.81277,Adventure
8827,18.275276,-25.692453,Action
8828,-99.71551,19.49637,Documentary
8829,-66.68946,-18.091307,Action
8830,-50.417744,-34.523373,Comedy
8831,2.5795588,47.63465,Drama
8832,-71.15737,9.100961,Comedy
8833,-2.0037732,80.141945,Comedy
8834,40.848362,-66.290276,Comedy
8835,65.18552,-31.92449,Action
8836,-24.45471,-62.553963,(no genres listed)
8837,-3.5780685,101.54221,Comedy
8838,15.678968,-39.238693,Action
8839,9.72668,95.21253,Documentary
8840,41.708515,-70.037186,Drama
8841,-14.485928,20.604021,Action
8842,4.032316,7.7003036,Comedy
8843,24.18106,-58.17542,Drama
8844,-63.727486,0.7143058,Comedy
8845,44.35478,-74.14355,Action
8846,-21.625443,-81.315346,Comedy
8847,3.7847173,81.9881,Comedy
8848,-53.52227,12.776978,Children
8849,26.791252,-81.670166,Action
8850,-43.88093,31.193401,Comedy
8851,64.8764,-24.210276,Action
8852,-64.641396,-27.894949,Comedy
8853,-68.72373,-13.440794,Comedy
8854,-69.59055,26.828041,Documentary
8855,28.109512,-61.822678,Action
8856,-54.779827,11.564718,Comedy
8857,10.479639,-58.225426,Comedy
8858,-10.587992,-84.76832,Drama
8859,18.77016,-75.632065,Horror
8860,40.374706,-3.1096084,Comedy
8861,42.222225,-71.02761,Comedy
8862,15.70478,48.655575,Drama
8863,36.250095,43.48709,Comedy
8864,-94.20055,16.739798,Comedy
8865,10.397652,49.568466,Comedy
8866,-22.25664,-15.958593,Comedy
8867,-8.721509,-81.769554,Drama
8868,26.095613,-64.60125,Action
8869,-31.343538,74.13033,Action
8870,-35.453247,10.514938,Horror
8871,-5.773365,77.43963,Action
8872,-58.375046,48.6844,Comedy
8873,-2.7316585,101.45694,Comedy
8874,-27.54502,16.966335,Animation
8875,-22.137384,-51.296864,Comedy
8876,-49.87979,53.57113,Comedy
8877,-94.27329,20.854435,Animation
8878,-2.71313,100.374245,Comedy
8879,70.23149,-17.190552,Adventure
8880,22.514994,-78.79659,Thriller
8881,-86.764114,9.491998,Action
8882,15.10958,76.06748,Comedy
8883,12.249864,17.017998,Drama
8884,44.888287,-56.684925,Action
8885,-66.33379,-19.93936,Documentary
8886,28.911373,62.57296,Comedy
8887,2.2786756,79.361084,Comedy
8888,30.469494,62.322235,Comedy
8889,47.01173,-14.576867,Action
8890,36.663147,0.8774364,Comedy
8891,-56.14473,-35.763786,Adventure
8892,-41.910526,-29.79344,Documentary
8893,43.61915,-56.86517,Comedy
8894,28.752775,-42.937782,Action
8895,14.756066,-54.67727,Comedy
8896,31.48772,67.50149,Documentary
8897,-12.141134,-84.793724,Comedy
8898,-1.9772803,101.32594,Comedy
8899,-94.86014,7.9180355,Animation
8900,77.32236,-21.520697,Adventure
8901,-58.382267,5.7966256,Documentary
8902,-29.417189,-70.301834,(no genres listed)
8903,12.461685,70.36496,Drama
8904,74.22749,-22.266413,Adventure
8905,52.620396,-23.90109,Action
8906,75.87861,-22.788244,Fantasy
8907,-8.304767,57.50473,Comedy
8908,54.57161,-62.590755,Adventure
8909,-11.035078,-21.765322,Drama
8910,72.06204,-19.303587,Animation
8911,36.566826,40.759445,Action
8912,2.922046,-6.127011,Action
8913,46.844078,-24.47583,Action
8914,-10.268881,3.090435,Comedy
8915,75.140366,-23.224087,Action
8916,66.5427,-27.829542,Action
8917,67.7502,-28.99985,Action
8918,30.429993,62.354076,Children
8919,-37.727585,15.275032,Documentary
8920,-22.784601,18.055632,Action
8921,-8.3047695,57.504734,Action
8922,47.019455,-19.588053,Comedy
8923,-64.88602,-24.756437,Comedy
8924,72.5617,-19.205202,Adventure
8925,-65.57803,-18.717712,Comedy
8926,26.791256,-81.67035,Action
8927,65.79144,-29.21604,Adventure
8928,26.593395,-27.909248,Crime
8929,78.34571,-24.80268,Action
8930,-56.382732,-36.386406,Action
8931,55.51662,-64.2091,Action
8932,44.56269,-74.45225,Horror
8933,-19.690062,98.74763,Animation
8934,-20.9682,98.19433,Animation
8935,-16.12519,99.787346,Animation
8936,-24.454538,95.7535,Animation
8937,33.111485,-87.45773,Comedy
8938,-23.193123,96.69083,Comedy
8939,-22.440998,97.24816,Comedy
8940,-47.65513,30.529495,Action
8941,-23.32275,96.594444,Comedy
8942,-56.68506,6.1284523,Comedy
8943,-20.133984,98.60818,Animation
8944,-22.975399,-80.41164,Comedy
8945,-22.511555,83.754105,Comedy
8946,-94.46955,20.869265,Animation
8947,18.499136,17.822231,Drama
8948,-10.499676,-39.8778,Drama
8949,13.893114,-1.8651012,Adventure
8950,-66.93513,-19.855465,Horror
8951,20.12351,-77.117935,Drama
8952,40.766323,-65.89417,Crime
8953,-2.571848,-55.177383,Comedy
8954,-8.913974,-84.61927,Comedy
8955,26.830921,-77.5369,Thriller
8956,25.707403,-67.68144,Action
8957,-28.010439,-63.048737,Action
8958,-16.125214,99.78732,Horror
8959,-21.048122,-47.124096,Comedy
8960,-35.764713,15.39756,Comedy
8961,-2.7316585,101.45694,Crime
8962,20.249792,-69.54673,Action
8963,78.28415,-24.859219,Action
8964,-1.7486677,-82.575096,Adventure
8965,-15.207958,-84.3504,Horror
8966,-21.723679,-49.138042,Drama
8967,25.144592,33.957237,Documentary
8968,5.3050213,-78.34483,Crime
8969,52.044224,-60.91378,Drama
8970,19.84423,43.739697,Comedy
8971,78.21789,-21.928402,Adventure
8972,-97.43019,6.9056544,Action
8973,-28.116623,47.664875,Action
8974,44.472908,-8.309423,Action
8975,49.92234,-60.24997,Crime
8976,-77.0794,16.981668,Comedy
8977,12.570008,-27.074991,Adventure
8978,26.209888,9.113847,Drama
8979,-21.580894,18.455502,Comedy
8980,23.608768,-78.23161,Comedy
8981,30.82871,-86.7989,Horror
8982,7.4385314,96.662964,Action
8983,-90.59916,-2.7657905,Animation
8984,46.2544,-59.199123,Comedy
8985,3.2140806,99.46208,Adventure
8986,-24.609905,95.64089,Animation
8987,16.018875,-57.221184,Drama
8988,-91.03155,-6.2347827,Action
8989,30.531366,62.37922,Comedy
8990,68.74379,-20.325386,Adventure
8991,-51.623657,-25.318289,Crime
8992,-24.233753,-18.457844,Horror
8993,-12.902481,102.41654,Animation
8994,17.485819,-19.730728,Action
8995,31.262346,8.276192,Crime
8996,-40.63764,-28.566288,Drama
8997,34.837566,-73.012566,Crime
8998,-58.516445,5.826319,Romance
8999,-47.702538,-11.310589,Animation
9000,19.031158,-71.97815,Thriller
9001,-29.422323,-72.00037,Action
9002,-6.8733726,-68.768555,Comedy
9003,-62.91347,42.188694,Comedy
9004,-15.204451,-84.32724,Horror
9005,0.23064148,79.75259,Comedy
9006,40.16906,0.20479394,Comedy
9007,-19.759356,98.90935,Comedy
9008,26.910774,63.75607,Drama
9009,11.096078,19.080988,Drama
9010,-14.083218,-81.34949,Drama
9011,-8.4090605,-11.801463,Drama
9012,-23.32275,96.594444,Comedy
9013,-28.812202,47.87219,Horror
9014,-13.989582,57.82995,Comedy
9015,-65.42292,-29.285646,Comedy
9016,-72.940094,21.398619,Adventure
9017,-98.09006,13.852853,Animation
9018,-8.846643,0.96342707,Comedy
9019,18.82923,-71.06548,Crime
9020,-94.49329,8.04613,Animation
9021,-75.85192,18.02559,Comedy
9022,8.644949,96.78256,Drama
9023,7.6261206,-34.64624,Action
9024,38.07021,3.8940306,Drama
9025,-58.935326,3.1087365,Crime
9026,-92.65836,1.4886726,Action
9027,-19.800674,82.745,Comedy
9028,-12.136967,-84.79854,Crime
9029,41.04864,-67.15572,Horror
9030,31.407202,-24.307837,Comedy
9031,74.0554,-22.54664,Action
9032,11.724242,-8.684877,Drama
9033,-15.314285,-58.170994,(no genres listed)
9034,-30.387455,57.379253,Action
9035,-24.575882,26.688242,Action
9036,-8.377432,-42.46046,Drama
9037,-37.90471,56.19088,Comedy
9038,-52.42855,10.527443,Action
9039,-59.63699,4.2109528,Comedy
9040,42.342663,-59.155262,Drama
9041,22.380714,14.427329,Crime
9042,-12.883559,100.62332,Comedy
9043,15.332613,19.979843,Drama
9044,-59.585007,4.1880693,Comedy
9045,-60.414913,44.91979,Comedy
9046,-100.011185,19.951935,Adventure
9047,27.89863,63.113304,Comedy
9048,-49.630077,53.417747,Comedy
9049,-31.743732,-4.026589,Adventure
9050,-12.684634,81.48354,Comedy
9051,30.708157,62.403835,Adventure
9052,22.049263,53.63059,Documentary
9053,-39.23955,-5.20971,(no genres listed)
9054,-0.6993857,3.4788704,Drama
9055,-14.403738,100.30647,Comedy
9056,53.662098,-61.738136,Children
9057,-15.063809,100.128555,Comedy
9058,-68.572525,-13.704103,Action
9059,22.190496,-71.306335,Crime
9060,-99.56461,17.639212,Documentary
9061,-19.814882,82.78836,Comedy
9062,-35.603695,-8.700609,Drama
9063,-70.66256,-11.114128,Horror
9064,8.167729,-30.811253,Comedy
9065,-16.654665,-9.309409,Action
9066,-18.528408,42.9595,Comedy
9067,-1.748924,-82.5748,Drama
9068,-1.9831918,101.35576,Comedy
9069,41.80307,-13.25043,Adventure
9070,1.4065763,50.6472,(no genres listed)
9071,35.644226,16.192749,Thriller
9072,-10.05423,-39.38955,Drama
9073,-35.72348,32.34655,Action
9074,10.36051,-58.40256,Drama
9075,15.867532,75.21722,Action
9076,-28.420053,-21.750977,Comedy
9077,-57.730255,48.168346,Horror
9078,39.48233,-61.39886,Comedy
9079,28.911373,62.57296,Comedy
9080,-16.255423,-36.22718,Comedy
9081,58.563972,-20.241734,Animation
9082,17.527905,-73.91271,Crime
9083,-13.676846,100.46346,Comedy
9084,31.192888,-39.422333,Animation
9085,22.820686,-78.65077,Mystery
9086,-39.29469,-26.648094,Comedy
9087,75.279396,-21.859348,Action
9088,-7.352801,-39.860916,Drama
9089,28.181662,15.350048,Drama
9090,37.689415,2.1826062,Drama
9091,7.315112,-75.2951,(no genres listed)
9092,-13.545833,58.66345,Drama
9093,25.408464,-70.38665,Action
9094,43.727886,47.201675,Documentary
9095,-8.305101,57.504528,Comedy
9096,-12.883429,100.62277,Comedy
9097,5.3338375,-26.795938,Comedy
9098,7.0834765,78.96546,Documentary
9099,-16.061647,-28.243595,Comedy
9100,-69.59056,26.828037,Documentary
9101,-65.63079,-27.916792,Comedy
9102,-7.544128,-84.33865,Comedy
9103,40.94695,-59.287632,Action
9104,7.0834765,78.96546,Comedy
9105,7.454332,-74.86231,Action
9106,16.110533,7.641428,Comedy
9107,27.605574,-43.32882,Adventure
9108,23.689259,-71.02881,Drama
9109,6.9911156,-62.116783,Comedy
9110,-12.68239,81.486824,Comedy
9111,26.75623,63.985706,Horror
9112,-29.246445,-69.45243,Animation
9113,-2.6069536,-6.135427,Comedy
9114,-33.761147,15.445986,Documentary
9115,17.544437,48.480286,Drama
9116,-55.050514,5.429598,Children
9117,53.447502,-61.619255,Sci-Fi
9118,-23.288816,-60.75476,Crime
9119,21.644304,-28.069265,Drama
9120,51.67738,-35.0134,Adventure
9121,47.608234,-59.340935,Action
9122,-9.518298,101.352974,Comedy
9123,-27.800617,58.08022,Comedy
9124,-69.87203,26.344582,Crime
9125,-59.059967,-36.43014,Comedy
9126,42.06164,45.535057,Comedy
9127,13.456417,51.15302,Action
9128,37.614872,2.8840468,Drama
9129,-94.70413,20.815268,Adventure
9130,-57.74908,48.47732,Documentary
9131,-98.84854,20.39566,Animation
9132,-1.3820683,-83.97564,Fantasy
9133,-8.91522,-84.60877,Action
9134,-38.113785,55.50155,Comedy
9135,-8.474238,57.340153,Drama
9136,-15.851915,-21.46964,Children
9137,-4.363224,101.5853,Comedy
9138,-100.01118,19.951933,(no genres listed)
9139,-35.55792,53.4245,Comedy
9140,32.111782,65.6444,Crime
9141,32.051144,65.86205,Crime
9142,-22.781868,96.99719,Crime
9143,-99.77483,19.49556,Crime
9144,-99.77483,19.49556,Crime
9145,-74.5303,10.632396,Adventure
9146,-74.212555,20.968935,Adventure
9147,-26.500319,90.191605,Sci-Fi
9148,-70.56505,-10.995551,Adventure
9149,-70.71096,-11.331473,Adventure
9150,-26.42966,86.58925,Action
9151,-73.28934,20.980894,Sci-Fi
9152,2.6758451,99.67007,Comedy
9153,-49.51529,53.713085,Action
9154,-28.420057,-21.750923,Action
9155,1.4255084,79.50568,Comedy
9156,-68.4274,1.6644593,Documentary
9157,20.345737,-22.354704,Adventure
9158,-29.42737,-72.042984,Comedy
9159,14.609599,42.02576,Comedy
9160,-1.7847435,-1.4458266,Drama
9161,-65.617004,-24.532352,Comedy
9162,39.20827,9.399619,Drama
9163,-14.609836,81.81981,Comedy
9164,29.203009,-23.99092,Comedy
9165,-74.4506,8.569797,Comedy
9166,-96.54821,14.656318,Crime
9167,-90.297356,-7.6929584,Children
9168,-12.141066,-84.794174,Thriller
9169,-41.76845,55.604256,Adventure
9170,-94.39457,16.596018,Animation
9171,27.710938,-37.34484,Comedy
9172,20.215174,-19.413534,Comedy
9173,-62.69655,43.26627,Animation
9174,-38.29959,55.949142,Horror
9175,-44.26002,15.428829,Comedy
9176,-34.817924,54.33849,Horror
9177,10.350367,54.500004,Horror
9178,-87.18077,10.893156,(no genres listed)
9179,0.9251344,-7.894804,Drama
9180,2.2130816,100.02384,Comedy
9181,37.225735,-20.723394,Comedy
9182,19.676083,-22.296614,Children
9183,29.954363,-84.98617,Romance
9184,70.91955,-24.040737,Action
9185,6.7031326,97.29684,Comedy
9186,1.0720128,100.48598,Comedy
9187,-29.3062,-63.041584,Thriller
9188,3.1723442,-63.588608,Action
9189,9.581472,72.35565,Comedy
9190,-13.708889,-84.64119,Action
9191,-24.71473,-78.9258,Horror
9192,-62.026806,-20.820934,Action
9193,-94.113655,4.6608386,Action
9194,-14.403738,100.30647,Adventure
9195,-74.53151,21.089417,Comedy
9196,-22.489967,-53.68231,Comedy
9197,13.440523,77.25696,Documentary
9198,-41.79394,55.80313,Action
9199,-58.98767,-35.639877,Comedy
9200,19.5446,-44.20546,Action
9201,-13.465195,-83.002815,Comedy
9202,6.302974,-27.881857,Comedy
9203,27.929457,-82.70949,Action
9204,21.885075,-78.398155,Drama
9205,-12.808999,-34.89974,Drama
9206,-17.5075,-83.5727,Horror
9207,18.508814,-75.23592,Comedy
9208,44.031364,-57.614388,Children
9209,-13.547011,58.670074,Drama
9210,4.661863,-23.007229,Comedy
9211,49.647602,-60.11828,Horror
9212,-29.24649,-69.45243,Documentary
9213,-96.84427,6.080459,Mystery
9214,-95.63105,20.890377,Animation
9215,32.762817,-27.673445,Drama
9216,-26.2115,13.379495,Action
9217,7.6508374,-73.520966,(no genres listed)
9218,54.495697,-36.120438,Adventure
9219,23.074076,34.599403,Adventure
9220,17.225172,-72.879555,Drama
9221,10.359995,3.3004184,Thriller
9222,43.3473,-35.121044,Action
9223,78.38756,-21.56601,Action
9224,11.345688,-8.151339,Comedy
9225,-21.994028,-55.900303,Drama
9226,-1.222374,-31.927666,Comedy
9227,-7.8024545,80.83731,Comedy
9228,-93.95819,8.259313,Horror
9229,-37.72749,15.27527,Drama
9230,-92.65836,1.4886726,Drama
9231,-58.516693,5.8262587,Horror
9232,17.26955,3.350599,Action
9233,26.130907,-81.18326,Children
9234,-23.715086,96.29831,Documentary
9235,0.44651663,72.05232,Adventure
9236,-77.32401,10.803235,Comedy
9237,-34.27034,-25.275404,Animation
9238,-65.895485,-24.63992,Children
9239,-62.271927,35.760048,Comedy
9240,-2.561938,-82.928375,Comedy
9241,-57.81448,48.573685,Documentary
9242,-66.28495,33.523014,Comedy
9243,-14.207332,-11.614358,Drama
9244,-63.757553,40.6604,Comedy
9245,-10.002165,-25.548208,Drama
9246,-0.11651286,-81.82028,Action
9247,-34.61754,7.9381347,Action
9248,-43.166336,-30.719378,(no genres listed)
9249,16.187994,7.0986915,Comedy
9250,9.743108,-54.58444,Comedy
9251,-35.769062,14.372215,Adventure
9252,-53.733173,-11.507944,Comedy
9253,-6.666613,-46.38219,Comedy
9254,-6.36938,-84.093636,Comedy
9255,-94.3658,20.869093,Adventure
9256,11.051534,69.11139,Comedy
9257,-26.731573,33.783775,Drama
9258,-22.490143,-53.682156,Animation
9259,12.990434,75.97317,(no genres listed)
9260,54.346195,-36.08131,Action
9261,15.580726,-39.574623,Comedy
9262,-6.3694463,-84.0937,Mystery
9263,-13.751806,-55.83263,Crime
9264,-31.815126,-66.82364,Thriller
9265,-58.54767,48.543346,Comedy
9266,-17.860569,-40.001617,Comedy
9267,-20.581913,83.034775,Comedy
9268,-12.684616,81.48354,Comedy
9269,-23.164028,-19.412884,Drama
9270,6.011829,-77.54631,Drama
9271,53.633865,-61.77363,Action
9272,12.801357,-43.362335,Drama
9273,-7.2732487,-39.44094,Comedy
9274,78.75905,-22.01969,Adventure
9275,10.462738,-42.436596,Comedy
9276,57.796272,-19.851377,Animation
9277,12.869783,55.453224,Comedy
9278,25.764656,-68.17845,Action
9279,41.122627,-73.75176,Action
9280,25.619638,12.751569,Drama
9281,-5.105918,101.63145,Animation
9282,25.065105,-68.22032,Action
9283,29.306314,-84.26263,Comedy
9284,7.784058,96.41571,Drama
9285,-21.05434,15.398021,Action
9286,22.75559,0.065846495,Crime
9287,20.506653,-77.44627,Action
9288,-15.688392,-58.276947,Sci-Fi
9289,-95.63105,20.890377,Comedy
9290,-13.383931,-33.60956,Action
9291,6.174115,-50.163498,Drama
9292,-16.189865,20.87178,Action
9293,24.205448,24.82777,Drama
9294,64.465416,-31.055698,Adventure
9295,61.98699,-32.148647,Children
9296,-39.814804,15.228979,Documentary
9297,11.92313,0.54957473,Animation
9298,-65.89534,-24.639849,Action
9299,-1.2630547,101.218925,Comedy
9300,-22.291712,-50.250748,Action
9301,14.592617,71.928375,Drama
9302,37.076763,43.75105,Drama
9303,23.536097,25.014664,Mystery
9304,-24.734076,84.84368,Comedy
9305,-19.473862,-45.673195,Comedy
9306,57.88967,-24.34671,Action
9307,-27.49122,89.39142,(no genres listed)
9308,12.12454,-28.444317,Comedy
9309,-71.6465,-10.314842,Adventure
9310,-38.127373,-5.900901,Comedy
9311,-22.876942,17.406456,Comedy
9312,-18.810268,-82.9094,Horror
9313,54.422737,-33.036343,Action
9314,-37.642345,32.69542,Drama
9315,-1.0401989,-35.419163,Comedy
9316,-58.672527,48.209167,(no genres listed)
9317,-95.027245,21.001238,Animation
9318,-97.07581,11.505009,Documentary
9319,-29.412035,-71.81083,Comedy
9320,60.84817,-12.177636,Horror
9321,4.7030444,79.17288,Drama
9322,61.42606,-30.889223,Action
9323,34.799232,-13.99951,Action
9324,48.50011,45.14205,Documentary
9325,-21.047974,-47.12416,Action
9326,-29.31442,-23.344656,Drama
9327,-36.021053,-25.9944,Drama
9328,63.07461,-23.559393,Action
9329,21.33068,-78.06828,Thriller
9330,-11.152358,81.27518,Action
9331,66.6718,-29.122791,Action
9332,5.260404,-22.998657,Action
9333,14.745299,-2.9496922,Comedy
9334,52.163136,-36.33025,Adventure
9335,-9.065983,-2.5006752,Horror
9336,36.945164,-23.241861,Adventure
9337,4.9760942,98.34497,Drama
9338,-22.488665,-53.682438,Drama
9339,-13.745905,11.761375,Action
9340,-97.117516,14.265432,Animation
9341,-19.717548,-82.410835,Action
9342,-30.835773,-23.27769,Action
9343,-23.56734,84.19691,Animation
9344,52.61506,-61.12362,Horror
9345,4.559698,-28.91175,Drama
9346,41.150444,-67.69709,Horror
9347,38.165337,-19.770283,Drama
9348,-22.370811,-52.50463,(no genres listed)
9349,-20.58211,83.03439,Comedy
9350,-87.52057,-4.748737,Action
9351,-43.16446,-30.720724,Sci-Fi
9352,19.372353,17.23949,Crime
9353,22.421917,-0.69831616,Comedy
9354,42.628174,-73.09331,Action
9355,-67.27543,-16.075508,Action
9356,13.130207,1.6222656,Comedy
9357,-17.621067,10.216262,Crime
9358,-15.372797,21.053913,Action
9359,-8.175075,-1.9440857,Thriller
9360,45.53399,-76.229485,Drama
9361,29.306314,-84.26263,Action
9362,-28.242239,-6.8250785,Comedy
9363,19.867117,49.882767,Thriller
9364,8.788585,10.514449,Action
9365,-20.528145,98.51736,Comedy
9366,50.15671,-23.024618,Action
9367,-0.3229224,98.11573,Drama
9368,-20.520123,42.27491,Action
9369,19.765024,0.10862536,Adventure
9370,27.570335,-59.19194,Comedy
9371,48.383533,-25.539438,Drama
9372,55.93136,-25.059738,Fantasy
9373,20.516348,2.807233,Thriller
9374,41.39595,-12.063299,Crime
9375,-19.021715,-42.1777,Crime
9376,-72.660034,21.878975,Action
9377,-59.309105,-34.551094,Animation
9378,18.732191,44.027683,Action
9379,-97.27342,20.866877,Animation
9380,-97.58162,20.835249,Animation
9381,39.4344,-4.1832075,Animation
9382,-94.8577,20.70409,Animation
9383,-70.63741,25.014988,Comedy
9384,-70.38316,25.455803,Animation
9385,37.726727,3.3589456,Drama
9386,-68.234276,-14.309835,Comedy
9387,-91.03155,-6.2347827,Adventure
9388,-99.099495,20.267824,Animation
9389,-54.696934,2.0494964,Horror
9390,-31.411407,14.536967,Horror
9391,-18.691528,82.43235,Sci-Fi
9392,44.11997,-1.1544454,Sci-Fi
9393,42.194904,-20.725628,Animation
9394,-18.726053,82.48534,Action
9395,24.531551,35.478035,Drama
9396,5.212635,97.40975,Drama
9397,26.791252,-81.670166,Comedy
9398,-54.783092,11.567916,Documentary
9399,-25.805521,-64.32846,Comedy
9400,3.7055714,-79.54449,Documentary
9401,-49.876053,53.563442,Children
9402,-2.5619884,-82.92804,Romance
9403,25.598614,-78.43618,Action
9404,66.21589,-14.201465,Comedy
9405,-2.108767,80.63642,Documentary
9406,-22.66326,-58.211933,Drama
9407,47.340298,-19.565777,Mystery
9408,15.448696,-5.9662733,Comedy
9409,-7.544128,-84.33865,Comedy
9410,25.807373,-67.66876,Comedy
9411,28.273296,-43.08456,Action
9412,-72.69347,21.826385,Comedy
9413,-22.448902,-56.02377,(no genres listed)
9414,-15.208032,-84.35058,Drama
9415,3.666714,1.3464738,Drama
9416,6.812254,47.11874,Drama
9417,44.08803,-73.827065,Thriller
9418,-94.638985,4.076757,Comedy
9419,44.7343,-56.23332,Comedy
9420,5.655358,79.10134,Documentary
9421,-63.737713,40.696198,Documentary
9422,15.03753,-9.363935,Action
9423,-100.32934,19.594332,Animation
9424,38.983204,46.373363,Documentary
9425,-51.643223,13.800012,Comedy
9426,-94.780464,19.510746,(no genres listed)
9427,-95.21651,20.667213,Adventure
9428,9.3278885,55.596058,Adventure
9429,23.037636,51.544262,Animation
9430,73.15494,-23.102184,Adventure
9431,17.237194,-2.961568,Comedy
9432,37.043827,-59.313683,Adventure
9433,79.39588,-22.601175,Action
9434,39.385387,-2.7610872,Drama
9435,13.178355,-27.867258,Action
9436,24.32789,64.73923,Thriller
9437,56.925014,-23.637175,Adventure
9438,39.26152,-0.49498516,Drama
9439,4.1483994,-0.25875667,Drama
9440,11.089398,69.82443,Drama
9441,20.325754,-19.36657,Comedy
9442,67.43266,-16.389698,Animation
9443,-10.504502,101.68412,Documentary
9444,54.473854,-62.480167,Drama
9445,54.50189,-32.49239,Action
9446,19.786562,4.60355,Comedy
9447,45.41687,-76.039825,Horror
9448,-96.99338,6.745284,(no genres listed)
9449,-12.643454,74.50914,Comedy
9450,-22.48987,-57.111294,Documentary
9451,-26.065264,10.814933,Comedy
9452,54.71421,-20.336327,Action
9453,-89.33308,-8.238952,Animation
9454,-49.53863,15.243989,Children
9455,-27.301685,88.648155,Comedy
9456,-93.70223,8.383535,Action
9457,-72.48125,22.163282,Animation
9458,-73.37271,20.666246,Comedy
9459,-68.23428,-14.309837,Comedy
9460,-22.512083,83.75399,Animation
9461,21.45667,2.9369369,Action
9462,38.780308,-3.0434341,Horror
9463,69.68308,-17.913372,Action
9464,70.54748,-27.207857,Action
9465,15.535964,19.543684,Crime
9466,13.541627,50.868835,Comedy
9467,-22.490067,-57.111263,Drama
9468,-13.908519,-53.85439,Sci-Fi
9469,80.78654,-21.847815,Fantasy
9470,70.86277,-23.589125,Animation
9471,-0.9325419,-82.19977,Action
9472,24.479538,46.792313,Drama
9473,-2.016672,-4.4808626,Drama
9474,48.68573,-25.187641,Action
9475,-68.918655,27.964365,Comedy
9476,51.64439,-37.590435,Drama
9477,-27.230919,88.421715,Comedy
9478,-27.86785,91.337616,(no genres listed)
9479,-22.490028,-53.682175,Thriller
9480,23.942053,-79.691414,Horror
9481,7.5076475,-74.6613,Sci-Fi
9482,-70.26872,-11.389375,Comedy
9483,40.953056,-66.69945,Drama
9484,48.388863,-26.794752,Action
9485,52.884968,-24.22518,Action
9486,-52.6604,4.573486,Action
9487,40.3021,-62.12825,Action
9488,-26.145622,-77.42195,Action
9489,-94.19912,3.1051674,Drama
9490,-71.55049,23.509275,Comedy
9491,-19.6961,42.751476,Action
9492,-57.72701,-25.668673,Comedy
9493,-71.868675,23.052567,Comedy
9494,-21.907118,-50.024677,Comedy
9495,-97.86925,20.77707,Animation
9496,-25.721327,48.255974,Drama
9497,-97.09523,11.792087,Action
9498,-97.57441,20.835241,Animation
9499,46.685238,-19.050161,Action
9500,16.82799,1.510701,Action
9501,63.741116,-25.941383,Action
9502,-20.276226,49.899815,Children
9503,80.9535,-23.275776,Action
9504,7.6538405,-73.525955,Comedy
9505,-13.54367,58.665646,Documentary
9506,-65.42041,-29.285046,Comedy
9507,15.708123,-1.7103771,Action
9508,-36.605537,8.368003,Horror
9509,66.53609,-28.886543,Adventure
9510,-53.787327,47.09316,Comedy
9511,-97.464966,11.384912,Documentary
9512,-45.277607,54.57624,Drama
9513,-38.203625,56.09952,Documentary
9514,-98.08697,13.811443,(no genres listed)
9515,46.410824,-77.059044,(no genres listed)
9516,-40.363808,-28.640366,Comedy
9517,-27.540703,16.968575,Drama
9518,-99.72146,19.49625,(no genres listed)
9519,25.43984,26.364098,Comedy
9520,-51.949467,-25.431353,Drama
9521,20.677452,3.5345252,Action
9522,22.257883,8.523428,Action
9523,-10.831775,58.23069,Comedy
9524,-3.468212,-17.09215,Comedy
9525,-25.98124,17.218304,(no genres listed)
9526,-16.151379,82.043564,Drama
9527,-24.233753,-18.457844,Drama
9528,-38.63882,-48.887924,Comedy
9529,-47.756557,-26.50402,Comedy
9530,-22.137333,-51.29685,Drama
9531,-58.761463,-36.299706,Comedy
9532,-27.13023,-76.03844,Comedy
9533,-36.021053,-25.9944,Documentary
9534,-97.573906,6.8626127,(no genres listed)
9535,72.22147,-19.314604,Adventure
9536,-95.027245,21.001238,Animation
9537,-94.8577,20.70409,Animation
9538,-95.027245,21.001238,Adventure
9539,-95.42731,20.865349,Animation
9540,-95.830826,20.853342,Animation
9541,48.628777,45.192165,(no genres listed)
9542,10.417523,94.82579,Action
9543,5.437299,98.10149,Documentary
9544,-95.21651,20.667213,Adventure
9545,-94.11901,16.785587,Adventure
9546,-97.57441,20.835241,Animation
9547,-90.88192,2.6391706,Action
9548,-89.1137,-3.030894,Animation
9549,-100.011185,19.951935,Animation
9550,67.95419,-26.14909,Action
9551,28.55286,59.4649,Drama
9552,0.9153114,50.819115,Comedy
9553,23.236223,8.068587,Comedy
9554,-27.799782,90.730515,Documentary
9555,-73.801216,7.8143024,Comedy
9556,-29.411545,-71.714905,Comedy
9557,65.34543,-31.774212,Action
9558,48.857967,-59.788273,Action
9559,-9.537363,81.08896,Documentary
9560,-98.130486,20.711164,Animation
9561,-97.86925,20.77707,Animation
9562,-98.09006,13.852853,(no genres listed)
9563,-10.3377905,101.210014,Comedy
9564,-13.708872,-84.64119,Thriller
9565,-90.29742,-7.693014,Adventure
9566,17.867556,47.18963,Sci-Fi
9567,15.529513,-20.81714,Thriller
9568,1.0720128,100.48598,Comedy
9569,-21.79237,58.22029,Comedy
9570,-99.5549,17.552626,Drama
9571,70.891914,-24.231771,Action
9572,-62.364395,1.5377488,Animation
9573,-91.03155,-6.2347827,(no genres listed)
9574,-94.20987,8.147608,Horror
9575,-93.87482,20.875128,Comedy
9576,-33.76444,15.446421,Comedy
9577,-35.114727,-27.499445,Crime
9578,-22.256592,-15.958616,Comedy
9579,17.615528,-10.143404,Comedy
9580,10.860009,72.37728,Comedy
9581,20.23758,-9.506306,Fantasy
9582,39.540657,-4.2024903,Horror
9583,-95.027245,21.001238,Animation
9584,67.25686,-14.543637,Horror
9585,-95.42731,20.865349,Adventure
9586,-98.130486,20.71117,Animation
9587,-94.34722,8.096093,Animation
9588,-97.58162,20.835249,Animation
9589,-94.119,16.785587,Animation
9590,43.413532,-54.125175,Animation
9591,27.86102,-54.35256,Horror
9592,-9.890681,12.014622,Action
9593,32.83225,-87.26851,Comedy
9594,20.389515,33.672302,Action
9595,23.25145,-18.468548,Action
9596,-91.03155,-6.2347827,Comedy
9597,-27.545013,16.966223,Comedy
9598,-20.894297,-14.255004,Documentary
9599,-40.36405,-28.640326,Comedy
9600,-70.540634,-11.21069,Comedy
9601,-72.044876,5.791259,Animation
9602,62.2258,-22.610577,Action
9603,-96.8988,6.497532,Comedy
9604,58.482533,-26.429993,Sci-Fi
9605,12.913601,-48.644207,Adventure
9606,5.655358,79.10134,Drama
9607,19.189627,33.364662,Comedy
9608,10.386232,-7.9978256,Drama
9609,14.503823,55.182106,Documentary
9610,44.888,-75.0101,Drama
9611,-99.098885,20.266985,(no genres listed)
9612,-88.41258,-7.162377,Animation
9613,20.543245,2.64407,Crime
9614,-60.414913,44.91979,Comedy
9615,53.694874,-33.16971,Action
9616,-27.042988,87.93039,Comedy
9617,-16.086596,-11.561948,Action
9618,6.8533807,47.108738,Crime
9619,-9.203617,0.67883795,Comedy
9620,39.26975,-14.241862,Crime
9621,75.16457,-23.302784,Adventure
9622,-10.758209,81.375656,Animation
9623,9.2688875,11.403205,Drama
9624,-16.591553,-81.34555,Animation
9625,-63.727364,0.7142608,Documentary
9626,-35.764965,15.397535,Documentary
9627,-73.50479,20.45103,Comedy
9628,-60.656284,2.9979796,Comedy
9629,40.583435,-5.0964346,Adventure
9630,-92.04118,1.9260911,Sci-Fi
9631,-38.004944,-27.361855,Comedy
9632,0.6580589,49.39092,Comedy
9633,-4.8103814,99.37442,Animation
9634,-100.011185,19.951935,Documentary
9635,-70.638985,-11.090471,Comedy
9636,72.58686,-19.388605,Action
9637,-68.48846,28.77317,Comedy
9638,43.217514,-73.30285,Action
9639,2.6342845,56.93395,Adventure
9640,-5.143026,-22.163626,Drama
9641,30.746975,-85.58352,Comedy
9642,-20.417934,43.657978,Drama
9643,25.000494,-59.73881,Drama
9644,25.165794,4.566419,Drama
9645,81.13165,-23.80065,Action
9646,13.399368,-1.2011291,Comedy
9647,39.10402,-0.4268615,Adventure
9648,26.563261,14.189094,Drama
9649,39.61113,-4.1801176,Drama
9650,42.27747,-20.657053,Comedy
9651,-90.31326,-7.7028604,Drama
9652,-9.537363,81.08896,Documentary
9653,-23.606668,31.151352,Comedy
9654,20.881527,2.6405392,Drama
9655,-16.151224,82.043724,Documentary
9656,58.556942,-20.414047,Drama
9657,52.989456,-34.8817,Animation
9658,-72.52347,9.38634,Comedy
9659,33.441208,-87.70079,Comedy
9660,22.440603,12.690698,Drama
9661,-7.8024545,80.83731,(no genres listed)
9662,-29.425493,-70.899284,Comedy
9663,-56.689827,9.140158,(no genres listed)
9664,-94.666756,7.991544,Animation
9665,-94.86014,7.9180355,Animation
9666,-94.666756,7.991544,Animation
9667,-94.49306,8.045704,Animation
9668,17.421665,7.9980483,Adventure
9669,7.645119,-73.42831,(no genres listed)
9670,-21.26528,83.28656,Children
9671,-29.417168,-70.301865,Comedy
9672,-27.545145,16.965712,Drama
9673,35.00147,-30.22876,Action
9674,27.749153,-61.281612,Crime
9675,-73.955925,8.003054,Comedy
9676,-13.547102,58.65747,Documentary
9677,-76.838974,10.498042,Comedy
9678,-6.2630067,-1.7353978,Horror
9679,-71.54616,-10.399328,Children
9680,-20.58154,83.03545,Comedy
9681,16.966928,3.2913432,Action
9682,46.558296,-13.307987,Action
9683,19.84861,-7.0458903,Animation
9684,27.397856,-82.15329,Comedy
9685,-26.573084,86.916046,Comedy
9686,-33.720203,8.307486,Comedy
9687,-23.990566,-79.63082,Action
9688,-9.518298,101.352974,Documentary
9689,19.70736,-50.938118,Horror
9690,-97.35276,6.9313374,Crime
9691,-21.568565,16.970667,Comedy
9692,53.01316,-23.993664,Action
9693,40.978756,-59.28567,Action
9694,-3.455098,55.186077,Drama
9695,-69.488014,-9.293447,Comedy
9696,15.916487,7.318316,Action
9697,47.57085,-25.989561,Adventure
9698,2.5128608,47.77672,Comedy
9699,25.89512,-15.4905205,Drama
9700,18.04182,2.0019982,Adventure
9701,8.907308,-63.50354,Drama
9702,-99.56461,17.639212,Crime
9703,-36.120857,-26.045618,Action
9704,0.049533144,-22.93854,Comedy
9705,63.0978,-30.54433,Action
9706,64.11714,-25.5234,Action
9707,80.89086,-21.955397,Action
9708,80.72626,-22.310505,Action
9709,73.5149,-20.73496,Action
9710,68.756256,-30.692194,Action
9711,-4.67655,99.888,Documentary
9712,8.512137,77.814224,Comedy
9713,72.66341,-22.472185,Action
9714,-48.36473,14.856484,Crime
9715,54.467995,-19.931067,Comedy
9716,15.978783,4.017782,Comedy
9717,24.076963,64.883606,Adventure
9718,-20.553411,-45.55202,Comedy
9719,-66.908585,-17.411392,Documentary
9720,75.80593,-22.579355,Action
9721,-10.561922,-39.181618,Action
9722,45.533985,-76.229485,Action
9723,-12.578212,-32.16093,Comedy
9724,14.154303,-7.159632,Sci-Fi
9725,23.938976,-79.69771,Drama
9726,-76.00358,17.850847,Comedy
9727,41.25786,-68.30768,Drama
9728,28.470663,-83.27013,Drama
9729,-88.92273,-8.685207,Animation
9730,-88.995514,-8.719881,Documentary
9731,25.777468,65.11411,Action
9732,-45.19169,12.477677,Action
9733,-35.771126,-26.148838,Animation
9734,1.20569,57.067307,Comedy
9735,-31.235706,53.411076,Animation
9736,-77.02386,10.622604,Documentary
9737,-24.95109,58.542812,Action
9738,-25.472296,16.462036,Animation
9739,-46.421223,15.304061,Drama
9740,-57.04528,7.1004505,Action
9741,-65.2129,37.29792,Comedy
