,PC1,PC2
0,7.683187006891038,-1.656525068344621
1,4.7016212268972035,-1.0835418249422482
2,0.9019831022165816,-0.2109102006677768
3,0.04199149617526294,-0.017035917793034906
4,0.5447319316728505,-0.07876421470643992
5,4.645545255348586,0.6929113058948844
6,1.471595049063647,-0.2316374980528898
7,-0.6437341949663316,-0.5748394170166258
8,0.38641576250780724,-0.30156102324255846
9,4.4728444350076995,-0.7263446820721243
10,1.9344726727187456,-0.26906196624295287
11,0.10812108938478245,-0.7310353365616714
12,-0.0008314107197654248,0.024544889490484577
13,1.4580780044808828,1.8387917552013358
14,1.144246369223636,-0.7272397044076098
15,3.8326612615855846,1.1800317530598212
16,2.1147241951467737,0.7100701379631374
17,0.03223550742381252,-0.13076439303916348
18,2.450558287000411,-1.2015619183046835
19,0.7370127097108047,-0.8377002717037714
20,1.8135726399292618,-0.3225808243480283
21,0.6742329507132208,0.2677310469426666
22,1.0171130807416933,0.15579210079859618
23,0.42206089032405114,0.43889758892848046
24,1.4812524741269606,0.4662020676343722
25,-0.20115534636762675,0.5517873476284516
26,0.04440007459848326,0.29263135758033604
27,-0.20588039846078302,0.9562559409921871
28,0.6965337329886457,0.7788412806983792
29,-0.025474263769876222,0.3030424089717869
30,1.1784502074005372,-0.17126059859111006
31,5.09575542779752,-0.042574022443838955
32,3.1013581886103254,-1.1164707185878155
33,1.4262265687995033,0.755133214336708
34,-0.24142721410494586,-0.19728731298998162
35,2.3388307575735734,-0.1150294348768725
36,-0.2514003476419257,0.8985070374792928
37,-0.34347672809849306,0.6218816667915732
38,-0.11431703301422677,0.47655742802627465
39,-0.310381711495935,0.19922276202007919
40,1.0156940429966452,-0.8327146855351188
41,0.3382520700710719,0.10711758916979022
42,0.15377927735936112,0.1890430361442758
43,8.359457508419528,-0.7788667899538079
44,3.165997462735029,-1.3461712810801771
45,-1.1882829706076075,0.2710066192757403
46,5.021424039666609,0.21539645745470884
47,0.18396847516301068,0.13739569610199406
48,-0.6488433555276122,1.498871906803687
49,-0.5579907618963162,-0.5592023435061223
50,-1.0022066567615524,0.592457035647221
51,-0.2236752768657124,-0.018214963194562707
52,0.7627960262221761,1.1041077444938145
53,0.6873338497804936,-0.33050693734803965
54,-0.1809834415984959,0.10430773201961183
55,2.1294992583486367,0.5307668331387109
56,-0.16468216374171726,0.020128396880447944
57,-1.0372028894492502,-0.8504137888800362
58,-0.486301627241474,-1.291596983622623
59,-1.0521186956557707,-1.8186818389456696
60,-0.44559656244998824,0.13225131937599408
61,0.15144889357151947,0.3673198258927157
62,1.787589476787232,0.053009911389330505
63,-0.6298288635372431,-1.2640564543022614
64,-0.4296636288170324,-0.020821833564439222
65,0.3018623572963209,1.5385051583258214
66,-0.7309654671676541,0.0010550677359269648
67,-0.8933644183096697,-1.2468807611837143
68,0.11939728359797681,0.03412892160339043
69,-1.080933621338533,0.8545830545172168
70,-0.7119823433853707,0.31040408994696567
71,0.47551012051921393,-0.40067619326528436
72,-0.8984659002926587,1.0539690520052643
73,-0.17057344931836183,0.4218300146448969
74,-0.044930905073290846,0.5666227620918101
75,-1.6036240968773319,-0.7953814109622019
76,-0.05844329344760787,0.3812754526376783
77,0.3407313618526007,0.41295180494023864
78,-0.756871074779703,-0.8391739702787753
79,0.07835009735761883,-0.5329730971290269
80,-0.1755531139743206,-0.24275876833432922
81,0.06677990707153131,-0.5575075624689821
82,-0.5117257637642615,-0.795395687317482
83,-0.1290221111654062,0.6419157385494445
84,2.1177208540402157,-0.8873445201082437
85,-0.9122154202256411,0.9108350364451308
86,0.5706325299234362,1.0431173635854514
87,-0.8319250468668115,1.164534013117954
88,0.06698159325676385,-0.3240471077080629
89,0.05685690809584602,0.23980005504280985
90,-0.7481586460913793,-1.524978409521326
91,-0.8527948647580581,0.10627064031616895
92,1.739030680796694,-0.37814855726909735
93,1.586296359885551,0.7539030925849852
94,-1.0444560639275688,0.6330520690978524
95,0.39559882615220265,0.03398646625129097
96,-0.8275180274958572,1.2005709435107976
97,7.707455152582452,0.051170210717853604
98,3.6793717506721437,0.4963484609075589
99,0.7178448868662168,0.13951082339028095
100,-0.39377383689349027,-0.15601310031570023
101,-0.0038443450419178194,1.3216565047731426
102,-1.0642266057072975,0.5157351774745607
103,-1.0474031315733519,-0.5979760525266374
104,-0.8961090278591177,-0.36900978904580795
105,-0.8958069842812729,1.0111553475138904
106,0.4122899245968535,-0.6997840124582393
107,0.19343984133908734,1.2922008538170475
108,-0.23470742755704183,-0.06151565940509962
109,-0.9219523903249269,-1.2730068679119513
110,-1.0766826506045448,0.6082228401615174
111,-1.1830453790437936,0.1916292614781245
112,-0.25438793576657426,-0.7575446090194667
113,-0.001607235736595372,-0.14175222827860148
114,-2.0865076960979887,-1.6166689913005696
115,0.8727258996517414,0.04386715446584414
116,2.2831042657355964,0.03315406163722536
117,-0.519211928349185,0.0061331446064809905
118,2.1539589503631653,-0.14448746550241054
119,-1.081476299593311,-0.27199713994790875
120,0.15085793086246063,0.6907944524310555
121,-0.7320264482832125,1.1997709593023844
122,-1.2385575901413586,-0.008387269579767086
123,6.04211642154439,-0.44861540880919193
124,1.0599963545348012,0.5111666003864859
125,-0.9864560473955694,-0.38950969168491945
126,4.729597664709008,-2.1234939099682975
127,-0.22303172075140681,0.8484711356717697
128,-0.030189383422758318,-0.17607398067547106
129,-0.5694502210941905,0.057132587037998846
130,-0.5004023940573622,-0.46530809456631894
131,2.7054133442942074,-1.2665126484766351
132,0.3076197174997422,0.4621377184743282
133,1.4581684458597404,-1.053024044009419
134,2.849529515845302,-0.1372966539855486
135,0.06277974590102252,1.3808690058634734
136,1.310198375730108,0.23460663276376728
137,-0.06760640016200081,0.015554977617666067
138,5.523778683562677,-0.9717264434090426
139,-0.5569064938434964,-0.10123380002754864
140,1.9174246193423825,-0.5080501467134327
141,-0.12152598221038141,-0.6431263025494091
142,0.4404346545023709,-0.023049800302163755
143,-0.5958105878830581,0.18602952379488974
144,0.6668997089424448,-0.7462340397264197
145,2.059683509649363,-1.507051008709399
146,-0.7930646725565003,-1.2894817863313865
147,-0.06514757478964267,0.47133822079880505
148,-0.4146331743769733,0.8772453555340461
149,-0.3721019129608982,-0.09696672494032473
150,-1.4147743220928115,-0.4872002360169343
151,-1.1268721082440778,-0.8907123863307426
152,0.26999380183639793,0.20961502739277751
153,-0.03162736540232701,-0.7660864102185805
154,-0.7427410971991792,0.31936573224698606
155,-0.9857171408050269,-0.16466630981015049
156,2.1566357309817956,-0.6288074922898883
157,1.0891132889297324,-0.831514120050977
158,-0.6079992745087364,0.43725624021327203
159,-0.1706440785926722,0.18355979952658566
160,-1.151887464480901,0.4072921873004661
161,0.03291914613808324,0.5220280411701594
162,0.5496390517226227,-0.2774840186484681
163,0.8436042091227253,-0.513213464447227
164,0.24219289509421016,0.6101033544611799
165,0.1994991516928725,-0.5643295933857503
166,1.0968672354254358,-0.689767355020281
167,1.1602234128578162,0.7097956099368848
168,-0.2936305357813204,0.7801893323519534
169,-0.8387047248310565,0.4563840596886052
170,-0.9958995058874633,0.44272044397244237
171,0.23823121264978275,0.7820017111300092
172,0.9901179179501921,-0.9956468368797363
173,-0.8271847672381775,-0.0010307908842081622
174,-0.9617316112698395,-0.899948319156006
175,0.5941070555143113,0.44125334207783196
176,5.158090841577087,-1.8241619932924824
177,-0.9766336276749772,-0.5955767172928838
178,-0.4438097073567598,-0.38262422150884173
179,-0.7264190179630581,0.36848053874659414
180,-0.7390986308360767,-0.5893710349218421
181,0.4563080894929846,0.9329727718309424
182,-0.6332699946236015,1.3617208637062463
183,0.9345431465995361,0.9728489613512629
184,0.6494975135764208,-0.2193335145596898
185,-0.7051711652369494,-0.892929709397355
186,0.15073820982225394,0.2536662042541385
187,-0.7120998552483986,1.1690886138558556
188,-1.2439136539122482,0.12817902076432633
189,0.1244109721242356,0.039423198024038965
190,1.6845017481280895,0.3334991265958404
191,0.644008786283351,0.05083405199658463
192,1.9236467927801972,-0.41344162637720033
193,0.3949786955661431,-0.7527393086566057
194,-0.9651588228010476,-0.8692928254742913
195,-0.16620606954057968,0.5356059635174846
196,0.6202231128415177,0.926560837664723
197,3.8100571424816554,-0.8747706533744103
198,0.43328637779363494,1.2491608747352023
199,-0.4657127933512574,0.5049812803446952
200,-0.45292632456533966,-1.1916622279770348
201,1.6572167248901077,0.8154586985122326
202,0.6842525953637764,0.15301353033909812
203,-0.11118156146392547,0.09868437449995118
204,-0.5671202205389236,-0.014765751759970408
205,0.2004205234625589,-0.16235747424225244
206,-0.7095115647942987,-0.5974429518861591
207,-0.6887798633657743,0.8535048112230054
208,-0.3408193194706178,0.6598327834879562
209,-1.446624970274156,-0.2811172020250683
210,0.9301695262134336,2.1018395675816963
211,0.0034467248523389047,0.6187540102306656
212,-0.2511584382812443,-0.3141337998047403
213,0.08417407787962755,0.9783882881414704
214,-0.4575954811680249,-0.3855648028504165
215,-0.667741737924236,-0.044068224833124475
216,0.3335135308428358,-0.3688324711972743
217,4.0765720227734095,-0.4195349205905826
218,-0.8524800796569818,0.13820225827204208
219,-0.997339092423743,-1.5291798621447967
220,1.0913846768167632,-1.2039783746783415
221,-0.1703490401925395,0.20096046959721928
222,-0.8696152440575587,-0.8335794986984396
223,-0.38367291592291924,-0.3437276182347745
224,10.143338153802954,-1.7257837121220856
225,1.093010155441529,0.6268361970491138
226,0.23528776960132106,0.8439472047892694
227,-0.8233283328312445,1.1226629731434914
228,0.6198395752093836,1.0016383615159579
229,2.3872584111338084,0.3813162241279691
230,-0.01269608397922349,-0.06450373328876526
231,-1.1109625264579313,0.4079678053543186
232,0.3004889809203371,-0.702376137306114
233,-0.06976228593291675,0.23572659960783435
234,0.23603295238654629,0.525083079279749
235,1.2005804620378877,-0.2033906028064318
236,-0.6632490445047432,-0.48314749783354627
237,-0.8526209676390634,-0.7122537805030084
238,-0.14740419057885895,0.309864406809677
239,0.6261602916643577,0.32057574736101346
240,-1.177969267411077,-0.8294968339779942
241,-0.46113868474641595,1.2664151233304966
242,0.41280339399892285,0.9323349342284337
243,0.18383275605977836,0.5438677230155631
244,0.984808245903946,-0.05194908628387597
245,-0.2802001249899844,0.09540099265595504
246,-1.9493788355063935,-1.1646833061189332
247,-1.5034124935710098,-0.4076985833090995
248,-1.3379383874266464,-0.08342596195403683
249,2.428270541158823,-0.04496686151850017
250,-0.03563280256143963,0.6073969421168404
251,-0.09576571387321973,0.9160596892119957
252,-1.1791904547042518,-0.7355111663733251
253,2.9462227942082646,-0.390393952212916
254,4.793153414624039,0.15175293143470153
255,-0.9036216366780653,0.3099909050425844
256,-1.4670932021088543,-0.32084421973681965
257,10.75647748919296,-0.6659412119467071
258,-0.9092893550615299,0.6659525209818319
259,-0.44597816134784096,0.3062637778696394
260,1.796052191484935,0.6440083860465577
261,-1.0903924909452232,0.622233460911581
262,0.025183636502268538,1.5483605483261116
263,0.7808783070378092,-0.21510912348712616
264,-0.05985122398437435,-0.19635450982088506
265,-0.09059602228835066,-0.24283854230247515
266,0.32375560359923855,1.1515320273125946
267,0.4592986039659221,0.8596553540229209
268,0.10911804685802125,0.9233121012461639
269,-1.4409874777916518,-0.20484779606258777
270,-1.626781486486925,-0.6338303538240527
271,-0.9681674179888073,-0.9465670692639879
272,-0.4229092697814366,0.09453939687353946
273,-0.19908339159137053,0.5138072170279538
274,1.3003422570347247,-0.7351197170813867
275,3.8688236193655765,-0.5071859723026879
276,1.9811373885447594,-0.6530356446465125
277,10.324381569030436,-0.45282016031456596
278,0.19165229322043476,0.3619227374750616
279,-1.1442521773544285,0.3673134623852525
280,-0.7786001822657768,1.1083252836385853
281,-0.4070530494986803,0.23377863572450908
282,-0.9333922193759118,0.8817536387767873
283,-0.7693075251200755,-0.6267947973570842
284,0.24999030385295248,1.7522926180038452
285,0.1404786818133242,-0.718341133183644
286,-0.03828995958949995,0.1401653593104662
287,2.344937862807801,-0.338095519539894
288,-0.6322897921752416,0.08986535909075327
289,-1.006790841959839,0.4713233882461273
290,-0.08249920489820864,-0.3216983968725756
291,0.8667780273367257,0.13148583240732523
292,-0.2970479474646047,0.8920635280724181
293,-0.7952909648820833,-0.030348960051265757
294,-1.3462871931752518,-0.05963441022644327
295,1.8651050256445263,0.6497046389393661
296,0.0010349522926351906,-0.6649167861179377
297,2.2499776866686654,-0.18351348072235255
298,-0.3899429273464818,0.8735393574423003
299,-1.1786714421328206,0.441546773996159
300,0.24621699731069838,0.344306556986504
301,-1.0003737841891616,-0.5748298220896958
302,3.431828337923949,-1.0996511228364203
303,0.493454270454777,0.6417277793378656
304,-0.7785909754933796,0.2587144461331595
305,0.15844364758061932,1.1584025878663953
306,0.5745772686565151,0.3123674866870755
307,3.2572721106339633,-0.31307881241761554
308,1.6330923401932587,-0.11254624966242673
309,0.10547014122598461,0.40417235205174634
310,-0.3630123029454635,0.4009213074174509
311,1.9745949211908032,0.18020074220633672
312,-0.11701560380709332,0.23091832640972887
313,1.7400282332719919,-1.8745392786549393
314,12.985602141625147,-2.069369394735247
315,2.7317478555670793,-0.24593927082965128
316,-0.1041343781433134,0.2795929116741419
317,-1.1058294167209701,0.37591896226702604
318,0.12858263700322153,-0.4687261781010136
319,0.034732745776035925,0.14448225895359643
320,0.6318146078848765,-0.1356173836700797
321,0.04935086607769418,2.2916811099949332
322,8.472374886565275,-2.020008569843868
323,0.30995640295612614,0.45887735115289247
324,0.19770788559594063,0.08897540390754598
325,5.194904622195471,-1.372395377930857
326,2.6502854367328905,-0.3350883845806383
327,-0.884180892320212,0.7499594335495221
328,1.3385557004643132,-0.7884999807854653
329,0.06991254050828173,0.3627567145180616
330,0.08681496252895063,-0.14858351989608837
331,-0.2869754863635923,0.43360274529825943
332,0.6206121166168228,-0.9645452513202517
333,1.03333153145874,-0.27228776151742295
334,5.069624060223437,-0.8318454113769513
335,-0.1966908134304099,-0.44231940286885246
336,0.4993583287750765,-0.7307809676776555
337,6.19970497231275,-1.1464360286927398
338,0.05560866651614844,0.7665525357957051
339,1.3699690374021347,-0.30178532635914923
340,1.7126777654434429,0.9970911520886744
341,-1.1593059552657554,-0.25024396079948646
342,-1.1308371033464433,0.4825564656486612
343,-1.2326934042337463,0.14741143240291565
344,-0.5226213952290638,-0.5662671362973493
345,-0.9162688417719876,-0.9528869379067774
346,-0.5129551353550219,0.8385661374820489
347,-0.5673506771311497,-0.03256454871310324
348,-0.5612291576275225,1.179075771155309
349,0.1387178804947103,-1.369945257479542
350,-0.4691321490012755,-1.1794958557984256
351,-1.6211599168977424,-0.6648424828224446
352,0.027867987923985156,0.4745476364422842
353,-0.01883249965240296,0.4540597682913048
354,-1.0593042007304598,0.3799802675346877
355,1.9298810087637903,-0.4162520983092668
356,0.8476731964566208,0.6603266635992483
357,-0.07299874449276679,-0.3402553597873592
358,-0.5125706266892144,-0.09993551087931164
359,-0.16922819973224343,-0.6218554900293275
360,-0.7376894401466342,-0.5227209775678089
361,-0.2836175590030417,0.16448249096509482
362,-0.6601570908666116,-0.2556483693539
363,0.23874582479680925,-0.5009621958185478
364,1.5262774898121734,-0.976103878734773
365,-0.6482622589328815,0.25839869859707476
366,-0.6047237180312837,0.1653838429120298
367,0.006003772043063972,0.11163459372721835
368,-0.11356339609446887,-0.5228577880262028
369,-0.9139304537954398,0.3765904076362511
370,-0.7825744485865176,-0.08015741067635435
371,-0.6360442041568797,-0.6421818416420882
372,0.8901455136329359,1.080823923731615
373,-1.2219010971683366,-0.9568794041629206
374,-0.40631797559100485,-0.6855250670127596
375,1.8597339668250128,1.1053092670172657
376,0.9387473597901496,-0.9003636748291601
377,-0.6377246240868176,-0.0949198190865256
378,3.2329160445711436,-1.0096221857726895
379,0.6670128323315154,-1.2027160236441545
380,0.11855431578963517,-0.3386538895601149
381,-0.7728822838967793,-0.9441299853628726
382,-0.7902695251522035,-0.20376556800599002
383,1.5817280535528058,0.20798475979604011
384,0.7680722892317797,0.6491537810154491
385,2.753716566304463,-0.599075312666531
386,-1.1152998059867478,-1.1806847112359167
387,-0.836179187022469,-0.4891801869586042
388,0.9492589812151793,2.0025495680066596
389,-0.04733927868012318,0.8210506021493961
390,-1.4771565917707055,-0.5600251665609023
391,-0.4169555397177523,0.36001526582818383
392,-0.867305590369423,0.7646400610291075
393,-0.6054213925423134,0.1438175822522249
394,-0.38705022496464403,-0.408681467090553
395,3.354127660203771,0.011065440155768769
396,1.0404737132425501,-0.6453153206015959
397,-0.03813045361302614,0.7218412620231488
398,5.451417051557972,-0.38895798754486016
399,-0.24264100655200066,0.008704985262325009
400,-0.6243836116308664,-0.1293873571757732
401,-0.41242151157628987,-0.5852766864115403
402,-0.924978028382117,-0.8756087947935374
403,0.023846929148050883,-0.16034555738023168
404,1.3450792684117288,-0.6836649702823335
405,-1.4437033332341223,-0.061547402021729584
406,-0.3213949739747961,0.14172643575562058
407,0.37907232517879563,0.9023470815866508
408,-1.6131808844982762,-0.8782388217279322
409,0.8628675979788468,0.41798169077790454
410,-0.30126066907407345,-0.4256565879004181
411,-0.9730139082046745,-0.9546194491314071
412,2.193652585470643,0.2053336392464877
413,1.0308602886224334,1.4625025127301616
414,-1.3886162859516267,-0.5862932550104483
415,0.07774573465618968,0.6068424239513451
416,-0.931047794943961,-0.43129471702121025
417,-0.4221786166898249,0.0411712970323514
418,10.351238964836812,-2.254551530364479
419,0.07377831960213306,0.44303793636352756
420,-0.727445392617581,0.3062280760566892
421,0.1396075703530769,-0.5983235304009176
422,2.4558509015362393,-0.5976398774550676
423,-0.7589493398285175,-0.34322808510223074
424,-0.4604650615042747,-0.6016443792314856
425,-0.8073884466518443,0.39651587447083164
426,-0.21924376188469286,-0.40566090695766327
427,-0.06265071101238956,-0.019019224197953932
428,0.3418406228166128,0.22531085093825987
429,0.2329314048525722,0.7458457784314004
430,-0.1053435405996886,0.8105475642126877
431,1.600626590454755,-0.10377824925015999
432,-0.7821525458462717,1.0068803254166292
433,-0.9018673865115525,1.1676610073604665
434,0.6265144759184184,0.5446351066017343
435,-1.0024183716928143,-0.38234112963223704
436,4.91149357961187,-0.7376517136011287
437,0.14314123853743435,1.1377508616327616
438,-0.3906925621429931,-0.8732652026803833
439,-0.5817494665200428,0.39410393376116865
440,-0.3870138815549933,-1.325484180352039
441,-0.5070052389068586,0.7246725656142436
442,1.1479893455123216,0.8544078414472133
443,2.678823906579705,0.3760879464263467
444,1.2984644222944348,0.699390588862143
445,-0.6754398943247173,0.5150941819623379
446,-0.19206135650935718,0.2132466482304938
447,-0.6072065371536275,-0.28034798077278383
448,-0.8272703945728856,0.2590280377184859
449,-0.048952017923721454,0.13801218322546405
450,0.7424393959476198,0.9493602018938269
451,0.5363477388737323,0.12740302960738226
452,0.7274835262125539,-0.05888710205034377
453,-0.4537704844046968,-0.2781796491549066
454,-0.0738355567323308,-1.0331577573843593
455,1.3193547155453775,-0.20687560001316316
456,-0.6667347782973468,0.37830845629111515
457,-0.29210546979286395,0.08451319437862186
458,-0.7002979298364833,0.34303960195844746
459,0.6156049612982974,0.7304717053925448
460,-0.7600010005081536,1.0548108420693108
461,8.437184597656922,0.6003577914638661
462,-0.8882190041290209,-0.7211529251690236
463,0.49319058632953927,0.6937590793636695
464,0.4682908921727498,0.4848597248935113
465,-0.2546923748543214,0.16414729745422074
466,0.0008481556362494836,-0.26110846911662866
467,0.40239723463753063,0.7908634005468683
468,1.1563287305988255,1.6050206088024301
469,-0.7670316962910536,0.29273340246816354
470,-0.6673616756418083,-0.22343959076610326
471,-0.019978498993194548,0.3287973004767376
472,2.5974129943918562,-0.464377333711905
473,0.44725993558017824,-0.8367999325672925
474,4.644824284770051,0.03844951334576834
475,-0.27349425534212163,-0.3257192795019887
476,0.4643143810311496,-0.08434153965261172
477,-0.6206738900478915,-0.25118132742142546
478,0.05503738817124222,-1.5585687314141867
479,-0.5276102314772884,-0.04982994864270611
480,-0.16397548246142732,-0.8446739342953289
481,-0.5657636592345509,0.8762907193584565
482,-0.4984846426749037,0.04627429263900142
483,2.9820164782130782,-0.3957701072851649
484,1.217106913204308,-0.3836755452922252
485,1.9766978031707807,0.7657678197406997
486,1.5504299070268182,0.7988944395043646
487,-0.5333616582133165,0.4723101032714971
488,-0.3404056105857932,-0.34598905635255367
489,-0.12037896287137219,0.44143427233222204
490,-0.30267026604513964,1.6769745820382305
491,-0.8657644287918003,-0.7714074395470853
492,-0.4773296687824884,0.07574813247446649
493,-0.9899981607755994,-0.22502936647931862
494,-0.45802556687925333,0.07997935818369435
495,-0.9062488281904015,0.8397466047314277
496,-0.9014022135562394,0.05449164089048063
497,0.02014536377337745,-0.2378842578631981
498,-0.9160973411715545,-0.6979310645918917
499,-1.128176040055152,0.40152633215374955
500,-0.7792033358687219,-0.463561563080109
501,-0.3865703684129726,0.8823924020225047
502,-0.7444209418668831,1.1522104963712536
503,0.07158236635417038,-0.48316214303129906
504,5.17362893237313,-1.2520554263141968
505,4.560269227027431,-0.6578310953003284
506,6.363737491524246,-1.4154310945753656
507,8.813520783605114,-1.4769466193418956
508,6.117335529397115,1.2739677905817737
509,5.922297946850183,-0.9473159115955543
510,8.375307542219288,-0.7292580408525429
511,2.3290937066007915,-0.5995639183396805
512,5.2103743605005635,-1.0725154579140312
513,1.9007633639446286,-0.471697176402642
514,5.020740979522501,-0.6980828526768057
515,0.5722638908330306,1.44493803455733
516,-1.1773491502643723,0.35198994136034695
517,-1.1786270617205479,0.46176769703843523
518,0.004613929858698404,0.10967041029252911
519,-0.8735921429307537,-0.4372526051858103
520,4.287948084417201,0.02157488717476636
521,-0.37315480834632253,0.21628785994900296
522,0.08872082489549278,-0.07823942051541843
523,-0.608801602773204,-0.965656433567129
524,-0.9070081529405843,-0.755971537940442
525,-0.060009601721953326,0.5445410964741682
526,-0.1644850990575822,1.8209614718027909
527,1.5383019257076649,-0.3262941642698836
528,-0.323696588485272,0.27040393348813957
529,-0.8495448499523705,-0.0421825140314601
530,-0.44437024633785344,-1.57899081773401
531,-0.8352408846701902,0.558243133837983
532,-0.49022085697887335,0.1798056764567587
533,1.807867050153523,0.7453427673273386
534,-0.6252694888685861,-0.2871561615060798
535,-0.6901810193778193,1.2773677545299122
536,-1.250446759778582,0.5004002101103079
537,-0.9533482764532302,-1.805234764881759
538,-0.9460197871496279,0.5508490220755216
539,-1.8065921295280658,-1.0157146561216808
540,0.41547582689118934,-0.6324154051093314
541,-0.9240594101822515,0.7278476291605854
542,-0.7339271942351729,-0.4967681085113366
543,0.31761661731472096,-0.678535696471671
544,-0.5477829506694698,0.6945689874111992
545,1.1274971583224802,-0.12242304710417665
546,6.232109146022382,-1.676419059428962
547,-1.279843936791151,0.16968097204303667
548,-0.11582311424398568,0.14546723641237813
549,1.8266283415920102,-0.6003883060534226
550,-0.4236464997827963,-0.5219133250855155
551,0.8218636760807839,-0.44908993422778076
552,-0.1431608438479161,0.08756255065619678
553,-0.5617973222227165,-0.09961657100304616
554,0.43211643293090946,2.1847317522740464
555,-0.7991736794557801,-0.5500229918178082
556,0.13373306135386817,1.4700909662545179
557,-0.2129602324142081,1.830073100373743
558,-0.06111792281689142,-0.20518422988579335
559,2.985842063203771,-1.4353247769894704
560,-0.24861930411990074,-0.2686266040555902
561,-1.4149138282661489,-0.40966907263323754
562,-0.9906315115661315,0.7187144941621121
563,-0.39184628627103063,0.6641217466630951
564,-0.2969209213218292,0.3503166855233303
565,-0.7400169362255585,-0.598078159511898
566,-0.16651646165502754,0.6388779823348377
567,-0.8732425889593702,-1.0986954246539447
568,-0.17909433570473596,0.5933511121654513
569,-1.2262190119194547,0.2594083236820239
570,-0.9551446834213302,-0.35615147980965794
571,-1.7479542006299444,-1.2163210718168458
572,-0.597571856960614,0.21170963765570397
573,-1.5584352742839993,-0.6185093049336452
574,0.050663007780744077,-0.53184764554477
575,-1.1504056217034244,0.24543053472862944
576,0.10983560593302268,-0.2842220438340695
577,0.15857161685724047,-0.14304002486551534
578,0.30350627079560333,-0.5467906981463057
579,-1.1096739807864229,-0.5269237113706318
580,-0.2890655259354576,-0.5821543653672366
581,0.6149428311790469,1.1786156844531235
582,0.06101697167715848,0.6085070172493763
583,0.28833970816806603,0.6612248757415423
584,0.6497456909710675,-0.44942342394520474
585,0.026568858116711225,0.6197322377769986
586,-0.6305484163348413,1.4893170158784885
587,0.5028822334130825,0.058166637708831403
588,-1.0517318144814798,-0.7145362280160461
589,-1.2364522719794964,0.08262471154367101
590,-0.5164551801672275,0.48384295746511213
591,-0.44094960629790997,-0.04206374643734805
592,4.690058060270793,-0.5779856001017234
593,-0.4479672172920365,0.7898722200473042
594,4.940041780818445,-1.6772307120485952
595,-0.5076916594574994,-1.3695708479715312
596,0.5281638116844012,0.7963354065662998
597,-0.3798130983584929,-0.4138487150554151
598,-0.23791148050512506,-1.008233260995586
599,-0.02948813638783274,-0.15412373669667198
600,-0.8876193055060198,-0.7389561176941313
601,0.233132130121696,-0.08395218658456582
602,2.216979526875029,0.6173657802263015
603,-0.8226181686294698,1.0256475514292798
604,-0.7464267463477243,0.46808799848981697
605,-0.18280915822093066,1.5889883964130864
606,0.011291226021368946,-1.076587931024864
607,1.1668839622774392,-0.9686683776773618
608,-0.6145907709741302,0.5496832037131061
609,0.5908379514467904,-0.24265502971669092
610,-0.7619868391307085,0.3025444054266734
611,-1.1077197328357742,0.5174226411671649
612,-0.9271048519222372,0.5645010277073417
613,3.1359346898006915,0.1974001278851044
614,-0.7541560038912695,-0.745904695718653
615,8.420747707543427,-2.129135717944884
616,-0.2042543673438513,0.49873680609042914
617,0.2254744735693319,-0.5940738056227614
618,3.276303852662982,-1.2395750678134179
619,1.4777737711545222,-1.0375705126765362
620,0.7576328701557615,0.10235613683232338
621,2.8400509849658864,-1.256291416362156
622,2.097231822697998,-1.4586106921381237
623,-1.3514562135911892,-0.17834975125760913
624,-5.16072911262422,-8.848502407167718
625,-1.0170287187122729,-0.2967839989940669
626,1.420816885839902,-0.8900128528204683
627,0.6754252909194699,0.29568297703717666
628,0.4051961157236034,1.1775723625946306
629,-0.3321452235033628,-0.11222046990771689
630,1.4052818243438108,-0.13490031144269934
631,-1.2460350921754098,0.3367572811644757
632,-0.6240391306605152,-0.38048307565506456
633,2.0372702120477086,0.7605318143723299
634,-1.5683647218626886,-0.6808113947957449
635,-0.4225973204604645,0.011691470516124831
636,-0.442285596041694,-0.6646778799393332
637,-0.5395338409424301,-1.6219334181312481
638,-0.5387676932632547,-0.6620178712721675
639,-0.4995431781829005,-0.3478316487537467
640,-1.0860531602481363,0.536738218765734
641,-0.7062390702122816,1.0866496863715964
642,-0.42997504171961337,-0.6240424659395123
643,-0.625269036873423,-0.6254421958068156
644,0.6722231110063686,-0.12402905613788918
645,2.480854191826844,-0.7272508962714064
646,-0.7323666573682426,-0.9026482696583932
647,-0.8041066114485117,0.27126051157125514
648,0.4637148824688912,-0.6190355630620356
649,1.292899644732456,-0.03287708854694496
650,0.37244705670752987,0.6493560288021877
651,-0.3491471363115654,-0.8050952814162086
652,-0.9531076725669275,-0.04831340321051429
653,-0.8315871441211189,0.7682859813563526
654,-0.43754397345267987,-0.5604895659728792
655,-0.15412793637837874,0.3888149135684825
656,0.958834748344713,-0.790766720288934
657,-0.271474528153184,0.27068396054235305
658,1.1758049076518045,-0.06338271041178264
659,8.074180543430433,0.4369149854351508
660,-0.19343762810917334,0.4917991638070114
661,0.18445704469094146,0.8353046095351526
662,-0.5121968506258524,-1.253064311706429
663,-0.42503515746628595,0.3915907717729255
664,-0.92765858649835,-1.445514187194416
665,-1.9546777497480743,-1.2413708931829661
666,-1.0507567128388549,0.6601349361159933
667,0.7484280705012042,-0.6334987371491908
668,0.11548609611931397,-1.2314415541805621
669,-0.8727851476344161,-0.49544807179920775
670,-1.2559175595485852,-0.3075021493328029
671,-0.40329854871992604,-0.30379736496840315
672,-0.14021722156299707,-0.8496219271289447
673,-0.7356360804700162,-0.6895869022714051
674,-1.7876082060640914,-0.8526228840919207
675,-0.5070160122242425,-0.46135230404150485
676,0.09153594476340228,1.0387796909532014
677,-0.2745778716489532,0.6234675610109736
678,-0.5258966679027803,0.5541793896438818
679,-0.04830690695018802,1.3777205950086966
680,0.3570401034190865,1.097755923921478
681,1.167761772082493,0.9548450554898834
682,-0.1334663880617048,0.7310237531725756
683,-0.08678150276803001,0.20895143473965552
684,1.1628910075401937,0.8632912528213451
685,2.0457744742808495,1.1257947455812265
686,2.4349519498390313,0.908998792518161
687,0.10604520646043988,1.1470195823808218
688,-0.04482151186234547,1.1257705894929555
689,-0.538704048968111,0.5977411679307392
690,1.6758187020703343,1.2472100762105995
691,0.9982924228268252,1.360038388419982
692,1.433907061046936,1.149840106465195
693,0.19427601914317708,1.0854747404355882
694,2.366689857482486,0.6841366145169968
695,0.538588016933359,0.8933170735140281
696,1.4731579979777922,1.3677999384100121
697,0.45006256102464925,0.8903041823059754
698,0.6559396656758169,1.2249036819243448
699,-0.7490221240303806,0.2972923993893781
700,-0.20213788745006794,0.8507136140752901
701,2.237890158518535,0.21339852163473097
702,3.8604015103225127,1.7035912831701923
703,-0.4006662611975476,0.158219604707521
704,0.7054594983733318,1.3775023165631175
705,2.045803330481728,0.845176892091876
706,4.434513118408945,0.7718511829293538
707,0.8195459146741599,1.6455368489340767
708,-0.49570925448429104,1.3497294669877722
709,0.5621493930835922,1.43594098031476
710,-0.8891810786484763,0.7457902059228765
711,0.19420303657444696,1.019855911521944
712,-0.05813003831571558,0.9001047209106768
713,0.07327329062345848,0.8778684447099004
714,0.2833797320093148,0.8048458367375214
715,-0.32437844838092866,0.2745433970275491
716,-0.06170954225960037,0.7696700223560867
717,-0.09624084612749935,0.9932894898312237
718,-0.21317946311219407,1.0060025532621406
719,-0.16348939390316297,0.1460499914027148
720,-0.07864305533500822,0.8175038240424864
721,-0.7575585330021667,0.6489496223433149
722,-0.40634698640983424,0.9409398881006463
723,-0.33244895875844427,1.019376024630758
724,-0.5038523599970436,1.2562422701796039
725,-0.3036204983960348,0.7762838254208922
726,0.16646222937029034,0.382930813777196
727,0.019181877245846194,0.5716293451353195
728,0.9180453961918279,2.2868285523209626
729,-0.32049262668900264,1.2889659424350424
730,-0.3353215850897116,0.7040930787972608
731,-0.2567045501477365,0.8601127281639206
732,0.597991907849347,1.413336280969947
733,1.9530975122149632,1.326582732998014
734,0.43083014859414254,1.28237235657529
735,0.14811515554728624,0.7599784286762519
736,-0.8271385198005469,0.9185003324965434
737,-1.2520993273306815,0.22195418854764795
738,-0.9721926321280527,0.7338780768892736
739,-1.0940843638783875,0.39305125677488284
740,-0.29295501919022215,0.5731703201783982
741,0.6568887791909972,0.5746396335802683
742,0.4404854675662474,0.719012783018501
743,-1.183155948651585,0.23825611068400465
744,0.09641340141776016,1.048778151848942
745,-0.4189538699473503,1.2461698490364796
746,-1.3561883141346023,-0.08760295677383291
747,-1.765166202820745,-0.8797109804534586
748,-1.6130993806279421,-0.7210532296024127
749,-0.9853648695256533,0.37165552831068616
750,-0.696604737817105,-1.3958210728828866
751,0.03557546953541,0.44288433039540814
752,-1.2938960582375238,-0.0324544310829413
753,-0.9490670488250664,0.4025700012496226
754,0.0536890415273942,-0.5750417598955319
755,0.38970813710673324,0.8216070943305971
756,-0.9495801008087001,0.6092858348649515
757,-0.15976338808960083,0.895149402671395
758,0.5294455034323877,-0.5897967649859813
759,0.4208800678463947,0.4947497799004182
760,-0.48442355714055985,0.14434751977136165
761,-0.19405834736032193,-0.43367143820694776
762,-0.3972652658191591,-0.813491698505859
763,-0.507945996334479,-0.2891031634945017
764,0.16705215536376464,-0.12212002992537395
765,-0.49944976393849644,0.11175579462127554
766,-1.1689838591387,0.2125710061912729
767,-0.6125184191142815,0.041729607975529735
768,-0.2498019892678684,0.2663763677062667
769,-0.3433369077413962,-0.3788895673049913
770,-0.3911991818878244,0.11182320865705503
771,0.0034079490064996333,0.7284311856904034
772,0.23560803263615587,0.6385103451075151
773,0.24055209439169506,-0.17392511612494024
774,-0.7633607916129006,0.03476864858375033
775,0.034881221596869044,0.7613662258801065
776,-0.36385158672674156,0.16549736608947088
777,0.31082240076405404,0.7626575204037827
778,1.0105845669601596,-0.07936024563993539
779,0.3092863699641006,-0.620429514364162
780,1.7936857797033043,-0.7594915639227916
781,-0.9033360976606187,-0.35586388221744913
782,-0.7086872963943184,-0.28615671440935964
783,0.3764406936589644,0.0999295752976603
784,2.697971341460219,-0.2916332439052121
785,2.2526389516418344,0.7421741160702731
786,0.42692133267973087,-0.3975664219833195
787,-0.06779332986117627,0.3218537060610732
788,0.5400254963035249,0.5097015480316546
789,1.0608150307645927,-0.3193116781489041
790,0.301484964575914,0.1542928782454215
791,-0.12804143200661697,0.039016713377877904
792,3.120422681600481,1.0998932460653066
793,5.01836308035375,0.017999398382526764
794,-0.04531522478136719,-0.4205979606992311
795,-1.355074581574046,-0.08859737932689142
796,0.3154523715283746,1.8155110603876472
797,0.7785862483207859,0.18528981740846065
798,-1.1037308664480954,-0.49757743631126594
799,-0.5189108863941732,0.9651356217349245
800,1.3865507475644483,-0.11838373379682982
801,0.8438326424524296,0.08770903676139706
802,-0.6250651581823485,0.9752866026080358
803,-0.4162297384805923,0.6116518799133791
804,-1.2063199056507086,0.18745351739244945
805,-0.9436258580091029,0.34855629962436874
806,-0.6407630240318324,-1.2501190097967705
807,-0.3332806635935208,0.4625484224895207
808,-0.019415584289051872,0.13469996383552704
809,1.707388920018442,0.12253600690896918
810,0.25341438186178095,0.368128308515474
811,2.204114576091713,0.7663388355612759
812,-0.3257383537204662,-0.3118091181334175
813,-0.39006278300240044,1.0972521938589876
814,-1.1575950815315372,0.3853865810433517
815,2.2191317890972075,0.31314565517947124
816,-1.026333560902784,0.027534401643850747
817,-0.07138231542235829,0.31823572154083
818,-0.373595419706551,0.02929820591571731
819,1.9112449638989706,0.21214234054022743
820,1.9683892744421674,0.3329577898379538
821,0.45803113811213025,1.012129593497982
822,-0.5864631762494877,0.5588227952117713
823,0.4087945951280151,1.250796870807562
824,0.7369931960444105,0.8486319458100429
825,-0.8392222938525699,0.15649606187493698
826,0.46116519091050917,1.1556203364011217
827,2.023153495618274,-0.14821188598489815
828,4.126549972754661,0.14564962324953898
829,2.2117631772241495,0.6390182990821791
830,0.01297536523342583,-0.23488488813620814
831,2.8887867748019738,-0.41419522649967183
832,1.352289955808856,0.6308757979266391
833,0.6879394137510506,0.3730979957861088
834,0.27234466029721177,0.6079438518779223
835,0.6851424613768596,1.3965531101435018
836,6.408515253325446,-1.400060972279859
837,-0.7781529731216309,0.022208953909782433
838,1.2832384112620887,-0.7578465699286887
839,3.797931099845242,-0.8242921741116426
840,0.2067104679560452,1.0107138363651158
841,0.3678433390734707,1.335255337797544
842,-1.251530915997048,-0.4680017549787145
843,-4.275225240411055,-9.910658274853864
844,-0.4858368008584732,0.8581802469558978
845,-0.861354097575768,0.2247538566091908
846,-0.8409036861902099,0.5158482308719005
847,-1.2191814635463254,0.3603359290429181
848,-0.6234725179560409,1.2866774736926345
849,-2.0722833538594028,-1.6171284338852385
850,0.7427871439771424,0.6968477858339421
851,-1.1952059831024378,0.2176070009803859
852,-0.6210104931725561,0.18090111621621935
853,0.6813052460668759,0.4428708520835872
854,0.235810350579597,0.520926138896876
855,-0.3758165872880972,-0.3514570238876962
856,2.3186081455983634,0.48919994778870873
857,-0.20631512581217115,-0.16776594986917254
858,0.8977688762572879,0.16804074377105688
859,-0.49047360368501564,0.012379018847612736
860,0.10370436827917415,1.3888820189230813
861,-0.16036013106906688,1.4313262216985958
862,-0.15816233917413422,-0.10473531682104834
863,2.8300136901824384,0.28137761608052414
864,-1.5177334605379655,-0.19866841451605968
865,-1.2031270175883384,0.3301901343058261
866,-1.0344240657910908,0.8224352582658975
867,-0.2661612571113239,0.8330807189415751
868,0.1641193218587982,-0.0466602894637924
869,-0.4697554316882974,0.8460156768115972
870,-0.7297363992924173,1.4444621208176824
871,-0.9916020935127822,0.813279007897314
872,0.03486771074002479,1.5678202989754007
873,-0.5651884327661864,1.1157115081001565
874,-1.0359036105294006,0.15364012486711695
875,-0.5248284041093855,-0.06766282708194842
876,-1.0879993946719724,-0.4840311986869451
877,-0.33144808327275405,0.33405520558132595
878,1.9640512413072975,2.0395744613930167
879,0.22456114723060502,0.8831866966183327
880,0.16324542810186718,0.6841069444640603
881,-0.1627689891728124,0.9268859943922316
882,-0.5947710743885367,0.5596592205075387
883,0.19442315573662414,1.183814879762725
884,0.05649929117599739,0.34124257009564185
885,-1.2053528621584033,0.1662192366915092
886,2.383413930129915,0.7459090412159552
887,-0.1778923397587193,0.9912134534597943
888,-0.03236628192124947,1.0065569135542363
889,0.25492620988584475,0.381944009263199
890,0.10530672565470396,0.9936851590146526
891,0.07933500204908644,0.1414123773405301
892,-0.22823613845231833,1.185314275539501
893,-0.44440269606383925,0.44890567870567066
894,-0.28070309709518354,0.49611561509487506
895,-0.44917472471420056,1.177688685091945
896,4.383505125698243,0.7769430466050647
897,-0.14365840564244084,0.04592046783805873
898,8.26116485762622,-0.8690489005141373
899,3.02891938605549,0.2733836303904085
900,6.668876493715475,-0.6791050858543016
901,1.8262565352654618,1.2760243146780643
902,4.661209593673278,0.3014981821719814
903,3.180642228968508,1.570930137727796
904,-0.29767351319237983,0.9502915775632165
905,2.2676483115064965,0.7479157155045845
906,2.6622852907731334,2.525065146180773
907,4.328195551744812,0.6713350252897302
908,1.4583935741446112,1.2925136267979551
909,4.297612386332298,0.8921737572924117
910,1.487504507226179,2.079438352292744
911,8.076554040632407,-1.0616652572717498
912,0.5561082456728639,1.3515279762963137
913,0.4949184159283416,1.0678734656620081
914,4.807379460067922,0.7993905153213777
915,5.2438996913433575,-0.01335855697561147
916,1.0945379963748374,0.43996041921152124
917,0.8140954543033283,1.5977468219417779
918,0.9851263494901639,2.0974862087818402
919,0.21209913386175328,1.0993295326715284
920,3.043959684690945,0.6581813526697028
921,2.7457856975082575,0.562907584715163
922,5.526831039471807,1.64302603409316
923,3.7748166866685757,0.3922031613908897
924,-0.44093446181439133,-0.1905826952926505
925,0.40607298572069017,1.223478429190676
926,2.967962010178656,1.6838052069333957
927,0.11010223489708107,1.0167757486794953
928,2.499003408434018,2.6092187820503225
929,1.6381189452602467,1.1720467399289167
930,1.4728139518779548,0.43008308887293994
931,1.4957337642843098,1.8183745609606916
932,0.959749947412466,1.897163383190244
933,1.6467138799644903,1.5916054836916407
934,2.1457596252830102,0.9590038656051039
935,0.15185263009238203,0.9627829064729745
936,-0.5158365053146834,0.9165751849412845
937,0.4693843632312444,1.1274532284530447
938,-0.1927863321736465,0.7513982907441791
939,4.343294347637426,-0.15255289675626946
940,0.3032819261878077,0.8225064682558516
941,0.9978344797060411,1.0260994210208914
942,0.09776076700627756,0.7612651077708981
943,0.7416090967088992,0.7451970335718033
944,0.5504587067268609,1.1594486871457361
945,4.348264305098076,0.349153854140767
946,1.9441935603960514,0.47190334143987367
947,0.07380824030068929,0.9999187884340007
948,0.6245819512150858,0.8467335022178906
949,1.6748475590100644,1.567855453925057
950,0.6488674441923904,1.71436937186644
951,1.746696548767435,1.207064653912188
952,0.03712682308139911,0.6438553166721841
953,0.5645149450979429,1.2608180392997144
954,-0.46520425451773606,-0.10096658813048319
955,-0.20184802538079794,0.08910721586784183
956,0.008241051696226527,0.26169751907502464
957,4.854728654290752,0.15507045301626982
958,2.1947895155328414,0.2567161467037593
959,0.5203832527553771,1.0242226034639907
960,0.5838117643780784,0.5293573026851851
961,1.6483210132888229,1.9011851154965809
962,2.3300262651218286,1.7562323939823556
963,-0.48772394398204477,0.866876769556343
964,3.716776554481834,-0.05869019826533448
965,2.121768919737324,0.9521896577532477
966,0.5568104157774969,1.3423930213148452
967,-0.29182142881470635,0.689314281220475
968,0.4591857758529249,1.0536351987391837
969,7.474786910069334,-0.8138612863258948
970,1.1439754236765438,0.9662067299514343
971,1.6514999369026406,1.5020805952867526
972,-0.09598445373348348,1.0133562909503022
973,1.7033537650205783,0.9381538048787185
974,1.0806853917009374,0.20821347489409467
975,1.094258010893397,1.2822162812803146
976,0.20307426223156666,1.4570277815474715
977,1.7253225811956847,0.6878806889222774
978,0.2900256338424217,1.359281987466156
979,0.2187535699291867,1.648590792863351
980,0.7528258879367788,1.5229838092740455
981,1.5001553100688936,0.5954036743645669
982,0.05093849603523309,0.8129417330068884
983,0.23563986889422334,1.0855293174867382
984,0.6400137075036529,0.609037327577949
985,-0.03861171384492966,0.6824283171567574
986,2.619214187449948,2.0066982998975194
987,0.7441123200001865,0.4441439651126827
988,-0.17054446683903826,0.9213946632935701
989,-0.2639208549937561,0.34036466498441514
990,6.032590653039402,-0.6176790176648704
991,0.5367383157051383,1.2933595609967268
992,1.9095379253167266,1.7165841219688593
993,0.8570211707155495,1.1863209040700367
994,0.2688037623713407,0.7055962636887928
995,-0.00994936545930878,0.43035380849340177
996,0.5748685193795972,0.7882970382534427
997,0.9969002077334679,1.2297460181426474
998,-0.26653684099858715,0.9222212216878005
999,-0.15854516554047804,0.6933236778035065
1000,1.2709697285742159,0.14527213197507163
1001,0.2861734622404084,1.3086162773539172
1002,1.5553330034349582,0.60028735930617
1003,0.4415395028861945,1.7609304259937375
1004,0.48168058839279465,0.8051432738575308
1005,2.0991504066230036,0.1084474012775764
1006,-0.87938690015222,1.2738828698226405
1007,-0.9513976894934416,-0.38849509211654915
1008,-1.8265064781371119,-1.1977899922274582
1009,2.6263057159843566,-0.2941039814219413
1010,0.5325659960338193,0.4156155934480049
1011,-1.1984254907714897,-1.153267315901418
1012,-1.2718291092569753,-1.2141891752329845
1013,-1.338436340529122,-1.3382886917010346
1014,-1.273256284330638,-1.570196528678285
1015,-0.7999732662336688,-0.6699536313600186
1016,0.34295155910683156,-0.12337269183692856
1017,-1.7161494547102953,-1.6589248245716885
1018,-0.7212969351307691,-0.2687239750673567
1019,-0.969064807886655,-0.533357212496282
1020,-1.2206189829254577,-0.10761192144372554
1021,-0.4512495414808607,0.2871835381008078
1022,1.1878075500779737,0.7649314970831844
1023,-0.5265070584325493,-0.31645892138402304
1024,-1.683528313993448,-1.0870003547552092
1025,-1.5040448273621108,-0.6134110328546177
1026,-1.0999496363981478,0.7004493454409865
1027,2.3963046067970395,0.21323858182656458
1028,-0.8085704245472441,0.40290611482540223
1029,-0.31563212911270655,0.5969696985808343
1030,-0.05188472293337914,-0.11686892903300217
1031,1.7497278765443607,0.4266994412785332
1032,0.5901167781681999,0.571951711203849
1033,0.8895857694811388,0.291002439958503
1034,-0.043058877982322684,-0.06494630719182062
1035,1.0342685739338462,-0.05064417770393319
1036,0.09181698114464208,0.6122898145888953
1037,-1.122005011593591,0.6167331339976031
1038,0.5726379546262959,0.7776123226855507
1039,-0.6953649192480379,-0.500559816401672
1040,-1.0340234220985962,-0.2580021048276676
1041,0.5395602216690637,0.36841942208727363
1042,0.7438037491395953,1.6916727064487178
1043,-0.5524632993173152,-0.35301865064528754
1044,2.5915251564909685,0.041753106161042934
1045,0.372142033347432,0.8194268160659212
1046,1.0994091045185204,1.211088549899139
1047,1.1332267336855375,-1.170712926197679
1048,0.17962494950099742,1.836990284899721
1049,0.260165390557381,-0.0684603450967588
1050,-0.5273347811105661,0.7122886924244362
1051,0.14063594831223533,0.6366440203884833
1052,2.25246972884723,-1.3191172956317305
1053,3.3750476525151187,-0.5789332592865144
1054,1.6787070513520148,-0.19315783004040324
1055,1.2559324866832902,0.11124911716207925
1056,0.5841591587806482,-0.7138058148662743
1057,1.59250160902131,0.473219778564554
1058,0.6800348040256045,-0.18651807223547565
1059,1.456621421801371,0.3072020116181685
1060,3.6191503863833545,-0.8151425981201058
1061,0.34103057859472763,0.04059422096420786
1062,0.2887553821117504,-0.11521205300849094
1063,3.384795396467009,-0.5791794631220092
1064,-0.20414792120731334,-0.7259744837377059
1065,-0.6824799472296461,-0.6190020159571938
1066,0.9599743531596037,-0.6096154932861025
1067,4.753944609974069,-0.35816266295670107
1068,0.8530254442356349,-0.5753659621956919
1069,-0.6399253160447863,-1.5768123014565931
1070,-0.3173014175178982,-0.2928811472575684
1071,2.984437834397356,-1.036614185831211
1072,-0.4202578501230469,0.6502163927403539
1073,3.344697379930281,-0.1482536263175485
1074,0.967738189648091,0.29419998555667226
1075,-0.6296400979664825,0.29011501794328515
1076,1.143426814645137,0.4292726140683152
1077,-0.8718620217384558,1.0185894530826134
1078,-0.963446097549939,0.24210259981051552
1079,-0.20410400919815777,0.17879193457776346
1080,0.2874260017912029,0.4984177338868947
1081,0.31944151587042763,-0.36299141060242673
1082,-0.22610204322995356,1.247297065095848
1083,2.8525338159523366,-0.17928916910572615
1084,1.5705878151762356,0.36020791680151076
1085,0.32978095710786903,-0.7996402265148997
1086,1.6645230382339746,2.6698127242713077
1087,-0.8735104864930735,0.8868369639594111
1088,-0.6965443542763428,0.8634648245992878
1089,-0.3378000399534607,0.4032329341991076
1090,0.0028214914692131048,-0.1329701155288827
1091,1.0890996502424892,-0.20583667043490658
1092,-0.5699923051994139,0.7012186489787393
1093,-0.5635407472518014,1.0609051419493096
1094,0.17922131901834076,-0.39575028506387633
1095,-2.3796534331579924,-2.3924874701854617
1096,-0.4955196751900817,-0.1260158406905438
1097,-1.5022357426890105,-0.7103807112314872
1098,-0.7512962120193423,-1.1011321065999493
1099,-1.0374224603290831,0.4943260178965828
1100,-0.22013231773421493,0.04561894992347558
1101,-1.2060108524103872,-0.48148763108673953
1102,-0.16835688121586934,-0.8363563041179918
1103,0.4303723431084871,-0.5852422051593906
1104,-0.35288198450453906,0.7316615771457206
1105,2.060322416596718,-1.2789105394596698
1106,-0.8121335326554614,-0.9545574125919688
1107,-1.0688544092995742,-0.7294582304953513
1108,0.0371774212452516,0.4604653077168528
1109,-0.39051439898959256,0.4206083577023589
1110,-0.9908366892735861,-0.9556838308710146
1111,-0.28708899688302786,1.310762776848698
1112,-0.5870590137363649,0.29440946849491717
1113,-0.19650257439908844,0.4170195336378818
1114,-0.144629167688396,-0.12220949194709604
1115,-0.4186692823166468,0.6153704812696777
1116,-1.520717353362294,-1.1155454230864044
1117,0.17092651369357362,0.06923015981922712
1118,-1.182963661695824,0.2010721683549762
1119,0.7119228207644035,-0.02356084070307969
1120,-1.3231838728542724,-0.45839480574378527
1121,-0.18040837523542158,-0.6176822192133588
1122,1.0016530168053328,0.9463023987676488
1123,0.35979853303767545,0.591028438379855
1124,2.197711895757045,0.4671874669322526
1125,-0.5054828844621131,-1.0951520970296416
1126,-1.390358523688381,-0.05255752757295573
1127,-0.1309619917700543,-0.9176331916847433
1128,-0.9418879511884486,0.5533672943102219
1129,0.4493724660946862,0.10740022859903503
1130,-0.5670725504467282,1.1802205783803932
1131,1.3316759648951464,-0.5538629702882225
1132,0.01065138820182991,0.320923914743768
1133,0.11707568065391691,-0.04152997659425167
1134,-0.7239517646115904,0.47099003331743705
1135,2.96279008438706,-1.2785416488905341
1136,0.6471068704609704,0.891849690326353
1137,1.4941816444266423,-0.9085480507620085
1138,-0.04970214486126124,-0.10263571978411211
1139,-1.0776439088553156,-0.9816337778858936
1140,-1.5406561029654007,-0.30095341051555946
1141,-1.1391736953861928,-0.32731771765761836
1142,-0.6027421817429057,0.34364791088274566
1143,-0.2211018489366352,-0.5985395601399012
1144,-0.5259435783703122,0.29536387981062423
1145,0.8000450878602222,-1.6801155913351917
1146,1.006116639515293,0.3265367222843508
1147,-0.9999675107913708,-0.18650762025917417
1148,-0.5389457856180705,-0.7877020343218294
1149,-0.631748422719745,0.7469110242739914
1150,0.12834673371075153,-0.3370999855537077
1151,-0.7513111742930976,0.9479515652301783
1152,1.034577833418453,-1.1923050911106252
1153,-1.3027545636057771,-0.016250644933512
1154,1.9776774154809724,-0.3783599927682488
1155,0.42686519026592334,0.0004308220581782093
1156,-1.5690454899248159,-0.744930367260866
1157,0.12205644056360722,-1.6028938991260986
1158,5.48758977985742,-0.7587036437377842
1159,-0.7299843300248228,0.29699479409311963
1160,-0.5047363170572164,0.835104717472963
1161,0.27536295139701145,1.383829456172119
1162,-0.36156481249725236,-0.14074875798683076
1163,-0.25783739840693737,0.7844640902473259
1164,5.055056397608525,-1.757134952926356
1165,-0.42863421203722124,1.1438631408817923
1166,-1.1231837764294117,0.4135324572315436
1167,-1.1246140984289708,-0.04557285058615121
1168,-1.2362012373279394,0.24319576735679593
1169,-0.5406829040569229,-0.7730407908783973
1170,-0.9315875137106353,-1.1877127781579362
1171,2.929412194733192,-0.8009953252219867
1172,-0.2713614530087899,0.27755719642797433
1173,2.0480776598854877,-2.373875573205184
1174,2.751957528711267,-2.4314628199859083
1175,-0.33554581420508833,0.3725306093945688
1176,-1.182913900698686,0.38521392728468185
1177,3.1106036341466345,-0.8563076744654063
1178,1.9886124517783021,-0.5958388954348335
1179,-0.8265376860791488,0.3511369734311125
1180,-0.4587994296730061,0.47318809423040875
1181,3.8738094961700043,-0.44644223483452633
1182,-1.3438051371759019,-0.2971534328610255
1183,7.479644305335141,-2.314336091314659
1184,-0.8394240964735293,-0.23499494016070857
1185,-0.6329891631016551,0.02090761114723122
1186,-1.0754220149126668,-0.49509981484181914
1187,3.9371339975225794,0.11614685284797976
1188,-1.2022433996579596,0.20323095073355144
1189,0.9528081543690329,-0.08566986416886828
1190,1.2481460517531124,0.2661054385001365
1191,0.9383286509251747,-1.167994180160683
1192,0.40287411942103535,0.1755786283065587
1193,1.0204245145653128,-0.5983305667868279
1194,0.5453872858447927,-1.1115520292268075
1195,-0.6736645563420298,-0.5166895574204843
1196,-0.19566500057709643,-0.3215074147332359
1197,-0.32356707660462064,0.5718610084743575
1198,-0.7769726734592399,0.5584309219386703
1199,2.0848039494534,-0.2743872735006881
1200,-0.20595723698141846,-0.4642529660938152
1201,-0.8465479551209044,-1.2884839966191235
1202,-0.5675446162461225,-0.012130771520914255
1203,-0.12324011685897084,0.15726697341429385
1204,-1.0882102764055421,-0.9465785602486635
1205,0.0734430003933642,-0.40054808447938195
1206,-0.41222327266977854,-0.21689807600061017
1207,-0.6372867539864261,-0.02578765701654459
1208,-0.35767799071310935,-1.1553901659318289
1209,3.0466111963261406,-0.8371376814690231
1210,-0.1687568143466789,0.2964700960094748
1211,2.9997751328083004,0.35696905504501253
1212,-0.1740146122087525,0.8560063633587938
1213,-1.58323138927728,-0.5930096971038485
1214,-1.47098135341912,-0.1469050968922899
1215,0.4597547069323232,-0.580094157204781
1216,0.40657569498159674,0.22764106396911757
1217,1.0565796568399495,-0.3851541277336426
1218,3.3239711843452664,0.6738810689764011
1219,1.8068670566964564,0.25813416485844987
1220,0.6826443755338021,0.011502837831604926
1221,-0.11207225538474631,0.16863105860506397
1222,-0.9338103632316211,-0.2538824854988448
1223,-0.4088210369772542,-0.6889298411945873
1224,3.2935632825359824,0.1801928634625689
1225,0.19582963049510205,-0.7075631224462546
1226,0.35313046656921354,0.4439164008510496
1227,-0.4680505064693434,0.012731274456309519
1228,-0.7564704806479382,1.2082450133736242
1229,-0.46862945421057683,0.7424713633890512
1230,0.1956444996516863,0.5549509501877286
1231,0.7951414012563093,0.424017218028965
1232,1.4935233695858157,-0.13521571432684729
1233,-1.4740214320799316,-1.0032266225618915
1234,-0.43047999854893737,0.6565118435659315
1235,0.816860984088326,-0.8760513405248289
1236,3.0981360067896393,0.2496162088486706
1237,-0.6391409979423143,-0.9097154050319515
1238,-1.0036692550279975,-0.5345636228367897
1239,-0.7097918191676307,-0.025473859892425593
1240,-0.557420349331829,-0.08528175741060436
1241,-0.7552946414433569,0.6296588219728372
1242,-0.9416474271004812,0.9049358455439542
1243,2.5774119969799147,0.2498403276619011
1244,-1.0302414708761798,0.5022701458171835
1245,-1.1093641971310437,-0.05959872950806518
1246,-0.8954820375037045,0.8736205266528497
1247,-0.1565213142228934,-0.10432648454827859
1248,-1.4674406195050085,-0.13983273786168426
1249,-0.8706541404634591,0.47895231821707085
1250,-0.5087926847341036,0.174832286424375
1251,-0.9390259691113384,0.5879269799920789
1252,0.5478621838720481,0.18549822916468278
1253,0.9618085943232073,-0.6839685964839349
1254,-0.23911564895436432,-0.23870187157476833
1255,-0.4247401640436457,0.17711272033398523
1256,-1.129207228031279,0.2828369495032936
1257,0.8225194499804506,0.664352274299655
1258,1.6407601002495373,1.448083420538963
1259,1.0624509506609139,0.3851053687181823
1260,-1.1176156661473176,0.3730128168217424
1261,3.7374937776416592,-0.4597407744324313
1262,-0.9581988816146123,0.16049587452368752
1263,0.31323517470322143,1.0830540502499177
1264,-1.867307925749662,-1.340623545361449
1265,0.27468179698494416,0.15333798444444033
1266,-0.3825794382074472,-1.5391931107903103
1267,6.365872869869169,-0.9784465000130267
1268,-0.39705008973770994,0.7276727493774134
1269,-0.6049920417159548,-0.23200405878455357
1270,-1.5385133157751638,-0.4304473748319725
1271,0.40546854518298514,0.10794307195256586
1272,1.4945944204808497,-0.34150301199948474
1273,1.6690209976414427,-0.1565211650975721
1274,-0.300385232243914,-0.37098890615282526
1275,2.3242529478901237,-1.076105914343943
1276,1.1361921473369267,0.9566972678652346
1277,-0.05535121283267309,0.5122484791324317
1278,-1.1671635861791367,0.3884198182915989
1279,0.14559621837432965,0.3549563749682533
1280,-0.10598227157096123,0.7017861294719476
1281,0.13793541068787218,0.572420262258066
1282,1.2813228347103474,-1.3557340616490843
1283,0.010346742861455784,-0.14904372766531807
1284,5.216631348582606,0.1553033563584492
1285,0.36616993146032967,-1.275671671393177
1286,1.0509932130580908,0.477085769117781
1287,0.5017169550796611,-0.3125110802646446
1288,1.635310715122292,-0.3217333598945022
1289,-0.25899117390090365,0.04737030928816125
1290,-0.013398489511058265,0.8997294021116135
1291,16.972979962167894,-5.070162727282931
1292,3.195989925367087,-1.351102846273544
1293,1.5941214866829425,0.3093978930646421
1294,1.7660180564134285,0.7954604531723753
1295,2.232742667176662,0.964499816727448
1296,0.31752863347600174,0.7308166855411802
1297,-0.5981086970332229,-1.7084443904001019
1298,3.8652271056045473,0.22575332489606142
1299,-0.576015602908806,0.7022426818921094
1300,-0.388678110353436,0.5565978389905961
1301,0.3163835766793756,0.21245557739520068
1302,-1.4372940965082108,-0.20948259395568378
1303,-1.1991622086370153,-0.08693902261024686
1304,0.3981963211750007,-0.021848124041828773
1305,1.2403250263403875,0.2707079527517978
1306,0.01466826364752434,-0.8314991065367547
1307,-0.30170276155542547,-0.11574258026848205
1308,0.7529732013107848,0.29675136550434966
1309,-0.48298491093515633,0.5941127094393517
1310,-0.7379904349800179,0.6966340133075702
1311,-0.5793032903008761,1.682872213877061
1312,-0.3352592078392357,-1.5395516289846518
1313,0.13628629773832687,-0.48111471698427316
1314,-0.5440263397485636,-0.26152626580236393
1315,-0.17619329171542955,-0.33091433522144165
1316,-0.993081389948437,-0.2934708051201013
1317,-1.1438200322061518,0.3882389298161355
1318,0.04002243380928017,-0.4657499604284077
1319,1.182047720474568,-0.1492382983705192
1320,1.2663077817856352,-0.431398887217359
1321,-0.46306448882665047,0.027392332049860302
1322,3.8356545166641007,-0.011944316867317506
1323,-0.26588038722236845,0.6984086215983664
1324,-0.44541988934582394,-0.44918960081184556
1325,1.448385375540329,-0.12324986481360684
1326,-1.0935905120349039,0.47100821824015776
1327,-1.1834455621977145,0.3046408877630468
1328,-0.6484419387760693,-0.3147695606221808
1329,-0.341922006056338,-0.7964974351399454
1330,-0.3830158285409706,0.5122722427531945
1331,1.7442101570888657,0.05998537437699719
1332,0.2123349615007178,-0.19104285721228695
1333,0.7856444144686378,-0.08948250602223229
1334,-0.5850468789626111,0.1004850541149309
1335,-1.269646787689605,0.08617887340389672
1336,-0.1040368158509691,1.1644001314027936
1337,0.8218427559887618,0.313496364662304
1338,-0.9892822970758706,-0.2005409415256406
1339,-1.0730456598372626,-0.9377692241406983
1340,-0.49579390104177046,-0.2362567025674753
1341,-1.4172542812805708,-0.5161548943446443
1342,-0.9067077764207775,0.49632602827649425
1343,-1.7634492016478127,-0.9433717449414162
1344,-0.6992254115823513,0.3376674419377696
1345,-1.042366545873194,0.09205271233064226
1346,1.5043340819692814,-1.0567999096580702
1347,0.8480643648479549,-0.4125943491643452
1348,-0.13397594791512343,0.7429201009518804
1349,1.5293153009264515,-0.23947480063167811
1350,-0.4840547934645663,0.7602106859391333
1351,-0.6162127483005414,-0.13223571786297064
1352,-1.2889026076126289,-0.10453953518053352
1353,0.33541109220668275,0.6932781045495804
1354,-0.8047201562873959,0.032325403782981516
1355,-0.41693759217901216,0.7781116572995901
1356,-0.2303335868063538,0.5463325454032749
1357,-0.38510938681511697,-0.467924055405392
1358,-1.1756675633619702,-0.9774976167450695
1359,-1.1158892458745715,0.43308382974680115
1360,-1.2500946803316304,0.10515705129012654
1361,-0.5005134700264923,-0.08580081953040006
1362,-0.49831356502002927,1.1448062349421397
1363,-0.20845887711537026,0.8960984086038032
1364,-0.33288531203773375,-1.1877669026475863
1365,-0.8882438135882422,-0.7684552348149749
1366,-0.13017439033871137,-0.5007537403234508
1367,-1.4353126666851528,-1.1258083767314626
1368,-1.00197825966894,0.6818941828930406
1369,0.3454023190952502,1.1360986140248206
1370,-0.7268788922319736,0.31183184746450104
1371,2.759963012496862,-1.0643840875706811
1372,0.19789545569229483,-0.5844902468309842
1373,3.4359941756945176,-1.8797715655058191
1374,0.4697606881038908,-0.09593755550055383
1375,1.4769674280970362,0.6026116782149595
1376,-0.3343875962852651,-0.03937987873452826
1377,-0.7368466003030664,-0.8987056876679428
1378,0.3093706791377306,-0.13938733932714067
1379,-0.4595803098966063,0.7228286652328063
1380,-1.3605875276757677,-0.19792365445556978
1381,1.007597753713845,-0.3871518530009162
1382,-0.7827446369846017,1.218686889874122
1383,1.0219674584732226,-0.9800621173767161
1384,-0.15248202861491258,-0.06091133334014135
1385,-0.7206593956165812,0.3042370247867249
1386,-0.698864589402453,1.281845125517434
1387,-1.4527572902213697,-0.14878937784056642
1388,0.1391826407716423,0.7583903653728449
1389,-0.867604035327399,-0.11427257852044392
1390,3.894795225629641,-0.9002864928264305
1391,2.0818261542689434,-0.1908211926430294
1392,-1.1997474651778597,0.007010073744047273
1393,1.772500883513585,-1.8176861930144854
1394,1.30964394463436,0.18804527066947382
1395,-0.6159069769109801,1.095649217868256
1396,-0.4203639690472749,0.27937933417622374
1397,0.21322968946522983,0.61529253679491
1398,6.319316980288323,-1.7337119991455505
1399,3.2780830882206535,-1.1996073577733337
1400,-0.3739346879738688,-0.4211475891234558
1401,0.757450424161155,-0.17478344008551236
1402,0.5139258124169016,0.34340088410131303
1403,-0.7539151074471858,0.20434667625537178
1404,3.627284915262485,-0.6727921704703774
1405,-1.1398405675016017,-1.3462069342004137
1406,-1.3878628154574344,-0.3519221893670055
1407,0.2192022772719566,1.5360452989822277
1408,-1.0362623928679466,0.2913344725357151
1409,-0.7485062419066772,0.9781947355352691
1410,-0.2024702305582285,1.3095095837490927
1411,-0.2171015920578426,1.516146333652768
1412,-0.9017425935466228,0.6550760372400951
1413,0.06882784067736487,1.141156025619891
1414,0.03665160297404417,1.0981224709252824
1415,-0.5289091110124294,0.7607838212745551
1416,-0.608219325036502,1.144421922025059
1417,0.7220510433569477,1.978529611795555
1418,-0.6636296230668332,1.0962322738490802
1419,0.06745070006903088,1.506720711478483
1420,-0.4279426921986175,0.9251263680767348
1421,-0.018817129042533944,1.0225291954899014
1422,0.49468320102233676,1.0914784635593133
1423,-0.6893608218978058,0.851985150295891
1424,1.268501569407381,1.0161473037838107
1425,-0.4669576902211664,0.3727127442883703
1426,0.07772480858151751,1.1701875237965784
1427,0.06667834485829258,1.1598245138278354
1428,0.4730917925677342,1.1419802986224508
1429,0.5577303985128373,0.7934182668040004
1430,0.7083968132955507,0.7189768822726326
1431,2.636761245571813,0.48314650100711604
1432,0.6147518623283157,0.7258752924580765
1433,0.4147567804740831,1.1392108047721468
1434,0.23690402531565946,0.782018271083483
1435,0.8121685495631005,0.8418269734006417
1436,1.6250123038745161,0.9264648891552204
1437,1.3093483055412054,1.3409430852493927
1438,4.057747853137052,0.08968903889794505
1439,0.762239899283501,0.31159044713506784
1440,-0.30001685764371133,0.293999196471439
1441,-0.21204659505623744,0.7660377339799982
1442,-0.17955915417141116,0.1771785043275728
1443,-0.29608525926918905,0.5457265156465433
1444,0.9399931825385429,0.2548351022355726
1445,2.9357863092572956,0.1313847106966509
1446,-0.39565117094617686,-0.6987003521499519
1447,0.05025895515891489,-0.0007417231974856598
1448,-0.22928135215029527,-0.5155018511878088
1449,-0.3808109452360304,-0.9981240497777908
1450,-0.6439984402746465,-0.6265737788355936
1451,0.3631714229780954,-0.34131292645091754
1452,-0.33743782938835437,-0.4571978059558317
1453,-0.2715764186963802,-0.6115544647732769
1454,-0.4367277598673951,-0.3772344565097564
1455,-0.8528549371633319,-0.710692818431459
1456,-0.3364835657148576,-0.2540237068029483
1457,-1.2536444355957939,-0.6183460021380012
1458,-0.7256585586379113,-0.9765110605463908
1459,1.147408612736045,0.29181754382864344
1460,-0.4368881588871401,-0.11264768254580225
1461,-0.9968390882653865,-0.6492373584736915
1462,-0.9460376466346264,-0.31956607685058736
1463,-0.9579315858468754,-0.9809635223064957
1464,-0.8960886174031211,-0.43554192557142457
1465,-1.4888185155898794,-0.27301367745757293
1466,0.11762029956686422,-0.2198340579694015
1467,-0.36532011291976524,-0.46947783231015044
1468,-0.3869979049108173,-0.8033088555825739
1469,1.4029747839270905,0.277048342074401
1470,-0.6020068415839303,-0.7032382321003187
1471,-0.6872494618996895,-0.9072528967598951
1472,3.7934452194229142,0.006048231951832406
1473,-0.8613641128902292,-1.0632048054130658
1474,0.2779622185724906,-0.4716068496601139
1475,2.140222898182346,0.1579071264514563
1476,1.9731765173272346,-0.17299380965947034
1477,2.3214473777816593,-0.5845404669098122
1478,1.8937462172957817,-0.10950671893444337
1479,0.754208530585763,-0.16963321198510226
1480,2.057682284834418,0.33576890090382283
1481,3.4004685544365594,-0.7891613442306735
1482,-0.2999010056011424,-0.5837076587002072
1483,-1.4266825905751328,-0.28435570021501183
1484,-0.22363500276624448,0.4696151315945509
1485,0.9997119755556737,1.6243128539377747
1486,4.856745047988578,-0.7695653666215342
1487,4.206853145847677,-0.5128411551480917
1488,0.5389886831698029,0.42968782055478
1489,-0.6649973661110776,-0.2010291198373201
1490,-0.7426795132105579,0.28714585550900523
1491,-0.9072745346017901,0.09140725826249702
1492,-0.39601211679369963,-0.23074844774333167
1493,1.568133943724177,-0.8525478768549042
1494,2.633753985360042,2.433259371769975
1495,0.6610488403571265,0.8164146407954778
1496,1.4422542392694575,0.0645972821341327
1497,0.5628705512440954,1.5370170568304442
1498,3.069545146114631,0.47981645653863775
1499,-0.878458339094211,-0.009079546371411694
1500,0.9638486274459349,0.812445995407688
1501,-1.1239888513631895,-0.5129428216310399
1502,-0.7877719299503619,-0.8588255276357111
1503,8.55411380298183,-0.45636821704124936
1504,-1.4534812200959693,-0.44206104330870566
1505,-0.19676604707152612,-0.15784420281760447
1506,-0.16587317947816055,-0.5805231768105802
1507,-0.3287591083748713,0.5100063819167158
1508,-0.441113533464868,-0.568833715454897
1509,-0.9144219396045382,0.9125445302451382
1510,-0.5800552603008696,-0.2973630139177471
1511,-0.8681088824945681,-0.19303473869576254
1512,-0.7961916030343423,-0.400911317779807
1513,-0.4439294090030795,-0.016398293339557654
1514,-0.8884848672986863,0.1158111832422248
1515,-0.921555285539793,-0.3082816649884955
1516,0.006103282469741728,0.16827484426079795
1517,-0.15653792513762482,0.12442874552874744
1518,-0.49474287371201514,-0.6292790255687947
1519,-0.3341676111620355,-0.43993153994634915
1520,0.8488696115455795,-0.1749479226222522
1521,0.05212442800476416,-1.3221722780535143
1522,1.7766474437254474,-0.9276759958431873
1523,-1.3577495539086055,-0.059455126100011066
1524,-1.1209747838768225,0.3685164726543079
1525,-0.8243341746112169,0.10999541177653499
1526,1.5675825112805504,0.4827722134960455
1527,1.0963573655552992,0.49557242590264866
1528,-0.09429268983879074,-0.13883568045144137
1529,0.09478019307507221,0.49227059376411514
1530,0.04439677224478877,0.40906051053898507
1531,-0.36924860689091205,1.014734376423931
1532,1.5667339873375026,2.0120781907270846
1533,1.844305587572349,1.3961630816245527
1534,-0.19603829907379236,1.0024381106252982
1535,-0.2835079176210554,0.16403445043921833
1536,-1.8755386673171721,-0.9286259320034851
1537,0.3926238333470634,-0.03487230014999549
1538,-0.4896833333604103,0.29583832373828167
1539,-0.4472327469067335,0.8240661123873007
1540,-0.31024833112167616,1.965485060090035
1541,1.26465975611919,0.9473628403895036
1542,-0.5472538348403839,0.5399650351535703
1543,2.473059628015142,-0.6801106434510283
1544,1.1623863560832404,-0.3329267457440295
1545,2.993996059421068,-0.8057039570407086
1546,0.2425484251220456,-0.05209491151168024
1547,0.1492056082825869,0.48698818853882614
1548,0.1443830091719816,0.4609880438768622
1549,1.9712438136464707,-0.6493914126663495
1550,1.0384450492626176,-0.23092334276243534
1551,0.03403874084466228,-0.559626897637406
1552,0.17720424609939237,-0.0033369883192412857
1553,0.5137702509438089,-0.49749016756165815
1554,-0.7991932960197268,-0.4344904329308972
1555,-0.39463549393155006,-0.7267052223162114
1556,0.0038387162496619567,0.28831720964644436
1557,0.8424549198818303,-0.14553295289785348
1558,-0.9625260878519224,-0.30584765444637185
1559,0.45591543893013203,-0.2751466269356807
1560,-0.28233581808292085,-0.10260645509593168
1561,-0.8158096345248548,-0.1881708838207809
1562,-0.5072528916775741,0.011559231163592617
1563,0.8158813056690585,-0.1501772843213419
1564,-1.09304646021991,-1.1444755671125608
1565,-0.14021626772838972,-0.402344221376686
1566,-0.9889432157090543,0.507915364061415
1567,0.7723308069718915,-0.09762400812392004
1568,-0.2771195159137628,0.6701419078783896
1569,-0.3113017038526989,-0.3788684708284695
1570,-0.14838174664815548,0.16880040598412385
1571,0.3045416090228369,0.12439677291247252
1572,-0.15402509054753125,0.02131846320953365
1573,-0.5329430961890987,-0.022342453791905907
1574,-0.14397963526867139,0.5222881901701483
1575,0.06326479413131443,0.45560191284352136
1576,4.428054262970047,-0.5977458224746285
1577,0.3499323128536546,0.5087424342692904
1578,0.13551328952840228,0.5779113424009612
1579,0.21800154702238042,0.4916574398446938
1580,-0.8237724791200035,-0.6649830715115749
1581,-0.9119048139601311,0.15784343516418048
1582,-0.7228871028661644,-0.2897293159370416
1583,-0.433629163665265,-0.5888969571402456
1584,-0.11705648248175637,-0.17470465210529565
1585,1.836874853470488,-0.33958820736995443
1586,0.9972064379887798,0.6865344534147102
1587,0.9576234559723467,-0.8689022224927492
1588,-0.31433525095884685,0.5440357319224199
1589,-0.2676471922610325,1.4664518101148833
1590,0.3532873206077377,1.3936114838288314
1591,0.1366532197716219,0.30888410610466827
1592,0.060570847860270026,-0.06460241907121328
1593,0.3611196083581806,0.7224518712484381
1594,-0.23875873764328415,0.017915343391469506
1595,-0.16907637308264337,0.31548021450140895
1596,-0.39739691399572374,0.7685110248576346
1597,-0.06810428205221288,0.44865951487717354
1598,0.49283340356131317,0.2797669672554928
1599,0.22263098503542295,-0.3625781159794216
1600,-0.625312012019817,-0.3786485661436041
1601,-0.03814577374788255,-0.16359185085147562
1602,0.6246503185005113,0.08165702174113848
1603,0.23071370593083598,0.022399827791534956
1604,0.00789698034615735,-0.007687673724327055
1605,-0.9108862028047681,-0.5737356388338261
1606,-0.34867980653685127,-0.19630087944078226
1607,-0.6587216566108762,-0.985349214895577
1608,0.96643979627027,0.2963311842281107
1609,-0.16005606673959902,0.5897644771448883
1610,-1.3524690315246557,-0.7563225353771776
1611,-0.1794158217221586,-1.769945848677924
1612,-0.5224592271302048,-0.19862217870311769
1613,-0.5897975924974099,0.16010046250280086
1614,-0.8101959974508772,1.1855916747150743
1615,-0.5080691822470754,0.3172059115190097
1616,1.3180128557825181,1.3601044688535096
1617,1.239903803975788,0.07400329001003188
1618,-0.2647703400049583,-0.7403867325428407
1619,-1.1566381516686675,-0.943400612638296
1620,-2.028733628978027,-1.7152824752834033
1621,-0.8031215003782171,-0.010058314569959035
1622,-0.4785312487306929,0.17079444190251422
1623,2.5163297780777136,-0.3719077773790023
1624,-0.6455641065821353,-0.6912876238567361
1625,-0.7100804876931309,-0.46663494218361395
1626,-0.5539800553717712,0.05872710436760843
1627,-1.137259770331487,0.33612416263355566
1628,2.7446719216484707,-0.2036695407627235
1629,-1.085433462245231,0.4974754563645058
1630,-0.03965387146538016,0.7965083746569012
1631,-0.4791615632950701,0.7384910206747234
1632,-0.19739199328044374,0.8295778016249465
1633,-0.8764798255906888,0.3993165849707046
1634,-0.5987891224189932,0.8955475209243062
1635,-0.13823012594546055,0.9214616942667577
1636,-0.2583443998230049,0.4794510399904814
1637,0.18055670738599203,0.9565293341846538
1638,-0.2796310461330014,0.35820696553952625
1639,-0.8831319470323368,0.8445615268642087
1640,0.40846790933548316,0.8247868885798764
1641,-0.8121026240554838,0.7829951984342212
1642,-0.611358393722614,-0.45448126561219776
1643,-0.9928690135413555,0.3056653442942483
1644,1.3253465638617534,0.23709965058785284
1645,2.3276898635251033,0.5973862832680225
1646,-0.5014731274387478,-0.24611682830305567
1647,-0.6667697108318854,-0.04971378578678235
1648,-0.5538733013902528,0.3367509756480097
1649,-0.31490711476604294,0.8807790217870343
1650,-0.13181929436354758,1.0530274018026715
1651,-0.32822861010626575,0.6695626369766963
1652,-0.9821405651973386,-0.17012043710878064
1653,-0.3141229214566475,0.672236266488056
1654,-1.1829966363511961,0.13230911786420754
1655,-0.2710910899515705,0.7579334892341035
1656,-1.0603217399987714,0.088934079578227
1657,-1.3451603377746517,-0.07261679330945266
1658,-0.9567966591406196,0.0041563053934592364
1659,-1.2589978907936845,-0.34600794524880707
1660,-0.7256771757736354,0.5090851371450249
1661,0.7360522700006339,0.7401375570403054
1662,0.672508097431793,-0.005199824831001454
1663,0.09020242304278606,0.385167501265633
1664,-0.11216055789278151,1.5338905854164533
1665,-0.4938803896046872,0.24174771260361327
1666,-0.3462323958801359,-0.13474892090886095
1667,0.7959995526131578,0.5468061205823668
1668,-1.1778901984281585,-0.9394180458975667
1669,0.6676366887666126,0.06073783777767917
1670,-0.3353348251412613,-0.12191490608714398
1671,0.544733225718268,0.4473758145625565
1672,-0.47874084369011066,-0.0432394703317387
1673,0.20745861970131274,-0.13899228254938337
1674,0.3010526057886113,-0.8092909429098224
1675,-1.0010493610696325,-0.9889896894868333
1676,-1.2754015417307611,-0.9576679820498405
1677,-1.245221696155831,0.1918213070313067
1678,-0.44677856307836095,-0.30817202924765263
1679,-0.7124075282975191,-0.08793731312063431
1680,-0.31629420354864973,-0.35940987277080727
1681,-0.433037219469623,0.09731144162263158
1682,-0.663211070871783,-0.14893283811900623
1683,-0.565210973643825,-0.07071213387093771
1684,-0.5752209962485341,-0.9517667750327388
1685,-0.7132478883768294,-0.03131616186990078
1686,-0.7489196986196794,-0.34981058053266517
1687,2.7700099779849627,0.4127599393064503
1688,1.2078580033270288,-0.5292018644645514
1689,-1.3483561262618085,-0.058370133823431286
1690,-0.6193618447401524,0.7018023674080162
1691,2.1561508566677587,-0.5475979426018636
1692,-0.4470853274710007,0.06861719572539927
1693,1.740461406220381,0.11363859336350365
1694,-0.24045790760772873,-0.5615334137822954
1695,-0.9768155606550273,0.30449224525559976
1696,-1.4062314507011657,-0.2336980881491217
1697,-0.41392630380898293,-0.22972558248274413
1698,0.040060397382129194,0.7453824495655906
1699,-1.5252654710606224,-0.7248118292489325
1700,-0.2739062077225926,0.27954267983737996
1701,2.045167338547475,0.6914347452796678
1702,0.717250611330108,0.9489362285303548
1703,-0.028680676160673685,0.16970447890379142
1704,3.4451872496593583,-0.06576511811988237
1705,-1.312083034614086,-0.4140999462829806
1706,1.7754346264815473,-1.1841914092939245
1707,-0.7252893186418781,0.4305782987195825
1708,-0.21558351896609632,-0.5308649436332192
1709,1.4795818845375324,-0.05785211968110038
1710,-1.4712775917906482,-0.22784525306165188
1711,0.11543345883238,0.3419995729615697
1712,-0.0564007321731494,0.2133666844396134
1713,1.4433440054873992,0.6031081476814997
1714,0.33514396591617907,1.504777350363113
1715,-1.1980011012609717,0.3870142657804399
1716,-0.06335024668043188,-0.8015305460603199
1717,-1.7880960848764917,-0.9884710652110481
1718,-0.5017776303499224,0.8830430958178911
1719,0.35910477547050323,0.3588679553645149
1720,-0.3635664949867693,0.3878363066141847
1721,0.8089940271097029,1.3656072785534497
1722,1.0161046674031882,0.7113046409673431
1723,0.08183494156619116,-0.8063082788272261
1724,1.0045534435559087,-0.32096369634833194
1725,0.5353631582706684,1.4606936144545817
1726,-0.18979231473452796,0.22518291409363075
1727,1.9716181902526937,0.18639816209879234
1728,0.5114128217565924,-0.4353048879384736
1729,-0.5171122439491331,0.6549157064988183
1730,4.614575177956319,0.21760601467049503
1731,-0.3591872811415347,-0.12236460597103431
1732,-0.2612153968724953,-0.05955096909861243
1733,0.11386169200689923,-0.22612658099248745
1734,4.1953832228164885,0.593321097063461
1735,-0.38404161116572266,1.2423936460521565
1736,-0.5250949081518843,-0.21088786838787474
1737,-1.087600336546377,-0.43136521955747303
1738,-0.30343756177050146,0.8062019871778229
1739,1.0609033361575764,-0.5977287825826006
1740,0.747601077682168,-0.7219025125419773
1741,1.0453867572904223,0.5984812406109202
1742,-0.2821973878396449,0.834039894064485
1743,0.21333769819977746,-1.0894115696871594
1744,-1.0443735115902957,-0.6381502922415802
1745,3.2267040984509507,0.4823898868749205
1746,-0.38950361290334745,0.3075783888539779
1747,-0.17265104997031583,0.6126879653590223
1748,-0.2751785433262685,0.5676307794906997
1749,-0.22970915318299465,0.13354358038544012
1750,-0.2653954842082059,0.6148061972054193
1751,-0.21606954317717925,0.5523416427799525
1752,-0.7538461330028007,-0.11500214322105397
1753,-0.11306421590770571,1.4695825964990676
1754,0.27081091876539976,0.460961622677878
1755,3.476525298746522,-0.43506807641738593
1756,-0.04118735522632021,-0.7709333992441418
1757,4.555225314347267,-1.4742021319687924
1758,-0.38989361656858224,-0.15289958503987608
1759,0.028179471699670063,1.6397793505759517
1760,-0.6675869734658141,1.0799286083649973
1761,0.07723721076683336,0.44817317590661204
1762,-0.027958241805574838,1.2784979540222854
1763,-0.43059035093021175,-0.2773181402507142
1764,-1.7623521497072698,-0.7378437354519792
1765,-0.2377986237094134,0.3919288768635437
1766,-0.8679109950318203,-0.1775027685716853
1767,-0.64074072272619,0.21173045065725132
1768,0.35980942118692344,0.7013402880327937
1769,0.5706242213632441,0.08451937880167472
1770,-1.2588087460896236,-0.5424021859806327
1771,-0.22852016295743297,-0.23183616523223988
1772,-0.8114620210854009,0.6458730405677003
1773,0.25136768195821707,0.03456199495727691
1774,-0.3002663070536347,-0.5341348114186885
1775,-0.5441302113653465,-0.9254785142609058
1776,-0.21508491037345615,0.010774818727551719
1777,0.12312999751791277,-0.30490780594274514
1778,1.1115791732052258,-0.0727812303057771
1779,-0.1201461577765608,-0.2975588730716535
1780,0.5419528934732764,-0.13843106807290045
1781,-0.0665928599989313,-0.7193594425860954
1782,0.033934352002283355,-1.0205734539905453
1783,-0.027352646839603915,-1.1808809783151102
1784,-0.32059855034959917,-1.0501968889784372
1785,-0.7728956448316648,-1.3283845407351635
1786,1.268730689288478,-1.3464647471419187
1787,-0.9854194476608692,-0.793561919252845
1788,0.16362834268259122,-0.17941743450024678
1789,-1.0208273006784305,0.7278465670864183
1790,-0.358125450986584,-1.0584710863199633
1791,-0.51291058815723,0.4798142498174036
1792,0.5213262752551727,0.8757490937408103
1793,-0.18423908833116606,-0.5765154380514659
1794,1.326100630871736,-0.7750730738991993
1795,2.1841561672700682,-0.42784573273400056
1796,1.0868779651658573,0.24746157184365286
1797,3.038233691138456,-0.236990121220912
1798,-0.10086326571781234,0.7512798899367111
1799,-0.11664405530766066,-0.34350616898775904
1800,-1.179706683610454,0.1978500776761867
1801,0.12628210383375002,0.8130196654591684
1802,1.8463457494694997,-1.0200263892139882
1803,1.658500281191948,0.07276161265482375
1804,1.1562096021156292,-1.1822147264021525
1805,0.378859415313172,-0.40873582780683054
1806,0.9824247114277338,0.11158625999084969
1807,0.894392717961529,0.14943714134124347
1808,-0.04893004743707507,-0.05400674079328357
1809,1.2952897754889456,0.36876028075359885
1810,1.0870273191263766,-0.3235769504188188
1811,2.0189510450617347,-0.8257283346027
1812,0.7409252076393077,-1.0797408776935056
1813,0.11434196734502003,0.41123960738216525
1814,-0.038069387227119736,0.2733775148814233
1815,-1.6053187245043417,-0.5792908226572034
1816,0.004832119597518973,-0.23767860477569883
1817,-0.8388399478508405,-0.39049509415192646
1818,-0.2518252257782138,-0.11102568260863525
1819,-0.9950179868816179,0.19267600542074695
1820,1.4467106977073378,0.5644900310640402
1821,0.8143204186339364,-0.26379223614141795
1822,-0.1111055103158128,-0.46676635892286483
1823,1.0895272750206852,0.11225047710052548
1824,2.662046785567493,-0.6736384439408729
1825,-0.6784267876665266,1.1888281664105216
1826,2.547258710975636,0.8323508755545058
1827,0.3911715143978708,-0.1686746205858313
1828,0.807461171182326,-0.48168380204332434
1829,-0.7278294277040035,-0.03220228139083336
1830,2.058878705300874,-0.07495758775776361
1831,1.37109938552912,0.13032936096426115
1832,0.6815014539997537,-0.11984860436578046
1833,-0.9472347144306011,0.5152892899191541
1834,-0.09390038882526679,0.656435864987603
1835,-0.42869843515303524,0.3790075221301314
1836,-0.581368716258471,0.9853091807618006
1837,0.011139446882738666,0.5286767546903001
1838,-0.43722149181059694,0.33957450986628096
1839,-0.8920639353802522,-0.500003636693757
1840,-0.2902780199658102,0.141211774046502
1841,0.28045611013194816,-1.0807254049004538
1842,0.2926081354740152,-0.9277787946946788
1843,-1.2008877115798577,-0.015358629829752217
1844,-0.6871955717039835,0.00852353536653775
1845,-0.40864217541292663,0.4430223499621466
1846,1.337924885281439,0.1563085906826777
1847,-0.24464973529852901,-0.565433307890204
1848,-0.35496351432266054,0.10285083206244157
1849,-0.6578993775338531,-0.5746040306700517
1850,0.3967822687038211,0.08663005793152273
1851,-0.6238742958077491,-0.594689461939852
1852,-1.474291192751469,-0.6255590226822523
1853,-0.005108130640691813,-0.004388021267619516
1854,-1.038296305506674,-0.42162187205570945
1855,1.1064173765521856,0.9235311033951251
1856,-0.255097229721481,-0.33121059229280353
1857,-0.033287545569390765,-0.17797570744666166
1858,1.682617667173564,-0.7447944137749158
1859,0.9698733003334226,-0.8473692972066532
1860,-0.4397103338947858,-0.10940059017378219
1861,-0.81934986797968,-0.483771691473937
1862,0.317753138930645,0.5558175030091378
1863,-0.24921348101288524,0.14404783070790175
1864,0.387887974969856,0.8145385040767984
1865,-0.36579637139697496,-0.4648651520972883
1866,0.37415081633759817,-0.18070895368951964
1867,-0.7552086090092975,1.2019389231328457
1868,-1.0584152669778393,0.5210177172911528
1869,-0.7406314050905546,1.008724445070882
1870,0.5700223341190969,-0.4438513747601196
1871,0.3698461877719617,0.2787872836500145
1872,2.1604790647247816,-0.6798431420191655
1873,-0.6209171198200913,-0.3005798981561252
1874,-0.7815249498171615,-0.8181797168441852
1875,-0.982045135326829,0.8199004180378882
1876,-0.8836117924666174,1.0701766683837586
1877,-0.22302530057265302,0.5211210664048499
1878,0.4902677539144227,-0.05476510509878292
1879,1.1813501073727328,-0.4190529738665438
1880,-0.03590409890379537,-1.0652771531849599
1881,-0.5844612663106403,-0.41700718318950486
1882,0.8161624953087311,0.7954785481391016
1883,1.6897733999647497,0.31821544785788425
1884,-1.1980539979817204,0.4522986176480343
1885,-0.6563534880880709,-0.07525672388090075
1886,0.9240929570137336,-0.13145897803292228
1887,0.2595161923828041,0.35870088527277677
1888,-0.10271593876208504,1.458915166694805
1889,-0.4713110107659375,1.7982368641147863
1890,0.3301827672574837,-0.09344974256098107
1891,-0.5785576661988078,-0.7652881518953911
1892,-1.4072639894405876,-0.9995731357066293
1893,-1.7102449243079476,-1.1205248265793537
1894,0.2840800499982188,0.24487185615893603
1895,-0.30012727711654436,-0.07534482210617045
1896,0.2503222531514253,0.15363803858522218
1897,-0.40049160943624046,-0.1395888718147256
1898,-0.08213948967356324,-0.31666997272594855
1899,-0.5529357420085128,0.025161786368427284
1900,1.165658965036537,0.9364780757826705
1901,-0.7684346991737464,-0.4344009212173963
1902,-0.37981254671854536,-0.7398484723927691
1903,-0.3286059518779425,0.22587433017369404
1904,0.20146603659250722,0.3744890976495949
1905,1.4191937123330243,0.6964876857616884
1906,-0.0818255904837611,-0.3650178765527821
1907,-0.4887319321124476,-0.6581828117148858
1908,-0.39014669854390643,-0.35669782455393073
1909,-0.16125878281124237,-0.08961559000761389
1910,-0.9216706326630325,-1.8218279264188615
1911,-0.27118436737807505,0.0961842275693223
1912,-0.8220146681656851,-0.6106788375703135
1913,-1.7158127440830087,-1.1180086767163429
1914,1.947707052318953,-0.8858409038059957
1915,-0.551720617795932,-0.23671601793780583
1916,0.9772066381039851,-0.09229719932913336
1917,2.0975395697819925,0.8251776017069807
1918,-1.2509380490795028,0.020728957617867166
1919,0.1884099559535239,0.07590932512437733
1920,-0.6684752423119253,-0.5460601324240113
1921,-0.6362138871480967,-0.8432124484388452
1922,-0.16896336610439713,0.8803405787853298
1923,0.17299817511113108,0.7755949946712362
1924,-1.156013252032751,-0.7390196097934291
1925,-0.5735199685399197,0.1929287973605034
1926,-0.7361701205764731,-0.15609899785607614
1927,-1.1436030947041385,-1.4814868633990945
1928,-0.7888827675576892,1.1867297699991146
1929,0.5862320149077654,-1.2255521320297633
1930,-1.1178386083169027,-0.49115912898235925
1931,-0.15849907379975609,0.30152117626299674
1932,0.27314296300740837,0.12779501455669923
1933,-0.17606574490409363,0.9418437383851254
1934,0.12572865917424347,1.1859450819674562
1935,-0.9007321153635158,-0.9389703877111275
1936,0.8715300539579532,-0.4309455441628668
1937,-0.16356079254714304,-1.427067189910508
1938,-0.6444163546221214,0.1539523171910803
1939,11.19438959113111,-1.70165184793899
1940,2.195155293806361,0.01738397057224015
1941,-1.0654394110492258,0.16151142706577198
1942,0.1144160949044517,-1.178769906614173
1943,-0.2791188680931926,0.8114236546913103
1944,-1.2985543132015653,0.04140577870153835
1945,-0.7261207747532878,0.43015742897380904
1946,0.3945768852953236,0.5121010576084282
1947,0.7846596449653335,-0.4536450425142721
1948,0.18663578678095266,0.19276842516140022
1949,-0.04111299522395256,0.5288334134440946
1950,-0.4592916533218422,1.301388116222334
1951,-0.30652259623604766,-0.9524592677841247
1952,0.824808618767612,-0.38149382872590853
1953,-1.4033021249218922,-0.20214208446026677
1954,-1.0918612989998084,-0.03026020189623103
1955,-0.46836455587765363,0.8066689897554713
1956,0.0937678554654079,1.1360679547742758
1957,-0.24520836293302867,0.7028534102873557
1958,-0.9131713192343411,-0.749703939237268
1959,0.40128953597785827,-0.1482491360484029
1960,1.0363771147160468,0.18017979637359877
1961,0.24735384656174678,0.3303233452096205
1962,1.9664642894779407,-0.8350294832688855
1963,-0.19002881854324347,-0.43604603459637986
1964,-0.3875517309863721,0.9669312414776711
1965,-0.7765930786033002,1.2326636726708566
1966,-0.9784819055200681,0.6554530554913542
1967,-0.5790242529892545,1.317904562362443
1968,-0.30214901303642916,-0.2078729909524186
1969,-1.5633438322284001,-0.8151704184878784
1970,-0.5793232820287155,-0.12174275171098436
1971,0.8234987003904982,-0.6665626450509573
1972,5.053393818745408,-1.3320055441849437
1973,-0.7619937717133649,0.5457229059175476
1974,-1.1385264274044662,0.18740924284689467
1975,-0.1795114948473177,0.35788768782451774
1976,-1.6315369035292082,-0.9825329574250872
1977,-0.08687785051704984,1.156746575609572
1978,-0.16546823362281868,-0.3464569703657938
1979,8.909864616347413,-3.050042968721026
1980,-1.1989639645991421,-0.7064638068542074
1981,-0.7113816876871003,0.43154040213931455
1982,0.11756043945725121,2.4705764799127365
1983,-0.6351754032072714,-0.14060471688831114
1984,-0.8106379515872453,0.2768120552987747
1985,-0.3289034269941359,0.5438398341934151
1986,3.217569261386352,-0.04006900348723281
1987,2.2061448795778076,-0.3561215930802778
1988,0.6605182083105272,-0.7396656007953574
1989,-0.6923243851488399,-1.5433570767512428
1990,-0.6069127029893356,0.17620290677106507
1991,-0.2296433695322493,0.28861349803303726
1992,-1.5643336298486477,-0.733730258513688
1993,-1.1524999950282722,0.255199135701137
1994,-0.5275905560804828,0.032631341800448285
1995,-1.6134836792380716,-0.8468918734989372
1996,-1.277585604599212,0.08716806553345377
1997,1.7526324771656494,0.05745245566293885
1998,-1.603649005209279,-0.8138042443172124
1999,-0.8913179319635517,0.20247130296822022
2000,-1.3027866671782042,0.003819401781771508
2001,-0.45934222025724225,0.0755325825720531
2002,-0.31983005562297256,0.5371097588369171
2003,-1.505996241277471,-0.6173750799822751
2004,-0.8774861560659284,-0.499899748943876
2005,-0.7075205160103237,0.3793142139720225
2006,-0.5669077184501743,0.37335704840960415
2007,3.5576099082358152,-0.3086237724146373
2008,0.24340277702906893,0.2392615338248968
2009,-0.7245746520160247,-0.42257094802320144
2010,1.0059834562847358,-0.15775128234002483
2011,-0.363919443456442,1.3147132040691263
2012,-0.833840015295055,0.18159402801289393
2013,-0.5949789029514274,1.0518972589165507
2014,3.393071692331002,-1.3269757634658637
2015,0.5488835537820257,1.35921851015278
2016,4.026357341925456,-1.5679369266705174
2017,1.0916747779807026,-0.4831565345766523
2018,-0.2552864946721254,0.2537609903961703
2019,1.0972165571551316,1.9834868012856
2020,0.944960997311264,0.348561851073084
2021,-0.3938182153765977,-0.06682232418283413
2022,1.7706661201840341,-0.8393028457044865
2023,-1.3092445558066999,-0.013149815908996415
2024,0.1295330885741355,0.7431679677876127
2025,-1.511647403834832,-0.3119909819790831
2026,-1.5148641522289032,-0.5154895963680418
2027,1.031413761531196,-0.3592188333418454
2028,1.664682351772859,-0.08843681777028765
2029,3.2824817274673777,-2.5707825074837745
2030,0.5183126359462651,0.6450424737251295
2031,3.240640215022477,-0.9448851655577507
2032,0.7338160644156468,0.39757967775548614
2033,-0.7178232194703379,1.1879196600853654
2034,-0.1444176155679429,-0.39492222059835025
2035,1.9996659347593269,-1.1589298764139289
2036,3.517355477142219,0.3679233744487508
2037,-0.1026268855130144,-0.7681086505609264
2038,4.458542155432661,-0.5497468901589072
2039,2.027635396650692,-0.7083435579462032
2040,-0.35607182357990524,0.10932794818391661
2041,1.0835472300945042,-1.4138647050965925
2042,0.6054678464995664,-2.3169403333490415
2043,1.4300183250926715,-0.9796038342381523
2044,1.1870970833561458,-0.5451917700694275
2045,2.2924270053759597,-1.2220004433860399
2046,-0.9455695947628759,0.5688687193664211
2047,-0.3062730707611556,0.7897236662301196
2048,-1.4020164142495095,-0.19258970277277085
2049,1.244094637337155,1.6664532812490482
2050,0.37077805343262443,1.4011643508080776
2051,1.4533556153562257,2.0466567800567166
2052,0.20251764009671636,1.111134758791452
2053,-0.2460674854032635,1.235703108241716
2054,-1.293479854520175,-0.24824641518355017
2055,-0.06647376103860972,0.28964816520833364
2056,0.14696393660934676,-0.740210180515682
2057,-0.6051331349834286,0.6398877175508637
2058,-1.158946384255953,0.1867652487184796
2059,-0.7433823187381344,0.3737302123733452
2060,1.3055710353555987,1.3769142645820078
2061,-1.4419552629602168,-0.48651639712994216
2062,-0.9812011019005011,-0.1813615228254516
2063,-1.3455521003676114,-0.2771691067748039
2064,-1.2979820810330527,-0.1758478526811847
2065,-0.9721841289326438,0.6767072356333367
2066,0.5307917379782109,0.8723202830021205
2067,0.6773355088667282,0.03694597269235497
2068,-0.9246536976128124,-0.341586191484748
2069,-1.038323797439643,-1.0650196826073228
2070,-1.0063381794106578,0.4145113599384821
2071,-0.3396129616604341,0.25413814050499184
2072,-0.9181437928009389,0.447061317452722
2073,-0.7734746033356239,-0.032391761783101096
2074,-1.6587513962143823,-1.007177331133704
2075,-0.49921464967059,1.1728527055017488
2076,-0.44853611949250743,-0.16724900019117117
2077,1.7708284709436324,0.26292594675981873
2078,7.403884591151254,-1.420388085349043
2079,1.4622871822322387,-0.162073137638078
2080,-0.3368638265140541,0.6270521972117044
2081,-1.3172034729006,0.14966064125285586
2082,-1.2596801673132323,-0.3741641508797152
2083,0.11166202899790445,0.11825475806598665
2084,1.0481183386308022,-0.7651280977550842
2085,0.19672669084838554,-0.1104138351110071
2086,-0.11893464242500108,0.03940507931930755
2087,-1.1803265812955936,0.22577923014753676
2088,-1.2514976572658618,-0.16727323504803704
2089,0.04109338971855377,0.05408891554770541
2090,-0.5414074473912031,0.013712769177318878
2091,-0.9394687805762878,0.24608638067838348
2092,-1.1381565264165816,-0.9805582476762839
2093,-0.5844710156293416,0.08877185012486632
2094,-0.08624168811378559,0.6429782317489381
2095,-0.0965188628113852,-0.01621962271674539
2096,-0.33681878586863023,-0.5247992575283982
2097,1.9777873192013684,-0.024200878372635803
2098,-0.059619789198990455,-0.5784687725786722
2099,-0.16227435673752627,-0.43513168622951126
2100,-0.2625047167497955,-0.3312319722716558
2101,0.5196460421647792,0.3183432055440102
2102,-0.15459698890468504,-0.27821697981381865
2103,2.3887170685521153,-0.06326424709211863
2104,-0.4114247054410425,-0.8444149286569173
2105,-0.5554827700853333,-0.8926739854972894
2106,-1.161222460828944,0.31647817220210067
2107,-0.4806587904891974,1.1116185603643924
2108,0.09319956964748816,-0.061449912814058885
2109,1.31870983080259,0.08652696643278658
2110,0.7537343773116553,0.45859707093856195
2111,0.7098701054660967,-0.8797510476601282
2112,-0.3509026776615012,-0.7597162998810651
2113,0.16531425238967842,-0.9602343390677841
2114,0.5425473365269774,-0.7219193317005409
2115,0.28404398853980406,1.0392459994873497
2116,-1.007939617599437,0.2861528282224696
2117,-1.763553383709214,-1.048395887551978
2118,-0.37244501602772845,-0.36293700882120794
2119,-1.002327237335629,-1.147444762468199
2120,-1.205228745523603,-1.2954163118208584
2121,-1.861438439703017,-1.5207552262201374
2122,0.47384642726112847,0.7774913027834497
2123,-0.11106070642169279,1.9405212521063004
2124,0.275474292128244,-0.40754922290664014
2125,-0.99180638430789,0.9610425838680408
2126,1.9228223134918034,-0.7357015098606667
2127,0.40190383928789897,-1.0165960147463982
2128,-0.7176930962030318,-2.207546261592726
2129,-0.7597741752021088,-0.486484898444139
2130,-1.1288449109204557,-1.1708944010693307
2131,-0.448230538460196,-0.16478823871527562
2132,-1.2316514176779523,0.17422097345821472
2133,-0.8339394247458192,1.0881249245024478
2134,0.45787359239483183,-0.30428394936122005
2135,0.09751120105048952,0.252299407900355
2136,0.38114500369007137,1.407255086495654
2137,-0.4685978849894402,-0.393641458626117
2138,-0.6284934725007159,0.04717933307090141
2139,-0.6844516913600593,1.008091274219634
2140,-0.8893044242020779,0.978625393443252
2141,-4.5625077808104235,-9.366119619567643
2142,-0.7678741828254443,0.7954852970653024
2143,-1.3516441855276284,0.0011799527495057192
2144,-0.3385679262042463,0.44045340387197895
2145,6.677784216018624,-0.48179347001593453
2146,-0.11247371992545106,1.184856691950867
2147,0.6635567101733869,-0.662178852719858
2148,0.6093898955954592,0.37982620856413657
2149,-0.3656728397317813,0.18265742277596878
2150,-0.15841575095762975,0.4386972879308558
2151,-1.598015476114716,-0.4752481011608499
2152,-0.41181000077390273,0.9783213475530826
2153,0.25364479885934654,0.48872416609373226
2154,-0.39057591680569564,-0.2014214267365096
2155,-0.3469545248588883,0.6453471730642134
2156,0.46562515425687795,0.769345355656471
2157,0.7252443141322796,0.8358074974934646
2158,-0.7711208586460051,0.34199900605222666
2159,0.3365243285129329,-0.19010085079153397
2160,-0.8605486661303449,-0.28199287356364844
2161,-0.10793990460550572,0.17063734685201165
2162,-1.3510771574722988,-0.3486504279646376
2163,0.2303544138984761,0.38171526838441455
2164,-0.03226762741099453,0.20246333258265545
2165,1.5035365500502471,-0.6342002623817693
2166,0.09957351620895626,0.03545621611997906
2167,-0.6502381360777015,0.581382218738161
2168,-1.4997388125701185,-0.4782350136112932
2169,-1.2626525189320923,-0.16341903299949415
2170,-0.7707335369841062,-0.7513270930569023
2171,-2.1219388149840186,-2.276263543643312
2172,-0.4080390406082331,-0.2532147616492323
2173,-0.048347055611216244,0.41214614652368364
2174,1.8601019329682016,-0.24767185216030146
2175,-0.6583260685062464,0.051306566428650925
2176,-1.583480170695568,-0.8329368379188992
2177,-1.1350092015054825,0.2952988104236266
2178,-1.8525961910085282,-0.4668627109340921
2179,-1.024623098954677,0.437290641343251
2180,-0.5497687675821172,1.4662941751095808
2181,-0.7783769818029677,0.07333773279819772
2182,-0.4210462665404038,-0.6376927590198901
2183,-0.5348747692541156,0.14507055533208488
2184,-0.2154241757325326,-0.17871004975673474
2185,-0.393026058988751,0.20880364502802273
2186,-0.8491016636122087,-0.5110200058635777
2187,-0.3297235931876771,1.286977585505597
2188,0.9038558569734824,-0.6931424205236915
2189,-0.5475497851040524,-0.6974492314294664
2190,0.7364932430066319,0.8026568469410529
2191,-0.341158581661034,0.27185051933480164
2192,0.5620621042882757,-0.0005085630624437971
2193,3.7003648097543467,-0.5388117417048511
2194,-0.022895564349058442,0.8090302248412855
2195,2.5344842015670115,0.26827559604648665
2196,-0.19734172024148358,0.6750669367147297
2197,-0.03654451519774605,0.8890423650251051
2198,-0.3469890694728916,0.7347225853108873
2199,0.08785106711370241,1.0053288145854953
2200,-0.10241516454457665,1.161759961608447
2201,-0.32408151348628694,0.35693503442668556
2202,-0.4809963297166012,0.6997388349140954
2203,-0.2553092679264579,0.6157661010053171
2204,0.7778228234405031,1.589171889145586
2205,-0.950814004495911,0.7885711864971654
2206,-0.15173938363435144,1.7522469930828797
2207,-0.35841714238065076,0.8102486249068473
2208,-0.13271068491998214,0.5619756008046392
2209,-0.388459824378416,0.7237916207027413
2210,-0.4948038530587704,0.48716131997666245
2211,-1.2673730417327913,-0.4424893032809454
2212,-0.502852451809455,1.198103820949408
2213,0.09522924007171683,0.8848923910864929
2214,0.5409290849868963,-0.43477639294574844
2215,0.24772325274043824,1.6134783756546776
2216,0.8683134975794095,1.4271249191418978
2217,-0.7342038290195385,0.4311642603081802
2218,1.4127596885360314,0.3620749892858516
2219,0.9371104740306451,0.48679863186858
2220,0.747067839654211,0.3360145792632513
2221,0.05504759680980621,-0.3326616311736293
2222,0.9835783145450285,0.6802183229904818
2223,-0.3544436852382998,0.523806076805312
2224,3.2387131700972054,-0.9974996645549796
2225,-0.4845931262387259,-0.1415184934414637
2226,9.617310173306631,-0.8406144043764378
2227,0.030782284019748404,-0.7549496516751433
2228,-1.0218351478703414,0.4678431692906199
2229,-1.095230680506123,0.14925872255903685
2230,-1.5294745605355768,-0.9513213280483876
2231,0.22782651315626395,1.196353546275127
2232,-0.5038584382003104,1.3500190328918271
2233,0.6477861332114527,0.3799015800074903
2234,-0.7189704105022772,1.3801060009514015
2235,0.39570787853709666,1.6268003181155928
2236,0.20273388736708756,1.1981547034622966
2237,-0.8494758047174606,1.2159393561797387
2238,0.2765899598837557,0.7962914203222816
2239,-1.522252207346749,-0.8149813975685847
2240,-0.6040714468631387,0.6927591677757367
2241,0.27345051103408635,0.40798136634702586
2242,-0.37407245966803415,0.040978039598984176
2243,-0.5682401762078052,-0.32949519755737733
2244,-1.3976025087257267,-0.2946346127678279
2245,-1.3517729847278563,-0.38944920140712297
2246,-0.8851828665486736,0.8623832106988569
2247,-0.959396355191371,0.9344020724072317
2248,1.9305166007696521,0.07841668955685442
2249,0.7976225812124049,-0.45579716509809837
2250,4.1100872167147795,-0.795137608832892
2251,-1.0444487407653846,0.6062698310183527
2252,1.315053496314476,0.04504826394146937
2253,1.2405263314937678,0.03675327473786692
2254,0.7355687411873806,0.28089116833573896
2255,-1.44766278003484,-0.2280668479541799
2256,0.8450316840931695,0.20650869346253423
2257,-0.021151977506214566,-0.8858762269898479
2258,0.023461691130477903,0.4133902244021422
2259,2.3133042322450357,0.45628364643515534
2260,3.1677998562379326,0.8254644542403343
2261,-0.8407381033504228,1.0974833965482726
2262,-0.6688361601137557,1.3577213814285665
2263,0.11662179063867133,-1.168967300155937
2264,2.0565076453521423,-0.5331315747299012
2265,2.2049432117992773,0.8224272249261299
2266,-0.32226608325914236,1.2074486178994206
2267,-0.9712810630698774,0.7434659901723143
2268,-0.8628677309030415,1.0112266558886998
2269,0.01817305643048075,1.1833069870585937
2270,-1.0071790538149512,0.5778824848730681
2271,-1.0794533270266367,-0.2610675917752091
2272,-0.4250877467711066,0.738130683588778
2273,0.16488521245015647,0.5481775115704408
2274,-0.6061053245391783,-0.06815077932480777
2275,-0.06375636120047586,0.4131385161918505
2276,-0.14961627706314143,0.7435570499727
2277,1.089442660687642,0.48528044084990674
2278,-1.2393684388792556,-0.24353679095171935
2279,-0.19974645624302814,0.49537273353268924
2280,-0.5109314226965151,-0.37289493821457576
2281,-0.4411932281331917,0.5202438912738071
2282,-0.46664307940401045,0.15484470297419092
2283,0.443677393734202,1.2986398142418
2284,-0.9594740030086082,-0.8888263254365364
2285,-0.5917555797823054,0.16154573212546025
2286,1.2535879874665032,-0.08728279298316559
2287,0.809675539088806,0.08111613806178086
2288,-0.13979089702534256,0.994070634128722
2289,0.06956463207225455,0.37609167170991986
2290,0.9828474026650119,1.3882572940053903
2291,-0.1280489276706826,1.478080317424957
2292,1.3148907022089298,0.4908755926617728
2293,-0.44933718346079743,-0.3384378262347631
2294,-1.1348340936766037,-1.6653296348101942
2295,-1.3641066565977655,-1.1387756455534852
2296,-1.858080619918046,-1.3280465036487497
2297,-0.018774377051807383,0.21690387445747036
2298,-0.4813451630564967,0.4670833092049175
2299,-0.7328744258869789,0.48278434854220326
2300,-0.7470645081192788,-0.9791200441681325
2301,-0.24645357932755171,-0.11761615177637173
2302,1.7815783113497214,0.5221134470656763
2303,1.4859180986380554,0.2840648628480885
2304,0.613800563898026,-0.5785751722670556
2305,-0.6193638395465989,0.5390187971893046
2306,-1.1900177602279287,0.3958743499567005
2307,-1.2740444378155615,0.163463234164243
2308,0.24056378639230752,0.9683869241932389
2309,-0.23341471394124935,0.4553106766014447
2310,0.840750181165382,2.0349860283794037
2311,-0.7434142794620272,-0.6042762884828178
2312,-1.294417793587898,-0.8680382716850862
2313,0.4708370781615703,1.1594404044276694
2314,-0.039091875077370705,0.5149839613458128
2315,0.4463213730536174,1.2331977896381996
2316,-0.046493150228986,-0.09741821423737959
2317,-0.1193904707998777,0.9486860446497128
2318,0.7381478164273283,0.07121561356885568
2319,-0.7998696199663569,1.090593783612353
2320,0.027811137110604813,0.8765252716820366
2321,-0.06243045614447566,0.9309394674324315
2322,0.2465510809275673,1.3973732482812635
2323,-0.3924337966205748,1.7874412269357602
2324,-0.6747925357193583,1.1986741690823535
2325,-0.3064220276238666,0.50140002478392
2326,3.580501011745814,-0.8852592177222348
2327,3.646205361598618,-1.3743624800800647
2328,0.6358784907828502,0.842793915581722
2329,-1.241705007648066,0.4563315826166807
2330,0.713727518782827,-0.11339001717662438
2331,0.1363050632301905,0.8896157732262248
2332,0.4302737341714367,0.919279481311165
2333,0.005362621156055469,1.449761347329832
2334,0.37608929886136,2.054498537354495
2335,-0.20320846010688995,0.9500602209394393
2336,-0.21220444972646402,1.7974521126479233
2337,0.09284402266884063,1.5222309955668396
2338,-1.0664921071583178,0.7780729703326233
2339,0.17144972561179714,0.9156654376434242
2340,0.585031975269728,0.5647749684310388
2341,0.031789922315623005,-0.22852951654951234
2342,0.5527598200093935,0.8194678956716916
2343,1.823548774816735,-0.24484296216959578
2344,-0.27121485759000247,0.2412162107120729
2345,-0.20845790941407077,0.016276123100733522
2346,0.7580778185153181,0.6725903048220017
2347,1.0295110958212654,0.8198255814457691
2348,-1.001674369873026,0.1608542826811486
2349,1.826691350542047,-0.17986022706193516
2350,1.1953884599913742,0.9526494116813415
2351,-0.2526554878024708,0.5326198325771789
2352,-0.18433911949091714,1.0202422098641748
2353,-0.9884154769686104,0.7559609643464686
2354,2.051910418640481,-1.103807067944821
2355,6.0646170096862155,-1.6733222686718057
2356,-0.31036683315454194,0.4564176001770011
2357,0.24744253269386707,0.8796966826792328
2358,0.1285805849266159,-0.11407250441812099
2359,-0.6609256299476901,0.5689032778293027
2360,-0.5879405428871005,-0.1863880625655517
2361,-0.24677728713553973,0.35239934519764715
2362,0.23426094861173363,-0.4986449129715139
2363,-1.3320595869857708,-0.1481282750691769
2364,0.11603110445028009,1.0912992699184643
2365,-0.4413886650645233,0.800657450588437
2366,-1.1071231032365352,0.3138155637330561
2367,-0.4770043664456542,-0.03360899045542462
2368,-0.1496012375369134,0.43552309475599643
2369,-0.8969472833282433,0.6148331958443853
2370,0.10403966879166188,0.4725931109852626
2371,0.21703921062237133,-0.8512873854226061
2372,7.014600894031673,0.5799022005791625
2373,1.0260572930097998,0.7390851920295488
2374,-0.460617005842755,0.41889921325441437
2375,0.04437004160492524,1.4014910407748178
2376,-0.6009150990234972,0.6393814563954878
2377,1.5399610685152485,0.336649101252083
2378,2.186116738255724,-0.24462411031300274
2379,2.6790836522508847,-2.127034904562298
2380,0.023675921223460135,1.6109288457522424
2381,0.7787177103576368,-0.40413927136213085
2382,2.61261271563343,1.4845069256509227
2383,-0.2510431744750659,-0.11215183338743011
2384,-1.2844406322691886,-0.3758207357237147
2385,0.3460147676758642,1.4251385561229162
2386,-0.6717905288420091,-0.8671348485034389
2387,-0.548417649883272,0.3372332136858928
2388,0.371231909601576,0.20649196160418054
2389,-0.35146765929209395,0.7563877847370576
2390,-0.7811959559720332,1.057506550422686
2391,1.5084236677847167,0.4214594890058251
2392,1.7494559678411579,0.07796739806184402
2393,2.0603094250694682,-0.15827736708135004
2394,2.2931260930469755,0.2215320853502039
2395,-0.10969693030220136,0.03517011162249725
2396,1.3327450198437634,0.8876469490666022
2397,0.5948287001597435,1.046328290716575
2398,0.35765888716701405,1.1733657122682848
2399,-0.6233596240536995,0.704464535661142
2400,-1.1049847669359867,0.30948875390495717
2401,-0.13452546682705196,0.29916208543042255
2402,1.5475543306051875,0.6808176194828115
2403,-0.37080298066539535,0.3833005063228921
2404,0.31309622536958265,-1.803278428914411
2405,-1.0615712635937529,0.5778943484052426
2406,-0.17611680019355389,0.8273378958732189
2407,-0.06044679734813261,1.2518372480427535
2408,-0.7487944004688821,-0.21432231398981608
2409,0.889052428728243,1.5859781764403347
2410,-0.3927225431089618,0.8975618121618782
2411,-0.32603088486639203,0.8464208726173149
2412,-0.18626567503270333,0.11306494946490489
2413,-0.036396096652135376,0.7205962062819855
2414,-0.6997023124564834,0.09045459430446433
2415,-0.41979263487736285,-0.6687574203508665
2416,0.3494640912314877,0.09683309262061071
2417,-0.3533713637405114,0.8422443909976363
2418,-0.1529509145620584,0.6044122855315269
2419,0.042052855192203704,0.05224794259172312
2420,-0.49640649436782136,0.823971449739298
2421,0.002433403517192401,-0.1060186448346471
2422,-0.30426249502480524,0.8279362292221
2423,0.5938657280795449,0.24318207858283628
2424,0.014316104291915108,1.9266700966668462
2425,-0.7985139480960136,-0.9456813887981883
2426,-0.21750308937260843,0.9199919809769866
2427,-0.49555544353954595,0.010856071406137178
2428,-0.8380977594790612,-1.101392985931078
2429,-0.8507630791592039,-0.2870894946473189
2430,-0.6798028620850897,0.6292972662080284
2431,-0.44237207677123846,-0.6334273598370633
2432,0.08702861671660697,0.5788882621893413
2433,1.6625951100166239,2.0995152258246397
2434,1.700185009532658,-0.5337156668637913
2435,0.4522765500297042,-0.5527044830014597
2436,0.11187290376862595,0.3665268046190017
2437,0.6424988974140584,0.45230216833231707
2438,-0.8060010799633037,0.39288592663387334
2439,2.106394513368478,1.1068508029862891
2440,1.5910496382703323,-0.4894218202613343
2441,0.44188222990390547,-0.46463446297524563
2442,1.6044237173291653,0.42281688663328143
2443,1.480287981507002,-0.10618323831463151
2444,2.320520659233407,-0.467259050641452
2445,1.2016697015710684,-0.527115051062023
2446,1.3134853416328451,0.22785350957893583
2447,0.3208239396658549,1.2395369508500789
2448,-0.3391315666217248,0.11722032487277169
2449,0.4681947387819747,1.1382844198759121
2450,0.8099960467465517,-0.006865028096117699
2451,-0.3350736255825178,-0.7735578163387569
2452,0.35296265919944,1.3300262462900931
2453,-0.2549871742711979,0.9358712711303828
2454,-0.33079547636372025,0.17944614744111057
2455,-0.6036446260003882,-1.0800578815910242
2456,0.5058005503414004,-0.30686959309585693
2457,-0.022299907724656676,0.4119921637447577
2458,-0.003328519237614706,0.9000908387730366
2459,-0.11982014082645695,0.4596104369436326
2460,1.5726129092638126,-0.8041816247774146
2461,-0.0036878265501697027,0.11014813393552482
2462,0.7215399655082237,0.8905225473974655
2463,-1.385315006337597,-0.8146088412273721
2464,-1.505906787069293,-0.5254912671747736
2465,-1.356732345114792,-0.1408547508240571
2466,-0.024738950814415146,0.338762539866324
2467,-1.000771225487928,0.6478755535073266
2468,1.7702191145945418,-0.38738474746210605
2469,-0.5779937600582199,-1.0676582901283667
2470,-0.04133045099216329,-0.3861227556759397
2471,-0.651150517853704,1.4861353149980117
2472,-1.501130560009774,-0.6316367712362941
2473,-0.9994592111759095,0.8122513292273367
2474,-0.10055614848915326,0.9834308299611807
2475,0.19771606848278825,0.7876486978313834
2476,0.2493605353206252,-1.22865112111614
2477,1.305112113920246,0.1414634927256483
2478,1.1821093999361165,-0.34651259155354247
2479,-0.8055598713817926,0.7269676644611162
2480,-1.1344886532401515,0.8020913847181833
2481,-0.48884696758605706,0.7395058287605438
2482,0.2989855248126376,0.842130195836665
2483,-0.4613929194953002,-0.1873212743759182
2484,-0.38520490046127287,0.46392125132263184
2485,-1.368565756049477,-1.1675575016546738
2486,-1.1761909419119767,0.4386602816076402
2487,0.13974622901148398,-0.6906394785403668
2488,0.49088504748411727,0.31040227331984127
2489,-0.9501787147220966,0.2091463391890046
2490,-1.0396057287650204,-0.8143820087607678
2491,0.7054601892048685,0.55576657617824
2492,0.3282342892906033,-0.8337978475828653
2493,-0.5018641703951514,0.9806013789162208
2494,0.26212540957083247,0.9575513947565883
2495,-0.8347366566050372,1.0826210979380557
2496,-0.3680119509369273,1.4008299608891261
2497,-1.4594535137598208,-0.6769534346558336
2498,-0.2739691592980856,0.9758856304296105
2499,-1.2093644609159093,0.026113283000135074
2500,-0.45682630002758773,1.011670782825718
2501,0.06977070701575308,0.81274891686327
2502,-1.7225849133063735,-0.6658316047188461
2503,-1.5356250142388974,-0.3255300447055155
2504,-0.31086418180397624,0.7622503115915227
2505,-0.2820342412665542,1.5244460908417796
2506,-1.3157675334117036,0.19595105341877989
2507,1.4142499372049326,-0.9427022270107852
2508,1.1421322942568313,0.1129742174165927
2509,-0.6529778259907173,0.8918526968080761
2510,0.09735848020959242,0.6293264192476962
2511,-0.3176220614014521,0.7807666738673162
2512,0.2656522304246762,0.7193639377962266
2513,0.43385457327049254,0.292137452746315
2514,1.2750096098126529,1.1952702773641473
2515,0.9527885769906569,0.4122765151377761
2516,-0.456709631286923,1.115113042843679
2517,0.15767531043655664,1.2566344654900456
2518,0.08135464553869562,1.8133278630075236
2519,-0.34052879209903636,0.17013018619736747
2520,-0.7768802809040136,1.0202538604026088
2521,-0.8812466310509096,0.8647077595007974
2522,-0.9165386854284341,0.8351027684419985
2523,-0.5470644264064378,1.315413993483057
2524,-0.3122959665141869,1.209901512085272
2525,-0.3626291237926624,-0.43583211591676835
2526,2.540814035391058,1.3043996015792292
2527,-0.5943081979763888,-0.265748585138221
2528,-0.020644866972362733,-0.22142858375159935
2529,-1.2098423033156136,0.053763310453110044
2530,-1.530734886271849,-1.1948617879348968
2531,-0.801731766851232,-0.6387350958103565
2532,-0.24489362831456302,-0.49597458920130894
2533,-0.6923461467723013,-0.048868373191332894
2534,-0.3626432046288664,-0.4917633887259617
2535,-1.3083797857821926,-0.4507975714356147
2536,0.4911400330500991,0.32975133944759916
2537,-0.10648072602766435,0.3400037674799314
2538,-0.1358734467337301,0.09304412072068409
2539,-1.378779732405896,-0.16892851149903218
2540,-0.9079821429384212,-0.7913515123540203
2541,-1.0960086393371418,0.5409534914521377
2542,-0.7259789076265383,-0.0456691505406184
2543,-0.01189249603351663,0.060906694941053455
2544,-0.5418946792139291,1.2963038010887442
2545,-0.32180426203859497,0.5612555335817591
2546,3.02628068461631,0.08574302858780386
2547,1.6180641883918525,-0.5886975979533333
2548,-1.7303876035322037,-0.8417036660008445
2549,0.3865944428724228,0.2093572446928737
2550,-1.1253493022626486,0.4266507163063085
2551,-0.2770830032542178,1.4566135063980616
2552,-0.9118375811721572,0.6800373248175899
2553,1.5587086441507694,0.7823642646719066
2554,-0.0919827275875105,0.7221174297941422
2555,1.446769561780813,0.16965247832444938
2556,-0.6453617471719368,0.1547024146099314
2557,-0.7133067272796978,-0.089861776202795
2558,0.796025665124694,1.1809115383546012
2559,-0.15206256462376602,0.5699039027342494
2560,-0.006323667652117809,0.5064286788326652
2561,-0.6367713382495341,0.9232565159368784
2562,-1.2810866814175141,-0.34579434666458403
2563,-0.20402682085621407,0.1339428359168029
2564,-0.7452416492916863,-0.533119976783336
2565,-0.7483826698571503,-0.4857461326723296
2566,-1.3051496636397069,-0.5832749915955059
2567,-1.395720055958861,-0.6842072134992834
2568,0.3312926685362294,1.3039467143043717
2569,0.28363767760486996,0.2309844564946238
2570,0.9290683173129551,-0.4313000405704913
2571,0.055468846190531745,-0.5668838112508005
2572,-0.17347279427458134,-0.951100862812977
2573,0.2790063558963888,0.10311841688881859
2574,-1.0909031090529098,-0.20179325989425909
2575,0.08267999889821133,0.10940016996633468
2576,-0.6619383144975489,0.045563610959286016
2577,0.053652393473898684,0.3721597475005491
2578,-0.6575801808591221,0.9663322447293587
2579,1.4625202436963447,0.5732177470128553
2580,-0.9705462371691821,0.26889311422060624
2581,0.7372668603833604,-0.15331756627422372
2582,0.1869014849316548,1.1331595290901795
2583,0.4757093552522603,-0.060488973151193816
2584,-0.3372664178303166,-0.39459868520376984
2585,-0.9156274176583704,-0.3911154525883207
2586,-1.5206884954973414,-0.5820327121900478
2587,-1.1646972306793477,0.05873584529057434
2588,-1.300516933822877,0.14521319066983177
2589,-0.4139994839928108,0.11324920225491734
2590,0.6055042588811942,0.7737962157056869
2591,-0.13536926557771906,0.3643492122575019
2592,-0.4751336584921725,1.003382170910969
2593,0.443178744449055,1.5455582921284157
2594,0.14575480711790817,1.4066478047931148
2595,0.2956857186255089,1.8876651888569236
2596,2.854667603860389,0.21219522083503659
2597,-0.7218811645154862,1.307238714242696
2598,-1.156955313840102,0.43451861233577593
2599,-0.13152747625839917,1.2796306809326603
2600,0.8957910695790086,0.5588907630316222
2601,-0.13579287896224035,0.12655429840786503
2602,-0.14266689077505468,0.5819896645466459
2603,0.42268870264891556,0.5888164608460337
2604,-0.21855388297258502,0.4003299194061468
2605,1.7793505666069152,0.2719186447414244
2606,1.674094605545857,-0.5626841987917156
2607,-0.0846532021831006,-0.32772449619203753
2608,3.3563405510018147,-0.5111469505938504
2609,-1.453583016788293,-0.01254710548308649
2610,0.20747302515996716,1.1678955079167477
2611,-0.6313456403281777,1.5035391579559112
2612,-0.7580307013568373,0.10311705181255422
2613,0.3751140565996953,1.066519409684292
2614,1.6135305407307976,0.5840653096415337
2615,-0.06372083563367552,-0.23370663496113964
2616,-0.303298998413758,-0.27853253810450884
2617,0.14520332179008336,0.39445629282683453
2618,0.8647470435231173,1.9090849323196144
2619,0.7143850940513253,1.2075412749020331
2620,0.13321806823687693,0.5302837704917529
2621,-0.2373949638673104,0.4534192182304786
2622,0.007237169216958357,0.9690340742416397
2623,0.45476115661436384,1.3262532734230028
2624,1.191306957424901,0.27856479219550023
2625,-0.3057254031279803,-0.8232712282928674
2626,0.04451880547110424,0.48543406182547705
2627,0.7306057133136402,-0.07377122281003268
2628,-1.1792794838525775,0.23455687382223295
2629,-0.8156475153319368,0.14277147095002338
2630,-0.7175824485050751,0.425613654106136
2631,-0.5796904025866784,0.25324923312338654
2632,-0.011677534885656775,0.7414246018927387
2633,-0.022703507983605712,-0.17031283282723225
2634,0.07284799225803902,-0.17892787237050592
2635,0.6493760556177572,0.4113111499403249
2636,2.570075516929572,0.05990579673365977
2637,0.44289891647957264,0.4703637362344111
2638,-0.23242920972603992,0.470729035721834
2639,-1.2283825924271703,0.487454547877274
2640,0.598649363432489,-0.32490837132501027
2641,2.616174296631824,0.017773886540247794
2642,0.5631486575967332,0.14014349927027922
2643,-0.5451305739361314,-0.2617789920352164
2644,-0.24137296113349488,0.07545430990603962
2645,-0.3505537655502546,0.6174743615998884
2646,-0.059689372769200964,0.6082311661635278
2647,-0.9064531685783668,-0.7543378053049046
2648,-0.00866145447694394,0.8262686125505441
2649,0.20642425820213875,1.769875785647025
2650,0.06879339765017604,1.2234058566408184
2651,0.0977725128769104,1.047289117398538
2652,-0.1828809853141232,0.3224144223601135
2653,0.24801935083058024,0.8916969447396768
2654,0.8946933231969842,0.38618664251015805
2655,-0.8319222062904531,-0.4374381570581741
2656,0.03046429504754712,0.8976919567779453
2657,1.3628393251238051,-0.20927602627767525
2658,0.5558528383937972,0.4268487087658764
2659,-0.1925088937563068,0.17246469995161967
2660,0.041328543261168485,1.6194461312767243
2661,-0.8937909276519974,-0.3817794483410263
2662,0.17014301216186242,-1.8854977882354171
2663,-0.0031281751332335674,0.8853756313517839
2664,-0.2264379808106678,0.029198059180664804
2665,-1.2093486298085867,0.46371586013170185
2666,-1.4542805376362522,-0.14005842112965067
2667,-0.36266454318247965,0.7595344227825079
2668,-0.579952430471879,-0.4389558807305491
2669,-1.3908817931844666,-1.4357747262375793
2670,-1.5157653086304135,-1.4713779859324405
2671,-1.9789986453906092,-1.604640405776757
2672,-0.5068471388284517,0.5273079241249131
2673,-0.503169706581201,-0.35356689618235093
2674,9.063084092207468,-1.091658161536049
2675,-0.8250606167640848,0.013247794632797934
2676,-0.5523904552173345,0.5662629575295095
2677,-0.6944749570033942,-0.4949556618206225
2678,-1.1115294390949182,0.3693429558097929
2679,-0.2051394445865872,0.07049195401409686
2680,-1.4555466796124075,-0.41829385105206424
2681,-0.25323566283388216,-0.15335199025731627
2682,-0.9946159000881534,0.9607590659338762
2683,-0.1342303850153532,-2.059317416606581
2684,0.613923984614048,0.24623740226094906
2685,-1.5362409358840108,-0.9958846771822801
2686,-1.2243954344967625,-1.7820791468780015
2687,-0.8025792360597642,0.13973584669287692
2688,0.1453977473281416,0.8080010198955088
2689,-0.8131937800769833,0.14641356473890815
2690,-0.42644769903008367,0.5409891250062139
2691,0.12516121280056525,-0.2390958028580962
2692,-1.0260764598163759,0.9076804020518542
2693,-0.3432893963480819,-0.5602352018521136
2694,2.438376059629276,-1.6619280760161772
2695,-0.621353086172487,-0.45795071613379235
2696,0.8589240331374657,-0.5271931315000383
2697,0.015006347415144047,0.006412387663318489
2698,-1.3761260433772398,-0.4072965761386735
2699,-1.1677934269015642,0.2123379676307868
2700,5.248091286370966,-2.2782439207587784
2701,1.5500580232833638,-0.5469029792365363
2702,-1.5616438882349717,-0.558346191475538
2703,-0.7345914600194491,0.07402149712748433
2704,-0.6316409567968461,0.31976328245207164
2705,-0.4663220020508426,-0.10218231005648316
2706,-0.11155642934831156,1.06641569463283
2707,-0.02867374351437493,1.365994285954134
2708,0.7270915756498287,0.5224650471844949
2709,-0.7373064003886296,1.1891870112024836
2710,1.1004227006247906,0.26256380715662686
2711,-0.6203263122005148,1.4735419121423783
2712,1.4822181716366511,-0.3474565222790845
2713,0.576769646542222,0.33168201095047767
2714,-0.8678234917109738,0.893973197858502
2715,-0.8099121121972708,0.27089620237723355
2716,-0.7767031211430063,0.15468496342106866
2717,0.7773031562226408,-1.0544232537153768
2718,-1.2464769759636396,0.29766966213623297
2719,-0.006943343937385475,0.07254689624618589
2720,-1.1200102437129367,0.29214073170066285
2721,-0.369024256057579,0.7316504649711963
2722,0.42085389226984626,1.390969644547643
2723,0.0409812523598468,1.215192269269337
2724,-1.0698681787415683,0.4218338981841019
2725,-0.7482659242148297,-0.7638593542569391
2726,-1.3052030700608648,-0.00990089892280005
2727,-1.2639772494286878,0.10350611193838745
2728,-1.586328240506912,-0.6106825453077788
2729,-1.6498828716935998,-0.7709884925506464
2730,-1.7611400815963083,-1.1872940144708608
2731,0.3890148688561042,1.2448674366561676
2732,-0.9679612106453638,-0.23500786373341798
2733,1.2596817162840195,0.20420060575406815
2734,-0.5241095825692977,0.00838658271700243
2735,-0.6321862474409904,0.5198910863411487
2736,-1.3453520166961745,0.11393984232658684
2737,-0.23999476763196947,1.1794110073726645
2738,0.006538731703706098,0.551364693559511
2739,-0.036468081191825145,1.3352455981759594
2740,-0.5618590172488346,1.5040383868489868
2741,-0.6896461987098069,0.8834709736732598
2742,-1.0804811868224442,0.516672066425893
2743,1.1618808639125444,1.406676118831629
2744,0.2932428302804477,0.8499472382847146
2745,0.09647859211617758,0.6963730662872376
2746,-0.34190175024916486,0.43759044675597336
2747,-0.13529982484394548,0.6465936863887817
2748,0.442289447964004,0.026564355996688035
2749,-0.9738764702625875,0.8884221281024876
2750,0.2432241922656797,-0.620435678964703
2751,-0.5738792943058544,-0.7414241367247177
2752,-0.7257527942697793,-0.831249336113411
2753,-1.3146199425867138,-0.14633342526776863
2754,-1.4098444476928012,-0.25542873216085926
2755,-0.7172801895218511,-0.439687957583707
2756,-0.6412026740260335,-0.7157327342157033
2757,-0.7801666916815863,-0.939471215033367
2758,-0.4734788325099225,0.12900042210736606
2759,0.9464508517599638,-0.43459033102472994
2760,0.818697321842413,-0.2031845208342246
2761,0.3091265295844263,0.37960474685671874
2762,-1.0035221666574556,0.48676223046718936
2763,-0.20374515011920694,-0.42653821644274226
2764,0.9273179339897588,-0.3110061320007971
2765,0.9312792644242718,0.538336285520538
2766,0.4561426151224454,-0.1128345126315795
2767,0.0469880814697102,-0.36779668702055945
2768,0.46228178054064734,0.4091122132252577
2769,-0.14849477363246247,-0.08157597759180622
2770,-0.1068117898407417,0.12359395156011876
2771,-0.9879973019060087,-0.36116415160547444
2772,-0.9690144559932446,-0.7399242176612455
2773,-0.9188024078061654,0.7936126645796167
2774,-0.5516723943854097,-0.08672007893534751
2775,-0.7893413089387403,1.2357591220807396
2776,-1.282777667253044,-0.10638055484303703
2777,-0.5535420547079363,-0.7370313208757227
2778,-1.4196530438099868,-0.553802714065383
2779,3.0834028568459217,-0.9808842256141816
2780,-0.550306768115364,-0.6050940827175796
2781,0.1688402062019737,1.646891284907217
2782,0.07713239264488313,0.8718162552430209
2783,-0.049037946413497104,0.8432085056103364
2784,-0.5950117217761828,0.5346341393892573
2785,-0.5245902858975457,0.4898043929284715
2786,-0.32295962785833493,0.6410869995621108
2787,-0.6003736815311502,0.6403397190524335
2788,-0.42605365488533703,0.3518384790220827
2789,0.2632052540610984,1.1211104182945475
2790,-0.9514965750933861,0.5245221697525038
2791,-0.039456451049622844,0.11816032606250361
2792,-0.670930662282351,0.8630770442994309
2793,0.565945319738274,1.1769217149291389
2794,-0.5610578598440735,1.1691330533463282
2795,-0.737638546916886,1.2156791245315177
2796,-0.15700147904061254,0.18429472854055834
2797,-1.0160312483768212,0.6806590172244615
2798,0.8121386974816924,0.3677872951714912
2799,-0.19784858511692696,0.8194107321471265
2800,-0.1669693988391276,0.31900061710619837
2801,-0.519937477127747,-0.5931987525964837
2802,0.6993729891154414,-0.797033044182905
2803,0.9094233013900765,-0.3795069000535788
2804,-0.11521387919263625,0.6799841780267514
2805,-0.5951043522448904,0.442777682557022
2806,2.657308643198022,-0.877635131923057
2807,2.030186016994624,-0.430317494625623
2808,4.00846012348411,-0.12115377611806134
2809,0.07763811028075951,-1.9655340498184481
2810,3.4455966237154794,-1.1592854101040861
2811,-0.6330441231883638,0.7421031362327474
2812,-0.8650348720604528,-0.20802395857911468
2813,-0.5099336350372796,-0.07100373947607605
2814,0.8364948804628201,2.3477837702362274
2815,-0.15969241102818987,0.36141769785970307
2816,-0.49343174963111935,-0.024772749092364453
2817,-0.8408672875930668,0.640211777724234
2818,-0.7213745140228668,-0.39652928356183337
2819,-0.9480741215720339,-0.4987097817846847
2820,-1.0649913943489584,-0.650783692022549
2821,-0.3302739520490859,0.6162335175910382
2822,-0.6636349400525727,-0.11463194543330187
2823,-0.346022554358164,0.5928274911047363
2824,-0.29501446164259926,-0.22360219120267102
2825,-1.2656420900550271,-1.0073581671722185
2826,-0.5394819126585798,0.5861716813802534
2827,1.083268211842921,-0.5567295640752618
2828,2.415256401235562,-1.217714178292275
2829,-0.281933078498114,0.07052618954848712
2830,-0.294820943723891,0.5040897667950611
2831,-0.17223451615960975,0.9130998941916733
2832,-0.7352909352446502,1.0702363619896877
2833,-1.187440081336235,0.4310887316537108
2834,0.3595134736953962,0.0009374538985116792
2835,-0.6101274974578749,1.0521470510412596
2836,5.420042377209463,-1.36671870128507
2837,-0.9152569514116241,-0.16629612332231783
2838,-1.085863466506919,0.6410746950993989
2839,-0.5206870562679486,-1.0012309423538641
2840,2.5335189957600748,-0.8527877027209453
2841,0.20375534516506102,-0.9304635230022433
2842,0.045898407484963266,1.9539632989842453
2843,-0.7802996681634832,-0.48572600878305444
2844,-0.6938495706344351,0.7717002568628507
2845,-0.8407910353965786,0.550460666216969
2846,-0.6542735323752069,1.3094496596491967
2847,0.7807478403129398,-0.03720341037520083
2848,-0.8645779243697782,-0.02820547493269949
2849,-0.36554050503779906,0.9035350175180162
2850,-0.2998889177508255,0.02546229940325218
2851,-0.47410078654985083,0.5916459342203236
2852,-0.136495737283443,0.7273083669839095
2853,-0.6434905774563326,1.382515885213163
2854,0.03139654329582453,1.3371655391642892
2855,0.9448729227640589,-1.6047753809262686
2856,-0.5918432188227282,0.7630044907170346
2857,-0.9268721256838555,0.8217676796713189
2858,0.7658064531554053,-0.9602274991685973
2859,1.1247826147714124,-0.7344021288384233
2860,2.1673013209394885,-1.3930179090057742
2861,1.384362708037444,-0.2456531766432559
2862,-0.6993921524200495,-0.757900368262463
2863,-0.2590599743412906,0.2553849867689335
2864,-0.8540597660468846,0.9444401322733199
2865,-1.4475776109946763,-1.3657004384583322
2866,-0.7630530077740415,0.45192303468705247
2867,-0.5205843602633996,-0.20573310013108845
2868,0.3928359569808247,1.4673383616851483
2869,-0.03146931065300078,-0.4510889753147048
2870,-1.3434267125989365,-0.3146489625099624
2871,-1.22327756768189,-0.8224087974676627
2872,-0.5563927984275726,-0.3049080605890316
2873,0.2376020472549809,-0.47179037039789384
2874,-0.5395118216442173,-0.4056831757389536
2875,0.45054553341986925,0.5964295997206012
2876,-1.0748276557931256,0.25815522329299784
2877,-0.44498205076271347,-0.0665575921746331
2878,-1.2873404723904065,-0.19642262697489954
2879,-1.018377770326449,0.6616120214949177
2880,-0.6500774418159156,1.6951635572398775
2881,-0.5983591328831266,-0.09184665451376446
2882,-1.0173366138779714,0.4717502872973751
2883,-0.5896219911642409,-0.19704171923063543
2884,-0.3155094312496275,-0.009306262048324366
2885,-1.1229624514534025,0.16486688963497884
2886,0.758354504639328,-0.04040841565715529
2887,-1.0672681949698628,0.01092199944547438
2888,1.1826102263544782,-0.44909679441915074
2889,-0.14376119706894255,0.13489542053020354
2890,-0.12596238745255886,0.31349390561294344
2891,1.4120013042106432,-0.17965777706831945
2892,1.1121316325950965,-0.3526769265555816
2893,-1.4118154102379903,-0.2039273238142514
2894,-0.2032849240340564,1.101630336106836
2895,-0.6421579518795731,1.0703094484639393
2896,-0.612005997111333,0.11824386786607458
2897,-0.09023516964495673,-0.9360219941689069
2898,0.19551180314503866,-0.6770134961759526
2899,0.7831493227959995,-0.5717835920833005
2900,-1.3176175701872883,-0.8402973262427655
2901,-1.1112613577138102,0.5101357324744482
2902,-0.7887834185538631,-1.1936176942325656
2903,0.027820054374252542,0.055985691852862174
2904,-0.8837971707998714,1.0089114556785823
2905,-1.1095234410316572,-1.0111311913665217
2906,-0.12657313847483462,0.33193829420263554
2907,2.9025317026935977,0.9274727109909904
2908,0.09648671507670865,-0.4276578052845244
2909,-1.6474057017183905,-0.9511878023371605
2910,-1.1830945744233743,0.3571701410068959
2911,-0.9285002458014928,0.1974637014080777
2912,-0.4083488215910036,-0.1499212186515471
2913,-0.7620247003282345,-1.1848264021728763
2914,-0.7206740535836323,-0.39586742168054256
2915,1.0111820069157484,1.3651139414874327
2916,0.31925381967062655,0.29852399590879025
2917,0.05350735226782353,-0.48465513182755027
2918,-1.0740087252184447,0.5684978399191558
2919,-0.407284399715236,0.5855365189077344
2920,1.748095036521185,0.4733799867764336
2921,0.14308036072442998,0.2117327098879681
2922,-0.10623138974398035,0.009858374384689846
2923,-1.1979376312994177,-0.33608918601629817
2924,-0.4437361639498542,1.5561772970918355
2925,-1.4984417968324184,-0.6761684618681852
2926,-0.12318647279360209,0.4897876944502705
2927,-1.204770820482547,-0.018254673335988948
2928,-0.4397276190548803,0.12356604518910597
2929,-0.5684189228688832,0.3823344245345573
2930,-1.079402903965455,-0.36408111407462584
2931,-0.878246953852707,-0.4439009022428289
2932,-0.6634117062047504,0.3592117081030004
2933,-2.0800124126698813,-1.7997579373867356
2934,-0.608162073172773,-0.5091731650018717
2935,-0.9693427955512112,-0.6970596119438154
2936,-1.3906616722647014,0.08036047385305789
2937,-1.4126550532570743,0.02277520652628251
2938,-1.6057245299716254,-0.2758468728060335
2939,-1.4099374828239921,0.12703667438903918
2940,0.04446427875737714,0.42701921365047446
2941,-1.0658236234103238,0.20533607152134337
2942,0.1281026973466497,-1.1252036126217808
2943,-0.34020296253061844,0.7064892664079672
2944,3.718402202167252,-1.0478671415555805
2945,3.117023820683986,0.3545457543331447
2946,-0.36465198550070904,0.40546121184809697
2947,-0.9754524273724787,0.9152323184859064
2948,0.0823810788225413,0.5261144097344836
2949,-0.657956859702414,-0.8244564424459367
2950,-0.8563616688068687,-1.1031368400068045
2951,-0.7853320957327344,0.08266282935891239
2952,-0.6612856107198041,0.8180000479337803
2953,-0.1616246379463909,0.7619828970221256
2954,-1.5201331871198336,-0.6253525675772631
2955,-0.7716720670201522,0.3776638875398537
2956,-1.0607926731292554,-0.23221332188846108
2957,-0.7583906919916538,0.9990828931822346
2958,-1.1904046387379004,0.3730293436252904
2959,1.3275856153563625,0.6836299379660868
2960,0.7242615888905559,-0.6967575120566991
2961,1.3190636854100848,0.48705602357918626
2962,-1.1173936090703156,-0.06806559021648678
2963,0.24984882959238125,0.7561765454014842
2964,-0.8513721155277563,-1.7633509924908972
2965,-0.458456408018926,0.2801273304255636
2966,3.055215468644919,-1.835411757961854
2967,1.1247244012540771,-0.16790818737114338
2968,0.9653957650629289,-1.2670426558214503
2969,1.1108697266242535,0.7463096774486419
2970,0.6177369403650892,-1.0424246214528876
2971,-0.13447237809866433,0.8514108984203963
2972,0.5829232364445271,0.18028637730048563
2973,-0.3322794878636667,0.8021011357902936
2974,1.4615158520716096,-0.7040222930591191
2975,0.040194183966122336,-0.6022862935880626
2976,3.8149785749810077,-1.5804997954570743
2977,-0.5064729832797374,0.9355341225378518
2978,0.22864691431032325,-0.681890214805644
2979,1.0602065259922047,-1.3597837810878146
2980,0.025641681856966463,0.9867448485870831
2981,0.308022032971175,0.6689470695073066
2982,4.037584258901091,-0.9726874499803101
2983,3.1497512133450707,0.16636561776144107
2984,-0.42958678431033265,-1.4816321156695278
2985,0.9915219872134253,-0.13770253578095784
2986,1.4248491620978836,-0.7859325611264741
2987,-0.28132181664302264,0.7383302108801697
2988,0.6445264811044912,0.326219307030089
2989,-0.5017221753961675,0.003961115427215868
2990,1.1863533590839248,0.01865004475361437
2991,-0.23652266742789943,0.1768217334037291
2992,0.6472786112003581,0.7778364136973704
2993,0.989235534221154,0.8263205456240915
2994,-0.7684228977742263,0.7987897389882039
2995,-0.17144542794654502,-0.0026815163111511067
2996,4.180541273822404,-0.3863733258101876
2997,-0.47874499920118885,-0.11981953190447074
2998,1.8627331053065395,0.12639381123058915
2999,0.3386347765813565,-1.036812324202524
3000,2.8179405488974556,-0.8033937809165422
3001,0.0441419187309956,0.8690761410460204
3002,3.1914488880942393,-0.9422404904539041
3003,1.2771998940337006,0.6904403288451333
3004,-0.11216324376684142,0.17082353293358943
3005,-0.14967717010081996,1.1804301142377163
3006,6.006059458695378,-0.7073191831737384
3007,1.5881986471441352,-0.0835590679355931
3008,-0.12523209749009312,0.31241743687803514
3009,2.3750928848842583,-0.7961632453808671
3010,2.4476633835007346,0.1188984787690162
3011,-0.42429117586658777,0.4373445635470629
3012,-0.5312944839431188,-0.9898751750731374
3013,-0.04007765696560332,-0.54093438120778
3014,-1.113274448941466,0.503605810693842
3015,1.2219859477924822,0.7448093608325476
3016,2.786170854543317,0.3879018762158859
3017,-0.5759261890408788,0.22782263521253965
3018,-0.3286641381592101,0.17558213428252709
3019,-0.3849571028494915,0.634054199600621
3020,0.7439435927809115,0.12256838795433944
3021,-0.19983319658819143,-0.25403147798106673
3022,0.7639177414197797,0.5577950838425582
3023,0.23373326681000806,1.4662813065797207
3024,-0.4048741857790945,0.6991466465075865
3025,-0.536591325707239,1.2322112405180814
3026,1.6204062135611705,2.858840132010792
3027,-5.4234878478812325,-9.81708642590352
3028,-0.08807714480679973,-0.043202877078626065
3029,-0.7315286775140732,-0.7684262781515238
3030,0.6242311804020764,-0.06976814461125332
3031,-0.4676595705828509,0.09678988573089727
3032,0.5502509899015104,0.2675407654779806
3033,-0.046081661924260164,0.8091589442831824
3034,-0.1961565844409668,0.12274091394588775
3035,-0.6583443588860549,-0.3524241812941081
3036,-1.0795654880423626,0.459531109777622
3037,-1.2461532386477474,0.021369381360228118
3038,-0.6842580689504176,-0.07835761523043808
3039,-0.34738829059036747,0.5121688974855753
3040,-0.46702667151202365,-0.31443728152652006
3041,0.6430766432266484,-0.6199748611466182
3042,-1.2262068949379779,0.1455741958732142
3043,-0.3175365844892789,1.1001391581042215
3044,-1.0764969446932218,0.4414782008119119
3045,-0.9907013891656702,0.18957818844193916
3046,-0.4789365169159586,0.3473263173294348
3047,-1.2321112875487055,-0.38329041038942824
3048,0.1761858275464939,0.24842510279335933
3049,-1.1620645627781145,0.36831092394112863
3050,1.3701863204460571,-0.672096118840137
3051,2.1495716792652444,-0.24626235194446197
3052,-0.6047954652542503,0.2311302863687208
3053,-1.4083889027117489,-0.4220525062973085
3054,-0.4224491207832013,0.40844849168992514
3055,-0.6204794620175065,0.4714964050042511
3056,-0.9274325279024862,-0.1937283036246862
3057,-1.0369931608292893,0.020702752524318642
3058,0.018257567836359945,0.43954181284327176
3059,1.2956340456380127,1.2257777545922512
3060,-1.184718810476551,-0.9363041941673085
3061,0.4958396853506337,0.31021056326633034
3062,-0.551170138651746,-0.16721040082464134
3063,-0.8010319704316553,0.5468248027385554
3064,-1.0145521661586943,0.4426082144679756
3065,-0.07258393859336534,0.409409136031639
3066,-1.3658592412956827,-0.25524608704740637
3067,-1.1350071424244648,0.7131496757803866
3068,-0.4365241061055434,1.052590818751392
3069,0.40105123491757383,0.37178427897927285
3070,-0.8697226533035551,-1.1670624375328384
3071,-0.9843354901306779,-1.8709787785231229
3072,-1.7908358440342234,-2.5989599394630694
3073,-0.5877881987028778,0.274357433194448
3074,-1.0129462967706024,-0.6393817072939384
3075,0.5040768653071862,0.3570400877891884
3076,-1.0266179908042885,-0.16221712060775773
3077,-1.2969380276775193,-0.6313650665106665
3078,-1.1323448884690226,-0.8291729275194413
3079,-0.18461897000298305,-0.0766225677193252
3080,-0.16317209229559462,-0.41136783992982207
3081,-0.8250983964179752,0.744825293712532
3082,-1.6203300520859913,-0.9027067170366124
3083,-1.0475699431891974,0.16522020109967703
3084,-0.8158668402531671,-0.6006808590615003
3085,-0.7363918486571525,-0.7130492081857359
3086,-1.0403379046025933,-0.04168797292130953
3087,0.45373119670682405,1.2015411667506006
3088,0.016312106662291607,-0.0169123141726059
3089,-1.2131070390010723,0.3216367055695372
3090,3.389647809668578,-0.9950275519898142
3091,-0.4942709604977708,-0.5122608482391456
3092,-0.7456913708332334,0.7036301476124793
3093,-0.19364517455079405,-1.0467270583753339
3094,-0.8247934841269673,0.39643666193234917
3095,0.8467526581478642,0.23678110994077206
3096,-1.446208262038762,-0.870191307764001
3097,-1.3316982402886361,0.20702745636368114
3098,0.2025112075037741,-1.4883617916047795
3099,0.5329611535026967,-0.38729558317199675
3100,-0.39203127430495116,0.7838600162600263
3101,1.1693294479613432,-0.39546477892199455
3102,-0.6167585719475557,0.045965988404530284
3103,-0.9506589614615,-0.14002303492415016
3104,0.8249193508043093,-0.4913788287671257
3105,-0.45861903950904387,-0.5517551189127639
3106,-1.1353162177526515,0.5328821913227105
3107,-0.7677061621427689,0.9312190132464887
3108,-0.8369483452485053,0.14747843920074996
3109,-0.44046755499705315,0.8123751594570063
3110,-1.1939077775396587,0.46040047661210837
3111,-1.468989712457894,-0.551197499767162
3112,-0.782476722996502,1.0484966549357746
3113,-0.7106833870042737,0.8227469272485896
3114,0.159353177962856,1.3964050796274812
3115,-0.26967911923365995,1.6640750047847375
3116,-0.49850500451864443,0.37757527732601903
3117,-1.0173697825963872,0.2633205401292603
3118,-1.3058672405414478,-0.31304668592993573
3119,-0.4128018825625038,0.513949943043279
3120,-1.1041120223786656,0.4089345118944308
3121,-1.2620877710189402,-0.18921595401332883
3122,0.18056641641864157,-0.26766626377181874
3123,-1.4331950035969276,-0.252135574685015
3124,-0.20961508197855186,-0.06816240903780305
3125,-1.5120819658179971,-0.9816622090510126
3126,0.014265376705435966,0.18975617349789772
3127,-4.797129527134317,-9.647062951677983
3128,1.7789793262889444,-0.20413146144395508
3129,-0.2922368805840992,0.6095088402473497
3130,-0.25995969770555233,1.1965651118058456
3131,-0.48883937288233154,-0.012768039614490828
3132,-0.7742306847554704,-0.5600828034761884
3133,-0.6336738086171398,1.1004540135160392
3134,-0.9801151116876253,0.557025754849477
3135,-0.9240510147637706,0.05142139343912058
3136,-0.06848877361088017,0.6423572415553779
3137,-0.9677055162513492,-0.1654349646223744
3138,2.2966699453351818,0.2829396931754723
3139,-0.3203368312392258,-0.43389919845928493
3140,-0.5760000199549938,0.736272603011422
3141,5.207343714498436,0.17396607009795856
3142,0.3079327437333447,-0.28893722898633806
3143,-0.728857689569925,-1.2576071576995433
3144,-0.3839244965882177,-0.1403662468572351
3145,1.1438902427150006,-1.0507485878358616
3146,-0.5881570463373322,-1.026659224281524
3147,-0.37786560328770386,0.07164203377309127
3148,1.101266063508169,1.5760852562958798
3149,-1.217192298144532,0.29135093072303453
3150,-0.8850787711913668,1.1018577298243
3151,0.9210658691141872,-0.48584435560432426
3152,2.180294730850818,0.289524857688747
3153,-1.0418329701851339,-1.1048681000484457
3154,-0.25390501098426055,-0.7388919609524143
3155,-1.5146089966945124,-0.47055455545027247
3156,-0.8169700162651696,0.9737115612539243
3157,2.5476644565490885,-0.6663633727233687
3158,-0.2191632654582235,-0.7652609401899803
3159,-0.14828396741568875,-0.8416680782043668
3160,-1.0950126040691555,0.2500250834368882
3161,-0.8705482296439677,0.5301843557762714
3162,-0.25453524566510277,-1.1142966531685843
3163,-0.6966284541028768,-1.2724228100270467
3164,-0.8939019175353043,-0.5283159336795002
3165,-0.6486425834281632,0.4488285107866632
3166,-0.8889821591038585,0.7961653093008488
3167,3.9300214793381607,1.0664475527781405
3168,-0.5861644134726532,1.4093554350593906
3169,0.620161406714256,-1.0075163134335823
3170,-0.5637815871647457,-0.147244003515588
3171,-0.07564761473912068,-1.555799343228898
3172,4.2521844450357245,-1.4868818641177215
3173,-0.6338241985365726,0.6862616116362241
3174,-0.151159019920017,-0.054679524924359554
3175,0.010515248782808547,-0.17179811905128783
3176,-0.36721699298633603,0.8513407647349952
3177,0.13954104564811495,0.7174733940407285
3178,-0.5790102170248007,1.0997361335222045
3179,-1.4492719632356796,-0.22395112875143053
3180,0.22557000546283357,0.2996646285508604
3181,0.24665640725497917,0.7741722881452553
3182,-0.27333028683027427,0.21509127451390492
3183,0.268037988997687,0.16923485331413482
3184,-0.28294772510313687,0.8222814746350529
3185,-0.5627705117792847,-0.42557100537660597
3186,-0.5535456869093134,-0.05970532652763354
3187,0.25387821015517925,-0.05394936525001251
3188,-0.06183737594547442,1.7719295772998516
3189,-0.24583899917169372,1.6213012329024763
3190,2.190625574007543,-0.023900354941504273
3191,-0.8086831364441069,0.7766296948235143
3192,-0.612725086642276,0.6478125931889173
3193,0.0022339236442332944,-0.7833020063346222
3194,7.489666556194718,-1.8487221471453266
3195,-1.0949170101838142,0.657413005318695
3196,2.8725352673527556,0.09365255696833336
3197,5.278747297741844,-0.8592638126984157
3198,-0.42641795576324026,0.97555525523352
3199,-0.8871671546864068,0.17235643376075968
3200,-0.5199264852251765,0.5353269801251147
3201,-0.5700435602216511,-0.2851058442766079
3202,1.0471845901158638,-0.18158274283528092
3203,-0.20872265104138335,0.9073103902360867
3204,-0.6804496356319704,1.188570219785738
3205,-0.38375685076981786,1.6594801137847233
3206,0.4754941054942041,1.1806824859197695
3207,0.4897095427139554,1.0582343847099194
3208,0.17995309611824267,1.5860109965451084
3209,-0.13458974674451865,-0.3532422318841929
3210,0.5404395836624777,2.498143964796085
3211,0.5417841195508298,1.7426675127826212
3212,-0.5631427989517733,1.4506223734390924
3213,-0.39240864276667053,0.9822971088333715
3214,-0.5491605024547266,-1.3621386172757108
3215,-0.8256165933580597,1.0371260951607493
3216,1.3275198638633987,-0.8647485837588273
3217,2.0044928230960846,-1.1218572265368332
3218,-0.5103225668242973,0.28010726001394753
3219,-0.480855843586861,1.2628886830101769
3220,-0.007616195468922818,0.5799662252671546
3221,-1.0925596453716764,0.441094754066031
3222,1.0846311641895348,0.3669717600125522
3223,-0.8889316081608208,0.16994451023975726
3224,-0.605080141500997,-0.016939027253425838
3225,-1.0968334014712713,0.12256318191258467
3226,-0.33755635501177406,0.6169917677760591
3227,-0.9344901595563998,0.8154661170134456
3228,-0.1593878732301698,0.5468867591400176
3229,1.431440905117845,0.22378871818635043
3230,2.5678706326783445,-0.9904012449033703
3231,3.2144272034280856,-1.9334028321352472
3232,0.6288824522567531,-1.626846267444423
3233,3.0360110751613183,-0.7229681148273089
3234,3.828189747873051,-0.4222884559000642
3235,-0.4840925104664255,0.3311495244004935
3236,-0.1448349512029081,0.2274007243075748
3237,-0.8284435331219868,-0.8159702697560982
3238,-1.6106444602636556,-0.42829968519835904
3239,-0.2688001192510162,0.4973857928720083
3240,-0.006083070827775932,1.1991035781198658
3241,-0.5089894185824168,-0.0004907685008373328
3242,-0.2134683175541282,0.6333151833538359
3243,-0.8486992854747348,0.8552274143183836
3244,0.7632861081877674,-1.4637777435165522
3245,0.10375462438047652,0.3790496536494742
3246,1.2835811696301567,-1.4011364146484053
3247,-0.26443054449513187,0.5734862713679972
3248,-1.2374532147965722,-0.7468499129071776
3249,-0.7549448471933319,0.2670199892536274
3250,-0.9421137898541935,0.6648392364000126
3251,-1.3999338504144156,-0.3957044405586867
3252,-0.5088067131649597,1.511071185810645
3253,0.10003224555004628,-0.5070202665586934
3254,-0.6518599097476719,-0.8299320744899816
3255,-0.7278125834872569,0.7765523365681728
3256,-1.3739683089316128,0.12573540308600392
3257,-1.1933250347363735,0.1948283599983261
3258,-0.6160923405222671,1.3886783147738024
3259,0.15104351898038795,1.4946637774628717
3260,-0.5055281883160402,1.4077629108122829
3261,-1.1644980378414234,0.08470261258788839
3262,-0.7563845174921994,0.26188203261590814
3263,-0.6941623064384423,0.8791477684859793
3264,-1.5701128982448187,-1.294984721304973
3265,-0.5319528007047036,0.8285648293850093
3266,-0.7102496209070243,0.8830908144352773
3267,-0.6970226415858872,1.1972450303721727
3268,-0.6657482663310453,0.5808729347977506
3269,-0.05718677035015922,0.7363264989571114
3270,0.053919471068759196,1.3081822929350848
3271,-0.0746767706107592,0.7172927345649521
3272,-0.20283758533453905,1.0529964645339642
3273,-0.3343028897797626,0.9840658492729013
3274,-0.3250541341309385,0.6711077326230982
3275,-1.057816805389277,0.6175074992545326
3276,-1.0095219202696626,0.4470716586003274
3277,0.3951420179114978,0.6857678180139675
3278,0.20372106258983927,0.6086630453280185
3279,-0.12320158853411675,1.2861803092079764
3280,0.13069648406598874,0.5378364307417951
3281,-0.3917961458429676,0.33562000811311116
3282,0.09145908232711357,-0.08691360903491933
3283,-0.4807236454641445,0.17210718835081526
3284,-0.16038613156329024,0.8647770363880813
3285,-2.070348187521169,-1.1174082763701214
3286,2.010448005509622,-1.0597193841736403
3287,1.8090382179080524,-0.42326701836388825
3288,1.3472005324958898,0.0476869031822322
3289,-1.2330275996969016,0.12897853255481104
3290,-0.07646492539277497,0.4920243904100483
3291,-1.122330184506834,0.47510437733719235
3292,-0.7157112214393965,-0.32239440935722985
3293,-1.3088161575947912,0.2999941816052997
3294,-1.5973604999384274,0.31472299367736134
3295,-1.5470542944472871,0.07784846060729776
3296,-1.5211880373504814,0.13910454901830296
3297,-1.1042243929211004,-0.6906114161836154
3298,-1.3959085353231457,-0.35725776164901885
3299,-0.4121665677718822,0.5834335771246046
3300,-0.5288403331535313,0.949267067021846
3301,-0.6039296595615634,-0.18505140993178557
3302,0.7104966982184763,0.5796811180715125
3303,-0.4856536978046275,0.024922162305150798
3304,-0.5742007976572905,-0.6663239873541842
3305,-1.0857782547632686,0.3617916894804516
3306,0.2948725089041652,0.28948774685475487
3307,-0.8144063995177977,1.0676507934315917
3308,-0.39766774541973077,-0.2287440852428104
3309,-0.740818981230093,-1.2884321561549446
3310,-0.24918757973408484,0.12392591365352766
3311,-0.4802005798659156,0.049791036019437365
3312,-0.016529818285447567,-0.4324749761511816
3313,-1.45226609377399,-1.2943344245616417
3314,-0.9504340563403899,0.26327516354180613
3315,0.5685062381747167,-0.5149078284835235
3316,-0.24818954435025434,0.5314751666401475
3317,1.966260024592597,-0.22602088191784833
3318,-1.4237077029732517,-0.39979116281589455
3319,-0.9764653968927179,0.16526631750374995
3320,-1.0665413701874609,0.593203682869586
3321,-1.0643028542734343,0.4135372637219762
3322,-1.1987853911982158,0.05510163692719732
3323,-0.21067138231900204,-0.26476026924823676
3324,0.12023330828807698,0.8659267223480444
3325,-0.6699857297082387,1.224113861539906
3326,-0.6506649259484396,-0.9696897024600709
3327,-1.5267311629061742,-0.5758629924174359
3328,-1.030205170105909,0.3969726166260252
3329,-0.20093156475044338,0.5658332674390405
3330,0.06624495300611963,0.9386896500376423
3331,0.0978350910975278,-0.3661703351815125
3332,-1.0927570793517392,-0.32756261507382095
3333,-0.6057347936142058,-1.2379343467090842
3334,-0.20882890408112545,-0.386580114254843
3335,-0.607117152838156,-0.0065184201048964704
3336,0.0913670412029415,-0.13261579569877624
3337,-0.9146980163590133,0.0031750339665652864
3338,-0.9992606301587605,0.10759994366909362
3339,-1.5300778500062477,-0.6791014676206734
3340,-0.19375030335789425,0.4764149750939808
3341,-0.9678642900733909,-0.010459602410751244
3342,-0.11354865042378225,-0.4424671169855571
3343,-1.159613504295335,-0.7267101164269238
3344,-0.3944687040595927,0.9298040554833206
3345,-0.11014703567106805,-0.19520701777620855
3346,-0.18500830542902585,0.5543339729832444
3347,-0.4674207063955296,0.3886428725239598
3348,-0.09461991136963599,0.40676613834878794
3349,-0.3782582820073294,1.4370599605094423
3350,-0.46511542798146577,0.19977945914281545
3351,-0.22123815470614414,0.00947968776074172
3352,0.231216750480111,0.04422000020419179
3353,-0.3647577588311617,1.1294806356436706
3354,-1.1400790095853761,0.3498375220094253
3355,0.03863373645204119,0.6043222499800445
3356,-0.5277230404778086,0.4864821043045465
3357,0.5877824672719806,-0.6908959971108347
3358,-0.8425412246467291,0.8978197237792238
3359,-1.0445706467831548,-0.9074579357874918
3360,0.44642746678370476,-0.07571650774154277
3361,-0.8323269839112009,-0.2459199255966371
3362,-5.273339999162941,-9.263609843768776
3363,0.5996195963856048,0.11440066453192965
3364,0.6879813250767269,0.08721945901939063
3365,-0.9999960341205373,0.20706455489528205
3366,-0.6967858896119606,0.08527909983268205
3367,0.1329385251450799,0.764528476166388
3368,-0.040952388536003796,-0.022744764250107487
3369,-1.430516331286557,-0.8955742030923063
3370,-0.5531152720160905,0.7407347116845128
3371,-1.227694284115897,0.17712901629083552
3372,-1.1601357623950959,-0.02385707935626541
3373,-0.30546348211430785,0.20122509746541872
3374,-0.6900038501581762,-0.5287872422245562
3375,-0.4484761460281537,-0.14548869992210597
3376,-0.8809511380899474,0.1394429866830156
3377,-0.9673071709894198,-0.14426894656043485
3378,-0.8698469411572815,0.24940494654902798
3379,-0.824740915686184,0.8164605873254394
3380,-1.0690728394544307,-0.0721487510130468
3381,-0.4492693059916708,-0.02872206636132786
3382,-0.5124053996108581,-0.145894878244915
3383,-0.44053156006436706,0.017052731280166683
3384,-1.4279746154184372,-0.33715884209324015
3385,-0.5638514567804986,0.13583845261233046
3386,-0.8725619866266141,0.047121828952502665
3387,-1.534053515774774,-0.6629212326207498
3388,-0.8096482467960413,0.3870793323540261
3389,-0.6886836283671612,1.3308526598618038
3390,-0.6544355687816754,-0.34649624789065664
3391,-0.6799567001422459,0.2649898510093843
3392,-0.972188183479502,0.7618588614769342
3393,-0.08611238040443436,0.7796913275808613
3394,0.0844016080802397,-0.2938420660138429
3395,-0.6437674905983027,-0.3939460612591931
3396,1.0202806877783104,-0.9842039859548598
3397,-0.835515050312574,-0.07861183259020282
3398,0.3074868889686192,0.4099828080195024
3399,-1.1109742245149996,0.2557677407395925
3400,-1.2932288012665314,-0.2977196504253679
3401,-0.6330261085409161,0.4234512210886177
3402,-0.08570786456665717,0.2693497128337798
3403,-0.8102810866312496,-0.27492402153540413
3404,-1.5523551177823116,-1.1821661358076287
3405,-0.4662039523862861,0.07244827632749387
3406,-0.6804496057048581,-0.31488125676714046
3407,-0.9472430986308455,-0.48822701974500393
3408,-0.9060142132004961,-0.492933497265959
3409,3.311177244979635,-1.9520979671952814
3410,0.8439396710293692,-1.1334924609827424
3411,0.03797562229022542,0.8191082275589394
3412,0.551290592833687,0.6758195911236226
3413,-0.06775701118926095,0.8104069943298542
3414,3.309936979799295,-1.7345313206416662
3415,-0.2620508301365731,0.9709773795772947
3416,-0.5029210400240564,1.554568536453853
3417,-1.3824830732620939,-0.2511762535913228
3418,-0.3275486557286917,0.13547306370123643
3419,-1.1170176387939061,0.3325618460045939
3420,0.09753524098966715,0.25256393729767473
3421,-0.5970147972431188,1.2118512792106508
3422,-1.3353978229015335,0.06607545344551483
3423,-0.21886205585302307,0.3183351122735979
3424,-0.29837358539053616,0.31922260533339597
3425,-0.6017135240581691,-0.7464063004012836
3426,-0.9472154064558787,0.0696404607962784
3427,-1.1646538566413813,0.13877626542788637
3428,-1.1510285344174955,0.34542150349855955
3429,-0.8398018987076747,-0.38877772008996214
3430,0.3269148791409032,-0.6599343999662801
3431,-0.9220067003964183,-0.3242704524128123
3432,-0.3827807447033746,-0.6156506380900483
3433,0.022270453936490284,-0.2153820508236797
3434,-0.1833881514894002,0.23896654176324714
3435,0.34567410344079563,-0.06579800086143855
3436,0.5809638099417516,0.40202510910722555
3437,-0.4908463992649307,-0.06550424448721465
3438,-1.105203187466371,-0.9132326568436359
3439,-1.0060200437316162,0.6606132371538999
3440,-0.5172077102181746,0.23485157330530437
3441,-0.8173517203382435,0.7965949358682253
3442,0.26851679736379064,0.3389526214867189
3443,-0.7495659148413897,1.0721850752673117
3444,-0.6348581434239362,-0.23069342662044687
3445,0.20999773178083664,-0.2957621371492715
3446,1.9020429748306893,-0.12409670792055981
3447,2.6791940474874827,-1.2347244335429663
3448,-0.04827909012516866,0.40110269036496227
3449,-0.3702777711322857,1.3987072593293166
3450,-0.8541121757665713,0.5675735669339769
3451,-0.5607984785886806,0.6773397754053114
3452,-0.030616463074971376,0.7587008316072884
3453,-0.824998619581113,0.8374498346416833
3454,-1.3721925297740432,0.056936915205595254
3455,0.0016864021277699526,0.2791138326467783
3456,-0.7560529567161524,-0.3387700564213499
3457,-1.238284896313686,-0.01832034070555374
3458,-1.0811530046399807,0.27642413923392745
3459,2.3330552077534232,-1.0031656722207767
3460,0.4272095147888075,-0.6107482205081441
3461,2.6046834924004285,-0.0010657997164263276
3462,0.024090126320759915,-0.8102001628308383
3463,-1.301872686012063,0.010896017703968655
3464,-0.7343857320302901,-0.20463161126711943
3465,-0.5368617239813548,0.22925199987432665
3466,0.3789999476401865,-0.016864112818303273
3467,0.9215021746966228,-0.3565281655496134
3468,-0.970517497897556,-0.6285183504832115
3469,0.4175793312714195,-0.31651699036079145
3470,0.6543298689519116,-0.12375963730439386
3471,-0.1294155837750601,-0.9949410263775426
3472,-0.3248577803829755,-0.7270327235448458
3473,-0.5661249380934575,0.9456710695266344
3474,-1.2490394055810135,0.10422802937248264
3475,-0.4806418836340161,0.8035644007599193
3476,-0.8727167793729296,0.402737639393718
3477,0.2636753449172878,-0.438850245041554
3478,-0.7148127808117247,0.05888648411107017
3479,-0.39008677805088743,-0.7284345759619778
3480,-0.674757817705459,-1.0543996206066586
3481,-1.7386564759548042,-1.1931761186138061
3482,-0.4839404783944315,0.8603092310208627
3483,-0.47673022544506183,-1.054706366781487
3484,0.12536671001579458,-0.10774805776695974
3485,-0.8799160578940438,0.44791224564129156
3486,-0.6034266334537178,0.8008052066991507
3487,-0.814895159392747,1.118803989018083
3488,-0.6441612124533207,1.2571832957032962
3489,-0.3756481413490862,-0.18139425382160895
3490,0.19440833605833932,-0.16414313614772094
3491,-0.8960547823012199,0.8568036334379351
3492,-0.7803693449711251,0.07261513838674104
3493,-0.3775524576900057,-0.6682565929348948
3494,-1.4182626776338672,-1.429949189967987
3495,2.4564451023006275,0.333558454541261
3496,-1.165699619787243,0.307939844321954
3497,-1.3166019293360351,-0.10671945447003535
3498,-0.776704500948924,0.0067643914429331015
3499,-0.9667625677051979,0.7885788152625139
3500,-0.7760752069677752,0.7686326287075167
3501,-0.6834572769436896,1.2503216800179395
3502,-1.2407078266948819,-0.1581795387246279
3503,-0.2330384971814902,0.19851291840378493
3504,-0.05136924321809191,2.32393703775218
3505,-0.14722525222196076,0.8545500398119037
3506,-0.9037566332135029,-0.41077901656680593
3507,0.3247095476924827,0.01960909907120246
3508,-0.3393306201895378,0.9835864526179355
3509,-0.844468071559875,0.3675724664747547
3510,-0.9652601940158323,0.6530984596744639
3511,0.9722093428133259,1.5217359860435409
3512,-1.6784446378651336,-0.7361838111190842
3513,-0.6185221035472008,1.3478553484420976
3514,0.10894426738230248,0.7162849022579715
3515,-0.611668093235558,0.49321828920772054
3516,-0.45205798177700884,1.3909893118953949
3517,-0.7211740066421986,0.05694375222454747
3518,0.10030474591606357,1.0827063834975497
3519,-1.3353763716323332,-0.27890751444171036
3520,-0.035267823494523065,0.6362304261654255
3521,-0.5047441025274916,-0.3627921223509745
3522,-1.144219266375686,0.5689148456832069
3523,0.654762020702091,-0.4768248087164874
3524,0.10124596242390344,0.04596451504116392
3525,1.3965805101224305,-0.6520812948558053
3526,-1.5716147163554304,-0.6473792354770183
3527,0.39309304886184254,-0.22083344436542693
3528,-0.7527928818934123,-0.5395197503403824
3529,0.7306896700972875,-0.21417964710004603
3530,-0.9495365246912805,0.7173347712834792
3531,-0.49568511790711534,0.9380915364441772
3532,-1.6295712001168383,-0.6331553021159801
3533,-0.7584786596145633,0.7146398259223817
3534,-0.2750470339920451,1.2729495367496888
3535,-1.1914346111052667,0.0041172985551810905
3536,-0.29062225742415493,0.5301772514834551
3537,0.24944464152830123,0.8266964952000639
3538,-0.733918560368703,0.6250588760916478
3539,-0.4479384308697423,1.5125494798299794
3540,0.9677089088765387,-0.416977531828526
3541,-0.8857672212713398,-1.7511960370472421
3542,-0.12725867591587553,0.5635653734377246
3543,-0.833781693081981,0.04145046831241357
3544,2.280643037252858,1.1447049654620376
3545,-0.5809580221999128,0.5157520013031787
3546,-0.7730335122508419,0.029731927535397967
3547,-0.8428633454759437,-1.1484075188057823
3548,0.3972003750989224,0.6938266911749569
3549,1.2390712499659409,1.8172600501351492
3550,-1.470340684739727,-0.5829386799837283
3551,-0.5033316064392822,0.15862447018010217
3552,-0.11318824267434636,0.240391803874545
3553,-1.3134567024038555,-0.041852287691154524
3554,1.1158814102455854,0.2595664848532464
3555,1.1138698959264963,0.31404234063063247
3556,0.3472892154708144,0.30623446674747784
3557,-1.0214004988191878,0.6118919883220709
3558,0.1906827697280027,0.7924314474455078
3559,1.4860717616464263,0.33905474072959746
3560,0.3465685441545919,-0.6582403654415501
3561,-1.3627003726294022,0.049693169316190236
3562,3.7189356918014282,0.30734878836977403
3563,-1.3127329622950588,0.07612728355022076
3564,0.2864412900030294,0.8665052021529482
3565,0.5567270190907148,0.9303292748426967
3566,-0.7135650045617037,1.1227806000294291
3567,-0.2415407348402136,-0.9442112965075407
3568,7.952114836026871,-2.2540427983098086
3569,0.5638916228401882,-0.8639608075319786
3570,-0.6748234047810887,0.5639022940276044
3571,-0.013927993359907772,0.25205889778849955
3572,1.2996937593073807,-0.5162541934204972
3573,-0.7371643429230936,-0.14119235665051
3574,11.062410604667349,-2.5967156617318197
3575,-1.0100760174310837,-0.07886973475125413
3576,0.009582040073376808,-1.1405970848203935
3577,-0.39633386353441147,-0.4696905545923601
3578,2.3242187772490643,-0.30393922031451953
3579,0.19681538765311032,0.6783890568032815
3580,0.2292445879941067,0.7390820855495989
3581,-1.5197585192483591,-0.5803955841899222
3582,-1.057394755074019,0.3654443438104638
3583,0.6072714219674084,1.2676307211051574
3584,-0.05220957241707795,0.6790527679515995
3585,-0.12614944455256882,0.03125726273819254
3586,-0.07153743269902256,0.5434353853921963
3587,-0.5901852419939364,0.923671133951012
3588,-0.9013349258653265,0.6062699835252056
3589,-0.10929019210822685,0.9429851450069567
3590,-0.4412806174241743,0.7798750267968297
3591,-1.2184143727104493,0.20795660743452538
3592,-1.43628568123386,-0.39047980087736656
3593,-0.9445043755431662,0.6015761787287192
3594,-0.2422763162404706,0.6962572660867625
3595,-0.4562223837825663,-0.44772955803673464
3596,-0.72627272241441,0.06797062120863306
3597,0.18100787195155366,0.5290448393000264
3598,-0.742651343125603,0.3920400981032665
3599,0.38453012707808276,-0.1897483980552353
3600,-1.3689978708842794,0.10593325176996138
3601,-0.6163154025253852,0.5580446356199761
3602,-1.2426029658340945,0.06936896464331493
3603,-0.35108000679166207,0.44842380497961903
3604,-0.5832671055050306,0.1005202749245914
3605,-1.6573811663271385,-0.8320323709542111
3606,-1.4889246105679748,-0.4679750976920259
3607,-0.07584244637880325,0.5564376979495754
3608,-0.1742701043701478,1.1182733426782856
3609,1.0732435023548488,-0.14272546947216805
3610,0.6594205932524413,-0.17971007958782534
3611,-0.5316697447669168,0.0035052193569285873
3612,-1.4811699466370187,-0.29020786189686487
3613,-0.8960574911505885,-0.4820697251749225
3614,6.063377004428044,-1.2426195122862915
3615,-0.8438654670467193,1.0749913306040102
3616,-1.0745082550907725,-0.2736583887299413
3617,-0.9974706195005899,0.5929173960327511
3618,-0.19459586929400627,1.0823870590225562
3619,-0.41806366548041884,0.5154076549310835
3620,-0.7423570435168901,1.1044787694388098
3621,-0.5458383678232147,0.3616203164449917
3622,4.448100484926943,0.19394629263006788
3623,0.11431947109127494,-0.8009649038422286
3624,2.6876150367610148,-0.21269055677199133
3625,-0.517671317891791,0.26677803510967557
3626,-1.211433418408378,0.3160933641668051
3627,-0.20532031219868377,0.8495166132332391
3628,2.110874625952336,0.2687184093932868
3629,0.0708828352121052,-0.26317281834430967
3630,-1.0921122485679426,0.5134264778797943
3631,-0.3435813420860649,-0.6108921798066002
3632,-0.5987467870675576,-1.0727501565395137
3633,-1.321415192583157,-0.11325319785013473
3634,-0.04576580564969608,-0.2997639445400674
3635,-0.27827800570610356,-0.43664247389177274
3636,-0.36727557404758027,-0.32515272666612693
3637,0.9079828509015678,-0.17234444344117628
3638,11.994505465204961,-1.6709711098626001
3639,1.2646944392471073,0.5350854302592006
3640,5.420043531366054,-0.23299295135567077
3641,-0.917638772987975,0.7916542451110434
3642,-0.40443805682883927,0.7495524667017669
3643,-0.9255185536339372,0.5192813952493225
3644,0.18680198027157105,1.626848882758157
3645,1.8466828074063923,0.16620984315814621
3646,3.4271444899865253,0.08301446087343088
3647,-0.728340461622145,0.6434009494879885
3648,-0.35988931790593887,1.1141152010549065
3649,1.076416118807493,0.6500145073174286
3650,1.2048417184487692,0.8844768635460946
3651,0.3211315596238748,0.3692712937704441
3652,0.19785384613392504,-0.02565249668160112
3653,-0.6111771201681849,0.4671079560524731
3654,-1.0605484613441334,0.5356261140623754
3655,-0.3317726179956413,-0.5106898379372568
3656,1.0503596184026438,0.8423023145141549
3657,0.26485636576541116,-0.7292938017905679
3658,-0.8711316361637595,0.666134356062127
3659,-0.2491545301407529,0.031816310798477174
3660,-0.1017552979911319,0.5675299420721597
3661,-0.30155026823483294,0.5499827972811784
3662,-0.1636305104176719,-0.16860781502118286
3663,-1.286958351474576,-0.15168853971628996
3664,-0.3648608583001173,-0.23736521584079365
3665,-0.286675499964198,-0.21929052053774709
3666,0.37538047404978764,-1.0290770950190589
3667,0.17194499478877315,0.10996717268518134
3668,-0.8161377756212562,0.6430053247635475
3669,-1.534360210121029,-0.68335286881776
3670,-0.7626141697299552,0.3723282356683926
3671,0.2947277204212658,0.360929690106573
3672,-0.9399365927214842,1.1955387323345898
3673,0.9101077433446967,0.5262361925722977
3674,-0.36260596378336013,0.8350292819180711
3675,-0.5275577045612228,1.0014595136814537
3676,1.459681515029121,0.947541465010844
3677,0.3668974345515713,0.00020868699015355564
3678,1.0427111840940138,0.5858105981382583
3679,-0.7983452805669023,1.0886127426454284
3680,-4.690855755966944,-9.31212619581808
3681,-1.178964796430389,0.4289573912704777
3682,0.07952434770823912,0.9159409947646254
3683,-0.36773005532993835,0.786615178217638
3684,-0.6319491934079946,0.09448328915800942
3685,-0.631967367288504,-0.3966663540040019
3686,-0.6642903534387574,0.042941978835513275
3687,-0.8199199345785007,0.2699244912666098
3688,-0.6198763831139212,-0.9348713809854284
3689,-0.5624688458329613,-0.3270964903810795
3690,-0.909706890832641,-0.20625234505797668
3691,-0.6821001037195044,1.2683325152897718
3692,-0.25785927709548495,-0.527445713823584
3693,0.7582354566470667,-0.8502669242341017
3694,-0.33889671677452166,-1.9758252337106355
3695,-1.0605059140781665,0.6567857012130723
3696,-0.20308186750255278,-0.6574088467392993
3697,-0.6745003237990836,-0.06635651069447693
3698,-0.01748963640337067,-0.39093367389866573
3699,0.519196005008872,0.6108142240224129
3700,-0.8847364106440077,0.04370150087332135
3701,-0.3780260406982103,-1.0733342154796135
3702,0.7568054509895834,-0.06087097939046772
3703,0.9153102513751339,0.18816993374622729
3704,-0.3551927872111786,-0.12314654435760601
3705,0.16805162644070923,0.28854700261672533
3706,-0.7090329745910036,-0.26805566698883815
3707,-1.1035885060481652,0.33695205852512977
3708,-0.9639675970117001,0.10345623105251506
3709,-0.5987807526502605,1.2924459115159748
3710,-0.7358943317405214,0.995625365973042
3711,-0.023166712321177986,1.7381945147853837
3712,-0.726774174911771,1.2031509577098114
3713,0.4592969037382684,-0.14819740315387558
3714,-0.016106315789368626,-0.45986899089872985
3715,-0.22134601781445784,-0.20643068426415387
3716,-0.6450604861170846,0.11574163520717945
3717,0.08459041655336579,0.6662955677987582
3718,-0.9159404775463641,-1.0321050189960386
3719,-0.28119238636893723,0.9735400865372273
3720,-0.06720704565921473,0.32493893173486593
3721,0.017193619343645227,0.8513733364247453
3722,-0.046733897193970336,0.9912991211810502
3723,0.08260783865036275,-0.7314522404855168
3724,1.8824343491576758,0.24796462276563874
3725,-1.2318787911455022,0.3107190465372016
3726,-1.3550971663134652,-0.26951838398919165
3727,-0.33659519534717264,-0.40641547650604976
3728,-0.9416012953301358,0.6521242827813929
3729,-1.1658499598234722,0.19959887822295888
3730,-0.6686089361924575,-0.3508096034202029
3731,1.3417572296793185,-0.934650677207764
3732,-0.5746639423646239,0.5813262510222055
3733,-1.1878371205728064,0.31061983330455645
3734,-0.9436560607968939,-0.06831189209168553
3735,-0.8378269707102106,0.9737206289367341
3736,-1.5356360719325006,-0.6199794745645065
3737,-1.2085615146945448,0.09328804632741829
3738,-0.7043880922688038,1.094258965877498
3739,-0.15876349172781404,0.8375472581643468
3740,-0.6456507229662927,-0.28061623948642267
3741,-5.310876961342512,-9.401978989302462
3742,-1.271978150253453,-0.3409105426484725
3743,-1.5423943187191866,-0.6703507981193756
3744,-0.32883434653225885,-0.12859168808798857
3745,4.793701743352829,-1.4482756863363275
3746,1.6269567408876682,-0.4848203077238382
3747,0.6699086980101502,-1.3928822830142031
3748,-0.7573403874818448,0.920672999622539
3749,-0.11059048193237334,-0.198451367189181
3750,-0.5026159641694614,1.35383011787081
3751,0.4044929176989609,0.8508923444912958
3752,-1.0581046508353182,-0.43278863480833174
3753,-1.143407466782578,0.4275927153247983
3754,-0.35580080988301943,1.0506503007800196
3755,-0.992692079165282,0.6417504792147952
3756,-0.7826027046955384,1.0237317392476
3757,-1.571814360659717,-0.4621406707214502
3758,-0.8030285250749862,0.8357879307847746
3759,-0.9802968927510348,0.9860519827260574
3760,-0.20847136913106362,-0.8329204470115913
3761,0.23777421949592373,-0.05703413447432225
3762,-1.3435463578776776,-1.527004130882274
3763,0.12742787869488814,0.3359673524130446
3764,2.008940855204377,-0.4879598140282669
3765,-0.7938806862886642,-0.4557279096377422
3766,-1.0401205452727484,0.058023478456631854
3767,-1.186004573462976,0.1467309941380294
3768,-0.6892048370184626,-0.8226851168864122
3769,0.18619883094445078,-0.3425001349624001
3770,2.227625529243663,-0.5467174847071687
3771,0.45136320798060275,0.5764019604230374
3772,-1.2330851374289298,-0.03502187111884918
3773,-0.2973675525279559,1.3847871428953513
3774,-0.675207142168091,1.0639461586650008
3775,-1.4586516527483673,-0.5323787559166929
3776,-1.6083860975848714,-0.9078318205926728
3777,-0.5000274917824692,0.40602227028014815
3778,0.4283249270393428,-0.0415644078077377
3779,0.012277071874632152,-0.3932238119346799
3780,-1.196746207103475,0.06220256558271629
3781,-1.0529164414712453,0.627105911713167
3782,-0.5791241895985757,0.8888137934451795
3783,0.29832952959872927,0.8472811169472102
3784,0.12756534154765753,0.7440558583417993
3785,0.35598910431371605,-0.2736467367339736
3786,-0.040220603680111766,0.5931299351409257
3787,0.3158792765569034,-0.8006969633363724
3788,-0.6648961418782554,-0.046366622215556756
3789,-0.7183847791401526,0.0996819867738549
3790,1.9934000722704825,-0.8006083354587207
3791,-0.8805766160472311,0.9189500520656503
3792,-0.03739665268370574,-0.32889600620924203
3793,-0.538756835346458,1.3651702461725024
3794,-0.8484854020009852,0.24367663219221886
3795,0.714636789627859,-0.5844850126825855
3796,-0.33450961682748837,-0.3245258690427174
3797,-1.2932576993322298,-0.2300737261183728
3798,0.3784276509300474,-0.17335565351676566
3799,1.2258501178163974,-1.569034082058897
3800,-0.4539849631846888,0.49815421696322654
3801,0.16159769677581617,1.1465322207239788
3802,-1.1463156724356705,0.12773347298154425
3803,-1.569127470801204,-0.5084793454841917
3804,-0.7282672338292943,-1.3793583943870324
3805,-0.10305561778648836,-0.5702202756319602
3806,-0.6412532475167095,0.7027182049228741
3807,-1.2397130426256269,0.4249161676387611
3808,-0.2635985382362701,0.32126097175392365
3809,-0.5619582353176006,0.7077823288540502
3810,-0.9393227294369094,-0.6266666657661251
3811,-0.9102391348842571,-0.30347967845592455
3812,-1.2787098352825998,-0.07016816319050997
3813,-0.3866900950358913,0.910937781533081
3814,-0.5191201735031818,1.0966466774567158
3815,-0.855273188325751,0.7913126946437675
3816,-0.7320607721151324,-0.7964572239248886
3817,-0.8696629295578127,-0.46123004757763425
3818,-0.6139361313263691,0.696779882529938
3819,9.251786995324336,-2.85772194761989
3820,-0.9498503986101937,0.654892619686682
3821,-2.014349657714149,-1.8655495241534619
3822,-0.4464351084038916,0.6039449927357299
3823,-0.4856976538730162,0.8055961334754229
3824,-0.48615750433221305,0.05857194601689251
3825,-0.4625904549973299,-0.521599459267034
3826,0.8693477425074922,0.1060490184973819
3827,-0.7283875029990168,1.1205241005012896
3828,-0.928504875749061,0.7770456927261225
3829,-0.6685737916502227,1.3408455559406847
3830,-1.0766782184928154,0.4135188277700782
3831,1.2356051063214883,-0.01634491563161262
3832,7.034655845725132,-2.355874907140346
3833,-0.4738296110459217,0.9014962138524627
3834,-0.17269347328384474,0.47458040279977154
3835,-0.1590545216316375,-0.08868196845780968
3836,-0.7956717099049164,0.8815035635730063
3837,-0.5045347848421322,1.6580824714007305
3838,0.6647495275769744,0.291725072879616
3839,1.8319213223871813,-0.029421915670187718
3840,1.4465553853341724,-0.3152568055790752
3841,-1.2234891922091,-0.007611188423619367
3842,-0.5904162695297513,0.32127218858530554
3843,-0.39715895702141135,-0.06017900911431817
3844,-0.9851385980205255,0.8125700014281684
3845,1.5591030275408946,-0.4700973270660566
3846,-0.41857649529245206,-0.8491075468188146
3847,-0.5016460175711936,1.0932553874118691
3848,-0.7144953052907681,0.3546748984112543
3849,-0.5326009834535962,-0.30290484839483667
3850,0.591744418186788,-0.7606045370311251
3851,0.08190119877040385,-0.0011115197155282673
3852,-1.0491168818730165,0.7794702771153067
3853,0.3872742042228994,1.6496743772594398
3854,4.564405549178358,-0.47043116333368895
3855,2.1772963173377526,-1.7112687147395709
3856,1.7121897832946356,-0.5270399135076208
3857,-0.4125943169257616,0.4732730674867561
3858,-0.8813492133915686,0.9696226718904755
3859,-0.5298091128333464,0.2191110487989204
3860,-1.5235515673075957,-0.49428589899232633
3861,-0.5228906084599693,1.0565456255823586
3862,-0.4780394799739087,-0.17557276789523088
3863,-1.343667808514291,-1.1872386183110275
3864,-0.6134967977995498,0.08602577599796613
3865,-0.8039105457296805,0.43598869698263254
3866,-0.7355774036713719,0.7427851777086212
3867,-0.7105591341103961,0.36934452859088773
3868,-0.8336843233720652,-0.3361141936793607
3869,-0.8927199034456836,0.5891220598988295
3870,-1.7169974340213325,-0.9410006996476216
3871,-1.0684677155539606,-1.1012131468387543
3872,2.818332289623235,-0.6776520448374638
3873,5.854970250734291,-0.7941909432068212
3874,-0.18448499927035336,0.8067611346317445
3875,-0.2877347279845833,0.9442703198712625
3876,-1.30073688432411,-0.24443263985008598
3877,1.0349008934762305,-0.9520200628835281
3878,-0.5303694950138416,-0.1342806631088653
3879,-0.5151225910155001,0.046861535894845194
3880,-0.4538178816287716,-1.0489208865512083
3881,-0.5890630866514946,-0.8504043611822956
3882,-1.5038728828740688,-0.6605841363153435
3883,-1.439588628948739,-0.5551529464823464
3884,-0.5628592177504597,-0.22317356880587289
3885,4.902074807179037,-2.514504342963276
3886,-0.68708484489598,0.183002823378261
3887,-1.0492845257912016,0.42548789949503296
3888,-0.8450260519315058,-0.6708194188180885
3889,0.9736806323668807,-0.7511495225156534
3890,2.6975710323824282,-0.19964871928239825
3891,-0.326984891944381,1.5578377534199537
3892,-0.5839782761655171,0.14008899335873
3893,-1.1937561017988905,0.5301009469706365
3894,-0.7268762460428657,0.9340386110547101
3895,-0.7121625367584041,-0.30491808093415296
3896,-0.13019523216635873,1.057072421489536
3897,-0.22883338104925446,1.5597852403731745
3898,-0.6941271511659883,-1.3659888226534596
3899,-0.09397938062597833,0.8231237606418594
3900,0.1375519332574389,-0.6475694338313219
3901,1.333437974651114,-0.11260026407713432
3902,1.776538306812919,-2.0642769108602086
3903,2.55654267924239,-1.535948128358838
3904,-0.7339481241833228,0.5316951541067974
3905,-0.6831128840794432,-0.5433605848435348
3906,-1.2484065376131193,-0.23919910826179014
3907,-0.5998518312864662,1.1497890025791018
3908,-1.3860193404528687,0.12141595942094995
3909,-0.8854466592423131,0.6321143253683367
3910,-0.7375601830087845,0.44824873456684344
3911,0.293467209785406,2.804743354094193
3912,-0.7817933733876576,0.3449937429364242
3913,-0.2521996470035926,0.5735828755325196
3914,-0.8729610403050665,-1.936997589044794
3915,3.6912939396382476,-1.2980167190468772
3916,-0.8091008356260714,0.8789183037381428
3917,0.598694305008723,-1.110467919801401
3918,-0.27419949754719364,0.02350093374599766
3919,0.13095776361008066,-0.04719666652796444
3920,2.351536742222085,-1.0851337974434965
3921,-0.317197649457807,0.9486345175371739
3922,-0.9510524575760075,0.2520919093985644
3923,-0.9918201411844156,0.5140086279014314
3924,-0.8846517549683425,0.8839368107699498
3925,-0.20763978438321998,0.2652887656172476
3926,-0.027876336788634114,0.41632738184476165
3927,-0.19646033004300625,-1.7315840185920996
3928,-0.04227580843453192,-0.3260582779088534
3929,-0.900324185353318,0.8178537463119666
3930,-0.2841124137457816,-0.0386742481561414
3931,0.33640192059393553,0.0972035973330954
3932,-0.3204167380316315,-0.5145449929909033
3933,-0.08606842086310007,-0.2818762904898909
3934,-0.6355101044223846,-0.05824502579282047
3935,-1.5489723325732514,-0.3233721569568988
3936,-0.9934380548168665,0.8744039957142459
3937,-1.0392620440640037,-0.7888267250599519
3938,-1.0657128258864743,-0.6418928551895522
3939,0.22469708919141396,0.6055191366230268
3940,0.6872628378118656,-0.4497703456360355
3941,-0.8417810946757799,-0.5779428384061027
3942,-0.5673091856210917,0.8400791997591778
3943,-0.2677831682391026,-0.27609748135383394
3944,-1.2280420924035818,0.1380991089615175
3945,0.010304316809637237,0.22741213535740287
3946,-0.9697524350791819,-1.8310145456621654
3947,-1.3141052051434345,-0.1936699284492456
3948,-1.1100914733150988,0.2565953050908709
3949,-0.1634515656193084,-0.3621220425914253
3950,-0.31304157575435154,-1.3020751129189925
3951,-0.5079607335914778,-0.19422741410582428
3952,-1.0577164438307884,-0.09816890890026325
3953,0.09839104695205628,1.2989244058375367
3954,-0.254282937149668,-0.02196878482883057
3955,-0.9733542811855785,-1.1390173493641644
3956,0.9708300893406067,-0.16422911086945527
3957,-1.2131379484876545,0.05400050294656343
3958,-0.15878372705052504,0.30284107457681975
3959,-1.03742625762432,0.44139128084649865
3960,-1.3371783414378249,-0.33901445235182376
3961,-0.5082026586484768,-0.4873688414836828
3962,-1.4823971471539885,-0.47491869807554576
3963,-0.8491649282478467,-0.8643612368801296
3964,-1.0326202537348308,0.11164016778595524
3965,-0.6769839711954594,0.02485708550164507
3966,-1.0448831521783997,0.39054901760236393
3967,-1.3755402576670164,-0.5807177703805745
3968,-1.519558645817392,-0.9234051387880264
3969,-0.9913954655172695,-1.3117058739836547
3970,-0.7159522959484573,1.0965565082385358
3971,-0.9095002275796356,0.7802695333825158
3972,-0.6714751393945221,0.656237272646558
3973,-1.1120404620055457,0.5012268221435946
3974,-0.43801873758348064,1.8546296839274048
3975,0.06531469366930202,1.1068374033809305
3976,-0.3861172580099301,-1.6444780246365465
3977,-1.060198028213121,-0.4252168742931582
3978,0.3817381347836441,0.3173187103588382
3979,-0.674570897735766,-0.1522774700057677
3980,-0.3285987838057942,0.7100586039054028
3981,-0.5826663906840179,1.4422996691727146
3982,-0.8193613441324405,0.8647615628050337
3983,0.2924850636267778,0.6445388221519083
3984,5.346232702173725,0.17813133804681391
3985,-1.0935151654139836,0.6982584127444539
3986,1.157968493772978,-0.42922951891869826
3987,0.8426393915853292,-1.150385067670982
3988,-0.32241140305656585,0.4449418472191842
3989,-0.1864610789662049,0.23537273064234546
3990,-1.1332608017418144,-0.3335052546571181
3991,2.6852509313329462,-0.3547057944098329
3992,-0.4053914490013703,0.9878493975490313
3993,-0.6924894958070911,0.4411740137339474
3994,-1.063695633197368,0.21481393920639943
3995,-0.8580580628227309,-0.27807915048309
3996,-0.5631494421247353,0.7946450258652163
3997,-1.0925766126254035,0.2136188945745049
3998,-1.2546503691068287,0.1204669099010224
3999,-0.36916860310514593,0.7492893892706207
4000,-0.12999082843211243,1.115466047840036
4001,0.2963571376213041,0.8851935494913061
4002,-1.0066537018184585,0.49125754521204246
4003,-0.4964740385049267,-0.12692976465660222
4004,-1.176406791074277,0.23270832315516243
4005,-0.903423093916336,0.8787999234853717
4006,-0.544400317012015,0.11627275480234084
4007,-0.870723783698431,0.14218792922499465
4008,-0.6866324946422727,-0.33735290712855537
4009,-0.10291486303008232,0.203745819852812
4010,-0.6171065630508558,0.255267097710824
4011,0.25183735500912335,0.21749392916265708
4012,1.1507884649222337,0.9500949814575322
4013,-1.1941520382374982,0.2997185163909428
4014,-1.278671525873828,-0.6144493179909997
4015,0.8905339093410564,0.1336305242542875
4016,-1.5804821151924082,-1.20145492018192
4017,-0.6508669997637336,-0.2643962937958298
4018,2.6999041323426685,-0.6554084690519764
4019,-0.7406137165472292,0.4174675212097545
4020,-0.3422839083007268,0.42314705822565407
4021,-1.2174209814479153,0.1266878331991467
4022,-0.961501544742726,0.306803785182856
4023,-0.5705947902494891,0.11030065224049465
4024,-0.6078199701359092,-0.511885786698938
4025,0.9242243600179139,1.0257815633043248
4026,0.8154804897889935,0.10629665998510503
4027,-0.2798323884779999,-0.7503768838388749
4028,-0.21575637842442377,0.30407586073111953
4029,-1.069794552324187,0.5363103876583997
4030,-2.1618150549724677,-2.1891691680881395
4031,-1.540460166992085,-0.6076862096691416
4032,-1.1056904727267467,0.18242252461105524
4033,-0.3772753691127771,0.5487653059619476
4034,-0.8541280214324446,0.3058350272516274
4035,-0.1031355479852185,0.8662129026223917
4036,-0.9581358047355513,0.4559211379153977
4037,-1.112771819276423,0.048667342708740166
4038,-0.938227529933675,0.8023398844995179
4039,-1.0635759524886381,0.22445680422827125
4040,-1.3813530872671005,-0.9405644727094264
4041,-2.037203744449107,-1.6918555348271613
4042,-0.792668782853947,1.0611371203053988
4043,-1.0988671544339512,0.444384024590573
4044,-0.7581921418375338,0.8688731209432435
4045,-1.373056194415703,0.10459595274838877
4046,-0.19209535041923914,0.8742665829604701
4047,-1.0720635297057128,0.34338524798018877
4048,-1.1113433290134842,0.43735607104040963
4049,-1.053625377828224,0.001582717899841823
4050,-1.1181765697562884,0.5476639614070765
4051,-0.6425022469108811,1.3837338329194682
4052,-1.2743685092583046,-0.40258482620695857
4053,-1.2643794844561125,-0.45491267011124714
4054,-0.3451153862357536,1.4759734460253748
4055,-1.114835517136292,-0.17588828995435649
4056,-1.69589818385008,-1.0543668747062167
4057,-1.0475858732595948,0.5508896200889986
4058,-0.10497402840580927,0.8606383692658525
4059,0.4865302200741703,-0.8939672208721029
4060,0.06250085028917664,-0.1733753173969613
4061,-0.8728319716210386,1.021922721568915
4062,-1.4921586867027112,-0.5334588601663504
4063,0.010929309574549488,0.9528830063222208
4064,0.5513664010656822,1.0254332262881938
4065,-0.5393722431041096,0.30211950314258723
4066,-0.30987163133827744,-0.3232402665106109
4067,-1.1723218203523655,-0.036563278244151384
4068,0.20790970097147873,2.039261488438303
4069,-0.8310750696499097,0.5639017156119684
4070,-1.129524229622709,0.40355805267326633
4071,0.23015525465180348,-1.219705868127645
4072,0.9290929114524754,-1.0341326310849777
4073,0.005853509377420479,0.11466467209669066
4074,2.7938264627642653,-0.4790373717506805
4075,0.0322909724772758,0.7318968728516081
4076,9.551119256685038,-1.966359354267539
4077,-0.8934396908345317,0.9110645845081128
4078,-0.6720394791876829,1.235897765789573
4079,-0.5056848868478162,0.935208745030376
4080,-0.865831660460874,0.7715419657116089
4081,-1.487995700832908,-0.38286647491585
4082,-1.1773337648008944,0.06510195548912434
4083,-0.3253057537969153,0.9792704213355458
4084,-1.1227905627539114,0.11481336541386783
4085,-0.4230560859383553,1.4647696139575717
4086,-0.6889664407718218,1.2632744532181408
4087,-0.8389386833077325,1.0477361812482169
4088,-0.6452809800710815,-0.37899819804721063
4089,-0.34171876407106105,0.07768282618196483
4090,-0.35939744644080546,1.593427329343812
4091,-0.5514832161360231,1.4962240999443424
4092,-0.5198041019864204,0.45886551220111205
4093,-0.7311766558442497,1.2731049320716548
4094,-1.5337112247199076,-0.7483010393482638
4095,0.0010874141109723354,1.2772852850767937
4096,3.7830231781475296,-1.6908346634601512
4097,-0.3956093798995032,0.9959557764885781
4098,-0.2744171259610837,-0.46955132700364727
4099,-1.4095811437832928,-0.19772609583609732
4100,-0.0755924641016774,0.2829404279631993
4101,0.264920993240664,1.1341292527639752
4102,-1.0690646859384083,-1.2189566069850333
4103,-0.9779358054818387,-1.3455771436640018
4104,0.5422011436896854,-0.6152107191873267
4105,2.4417308476971833,-0.5864735719710534
4106,-1.344734400531789,-0.9797641692572642
4107,-1.8953783669507864,-1.4273378296725368
4108,-0.687398376815802,1.4602661335317442
4109,-0.3230305117378878,1.9954152812229837
4110,-0.556480022521149,0.8848332162883117
4111,-0.5517448200643554,-0.21873744664938177
4112,-0.31901599769318784,0.44454629109792526
4113,-1.0109367335558008,0.7738848738078753
4114,0.2869287263363877,1.3148193190369457
4115,0.33981203761103007,-0.9042344767745092
4116,-0.9468395586500162,0.6162010346758949
4117,1.2655144751346092,0.7046600714061756
4118,1.2085517194918054,0.39515664489188634
4119,-0.27939518191593643,-0.1590637380264089
4120,-0.6623539235912521,1.49322159211636
4121,-0.16868845922550071,1.0912630506270826
4122,-1.0997111111222617,-0.20210277479503821
4123,-1.2486563077485462,-0.00655041488205546
4124,-1.3859036861730818,-0.4424341450856607
4125,-0.43172578384113686,0.14494875660646242
4126,-0.93648089826313,0.48778773640134154
4127,-0.6299162020855255,1.032540752451632
4128,-0.20244281037764134,0.8641875032392644
4129,0.22949942610157287,0.4090789989557693
4130,0.23452982397727187,-0.2115064690495389
4131,1.2062113812305313,-0.8958530250238647
4132,0.9349118288072282,-0.2810002380159103
4133,1.1760454221387575,0.212831380248818
4134,-1.167395125779639,0.3306092198453262
4135,-0.32070442187144715,0.734186990991057
4136,-0.4392930042964774,0.2560324791534765
4137,11.29481813107947,-1.4505040557305502
4138,-0.24403940969584795,2.10159003212834
4139,0.651806204202387,1.225489184966913
4140,-0.018477779417728005,0.7626306667598765
4141,4.129331747600764,0.13468983710207882
4142,1.363116719750877,-0.6936518443958058
4143,-0.38655563869782056,0.448764922649163
4144,-1.2527149996525184,-0.31891072524491604
4145,-1.0561993470152113,-1.1740345421324758
4146,-0.6476638977589185,1.1167767191178748
4147,-0.5699373141058046,1.0207350582751467
4148,-1.091371060201837,0.42997028727985864
4149,-1.07858722254195,-0.0069596611192351415
4150,0.4033793502444078,0.4560000475110166
4151,1.7333076136104464,0.475226648460307
4152,-0.8791593941885697,0.7398104729314933
4153,0.23410923818097376,2.0838087942711487
4154,-1.7985594659155022,-0.8278470598090117
4155,-0.4791211993142739,0.5141656686823628
4156,-0.875981684713184,-0.07362409114240347
4157,-0.8772514784132066,0.9707630696993849
4158,-0.8618822184995858,-0.3068887079546458
4159,6.285669887365233,-0.3796731430873063
4160,-0.384981911992225,-0.03123409105970333
4161,2.476541324276195,-0.23790386443451522
4162,0.9967708603626385,0.47828298141756703
4163,-0.5491606860061682,0.06234826497149875
4164,-0.4195205226953567,1.3024105871518084
4165,3.363799166653531,1.106939081854849
4166,-0.9649242985597368,-0.33843520660025783
4167,0.34321378598990915,1.1105065135652274
4168,-0.9789389891546597,0.30565096091184935
4169,0.27687989790479595,0.42595574363603
4170,-0.698923958898036,0.06368579236425002
4171,0.19512545968481712,-0.7645167017962258
4172,-1.1465276317087043,0.31358566152890266
4173,-0.56173588019491,-0.282501158440584
4174,0.13167740258659177,-1.5340567669778662
4175,-0.49345754533089137,-0.47086109122842457
4176,2.7322465042319104,1.361296616087019
4177,-1.0635235382355428,0.5123662094012253
4178,-0.46979986472696067,1.6514359558467986
4179,0.3861008205560809,0.6126368393428019
4180,-0.44775154317748694,0.7780103857490744
4181,-0.4929009973721509,-0.42258513986924695
4182,-0.7768092398068879,0.8390939217710149
4183,-1.5075709701368922,-0.5585131342340768
4184,-0.19955689225518158,1.179250275959322
4185,-1.2522600185802402,0.057065930119301285
4186,-0.457244721054694,0.4187401683849276
4187,-1.0844943515747465,0.4096117740908509
4188,-0.7892500529920364,-0.3123123804536854
4189,-1.0947615067387988,-0.6574160580076187
4190,-0.3616321231301889,1.3178297605797644
4191,-1.1992263626387174,0.30668748341622426
4192,-1.6909462635207437,-1.012519007491074
4193,-1.248366865877477,0.224747784814181
4194,-0.47779963680317905,0.47637358793991114
4195,-0.05461407962390582,-0.4107837376828575
4196,-0.7229060494263494,-0.06230002670942067
4197,0.5023762789675357,-0.49019822395212614
4198,0.9302732244606281,-0.15059157650067945
4199,-0.636596685713305,-0.6372727125840459
4200,-0.6193840762052573,0.5359692138394497
4201,-0.6264013331049677,0.2697880234080959
4202,-0.821378832898575,1.0461365748403904
4203,-1.1351188498467053,0.46258848940203745
4204,-0.7684166124752925,0.9365527336028519
4205,0.22268670146383968,0.10449462603398858
4206,-1.012937563968901,0.7426203230865921
4207,-1.1505073673656379,0.21189499672313838
4208,-0.19877068316449067,0.4366116265465158
4209,-1.0425900191733373,0.5486706091348619
4210,-1.0215603624884984,0.49951948838780447
4211,-0.41011645267925567,1.2696569344342246
4212,-0.6776091203523955,0.8228108111487756
4213,-0.814147937985399,1.0906566580925108
4214,-1.1161410670572651,0.34235421028552937
4215,-0.5918395319395647,-0.7166711551508094
4216,-0.7796012134580692,0.9502707120922836
4217,-0.2955147013427637,0.5676747061844666
4218,-0.7238725858093145,1.2494691127073534
4219,-0.5329653123053208,0.19149282387792818
4220,-1.274688342847411,0.19263652281442087
4221,0.23296158952647636,-0.21824366609772022
4222,-1.5308230135217862,-0.5514553511508741
4223,-0.6623643335915498,-0.635839051040469
4224,-1.4368461646902984,-0.3907232871718527
4225,-0.6394541796856048,0.06588731998474331
4226,-1.4436111568308712,-0.7195685715259489
4227,1.9458426165058718,-0.3746844615431129
4228,0.900130536761455,-0.3325765375105586
4229,1.8905550857751083,-1.7292218770051162
4230,-0.6346134560304254,-0.6550232937909856
4231,-0.468089061198545,0.3683794858397897
4232,-0.7310211354865785,0.1785327490893971
4233,-0.9538800900212728,0.8705001636039614
4234,0.23468429248011607,-1.039689743625485
4235,-0.7164318219487728,0.133302543400712
4236,-0.29292293726235724,0.8408804368351789
4237,-0.6910630166487757,1.2655298281809466
4238,-1.3533432585722316,0.15409751334440444
4239,-0.8848333192376727,0.8032105900181706
4240,-0.2757435178925985,0.8343930140851344
4241,-0.0654118620045037,1.0113722805979573
4242,-0.43798645192384905,0.2851627230348218
4243,0.8360591793302643,1.592051608533442
4244,1.030337693669142,0.8949368114550603
4245,0.9101231945607879,-0.22258915915840524
4246,-0.6403359755266982,1.5328309642639926
4247,-0.691810511137423,0.44778778239935124
4248,-0.6660085726323035,1.2471049306447877
4249,-0.21364890335603617,-0.020769048915213
4250,-0.6043986085204207,0.40549536347246046
4251,-0.30397219019497346,1.7279118766865524
4252,-1.153278570288097,0.37605178546366563
4253,-1.2575336761461682,-0.6060697179407563
4254,-0.9977076151525597,-0.21573492248127965
4255,-0.9865427261985604,0.49734423507515413
4256,-0.034814851928194494,-0.6019717301673965
4257,1.442108179872329,-0.2933082230032324
4258,0.036408666206927905,0.7346829875127052
4259,-1.0906021959793424,0.2432382354290741
4260,-0.2645214391937789,1.4615271542482462
4261,0.1570410871621856,0.232772951798049
4262,0.7750920838357758,0.0017305957072921564
4263,-0.2636971751971908,-0.2764987887459815
4264,-0.23198106293887882,-0.41738139069717034
4265,-1.1634360068068978,0.2666170410116907
4266,-0.49891493597567366,0.20112565207141422
4267,-0.05775958291619311,1.6436953000455214
4268,-0.6461022863167803,1.2922455846417338
4269,-0.9953857652304529,0.7649805329250368
4270,-0.5498952324909984,1.3361598388813787
4271,-0.23582129112864275,1.1717329476496958
4272,-0.7855610566323915,1.0560577948255327
4273,-0.05590513712856915,-0.15215874701399634
4274,-0.3806928222320497,0.8139534912229963
4275,-0.9726735342280437,0.8266071803696382
4276,-0.12818919699578815,0.5223006241652801
4277,-0.3332882364744566,1.00378606062132
4278,-0.5190275267873924,1.0383222604876663
4279,-1.1516812005319297,0.5089064541566866
4280,-0.7232990881195948,-0.8255463990803641
4281,0.960594654956638,-0.6919411007470336
4282,-0.5355385759168125,-0.5040137404366636
4283,-0.5978561002648852,-0.7680741358605393
4284,-0.6756791916115356,0.9427488733110467
4285,0.05683276303974283,0.07894521885300247
4286,1.0553453288798367,-0.5745876923938698
4287,0.05992834983320196,-1.035843107661
4288,-0.0011189390937485647,-0.03248735297050018
4289,-1.2828844047946646,-0.19972564835951628
4290,-0.8630877217764914,0.5927271447970782
4291,-0.2399145884382636,1.592264205222204
4292,0.10980063521448898,1.396279463858897
4293,-0.6698150453952306,0.9061322330244976
4294,-0.7934306394681448,0.9592419753769265
4295,-0.6311456377076493,0.446825182147405
4296,-0.18478917472122453,-0.21875014666326728
4297,0.8181845771520829,-0.32469943555546954
4298,0.2529909404550604,1.301466092422324
4299,-0.9899028643213041,0.49862560212210266
4300,-0.5995249494027606,1.0780417310375674
4301,1.9482782191983243,-1.0930206283458217
4302,-0.7396882022517279,0.5135585445755729
4303,-1.118864423728694,0.1225779698454309
4304,-0.2516860717465505,-0.34712973682442566
4305,-0.2878694203780453,1.1519336861504699
4306,0.26683007257589325,-0.9218170021767403
4307,-1.2597691507148523,0.05675198667352463
4308,-0.30493817032385745,0.38300404187533765
4309,0.5389827840557971,0.47874358846633064
4310,-0.9540602074814577,-0.8708687834112216
4311,0.19588172695743897,0.6538689887936388
4312,-0.42959984132709444,1.202357194881712
4313,-0.26986826546865333,1.1088681886123846
4314,-2.163162113005725,-1.930404234558327
4315,0.05555529573832656,0.9898485755312646
4316,-0.08773088917644362,0.7887178633602955
4317,-0.4153898909543849,1.084469482388435
4318,0.25976264702531204,-0.40002341844804445
4319,-1.41972388618665,-0.35138954696855323
4320,-0.9546015308707451,-0.8822409165188922
4321,-1.273257365720669,-0.17822899477416584
4322,-0.6551900819127129,-0.14668994275732264
4323,-0.525924730177677,0.17645605318120589
4324,-0.7553346829385518,-0.4132047591535225
4325,-1.2012479351390417,-1.029394134387174
4326,-0.1384468899627062,-0.23089346478741976
4327,1.0207731249335106,0.041896603095523385
4328,-1.112498786281996,0.22313696559366752
4329,-0.5751579066674293,1.4856621019080685
4330,-0.9503406933566052,0.7225803469325793
4331,-0.7287819480287461,-0.49270398259688686
4332,-0.24568388804545963,0.9174675360157837
4333,-0.027329557713612673,-0.23708557494798707
4334,5.401944457585572,-1.1310650249160896
4335,-0.7437892368670762,0.09889949137892706
4336,-0.33215311205685977,0.7952684017227035
4337,-0.9034940079351583,0.8131880918893115
4338,-0.5485837549197473,0.6142493984664134
4339,0.8369418583768112,-1.2227328614803605
4340,-0.7474415008479601,0.5608399982294539
4341,-0.8000886289928717,0.1537006728708982
4342,-1.2898138577744567,-0.05452090886440479
4343,-1.2273018474508104,0.28144622568288136
4344,-0.21586749157430898,0.5729466084436404
4345,-1.0491089859249518,0.21042448417010817
4346,-1.0620435079617603,-1.0376338589233993
4347,-0.5922825461560497,-0.27471385565545936
4348,1.038168997736739,1.336592972316616
4349,-0.8199372272716492,0.6392579793292114
4350,-0.965871420122638,0.5643144291280526
4351,7.537968944077233,-2.219327541181089
4352,0.09839233845298576,-0.42154020280578
4353,-0.7505554388320856,0.45673054510287425
4354,0.1430892958549143,1.0076697526680551
4355,-1.1439478935472216,-0.2569446917446216
4356,4.8117855871165585,-1.773310434118521
4357,-0.4327080343992073,-0.7144533117762112
4358,-0.10021629235464995,1.4542646150388294
4359,-0.35629601788211546,0.2724455409907131
4360,9.278464566944985,-2.6526864297359682
4361,2.6398826891055696,-0.47650952134790436
4362,-0.23546424968652677,-0.2513457314730485
4363,-0.11824130279601629,0.8782672422937569
4364,-0.8049491066529364,0.9352119165688582
4365,2.5470786520617126,-1.175640953925339
4366,0.1659488443461437,0.4922734390599643
4367,-0.750988375458913,1.07031855047107
4368,-0.44757111197774113,0.7148120090987486
4369,-0.81698457153528,0.9258039755638033
4370,-1.0709966479838369,0.36705423572131546
4371,-0.6994349462539629,1.2743670720528875
4372,-1.1725841398491634,0.5839402447524492
4373,-0.885894464692861,0.3286558545699566
4374,-1.0296730820216322,0.32269874651654795
4375,-0.813071218768321,1.3295524884077066
4376,-0.6592030140275196,0.05435907332946415
4377,-0.7590023515131464,0.7297766425238081
4378,-0.8114915061921463,1.0531697477248094
4379,-1.3417887285819137,-0.19320356567051053
4380,-0.8000501270698898,0.9416360918614468
4381,-0.5901026400359134,-0.3643460311300277
4382,-0.8462409364578786,-0.24109460281398143
4383,-0.9242364223980583,0.8469505279963618
4384,-0.7000949575595907,0.7818447321957374
4385,-0.8766424136424827,0.9254541076240412
4386,-0.2454524605430739,0.24473404607105445
4387,-0.6164031604988099,1.0885096326449106
4388,-0.0726626556713314,0.7665336169928252
4389,0.2630879922304777,1.1162687619069855
4390,-0.767224988641204,1.2090963025894077
4391,-0.30904095026701733,1.5676017139389402
4392,-0.5850872681162317,1.1215845272548486
4393,-0.7331158090749264,1.1433761211439308
4394,-1.1707695791685855,0.49378139161959694
4395,-0.6230582212814871,1.2240297513092
4396,-0.29264344121403224,1.5558444344299247
4397,-0.2981260944958541,0.5567589421297938
4398,0.005098336220531326,-0.6949013196925554
4399,-1.1654181787475297,0.21081385563076263
4400,-0.12462603703586318,0.4354995698533855
4401,-0.8565992907594034,0.054414838024920885
4402,-0.3193090035209083,1.4735146446242153
4403,-0.47318040166547054,1.3318492302903082
4404,-0.5670418254110459,-1.8387680007414164
4405,-1.7011598893735895,-2.2823778613525327
4406,0.21926130819025835,-0.8585167126935016
4407,-1.0455212699317362,-0.7559899023870631
4408,2.190077950180398,0.3020625247527718
4409,2.461695272836322,-2.028494537305768
4410,-1.0005395583109806,0.7104937554845319
4411,-0.7273272760966986,1.2154036065595681
4412,-1.2849647970668558,-0.025264534235926547
4413,-2.7042103899446968,-3.156416682276686
4414,-0.9926160515531258,0.8631805961922195
4415,-0.8764687893910155,0.7091021420645368
4416,-0.5940605326673438,-0.289680061002513
4417,-0.7563030964592644,-0.12310638271791884
4418,-0.8295310299527043,0.7301441065942081
4419,-1.4412771293214954,-0.36344211791690684
4420,-0.11487478360605448,1.5351262007495077
4421,-0.5203099735217418,1.0245113667819883
4422,3.5013382679613376,-1.7009029387818029
4423,0.5247100186351019,-1.0560983302015161
4424,0.4150030791321153,-0.11562406305220184
4425,5.020755163640793,-2.5582814003831795
4426,-0.35389624638944167,0.37781916094543827
4427,9.689720817475493,-2.08225535159502
4428,2.0491698657545685,-1.2174103982119133
4429,-0.918949132248182,0.8730376494542796
4430,-0.6964416624030013,1.0699385582930847
4431,-1.0165716574283497,-0.08210176511251674
4432,3.6208326318515347,-0.9274135189318812
4433,-0.5084726121076227,-0.2831538701854031
4434,1.1699332999491523,-0.8980515956628771
4435,-1.3665614979330913,-0.12818008665971986
4436,-0.43510233585581704,0.5449499074061056
4437,-0.7937379083535303,1.134052067196421
4438,-0.890317175823521,-0.7533768503227315
4439,-1.5412990671667253,-0.8208185099637425
4440,-0.4296978689372915,-0.10947115589613028
4441,0.15951064970628007,0.4682006529992108
4442,-1.363516440133795,-0.8063808731307748
4443,-1.3011820182648368,0.07652385258016088
4444,-1.3235678811201308,-0.2258030223241548
4445,1.9794552928868823,-1.2741357683748613
4446,1.7841002415399934,0.3613268621433841
4447,0.49991059922799386,-1.7780600133869373
4448,-0.600227400356315,0.2323665868751287
4449,-0.26901303947316285,-0.18961769538027004
4450,-0.6190631864802396,1.2841397025395227
4451,-0.9240908561764957,-0.2576360290269472
4452,-0.46159488560037454,1.4083369370212386
4453,-1.5158883437406687,-1.2058842760967643
4454,-1.0230947143384828,-0.26281524470728107
4455,-0.5866246066262528,1.1040226951506749
4456,-0.24761367429137862,1.0889152170123622
4457,-0.2898502055170614,0.5136205401568935
4458,0.015269342827272102,-0.3159021131363538
4459,-1.1470327543745071,0.38577677119971204
4460,-1.1416760096394556,-0.634536591857898
4461,1.588452471162046,-0.9435239190504497
4462,-0.5405626511752966,-1.5080778919334472
4463,-0.8629380218938371,0.791728959239944
4464,-0.03103460157740991,1.3010936624028229
4465,-1.139176343521864,0.4292940492215604
4466,1.0986162702520659,-0.36923809500112686
4467,1.6549242670695716,-0.6884050413662113
4468,-1.164844075790752,0.03910371426287587
4469,-1.3457791801291574,-0.035995329648837046
4470,-0.994862956422084,0.8297602888465029
4471,-1.1555102101419505,0.17363638587435076
4472,-0.913367965184259,0.9030270587021809
4473,-0.42882924567977465,1.4985240694737738
4474,-0.6558129719355807,1.4450007656689474
4475,-0.6443033821429967,1.0359767727099756
4476,-0.7288017462672416,0.07561565223751036
4477,0.4336112213967341,-0.778531022172448
4478,-0.21779148671804857,-0.3079598422719753
4479,0.5787534635948307,1.1830442955612552
4480,0.28468038464094314,0.43699650901817777
4481,0.1340199905539438,-0.01941881119271187
4482,0.020387791931327497,0.7648546051370413
4483,-0.172330949796786,-0.8932318277527201
4484,-0.6440895749150433,-0.34071190763142056
4485,-1.4774159562176576,-0.8392983253445794
4486,-0.6912241385527991,0.360142570503556
4487,-1.3249017648038688,-0.5223028979638665
4488,-0.7431566592636579,0.42048849763274865
4489,-1.0131860834373139,-0.1770034637165623
4490,0.09609562344868992,0.6571495087156137
4491,0.4777828071521444,1.0660289476101745
4492,-0.8195368676044823,1.1220656736135124
4493,-0.5662825176748879,0.207935861576506
4494,0.3279651114069553,0.5679142034228528
4495,-1.1136354576176621,0.4826862277298163
4496,-1.5880250090738446,-0.3872301633247775
4497,-0.011037474275006514,-0.08016367456350963
4498,0.5627721304922749,0.08650950432819673
4499,-0.2611463746751931,1.6608349882540916
4500,-0.22046639952461466,0.6776299873501682
4501,-0.4160109322424374,0.5190644317257407
4502,0.08446921768595403,-0.009539810640648842
4503,-0.8859760285793243,0.8950085287793291
4504,-0.20085171177880506,1.0480565537673703
4505,-0.42675891060272747,1.6651693795218592
4506,-1.1828987620798974,-0.004743770731245867
4507,0.638693847459699,1.6380302332438577
4508,-1.3139794447187574,-0.5533738779698549
4509,-0.28289050294391077,1.7949636599404675
4510,-0.8395426537794991,0.4048016077353749
4511,-1.0415363716091095,0.7892161485875621
4512,-0.4524737248116284,1.4689873120640144
4513,0.20799176730915017,-1.0418737326328267
4514,-0.6375046353666138,-1.2179426703044984
4515,-0.985930997948484,0.7944592459124609
4516,-1.3927189903019956,0.04174176562843169
4517,-1.117405229666667,0.11441493320840561
4518,-1.4798953991459047,-0.34787401653146877
4519,-0.05555190205500715,-0.4558864542828056
4520,-1.3077180338062384,-0.08251079223724132
4521,-1.1000847364605288,0.3969466031542373
4522,-0.5410830926761613,-0.9090814557374688
4523,-1.2116474601921912,-0.08320529262065023
4524,-0.8112880703447907,0.3967700798722105
4525,-0.36641155780096346,-0.4526714179289237
4526,1.2950278872471408,0.1837350251151898
4527,0.4914689680789761,-0.19130156407065138
4528,-0.9684746107856369,0.10975470637801481
4529,2.429647237613358,0.18189387491726206
4530,-0.1945518362490465,0.9526722066789093
4531,-1.6613003846280467,-0.6858526316441529
4532,-1.2066679519958903,0.0004915515497492664
4533,-0.7097718862333162,-0.3444457225801455
4534,-0.009371460500926005,1.105752851092304
4535,-0.7469715104737085,0.7184795898386396
4536,-0.22327652025889758,0.12920746345686887
4537,-0.1959929007465757,1.1159389801713555
4538,0.05622752047853859,0.4929922709872937
4539,0.8727472027000766,0.8518871253258334
4540,-0.6702278269046542,-0.4911914222383492
4541,-0.7395865406644072,-0.4947981345796627
4542,-1.609178402137983,-0.7793609791170162
4543,-0.9796221125564618,0.38392153932156636
4544,-0.33337943000306025,-0.0021486863625891505
4545,-0.47416932079920293,-0.38818269998915333
4546,-0.7316868773532633,0.31632221288420914
4547,-0.1926787007425435,0.9365920524371655
4548,1.614147587932437,0.06884635889310889
4549,-0.4454458004713106,0.20282305564724717
4550,-1.2355763426672772,0.19563178859149385
4551,0.18867785533776396,-0.7779264406557393
4552,1.1760385877559139,-0.5588922405238858
4553,0.267787481788258,0.4263233401709721
4554,-0.2714846419957112,0.7701543089920678
4555,-1.234276311653087,0.030990782824956955
4556,-0.9161792811869375,0.4385467716804864
4557,-0.819648504104728,0.9484115442489462
4558,-0.09222090683159744,0.4865985885072867
4559,-0.11746453723654365,0.5349696597546651
4560,-0.9826396009442339,0.9367256930507933
4561,0.7961962726418553,2.763744438397298
4562,0.6650870908564203,2.1691303339791737
4563,-0.8978168711682514,0.5243276036649305
4564,-1.1002359191381108,0.6607762034023581
4565,-0.26139852765977306,0.936028638858971
4566,-0.3261506485674394,0.6853900178452601
4567,-0.23716045993814702,1.0208163527189937
4568,0.93371113246829,1.3804953699626896
4569,-1.227599208507335,-0.11472448783800704
4570,-0.7525443075026061,1.1018772135724688
4571,-0.2812730688478517,0.391528587356269
4572,-0.33596900662066465,1.049023973355852
4573,0.027535979935243746,-1.1271548771705997
4574,-0.2741464041131755,-1.2919405180715444
4575,0.5972328180985477,0.8899924347567792
4576,-0.17351736421498407,0.5417003023663443
4577,-0.9399645669659104,0.20722935478907842
4578,-0.07686320288158716,-0.7163078266888239
4579,-0.7579615362583674,0.7432814723406228
4580,-1.5135116653295508,-0.6004911032759948
4581,0.8065276902096967,0.655909092538499
4582,0.4848686751049444,1.688059543400247
4583,-0.8082892623233143,0.3740982560284754
4584,0.42715618787450815,-0.4717629410744513
4585,-0.7729152514970572,-0.4988613634148261
4586,-0.6397304881883558,-0.04222992635722325
4587,-0.9357002043131795,-0.4256350103473731
4588,-0.8518430198501868,0.7773561231348586
4589,-0.6526876859537724,0.3711552440252436
4590,0.1649682731704997,2.2584648917216277
4591,-0.27661700451019944,0.8638694569341079
4592,-1.2019653049287626,-0.13753411169145313
4593,-1.8559033742895923,-2.4007528337807
4594,-0.157293697228408,0.33944929995036816
4595,-1.2715995478678803,0.2699473251090513
4596,-2.102074477856763,-1.395784231928652
4597,-1.1188171121250194,0.4277464173931441
4598,-1.0377380999059724,-0.12340770272025788
4599,-0.551707576923289,-0.30398911566253295
4600,-0.6016881783455539,0.053830020148231315
4601,-0.05635565078766083,1.3729938305776106
4602,-1.8681437905091827,-1.605469521023409
4603,-0.6233533324727671,1.2287290448710078
4604,-0.012440000644927132,0.9435244091848355
4605,-0.6822027270455272,0.8117297837745222
4606,-0.8082705673285006,-0.10421034845206342
4607,-0.03203533453786515,0.07968633075874906
4608,2.377836456785999,-0.20008486790034058
4609,-0.21150693128707265,0.6473390382012383
4610,-0.5356796030614531,0.21728169431186523
4611,-0.2271539491888145,1.1915073551994653
4612,2.7872997714480396,0.6468386179678622
4613,-1.504149619116856,-2.1968172320791672
4614,0.9181879770161624,-0.8426770203631248
4615,5.706567397482695,-0.4894077671228528
4616,1.031302428222694,0.3716505835267592
4617,0.34569716099894604,-0.666896690657327
4618,-0.48254287475030644,-0.1312107904546667
4619,-0.9143647022839605,0.5767283636305481
4620,-1.0186694527751323,0.16885483070526203
4621,-0.4103607648394962,0.24005453199363705
4622,-0.7042810381667066,-0.581282026999769
4623,-0.29972487060315095,0.679835551167015
4624,0.33294662536521613,0.7928800408000037
4625,1.4585263659199565,-1.5176871223419865
4626,2.161612048525894,-1.0582380792455102
4627,-0.2596265445567434,0.3021445938323928
4628,-0.26862907929177865,0.6123458808227558
4629,-0.44175729406127545,0.7285763754816114
4630,-1.9007145468601936,-1.1863193563326735
4631,-0.42745996711652856,1.3484785886115516
4632,-0.33309612373415254,0.21987581825682545
4633,-0.7775402318990244,0.9369651286311549
4634,-1.2277568483735373,0.2666600253157567
4635,-0.41480411539737266,1.3276711456899548
4636,0.14721063746256977,1.428735862544135
4637,-0.5668436253463128,0.26793328304919606
4638,-0.18974102673470597,0.42175075386939315
4639,5.918149509560663,-1.9311256782187491
4640,-0.981103917149373,1.0298400038722486
4641,1.7815813302745782,-0.45550246781424697
4642,-0.7768153907410977,1.379815065242447
4643,-0.5950088238342112,1.5441151773006156
4644,3.2569238383709136,-0.0259077925555639
4645,0.45968799465082505,-0.01762666955312548
4646,-0.22789203879895717,0.9506411202412123
4647,1.084592663789876,-0.9835526842422514
4648,3.5192774840783665,-0.5434280099293608
4649,-0.5019448260373816,1.6365961414938066
4650,-1.1925503447697454,0.3248100491634857
4651,0.428489130966136,0.45965716259762335
4652,0.9548309211864615,-2.0107530956360673
4653,0.8764915972116958,-0.6659127730364814
4654,1.104172377649655,0.6306629422297384
4655,-0.341285709522406,0.7761795184251611
4656,0.7015407120416959,-0.333148881764577
4657,1.0502920918725938,-1.6061127072870889
4658,0.7726108251525718,-1.0339078566902027
4659,-0.5485231638928224,0.7720800361699796
4660,-1.5287804012992339,-0.23714114152824814
4661,-1.0106298041747719,0.4727833917926133
4662,-1.2305634358808393,0.39685113207381684
4663,-0.3707235130461667,0.2514166099014756
4664,-1.0737732364667634,0.059408459219901295
4665,-1.0446376094963272,0.7108780200210447
4666,-0.7084715292613594,0.7991006131272269
4667,-0.6399700359928714,1.328898246642515
4668,-0.5741252119278653,-0.09816668650370924
4669,-0.7124661929083325,0.24885474508611125
4670,0.32490223112076627,0.5902016145523058
4671,-0.49658202771578797,0.42341339042407067
4672,0.7716151083019918,0.3480761719921476
4673,-0.21643828469771384,1.5832108480921754
4674,-0.9192294651595289,0.9002363287714846
4675,-0.8574618145559804,1.0500854848470584
4676,-0.6816634611822275,1.1401558788380208
4677,-0.2899970481241966,0.822060205051045
4678,-0.4266782056978978,1.2626407855047526
4679,-0.219853874499085,0.6370916790507056
4680,-0.6676160683681718,0.8190885855642056
4681,-0.7793584732461734,0.7514311658611573
4682,-0.35435571137827815,-0.3833800669999332
4683,0.3631081391019112,0.7517841024804498
4684,0.7435949211526631,-0.4065586079080402
4685,-0.2856277886490057,-1.2534113759235002
4686,-0.24886164684543965,0.6084667055095151
4687,-1.128380469153521,0.16614609627393256
4688,-0.32240089578535097,-0.3733723400872066
4689,0.4631490214261231,-0.8673522727409166
4690,0.03656631002051433,0.8911365322174056
4691,0.8682448247185415,-0.48925351327674577
4692,-1.0094909165721377,-0.8863548949147666
4693,0.6876416800165466,0.0827177205376076
4694,0.13193366946899457,1.122102368380462
4695,-0.007800396432515626,0.9007008689248511
4696,-0.3874114200204745,0.8917214414890402
4697,-0.8325356128863838,0.12335018159211766
4698,-0.186481215407046,1.0239873679272773
4699,-0.6273941080524755,0.10140781759695637
4700,0.004377690663201396,-0.7129786851777692
4701,-0.12728587995430646,-0.5367578544109728
4702,1.0315809956419904,0.36941747610606857
4703,-0.2453363571879328,-0.06696404511682692
4704,-1.3785077548983384,-0.43664630865242304
4705,0.9004594969580088,0.7607715879813601
4706,-0.6179911353679761,1.283585185295919
4707,-0.2882894051200085,0.4560818435335742
4708,-0.06773307829363345,0.36763277996011606
4709,-0.6325784773698376,-0.08820167415107082
4710,0.366864634926953,0.6961405894048752
4711,-0.3702611950085793,0.2139425231911852
4712,-0.19332998950833738,0.4780476246465363
4713,-0.8525054995976208,0.12134213769119712
4714,-0.6626381780451858,1.0045435792835564
4715,-0.07692186339938925,0.1929895253879662
4716,-0.3900600126493531,0.6091720102014678
4717,-0.24864869980691653,-0.2344781473298731
4718,-0.6449808011218046,1.3228588554461096
4719,-1.0671345895975062,0.5066410932004894
4720,-0.5948198259434192,0.7315250802844725
4721,-1.149046849767285,0.032993103182519114
4722,0.2647747970215501,0.9141215258760815
4723,-0.5204019517838786,0.339422000779903
4724,0.5365060771762324,-0.1774346297168178
4725,-0.2772694475976376,0.7296078404055313
4726,0.0012258028330059414,0.0698745988835943
4727,-1.3065836712665944,0.019512301867653112
4728,-0.690447382859541,0.7340078285668901
4729,-0.6634264557750954,0.18625386587306378
4730,-0.9489206545663723,0.4899582585465793
4731,-0.8752253612902999,0.947482747420133
4732,-0.5540462599112784,1.2155945130017387
4733,-0.8925634421377776,0.8064002366848867
4734,-0.7871914845040093,0.7207402110498207
4735,-0.7081346590878355,0.7994722659810042
4736,-0.8473679080565905,0.8496591193536907
4737,-0.4170338162523961,1.1176241735294556
4738,-0.3310727708071843,0.8805381413377248
4739,-0.887212937949625,0.8998311915666187
4740,-0.23452741835250246,1.801394663012256
4741,-0.25604836324107116,0.8619594000229286
4742,-0.4025797640147802,0.6759998819919002
4743,-0.28564511603077386,0.9645995901445107
4744,0.02872150445804475,1.0879382763433272
4745,-0.19054417754480313,1.2974576754888907
4746,-0.4375089913551099,1.366859445442497
4747,0.03762559380678994,2.3544161600436504
4748,-0.40478990706485085,0.8193601680291527
4749,-0.7071479444132917,0.7658635829540964
4750,-1.2321683382034658,0.3312817108775546
4751,-0.8162372180827611,0.8786403604009374
4752,0.028529663313768536,0.8239393642497215
4753,-0.2283797490159216,0.5556428188213489
4754,-0.002437896758050357,0.6977901434322614
4755,-0.5821659355744933,0.4358628702631517
4756,-0.8699339725686123,0.458461727025685
4757,-0.9320285457377208,0.6609303184883788
4758,-0.5194134808898845,0.7311610749773484
4759,-0.7841191595974352,0.5166278395523367
4760,-0.9913727004520221,0.6698401007008001
4761,0.07106602649607897,1.5722907249197162
4762,-0.8306912672231066,0.9948685294910036
4763,-0.23999179000819498,1.7286346862323074
4764,1.5106958748287338,0.2529525846259555
4765,-0.9043664414626343,0.17442502135647364
4766,-1.09184243454046,0.39734815244031796
4767,-0.4692330429138946,0.951891625928997
4768,-0.8396633651285599,1.3186242501535481
4769,0.9944486733073069,1.1846305885195492
4770,-0.1604593107025287,0.022240187584185753
4771,-0.3061279324797287,-0.404091356470562
4772,-1.4152095946124164,-0.141666791906488
4773,0.1307441145285436,-0.4342212190200289
4774,-0.22457273263433625,0.1065446589251825
4775,-0.7114525300595383,0.697943104172443
4776,-1.0495408187677344,0.42172361818077675
4777,-0.8817567379772758,0.38744166743564673
4778,0.09761169431967494,0.5180980572018267
4779,0.4722531465812698,0.8143647125710319
4780,-0.614954705033803,-0.703440156980578
4781,-0.4408090726447067,0.971835919387905
4782,-0.4483170075390264,1.0018979656176157
4783,-0.833475622426818,1.1918655166208962
4784,0.13016342494145733,0.645067703685161
4785,-0.956224720233694,0.11398954831765477
4786,-1.0677557066440866,0.31975298886535175
4787,-1.0346802072971402,0.10778100871507486
4788,-0.8022065378566845,0.805116649735072
4789,-0.45254508302930146,0.8043772823542797
4790,-0.9810253032807714,0.6975513176527528
4791,-0.49211369743315564,0.496537517817506
4792,-0.22830987345598192,0.9079643559791671
4793,-0.8033556999983591,1.3674316674023312
4794,-0.2953351658424868,-0.10048782546265533
4795,5.3977967757301775,-0.5562172368036122
4796,3.4979435174394777,0.11851741913605607
4797,2.001824263582041,-0.2649607162468817
4798,0.45598867104462376,-0.750803547383138
4799,-0.07599352342759373,0.2637136870779271
4800,12.673445759822242,-1.6619184460832679
4801,1.4889658509439248,-0.2740406369305521
4802,0.32988615625225537,-0.22180279064863392
4803,-0.25089812470944656,1.3136622754825253
4804,0.17919024720933732,1.0502449142090327
4805,0.570529822564805,0.575174064324293
4806,0.8780873702039526,-0.9538935144394748
4807,2.008371247052382,0.1839077909112915
4808,1.134849697528169,-0.4376582968600447
4809,1.8161162303197362,-0.3829216758231233
4810,-1.06906378716141,-0.1282563712208307
4811,-0.9580093978855027,0.4423748143902613
4812,-0.026320161642192072,0.13040545563179542
4813,-0.6972747289035146,0.45305136935237206
4814,1.1091860622975829,-0.9721356946993179
4815,-0.6628566013189072,-1.0613705799474862
4816,-0.9749892401176474,0.783597349174254
4817,-1.0984599866716824,0.5988787040904705
4818,-0.4384370637156107,0.8451816364227009
4819,-1.0299389168932065,0.4188698050457929
4820,-0.5374358994780517,1.270126021112032
4821,-0.8332822474722797,0.878912033111909
4822,-0.834727851492852,0.9803988776065616
4823,-1.645420022142281,-0.7307765394024918
4824,-0.8569340251068488,0.639135821183734
4825,0.21837067881775357,-0.49477929279646604
4826,-1.1639572576223964,0.10417880250179905
4827,-0.7889682202542455,0.6439089771125251
4828,-0.4209900177630211,1.1971532625120465
4829,-0.7276094036606131,0.6390985979915313
4830,-0.5797088556387504,0.3298980978359749
4831,-0.807256830793494,0.9612868019666988
4832,-0.6670620528979162,0.9161373918821808
4833,-0.3310098509988782,0.7436458584154549
4834,-0.5459452585143826,0.7898510135606049
4835,-0.7206717433945331,1.0966347216842092
4836,-0.9480154262328365,0.9885626177225832
4837,-0.9798895210157054,0.7491448521651392
4838,-1.4313304680618517,-1.4623711393406047
4839,-1.2053065499777562,0.20543757147855943
4840,-0.6507655641919554,0.5652136234499796
4841,-0.503651192974122,-0.5938698750595105
4842,-0.15106619993872966,1.2279168398703717
4843,0.058474345123654015,0.9650095394492373
4844,-0.8084145855066932,0.32151687017944597
4845,-0.7619151157577572,1.1561984105832699
4846,-0.2789955344025908,1.5579664467834249
4847,-1.8705668901986294,-1.3065738129769586
4848,0.36051573184040264,0.9439594990982846
4849,-0.6387966867631627,0.6672038662692794
4850,-1.0790193721711436,0.4910845412597255
4851,2.324248756736102,0.40437084324922784
4852,-0.3776871852790973,-0.48436414118448495
4853,-0.18499895839785843,1.1807502961747107
4854,-0.3944699593423077,-1.4038526841509988
4855,-0.7609897350635894,-0.2910739237849717
4856,-0.2509383358749026,-0.381327538577448
4857,-0.8466659598016703,0.8702766916195791
4858,-0.07375310070785115,-0.4708105361116448
4859,-1.1328927643806663,-0.5465548240612169
4860,0.5842405319860731,0.8287408392126249
4861,-1.263375708074757,0.21985803294775041
4862,0.46754257506207725,0.8026032538139859
4863,-1.162063759665182,0.47647078529096126
4864,-2.4598595009238857,-2.66348984276149
4865,-0.2608199055698734,0.4633571025413648
4866,-1.4419784023874422,-1.1286967519706035
4867,2.9465333978935604,-0.8679706940324304
4868,-0.48768215510074353,-0.44127849479649517
4869,-0.7794571579310792,0.7758419501526999
4870,-0.7665750313589419,0.7188718395761887
4871,-0.6142161402826942,1.2247812558197626
4872,-0.37126874447974983,1.5282992141327578
4873,0.26539984813869094,1.9718798164944178
4874,-1.031708263185566,0.7838323993260436
4875,-0.9309767097371074,0.02871811139970141
4876,-0.5159821731855556,1.4948225861673268
4877,-0.30866103370137105,0.6242788519062473
4878,-1.1628749638438174,-0.44856428809014676
4879,-0.5704333774446076,-0.16288290750805845
4880,-0.5381677561861555,1.1006020888029158
4881,-0.9653536774616348,0.17208877341061793
4882,-0.8593894635926347,-0.7014987939565358
4883,-0.5910334352390509,-0.6316781830934568
4884,0.45158747910459324,-0.24479567807652647
4885,3.4153509811988045,-0.6632951971615703
4886,-0.7668879878490551,-0.6728666877012097
4887,-0.2919792922975247,-0.16471035957444283
4888,-0.025642118337325583,-0.8759741531293579
4889,0.9436085167386526,0.9420467418668876
4890,1.5305187194683725,0.13964541933948743
4891,1.1628431313060763,-0.9135884867430292
4892,-0.9337350700617842,0.7292246404502685
4893,0.056086862236056585,0.8905472140603626
4894,-0.8052139940127896,1.056104655047563
4895,-0.6502288885120653,1.0080528664404993
4896,-0.9919425510006789,0.7973348615718134
4897,-0.31083060549342456,1.6016605955090846
4898,-0.38914694075092937,-0.0067476638309969745
4899,-1.1048811555619282,0.5069205846919619
4900,-0.6983386639287844,0.041885134818411995
4901,0.8724305663158531,0.05031526786959844
4902,0.9764280495697614,-0.3812616784440758
4903,-0.7392477036859841,0.3189912900618837
4904,-1.144407132831415,0.48022090126000055
4905,-0.8610780268193703,0.9185135651955526
4906,-0.7066558466534762,0.019062015217287856
4907,-0.3904674418191393,1.482174995378682
4908,1.1952713362721092,0.193588478352175
4909,4.8449128997949735,0.022535653401555427
4910,0.1472219204946417,-0.07571703618960145
4911,-0.9213612625219293,0.6375479119807551
4912,0.17058679598208226,-0.2813032015501693
4913,0.6018171155466281,-0.5881241307855715
4914,-1.364376061432418,-0.14436760972921128
4915,1.0592316127468708,-1.253580073756667
4916,1.407955358364072,2.0074774362841166
4917,-0.9914564903711713,0.40268007341027706
4918,2.5663411471358986,-0.42709087621916764
4919,-0.4269414241857706,0.2737862087346608
4920,0.2967300663477271,-0.6104112471459455
4921,-0.9148756709811001,0.7191044668184574
4922,0.9540384514133313,-0.23488500470982027
4923,-0.06331848368823235,0.03706436148432896
4924,0.05955080523874475,-0.603025746767764
4925,-0.43564411271722975,1.1337235116990376
4926,1.641014509247447,2.3265002149106526
4927,0.6778442401276148,0.9008082251395704
4928,-1.563252925267925,-0.7832044041894253
4929,-0.5583256367387771,0.7562051835772318
4930,-0.46069603100432305,-0.4373762589589245
4931,0.38911579540360836,2.3170244931245696
4932,-1.7429470777520777,-1.059622969992403
4933,-0.8966680769346902,0.3705190454794421
4934,-0.2574930280141773,0.935508556013338
4935,4.992245941785951,0.10843911093708344
4936,0.8809132917041828,0.11829611241017177
4937,-0.6195792277513086,0.2717216290675032
4938,-1.5920451569105407,-0.487228418857767
4939,1.2004139901906696,-0.2736874436677925
4940,2.7766956351843732,0.41039236327085693
4941,-0.7215434335952313,-0.904912160229546
4942,-0.9790920808957737,-0.7234809265386075
4943,-0.1398729738321762,-0.743645692462268
4944,2.1003165410880493,-0.09132229934125118
4945,3.827361097374429,-1.5730083133835773
4946,-1.1025046871449147,0.4439755325268726
4947,-1.1307380364877757,0.0737578346411177
4948,6.355136767493418,-1.3319897713032163
4949,-0.07684945918414984,2.0383985279228605
4950,-0.5404770722606136,0.6444607246394292
4951,-0.5795058426133786,-0.633473732280822
4952,-0.8407353521247856,0.9578975758021682
4953,0.16087795574875485,0.5207337365832485
4954,-0.0320578217737314,0.8007614760437813
4955,-0.4276903634484942,1.321461483452295
4956,-0.6724722564343962,0.9932351552168842
4957,-0.9571418722024364,0.7831937980152962
4958,-0.9096981052500241,0.889627483736423
4959,-0.9254409984390651,-0.04453499453203115
4960,-0.7151290100702042,1.2630088810056275
4961,-1.1101235337646385,0.4847574614026842
4962,-1.01523056371596,0.34937523565581097
4963,1.4132344048308463,1.3329794791003038
4964,-0.3819299700071418,1.7203203892837267
4965,0.4490261054978723,0.35434912666010293
4966,1.0260196226735425,0.001704795147076311
4967,-0.774388665417164,1.3008022067453833
4968,0.9235557370333495,-0.14259049614605973
4969,-0.14320968843962803,0.6735048891332471
4970,-0.6730476323038247,0.7113748491160532
4971,-0.7058088143535233,1.0801157720669032
4972,-0.06756368414326097,1.139630361489843
4973,-0.11042268707878967,1.3353879480067448
4974,-0.912223785202445,1.0031971500253272
4975,-0.6472121954133304,0.5084619569496132
4976,0.195159900369614,1.3670334235671957
4977,-0.44132343904049803,1.2836290012308307
4978,-1.2109845422205887,0.41559237490218004
4979,-0.49300195054131335,0.10228502691641869
4980,-1.1314297326504053,-0.7291371886567986
4981,-4.539132363740495,-9.465819999983513
4982,-0.47947016466651404,0.8616377107633453
4983,-0.17216309960627235,0.3204157198384722
4984,-0.5151681884776254,-0.42159009280304993
4985,-0.6606909870164995,0.7467888583956509
4986,-4.29676321731497,-9.37783789197695
4987,-0.20243809147141847,0.9694499068048911
4988,0.7605567430946675,1.5305033581501815
4989,-0.2131258870471228,-1.3240950292787388
4990,-0.6586636870861148,0.9721679188990064
4991,-0.8060576471552872,0.11472222906186305
4992,-1.1150653285335244,0.4735842553732324
4993,-0.8037929917250546,0.6858150301519642
4994,-0.8282739282718962,0.056657713682348294
4995,-1.1984202180842667,-0.008797121819802946
4996,-1.1163066439906248,0.4312925275610982
4997,-0.02626609870195537,1.4684366120079422
4998,-1.2040369110070288,0.29515685446421175
4999,-0.19918066408005103,0.028153549066363356
5000,-1.1203936402929693,-0.25707493984416846
5001,-0.2853990158419399,0.9935028025305307
5002,-0.826306019006908,0.37355786824169995
5003,-1.4926533109449054,-0.5783638653934075
5004,0.08317489271451754,0.020917604797225164
5005,-0.856981813905664,1.015247085072612
5006,-0.2049392715784397,1.0892585961549655
5007,-0.8423370132307345,0.9419785252024705
5008,-0.9476438621199522,0.881418308102196
5009,-0.07945037237053833,0.7092698678502108
5010,-0.35035490953367354,0.7073816820194012
5011,-4.908820998806505,-9.076673329855145
5012,-0.4209435667962599,1.4696762502211886
5013,2.398528317440468,5.344844441754596
5014,-1.0731607728597057,0.3210363488684915
5015,-0.9588528537630007,0.8878413885785422
5016,-1.4895048329363119,-0.5462968657617455
5017,-0.013992418959177081,-0.2789553451243881
5018,-1.0807869279001063,0.6534022743050366
5019,-0.6407852184376871,1.2009660173250452
5020,-1.2012520135829095,-0.22056329251773146
5021,0.06716858451018368,0.8162381137239147
5022,-0.7026782873800466,0.538266395177381
5023,-1.075504393785064,0.6217282620843376
5024,-0.864062592212208,0.5885878995878696
5025,-0.9873624629811234,0.9557560064035051
5026,-0.5608035874862192,1.0310583222927119
5027,-0.9551574952305525,0.539506198322733
5028,-0.9430545976977868,0.7159116762203391
5029,-0.8791736256192861,0.8204889911657807
5030,-0.9099577040849328,0.7783413119567959
5031,-0.9712677721201217,0.6853349182838295
5032,0.12220744422111803,0.2436663477044405
5033,-1.13224394618659,0.4066361087347897
5034,-1.0223610440313793,0.5853453528643336
5035,-0.4789731359651016,0.4249518262058815
5036,-4.6533187937873715,-9.173757050284397
5037,-4.627828374008705,-8.980525046959913
5038,-0.911552111661516,1.011256389458085
5039,-0.5979351447846768,0.5919694926611673
5040,-0.3074774567127838,-0.08167398789586515
5041,-0.7544055149320176,-0.014504369992882238
5042,-1.350931486906679,-0.009982763624510933
5043,-1.2754218426395736,0.10619524964571572
5044,-0.3768336887977264,-0.7419076947102019
5045,-0.44013423190397744,0.478450509466132
5046,-0.16103008173329367,0.87782749744747
5047,-0.3160404535823111,1.1321422340787621
5048,-1.158479543559909,0.23228693526392627
5049,0.39856385681745476,1.6950596777480942
5050,-0.7085151184257188,1.0003902409501055
5051,-0.9610668800545412,0.7306122350321359
5052,-1.021397189504415,0.7989500087422715
5053,-1.1235421407281447,0.3220504622528825
5054,-1.2551418323050285,0.15066873218678212
5055,-1.1590410505742301,0.3931420326689245
5056,-0.5807937067270534,1.3122883769762668
5057,0.0021375249485108467,1.909620998376566
5058,-0.01227694373350357,2.1688812373351496
5059,-0.5304749732100128,0.5008585744970544
5060,-0.710355125668202,0.6609755319011912
5061,-0.4486723505239139,0.6393154188573812
5062,-0.7304226631195482,1.2431761068150784
5063,-0.4671897488127652,0.8075870614763715
5064,-0.8719662405259612,0.965963697563472
5065,-0.7082561499150123,1.3280299642606854
5066,-0.7489417024425312,1.2683733949862757
5067,-0.7705028477765424,1.0793727615866968
5068,-0.5940758536533141,1.0568743772124016
5069,-0.9329688091662809,0.03196776538620802
5070,-1.046788110319009,0.5079849174757398
5071,-1.0842723300061512,0.6657633384519559
5072,0.7533595667183679,1.6516793193225334
5073,0.06709438004836653,1.175920484694136
5074,0.5672435976323533,0.43766733070656905
5075,-0.5336939331958145,0.6674544781110187
5076,-1.0079575762040847,0.47148287413683265
5077,-1.4828515989081945,-0.8919492904634418
5078,-1.3331440086378286,-0.06735617425892972
5079,-1.1236037270646564,-0.6179012901488057
5080,-0.4708589378092452,-0.27984228878762574
5081,-1.451188746592817,-0.17824252781640598
5082,-0.48358935287653776,0.5570459980992355
5083,-0.2672653392119154,1.4723940053618776
5084,-0.9800556301194137,0.7562166368901402
5085,-0.24126885581666419,1.2351253979800072
5086,-0.04248947765992869,1.3252371828423757
5087,-1.087790670723167,0.5692965809478551
5088,-0.038223268569635246,1.043155349703072
5089,-0.7642435373504792,0.8875526595152022
5090,-0.40593320321068393,0.38366909935198534
5091,-0.8386192310985825,1.1107798313253459
5092,-0.09730767979857888,1.197514531859424
5093,-0.0907986567512115,-0.6315886431928699
5094,0.06538266891793787,0.7776176733932681
5095,-1.2066288136330374,-0.016369509620774204
5096,-0.4307223807009146,0.8648593293229647
5097,-0.9120007877790808,0.3308006699540418
5098,-0.8271321366662076,0.8096836936767978
5099,-1.298211697790672,-0.28514934013391025
5100,-0.7347336272880661,0.780464130670477
5101,-1.0063580092829003,0.6269582239722813
5102,-0.8709106089749784,1.0385961973628506
5103,-1.0170338262241938,0.4468168819251509
5104,-0.06416170167674577,0.4832055392202179
5105,-0.2604181579026419,0.2085940947569262
5106,-0.8473355341474901,0.9169587743928289
5107,-0.9042688010061801,0.7920140612938253
5108,-0.31836039514119463,1.149922755618503
5109,-1.5301895716332816,-0.3854445601954125
5110,0.03313678854478792,1.0542922006244675
5111,-2.105801647180856,-1.8567626497480898
5112,-2.16328468969186,-1.9123833525536487
5113,-0.896852204133461,-2.1699297598003953
5114,-0.40886323230210025,0.589825214736139
5115,-0.8521459480946063,0.8605380662264396
5116,-0.9858912729943382,0.6847172122698822
5117,-0.7388395977102699,0.8997288490648201
5118,0.8477076355665587,1.958924213581762
5119,-0.2873141062608813,0.8918652152174461
5120,-0.549430740408775,0.9593592935002483
5121,-0.8334019389599429,0.9401522846722471
5122,0.006054319312761705,0.24157358462730166
5123,-0.5724803416860755,0.6415663290877827
5124,-0.4470609439211726,1.5989717988760372
5125,-1.1442493527716306,0.3274712804111265
5126,-0.8404124169051079,0.9628022967376234
5127,-0.4170145613484954,1.6177062782742313
5128,-0.3170249905006062,1.6463418179728433
5129,-1.0235247887114307,0.3794079112913158
5130,-0.7347574400320495,1.0994225988439623
5131,0.25879932171698816,0.3862021396802023
5132,0.03016388273135472,1.6236875301286093
5133,-0.8105153139320486,0.7207566096249675
5134,-0.5551449382054758,-0.2891173559008151
5135,-0.932163747193781,0.8266068652422534
5136,-0.302979694708077,0.42399895206715954
5137,-1.1938089230460396,-0.11541590231718486
5138,-0.7791454207350161,1.2532077205604542
5139,-0.7787153869344675,1.115480946192164
5140,-1.2119150871035984,0.22472390108816884
5141,0.05795305482029032,0.6585976924687021
5142,0.2972735688183533,1.387684204430583
5143,-0.3897798620347099,1.2950144505138628
5144,-0.8924133513901916,0.9011534343038807
5145,-0.11463798304037705,0.21467595696064942
5146,-0.5834782874830938,0.6078592629915125
5147,-0.9277649686503361,0.4794320641498548
5148,-1.3845148368412084,0.08468818548122944
5149,-1.872844470633746,-2.013200121788112
5150,-1.0778206022577752,0.4077313610987763
5151,-1.0777130769717451,0.4721754612318065
5152,-0.021265791992707925,1.3139204227487906
5153,-0.8159486813363593,1.0142702002313584
5154,-0.916346274385892,0.8685520432869124
5155,-0.9351664460922476,0.7476681531857193
5156,-0.5108342666651445,1.2185891695525797
5157,-0.7117567844406072,1.1341162776153535
5158,0.34983445031967897,0.9227912558850294
5159,-0.3406203886384564,1.1514826407391618
5160,7.829534162830069,-3.19597319708943
5161,5.041984168465134,-1.9067380602839281
5162,0.24433337602942687,-0.15993482280374602
5163,-0.5122117410159663,-0.3818937619448047
5164,-0.6165049062231555,0.5311733866120052
5165,-0.436330704552984,0.3362236800951246
5166,9.220344053350962,-1.9602090639709469
5167,-0.06657579608549606,-0.028411175223406304
5168,0.030073862833238076,1.0788376144354406
5169,2.291348770916315,-0.6692714508175179
5170,1.3171939789775928,-1.7435066085432867
5171,0.8027245999149999,-1.3844577845653856
5172,-1.4280721063986777,-0.2507675840605446
5173,0.5454055311941396,0.07274312171352398
5174,-0.4949147860409946,0.9017594815894435
5175,-0.8425450958657047,0.8341655716223733
5176,-1.3169841475694548,-0.11121211566188487
5177,-1.3134910712021024,-0.23882904697946986
5178,-1.578225107698007,-0.8176025063652452
5179,-0.853012227201275,0.694510523926967
5180,-1.3199628335024098,-1.5824967321203172
5181,-0.6421538951593241,0.8273689336870178
5182,-1.6017277752182997,-0.627302895309368
5183,-0.794851526427842,1.1165842306943543
5184,-1.345154445254902,0.10665096076760877
5185,-1.2914753231401797,0.2065033758100128
5186,-1.4534009476196874,-0.552659322841737
5187,-1.0695973904919736,0.6766851006202745
5188,-2.04672384418006,-1.704950926401078
5189,-1.1204355751072674,0.15211014251725877
5190,-1.4666812552463255,-0.6274425159104412
5191,-0.8740332475125471,0.47787449453642317
5192,-0.7419057388247934,0.6381583937357822
5193,-1.0570555791371479,0.5425589354493282
5194,-0.40708442039966464,1.6589976099089503
5195,-0.7759095880384713,0.9876014853203312
5196,-0.5664069161474435,1.3118171723897007
5197,-0.536488343446543,1.1570164112813601
5198,-0.9433696551209638,0.7099084018030473
5199,-0.9432900428587838,0.8293268874781348
5200,0.6158282619478779,0.1942807274179071
5201,-1.112299395140845,0.3630880607354927
5202,-0.8959067388395088,0.3289278238162611
5203,-0.9081712479463055,0.6337036561024935
5204,0.12647308934712911,0.022456313698363192
5205,0.495372019158725,3.094208259948141
5206,-0.6965841201876113,0.22253800088744669
5207,-0.2481416601239658,1.1494561381480723
5208,-0.7868845360542673,0.6249394620996968
5209,-0.09458138030258632,0.27625264757307105
5210,-1.0752003408932505,-0.06189668064044613
5211,-1.1399368790075752,0.13971240760297643
5212,-1.141272137634518,0.3096242022142142
5213,-0.4382053683726492,0.6060135431629607
5214,-1.066767177553159,0.223745929132105
5215,-1.0934924587310084,-0.3392819713789542
5216,-0.6542908757508795,0.34245504054687026
5217,-1.5798929259965884,0.041091679569523545
5218,-0.9655350164936086,0.29416780360281297
5219,-1.3200811160965018,0.04880059281515804
5220,0.002897419537613811,-0.1806720737295612
5221,1.3319194721804646,-1.0131101561561031
5222,1.3941115415664975,-0.44612527311733025
5223,3.376174009070775,-0.24507692347017423
5224,-0.6731887293501697,0.8842392765914765
5225,1.017375659485505,-0.1034483796968908
5226,-0.9588584569638681,0.2122569274133108
5227,3.226797721570069,0.24448157717241262
5228,0.4207947220397424,0.33612291058672705
5229,-0.5769422205470949,0.7662092425883686
5230,-0.3122518963415823,0.8033534729105072
5231,-0.944926558544577,0.4015155635506475
5232,-1.1438356285412652,-1.0539805276407752
5233,-1.1991824382325644,0.30144602308065893
5234,-1.012405734479667,0.7489031926980851
5235,-1.0306443703358077,-0.012719437529988139
5236,-0.023130182098278683,2.581648013579013
5237,-0.6031857667154199,0.8317160529493979
5238,0.13846441480229446,2.2106290980132055
5239,-1.027906045115569,0.7082031126291953
5240,-0.8357710516047181,0.0825444469102484
5241,-0.9311019572247794,0.3050855592603467
5242,-0.6986883321827069,0.9571685506524031
5243,-0.5456958872599782,0.15660265069345172
5244,-0.6560064887432452,0.8681451591962828
5245,-1.5285014281577072,-0.018764674564450218
5246,0.10202754007440715,-0.10834943013143601
5247,0.16080239004467844,-0.68200979352345
5248,-0.12356300850681085,1.1080717010620222
5249,-0.9195769297319296,0.43544876268465654
5250,-0.33160452643335864,-0.2053461243822572
5251,-0.9722887886504912,0.7656706051635325
5252,0.020588835808834874,0.3403509623143672
5253,-1.0694614234241135,0.38016410823091074
5254,-0.16221830854344155,0.2464158899565197
5255,1.342325022646658,0.42287264514256323
5256,-0.2057109932363873,0.22165761018889113
5257,-1.2379941265325787,-0.09613146948691602
5258,-2.0836511871943424,-1.9323623187139325
5259,-0.10440429470771731,0.24179099365938675
5260,8.570179801473937,-2.706554568486288
5261,0.440470153512786,0.5506170141959015
5262,2.3873511261172617,-0.9668083053618252
5263,1.5291901974997888,-0.21680751368351334
5264,0.43626363792357764,-0.12773182414875758
5265,5.157774743304246,-1.4508409760745578
5266,-0.3773661877326456,0.9455344826748312
5267,-0.24101628982928597,1.7335060115816876
5268,-0.35331735416951243,0.7497444342737302
5269,3.9399413903709206,-0.6999260470249251
5270,0.8326049013247512,-2.130256907116076
5271,-0.9906195587249323,0.47418983688892397
5272,-0.5440600615415891,1.4627759601868076
5273,0.3238459362490978,0.90612247186768
5274,-0.6681364265801804,1.2169861377168807
5275,-0.9453998685635762,0.7926943714232806
5276,-0.9554944465568853,0.6614212041573703
5277,-0.5699852145520634,0.2544541335175582
5278,-1.0431473623476417,0.5225501165703805
5279,-1.0951437546925187,0.4124603666601206
5280,-1.1577050961532867,0.08106135782429415
5281,-1.0198571931366744,0.2842528984291675
5282,-0.4927450760125332,0.7447282253918988
5283,-1.1318415238967232,-0.5104188608256373
5284,0.29823740237384283,2.2092720798607854
5285,-0.7272359646438685,0.7211483384673173
5286,-0.39509641871866613,0.544082801552081
5287,-0.8385526766799469,1.1735447755461161
5288,-1.1110273050449753,-0.5031668777809067
5289,-0.21103240863092348,1.2163812952452981
5290,-1.408332826818668,0.25164113153914647
5291,-0.7621369758570995,1.1034053361119465
5292,0.6606074266877106,3.060681703719473
5293,-1.4183735352082378,-0.5065813966300959
5294,-1.465692005834205,-0.12813400444394077
5295,-1.0361227154061134,0.10245951111297166
5296,-1.4561162900973297,-0.14988688435604317
5297,-1.5139561014901013,-0.1273459570071171
5298,-1.264148372104309,-0.05164973628257466
5299,1.1842535766632003,-0.10858212873592465
5300,-0.4790567752850635,-0.9950459822440355
5301,2.125561477476482,-0.7945627287038874
5302,0.7715968176859517,0.47340260881219015
5303,-1.1496849439467742,0.6124703397242861
5304,-0.5587889112688375,-0.11315060993391171
5305,2.847519724668077,-0.1830702718163099
5306,-0.4043135546720985,-0.7673248916016677
5307,-0.9650775338110262,0.5737661931867623
5308,-0.6477431978593874,1.5289114711557539
5309,0.3339777672117545,-0.11191636693653936
5310,1.009760406253664,-0.2992752198799988
5311,-0.627442021933895,0.07670622778918734
5312,1.7626036805335497,-1.2930218930521418
5313,-0.784478631893263,0.1280634350304959
5314,-0.19499742264341255,-0.8388229108714728
5315,0.5965637432393475,-0.9902566070127014
5316,-0.2990099760584119,1.0662926995452284
5317,-0.6102000694957274,-0.8194085085225807
5318,-0.85364812754779,-0.1143853074960216
5319,-0.6444699141529804,0.429664793841309
5320,-0.3679890528170677,0.6202200986373754
5321,-0.6527960064309354,-0.9956589914681896
5322,0.07260762899574086,0.46453377719460365
5323,-0.22018451649138449,0.8936093525606948
5324,-1.4161087559292618,-0.48238146279008415
5325,-0.7099337824983862,1.1191409861533657
5326,-0.3236766513543864,0.9343913112887283
5327,0.16165162719978957,-0.297918993007062
5328,1.1356158338733906,-0.8241364380699884
5329,-0.4778453580703576,-0.6149387792644126
5330,0.8327138838144164,-0.8311270928737131
5331,0.13099004336549,-0.2857669438343671
5332,0.19611818045453716,-0.12729412117723413
5333,0.10187810900213934,-0.80420737707835
5334,0.6789863769589984,1.0921544501044052
5335,2.4890071078691163,0.23478726708149103
5336,-0.8828042995536237,1.0059170977456413
5337,0.17025015085892556,0.8705539793570657
5338,0.13997797616943444,0.8442400254699838
5339,-1.0354556021440209,-0.42579274639637194
5340,0.05048212506269677,0.4933486141316706
5341,-0.6421576550384297,-0.2405526119844999
5342,2.431995966563882,-1.8977500586131892
5343,0.6292699376300104,0.04434246440402305
5344,0.21594489871009123,0.054246734494082634
5345,-0.49964745677335554,0.9686705737686347
5346,-0.5237994121417722,-0.8270019811886131
5347,-0.18617715562402334,0.1692984311614623
5348,-0.8915790509637732,0.8222817589794366
5349,0.5926315659689375,-0.3423146109489025
5350,0.894885469237796,-0.10425158404724214
5351,-1.0874986908767572,0.2816572402667318
5352,-1.0352345656402397,0.22958748294496398
5353,-0.9227652323109321,0.7999346856642908
5354,-0.8026940647913418,0.9572665035183642
5355,-0.41832466128003476,0.7384220998856521
5356,-0.80609594761138,0.7844571345363023
5357,-1.6123031202785219,-0.7795671114706606
5358,0.3043334655135819,0.5557992613818151
5359,-1.0154406755541303,0.7839344907569917
5360,-0.6591807829130744,0.16135837581987428
5361,-0.34603027568213673,-0.26714619654986593
5362,-0.5021788697217411,-0.5773121178965281
5363,0.2187172290045912,-0.8227448442317427
5364,0.06193892506077263,-0.6452191645061506
5365,1.2918846654331209,0.6188554417603431
5366,1.1956490015733772,0.669355747164364
5367,0.2927880428474097,0.71245557337771
5368,-1.1044270423368598,0.4128721669654553
5369,-0.7856555803266606,1.2309359529541002
5370,-1.0843524359300538,0.36787326589842584
5371,2.13624561773219,-0.056748106502733944
5372,1.6227707499637458,1.0051802483862977
5373,-0.3927198425325349,-0.3929808029685083
5374,7.817611140552964,-1.8284067850716708
5375,-1.0089465967526214,0.5461083466183071
5376,3.7264089410433865,-1.811867133484715
5377,-0.004358470524616892,0.34771665401701646
5378,-0.503491338731359,-1.0174378951435281
5379,0.4174645909094902,-0.37340357679644964
5380,1.4252469439569393,-0.844822179916304
5381,1.3254044925407282,0.2103298939087484
5382,3.6850199578978007,-1.0331610523839205
5383,0.2248977882002523,0.864968052269634
5384,0.9107604492062854,-0.36720342798815037
5385,3.00851117243666,-0.9552598862516367
5386,-0.27220170111448466,-0.3503985199781396
5387,-1.1651495479459253,0.5107062013648886
5388,0.8458974832632232,-0.03774965279677023
5389,-1.0615901002504404,0.5037513793760489
5390,0.7881168996754008,0.6970197396090259
5391,4.090529909390108,-1.3137229325667903
5392,1.3805921079255625,-1.017316027852351
5393,-1.1860162076192033,0.4306997716978664
5394,-0.9831130125030368,0.6274762109554031
5395,-0.3523006866312986,1.5959404520973102
5396,-0.9896679150952432,0.025697930226403112
5397,-0.6748160673002648,0.20901509572174673
5398,-1.3905534295161746,-0.1830941672768308
5399,-0.03547897336685124,0.7175285409310944
5400,-0.6113377654437303,0.9417878462794244
5401,-0.9738756524077848,0.4757557822053025
5402,-0.48127215347394553,-0.06108190206940675
5403,-1.1763652498553265,0.5039273607217244
5404,-0.8444780975697849,0.9780137460794694
5405,-1.21804972560071,0.21753490922687643
5406,-1.0198586656702286,0.8620437996869883
5407,-1.1382693640463772,-0.18903148260720706
5408,-1.145233563031672,0.471840686498188
5409,-1.263910564517323,-0.22724620002913173
5410,-0.6411301277161907,0.7815214796575941
5411,-0.889269886675616,0.7362567679798223
5412,-0.9289457808195501,0.7592211513858846
5413,-0.8373943927450396,1.077340815636117
5414,0.048425034825063225,0.30071873635435353
5415,-0.9171512593884624,0.8375774353719815
5416,-0.6652307061943691,1.1418155597010127
5417,-0.8439222971835804,0.9546793289945281
5418,-0.6396537632645688,1.2850401369912527
5419,-0.7930851030457788,0.7330650848694297
5420,0.0933348751077895,0.09762418230163276
5421,-1.0381487499913173,0.1162992282944478
5422,-0.6840174970230437,0.7105315072618689
5423,-0.8931103356868021,0.9424489398155405
5424,-1.024554225287473,0.6412211904372267
5425,-0.19903764978841396,1.1820888723626195
5426,-0.8333514617325238,1.0564347603144908
5427,-0.6938331536275764,1.315243232444719
5428,-1.0220299586448378,0.613627224398924
5429,-0.4501913426099045,1.6608418668652822
5430,-0.6604947416449528,1.1326639585055132
5431,-0.8942844836906313,0.6147858552316781
5432,-0.7164429334450049,0.7292705951955905
5433,-0.8856093994739672,0.6972889165790477
5434,-0.6804119445028014,0.8952321157623971
5435,-0.7394284032141317,1.3464664501987191
5436,-0.8130679686754207,1.033189238726512
5437,-0.9573312936012526,0.3842560004970633
5438,-0.9946572877623981,0.3611420469712927
5439,-0.7978061836407998,1.1558411191082811
5440,0.049135208695648344,1.9063531996241276
5441,-1.2339390979346396,0.24031665518652273
5442,-1.0424014598677294,0.5942469953506683
5443,-1.2012565981822125,0.7358902752881522
5444,-0.7510954375837732,1.0964876309528888
5445,0.21528278321928035,2.7473309557827164
5446,-0.21050874073885067,-0.01058156862961569
5447,-0.5328234872454299,1.7038416262353242
5448,0.42128735176682824,3.159576347530726
5449,-0.3941452688681106,1.8111168788900265
5450,0.24064069694382795,2.0880261672133664
5451,0.12165417205719745,1.4241154312403173
5452,-0.21453371463375365,0.606923296057241
5453,-1.5279733383361467,-0.6239709998692659
5454,-0.04172863909597854,1.4718602658963609
5455,-0.6210749173287939,1.4530320019515914
5456,-1.108691321298764,0.12212332879910191
5457,0.09137076211014371,1.5281929502872356
5458,-0.8915021509616275,-0.008178790518998905
5459,-0.8329558723460944,0.5064910236213124
5460,-0.6406955441122609,1.4989555358245834
5461,-0.014161201054050016,2.2196597736195596
5462,-0.7851386345038387,0.9879227635536402
5463,-0.662746751332369,0.26437681870865976
5464,-0.9154365488692333,0.9188794702065418
5465,-0.8832850823090772,0.5696979030493133
5466,-0.8515449181686362,1.1842820382724337
5467,0.7137069212600519,0.8417917429583176
5468,-0.9642802006900573,0.4945262052468232
5469,-1.117029981057848,0.4216363775530203
5470,-0.5178955139265121,0.2873163124440549
5471,-0.09379966435189933,0.7645009916710974
5472,-1.136970897822692,0.2997176289042157
5473,-0.7128885652877868,0.6075008030309429
5474,-0.7194853336525455,1.2880753516550885
5475,-0.9342757909105632,0.7959778597609156
5476,-1.0133232951550442,0.8190564279282833
5477,-0.7085967456085164,0.9528911872817523
5478,-0.52039592978626,0.576265983896229
5479,0.4100745871726912,0.8644032555047
5480,0.11036548526988531,0.9541613803319008
5481,-1.1260549273916218,0.576181158813718
5482,-0.7560377587932622,0.9974601815170823
5483,-1.3225711987561268,-0.2207087482539066
5484,-0.9809618283510694,0.6793330953709501
5485,-0.8812701464787517,0.9082823592786782
5486,-0.8868902631666811,0.8508009420965907
5487,-1.100160691635457,0.07078985054713041
5488,-0.4788552413065182,0.07702118558542248
5489,-0.09739667536861539,1.3358783575333835
5490,-0.5356149923557559,0.5847042392604301
5491,-0.6764212705984922,0.7748207910247744
5492,0.12471338994093027,2.3656910113883916
5493,-0.4446641063767894,1.6755737573466793
5494,-1.3534114992443593,0.1583808780189383
5495,1.803118474122725,4.5239252091913995
5496,-1.112570049870895,0.0358050903936102
5497,-0.6506484579392365,1.5663332007790143
5498,-0.25957871877303146,0.5977948442755449
5499,-0.9246671786665814,0.36195452061992894
5500,-0.21146990836723814,0.9948882423756426
5501,-0.8221567400639881,0.9731395640105256
5502,-1.0220806871992734,0.6305956266811702
5503,-0.7566837973467968,1.3472797732213146
5504,-0.4968036854485117,-1.4544888279920531
5505,-0.6778158595446947,0.7856271930979027
5506,-0.2248603483471178,0.9646241224829146
5507,-1.0276234119048044,0.2989741811963221
5508,0.5270097662306169,2.277832819150669
5509,-5.16072911262422,-8.848502407167718
5510,-0.5777735977091569,0.16476079457561948
5511,-0.6583129555532613,0.9987553798606996
5512,-0.5857453061694966,0.7712974274196881
5513,-0.48714505611538234,1.4494815839187478
5514,-0.23712054023026077,0.05146247738923287
5515,-1.0300120166827555,0.5504308980856716
5516,-0.859480651859266,0.344705408109645
5517,-0.714021418944407,-0.43042111485082607
5518,-1.3180082354973326,-0.02626200255237774
5519,-0.8829648048229559,1.0882964122405752
5520,-0.8287801603726932,1.0374809168874388
5521,0.7009695254345774,2.912196890800152
5522,-0.6692835022143724,1.069069583910614
5523,-0.9369157132596603,-0.4057862771510365
5524,-0.02068990814592104,0.982347415112072
5525,-0.7792196503659481,0.6063715139240019
5526,-0.0720535190096533,-0.3152858301828645
5527,-0.50995247427569,0.9961524258161534
5528,-0.5502742535313863,1.214917171228643
5529,-1.3600241407471192,-0.8304288249880006
5530,0.034282154073857124,1.9666445332866238
5531,-0.36825673696906064,0.8537945719436539
5532,-5.085655188265073,-8.571764116100344
5533,-1.2225548586152366,0.08257765665371049
5534,-1.545697122799023,-0.5690267075110974
5535,-0.8171616537935968,1.0229886952265435
5536,-0.6352300724424016,0.957296024518437
5537,-0.5857456614509052,1.0702666944922425
5538,-0.08380406249327288,0.7577892258325424
5539,-4.487401826891235,-9.335641541795988
5540,-0.9025182421592801,0.7673395065444099
5541,-0.6781047526003268,-0.23077331717904262
5542,-0.4666738327480879,0.30399709388649887
5543,-0.3904703252327154,0.6651264667379283
5544,-0.9946546470051598,0.7026761877793544
5545,-4.992967407790586,-9.005350906816684
5546,0.6805741503165788,0.9380855571173008
5547,-1.007159170789618,-0.33047979048615783
5548,-0.35440001827135265,0.12456244985422919
5549,0.38556021355001857,1.4172413903727066
5550,-0.7607493219451886,-1.3889915133919362
5551,-5.16072911262422,-8.848502407167718
5552,-0.9144279948825488,0.8878067281154474
5553,-0.9134029820531359,0.622904836274316
5554,-0.8595330029554976,-0.21932635151205485
5555,-1.1617452097864742,-0.34054752839840935
5556,-0.9583889271212689,0.6916391176974505
5557,-0.3933497275539922,1.367303638806985
5558,-0.5541514659647082,1.5232363999005518
5559,-0.7062961348939546,1.2387078542079641
5560,-1.6491757244541299,-0.9329504001938861
5561,-0.8202132756530772,0.2389427797844885
5562,-0.4791764817555225,1.2593550222091363
5563,-0.5112750259736318,1.330526849690409
5564,-0.9116254162599003,0.9624391915645549
5565,-1.2235141213862832,-0.4962108428566245
5566,-0.5596723925969513,0.9704213656352393
5567,-1.1605442196771703,0.174037447363086
5568,-0.5115321960404596,0.7564405808972641
5569,-5.235803036983366,-9.12524069823509
5570,-1.0875395850138168,-1.3856683902489932
5571,-0.5054744788233881,0.15598069373218149
5572,0.5717658113443052,0.7414202036166302
5573,-0.5893827014404633,1.5207524386763038
5574,-0.5663414718699271,-0.5593111371886221
5575,-1.1265765454003616,0.13099612060948565
5576,-0.33053386850199273,0.05949562908053565
5577,-1.2868200558039633,-0.6671450702688443
5578,-0.7863693325538252,1.0539630185092765
5579,-1.0453995914209504,0.6166609708990466
5580,-0.5282732029963212,1.2530829200356357
5581,-0.778254705030931,0.5601847636702242
5582,-1.1280114058908208,-0.17342101450851496
5583,-1.5193788680008162,-0.9680679053844196
5584,-1.1985707877877791,0.2820922201027924
5585,-0.6767773444818892,1.4109185507570146
5586,-5.085655188265073,-8.571764116100344
5587,-1.3106290513821275,-0.26091938675745274
5588,-1.096595128270011,0.11502340420983911
5589,0.20398045529922593,0.650324978911958
5590,-0.3826700457636887,-0.39558965207158997
5591,-1.3042185618062625,-0.580725880083947
5592,-0.6302429651557915,1.3585228756286525
5593,-5.235803036983366,-9.12524069823509
5594,-1.3442994703175684,-0.022797023702402323
5595,-0.8786927509900673,0.6890394962639461
5596,0.20626100785855378,1.2570960479162832
5597,-1.0145381292462325,0.3466883959531161
5598,-0.5795822876068408,1.61393669735912
5599,-1.1211192785213195,0.1586294695173897
5600,-0.7705482273504731,0.6900470924843757
5601,-0.9562494632940698,0.7276558730041329
5602,-0.410825566141314,0.6935788572259497
5603,-0.6343044282071483,0.21350860390692192
5604,-0.8049342521991739,1.0442511075735121
5605,-0.47880870003936865,0.21231241703284606
5606,-5.1982660748037945,-8.986871552701404
5607,-1.3189521391058037,-0.8182911622263894
5608,-1.21688336385886,0.3479627101744176
5609,-1.6313532760767948,-1.2228813057533705
5610,-0.41629471650087974,1.0802528517132188
5611,-1.031436527372984,0.728594443776917
5612,-0.324602600982276,0.8339322160110036
5613,-5.235803036983366,-9.12524069823509
5614,-1.5756152535003196,-0.6725657094354365
5615,-1.5715104756648548,-0.5897493842662304
5616,-1.0039178357393261,0.6120599614293069
5617,-1.104612560558505,0.2715541894360668
5618,-1.076164911693636,0.34116580791934653
5619,-1.5697466962419713,-0.6269719547643435
5620,-1.2887816249359527,0.13355382065095914
5621,-0.1789972400999283,1.3613433131546646
5622,-1.068798395487144,0.9123932301294115
5623,-0.8094513613746903,1.1169198947250163
5624,-0.8865630784415452,0.6638036785927284
5625,0.006439665478434353,-0.11295105233522697
5626,-1.0283785967820862,0.713743356552788
5627,-4.049095490140088,-9.78730762828719
5628,-0.6937824243971645,1.175615604784959
5629,0.10146444052592851,1.2975854020756852
5630,-1.511707594322032,-0.5095819156399894
5631,-0.053647014908816314,0.4581970712724991
5632,-0.1375844269351671,0.9943062989169924
5633,-1.036485546423949,0.9170760729433214
5634,-0.8667880155335044,1.110314633390245
5635,-0.5293847496871172,1.519085642029099
5636,1.2362082578063112,0.3213614377367183
5637,-1.0630714697146488,0.8302728187975007
5638,-1.1155367846243134,0.6423454308524007
5639,-0.5088711760196258,1.6762196581860032
5640,0.19842276872594214,1.2809368099181853
5641,-0.1473491006617043,0.2318939504563208
5642,-1.0078992614912214,0.28538384459166377
5643,-1.8428682845384408,-1.168785464504885
5644,-1.0129909196643234,-0.3473574646758575
5645,-0.563165186481586,-0.7588780047141989
5646,-0.9323216959762377,-0.2576058181919222
5647,-0.5820395067036344,-0.5771404750941436
5648,-1.5182864239768972,-0.9423357320194378
5649,-0.4594630876784941,-0.25442332383693317
5650,-0.8962401157647972,1.0548324958227362
5651,-0.5407079488333776,-0.22398950822287375
5652,-0.4606825584637131,0.6062055782937121
5653,-0.8602220881336355,0.7662208080201137
5654,-0.11554303791960817,2.0009383812528063
5655,-1.2755096527895782,0.1638128663400969
5656,-1.1427806625178096,0.019588346397321807
5657,-1.5024377325549136,-0.5337183957389943
5658,-0.7794777054599884,-0.035386836381236256
5659,-0.532100408284058,1.1537275002599643
5660,-0.7695655859028221,0.1502548444823286
5661,0.18746139479253968,1.1930009171122427
5662,-1.7854390177987771,-1.2491286228051584
5663,-0.8285449083558815,0.41726542211476514
5664,-4.2790067097871844,-9.256715190086348
5665,0.21779952171162795,-1.1870108032184328
5666,-0.7082926153269442,0.4782765011024589
5667,-0.3138481093254147,1.971049155453415
5668,-0.9138582462583399,0.6138125396639893
5669,0.41178898732538266,0.5348918160822757
5670,-1.1583729158329679,-0.19313605080552135
5671,-1.2318286136291026,0.1683380526040442
5672,-0.5943650928918524,0.44834049466877385
5673,-1.2331039146717686,-0.2775910581926627
5674,-1.1507527346101794,-0.378526873595681
5675,-0.9587712337067246,0.05841419643995707
5676,-0.8575540410004702,0.9051981641794686
5677,-1.0937832445446263,0.4400679212651253
5678,-0.8310760874752746,0.44358210486672595
5679,-0.9167788635599474,-0.08484576581030642
5680,3.035927297919116,-1.1633271237369498
5681,-5.16072911262422,-8.848502407167718
5682,-0.7791183191592648,1.2067160425987598
5683,0.7114767179051712,0.9546124728394957
5684,-0.2833224628107719,1.1513713760868771
5685,-0.05504576017455433,0.2654149853023342
5686,-0.2025868659880662,0.2882486410031103
5687,0.047239006740352384,1.5167474445122573
5688,-0.7402102991599792,1.1314556783368346
5689,-1.1016815652814065,0.3681823787995905
5690,-5.085655188265073,-8.571764116100344
5691,-1.2128623808260306,0.0877028377106302
5692,-0.3991082762133193,0.358937546884944
5693,-1.0313857930227213,0.5564492187519836
5694,-0.6263904638025203,0.1877067838756714
5695,2.1593424256951494,1.0930716347146512
5696,-1.1390610920993762,0.46193589861715045
5697,-1.148682230428085,0.16494094741922904
5698,-0.9826772370639465,0.04853149026776249
5699,0.3009093763800527,0.1322510870570149
5700,-0.5616190085130426,0.3263010649589949
5701,-1.2458806672273004,-1.3868778883736819
5702,0.0267566041995175,0.9018778424270977
5703,-0.6564155299694423,1.0971047805884486
5704,0.4262204408840698,1.244675186656097
5705,0.9398699499264596,-0.2663256214843373
5706,0.5306657613593282,0.7907766305073922
5707,-1.2099092814230716,0.08912728136867734
5708,-0.9747405549901599,0.8710925262712307
5709,1.1735592041701823,-0.37198169311624796
5710,-0.31982136352757023,-0.9044101712702852
5711,-1.193252469085362,0.41525091453607166
5712,-1.1910822095562605,0.4334726133023713
5713,-0.8016291699023181,0.17858180417457495
5714,0.1559509449097589,0.6254387357586803
5715,-0.39819086090159256,1.2753255951556808
5716,-0.1531338997487209,-0.11108337005333072
5717,-0.490551241984476,0.4112732416667935
5718,0.7275055152002732,-0.9218072035746255
5719,0.16045571667954775,1.7713964049420343
5720,-0.8333307118730428,0.6650997287039104
5721,-0.1421281690233091,0.7497300909402659
5722,-0.6555327008746836,1.227872102914932
5723,-0.08498711262343683,2.1854574070372554
5724,-0.18117137264415728,1.239309288453839
5725,-0.7097924815258219,0.4836757675801854
5726,-0.6950186424011395,0.9400145386125438
5727,-0.25948015458544427,1.2017093750956036
5728,-1.1015570722000487,-0.2854433903256009
5729,0.2555566923187358,0.35677994343330627
5730,-0.6047714515344329,0.8274505617542445
5731,-0.4502162736839964,0.14334185922394868
5732,3.472561267518184,0.41925063406142843
5733,-0.3593913878908411,1.4314845649687962
5734,1.4986391566244581,0.8649580737516531
5735,6.378320982146264,-2.2428390070509714
5736,-0.2940480145027421,1.2619278804268594
5737,1.5475868681453269,0.21097069522921785
5738,3.6912769530382445,0.14506836710437898
5739,1.8037199929019254,0.33864724976409966
5740,-0.6599769521510215,0.15796190844669925
5741,-0.6133818926125999,0.5288262182789787
5742,-0.30434485494824504,0.17280732291359935
5743,3.4662166375646803,-1.524582097228674
5744,-1.0157559259854487,0.5445685144529646
5745,-0.4318941016123798,0.7821974280353635
5746,0.250050122278699,0.8309922524594944
5747,-0.8222318620236975,-1.1745597926240534
5748,-1.0261263541099634,0.542934409150826
5749,-1.3666295901698942,-0.2817207550354659
5750,-0.36050572199025005,-0.6725579757904415
5751,-0.5075552304847577,0.41734011920586506
5752,-0.9468547560860022,0.7849658685830001
5753,-1.3414436084726824,-0.21336802414567957
5754,-0.546650397486582,1.4350655927904015
5755,-1.1463057697666108,0.5029257199645292
5756,-1.384443510645211,-0.14692212262473825
5757,-1.1469351391607756,-0.8628320716331135
5758,-0.8710936483978463,0.9544649684074791
5759,-0.3931992225682335,0.41433034950413455
5760,-0.4729331218221792,0.3968628104632973
5761,-0.05369883244608922,1.1683772522513978
5762,-0.6702836662847801,-0.0549334454884117
5763,-1.3691228858790405,-0.33492873587358296
5764,-0.8105823972167722,0.8325932327043255
5765,-0.3881270140580321,0.5448028017305077
5766,-5.1982660748037945,-8.986871552701404
5767,0.23354905307660725,-1.3610999815166671
5768,-0.5018848084358255,-0.4690483085629992
5769,0.9086391343214757,0.9531882414775379
5770,-1.0554789489779537,0.561654077332611
5771,-1.16235224554283,0.3490505713658258
5772,0.2976714369201397,2.5372316157515287
5773,0.7628778331799142,1.7801661135886633
5774,-1.0539221159494956,-0.5684242165674736
5775,1.7489255899578564,1.4088701295814914
5776,-0.0053122737161354835,0.03917942026058135
5777,-0.6360332336547888,-1.1431391483337308
5778,-1.6807107986614316,-2.1191658808282186
5779,0.2739703215571764,-0.5603526748035658
5780,-0.6833861776783918,-1.202237017524489
5781,0.038514465712747116,0.0511610007387513
5782,-0.6768248132357084,1.436658399596936
5783,0.05238283867669884,2.0574963113283475
5784,-1.1303500751262616,-0.2376932871891987
5785,-0.5028558754002177,1.697297631561738
5786,-0.23952303064967326,1.9680094832405342
5787,-1.7266695482056744,-1.321441030885485
5788,-0.9854337664689151,0.6238909639253982
5789,-0.6986213923909684,1.2107970281473304
5790,-0.07444412537229855,1.4785750163353435
5791,3.3021069196356474,0.5757231947050776
5792,-0.25654640760752906,0.8076020577452772
5793,-0.7892672393441793,0.8596144577815409
5794,3.2371684537189416,-1.0145965206558587
5795,-0.9689265086601646,0.42726456375176247
5796,-0.5389983358007744,0.5006830305410405
5797,3.443554299480845,-0.6629072782503472
5798,-0.28925949192383077,-2.115681799925039
5799,-0.5187703587289507,0.3745052040446949
5800,-0.7062086882353491,1.3530911690176666
5801,-0.808938083095841,0.9911055867066125
5802,-0.014413188761229791,0.17573329768449586
5803,-1.2959445102477716,0.1523581987529979
5804,-0.6891248266976899,-0.33802344140719054
5805,1.1550700155547182,0.28177691484626033
5806,-0.3811086807267792,1.7032015731841343
5807,-1.241400981797021,0.14482405497772266
5808,-0.9943357149449858,0.2898233965839958
5809,-0.7087197566675617,0.8085713773303134
5810,-1.1631522380777037,0.3782567693109501
5811,-0.7816402774454354,1.032331200707085
5812,-1.0133223690858464,0.7146533791994734
5813,-0.08123249815199789,0.2077732501778259
5814,-0.4981431303712213,-0.8127046357315462
5815,0.8516974480355425,-0.9247483801424544
5816,0.5531651120234679,-0.8204517716964149
5817,-0.9159496095008437,0.22320695869457433
5818,0.5797104877139586,-0.16689367575231123
5819,2.1256449389575427,-1.2044954482728736
5820,-1.0813695097432199,0.2251731909907941
5821,-1.1663079116603285,0.3345413784421225
5822,-1.3642561607743549,-0.18926183873296049
5823,-0.34328029166581925,1.4401312302291824
5824,-1.3835725133244885,-0.46537663040364674
5825,-0.8065597414773981,1.029804187256615
5826,-0.6187380251803303,-0.37607806085695245
5827,-0.6647914393516662,0.8436884735889343
5828,-1.0236211570805942,0.48239874643623265
5829,0.05946198451684317,-0.04712396596551396
5830,-0.4306489963566128,0.016499091550824657
5831,-2.4174401556223453,-2.3179331607727054
5832,-0.029302658280964792,-0.37597716378173685
5833,0.11893831940904767,-0.553807289382124
5834,-0.6494981017499156,0.08329137051645286
5835,-1.1182949133512838,0.5798839296675065
5836,-1.232626066619066,0.18424151161249813
5837,-1.1755046779104052,-0.1912668811424708
5838,-0.015266227691210985,1.3227746598904808
5839,-0.9328768974733743,0.34245181835783384
5840,-1.3261761363307423,-0.19943277633535264
5841,-0.9877098929433253,0.30169879652314513
5842,-0.28013676316494096,1.2994994241044684
5843,-0.3286637987601634,1.0846036126567005
5844,-0.7420079901019282,1.224045613051757
5845,0.055860611587694946,2.424923742670304
5846,-1.1195833935611934,0.15357027261725692
5847,-0.17866494602836336,1.1875235711128953
5848,-0.790039866139276,0.9681578529753962
5849,-0.64409305546062,0.32120653407215877
5850,3.52855751846176,0.030976334641779946
5851,-0.6434886422802222,-0.08785712561336508
5852,1.6079300506469374,-0.8724190039339993
5853,0.1736907696137189,-0.23903629072152666
5854,-5.1982660748037945,-8.986871552701404
5855,-1.0814244893178873,0.4076460078340362
5856,-0.8159425196307362,0.9590309755957475
5857,-0.49713498012618446,1.548479645831374
5858,-1.0437234435916753,0.47072868510060556
5859,-1.050376764308644,0.0654686126834473
5860,-2.0962955993302494,-1.9018406104974068
5861,-0.9504677284889436,0.8272033553556803
5862,-1.0303394684035543,0.19300968069608918
5863,-0.6162232462449898,1.033951399431462
5864,-1.0652109082147896,0.5979473429712316
5865,-1.123122410585383,0.5178051656983769
5866,-1.0950919475491254,0.4508704472830408
5867,0.7915139829878453,0.14183663218999715
5868,-1.0253295048698408,-0.3401051195356707
5869,-0.6029630358222534,1.4072792024110878
5870,-0.7019624856438568,0.6802458167898364
5871,-0.4151288714896351,1.5661104358178806
5872,1.8084635861853722,-0.30827668598896457
5873,0.13829408877594113,-0.7302635688964065
5874,-0.5445019932643558,0.040611342337532975
5875,-0.7441712816075579,0.921527965821512
5876,-0.8693942488732457,0.266124640724641
5877,-1.4288597673934633,-0.40961159631705907
5878,-0.9690674229475619,0.8941523820613912
5879,0.3616529533128509,0.1287878778641812
5880,-1.3554627137448594,-0.6980881321995303
5881,-0.28313633823990697,1.054365003921307
5882,0.09246411732312472,-1.3054303220303174
5883,3.223620221940476,-0.3780288015376022
5884,0.6502760619146961,-0.7529956328857412
5885,1.4451432721102482,0.5046339737266682
5886,0.43585389829186044,0.31528185760824534
5887,-1.0560290104269034,0.34596691330109397
5888,-1.0753988913143062,0.48945163414420967
5889,-0.8610944993866326,0.7972457203795675
5890,-1.2337434176660926,0.06609021176269524
5891,-1.1080585987178657,0.6843894489079488
5892,-1.1118382608908708,0.388900800271518
5893,-0.8111685232507942,0.2414680041242372
5894,-0.06573782139255435,2.1705245508773734
5895,0.6078703784024316,0.12689233719635037
5896,7.751996650483322,-1.9915149408492994
5897,0.16592724557989486,-0.7896076384474264
5898,0.3262126275163734,-0.6239791511428202
5899,-0.9180431515562036,0.7746822657088175
5900,-0.19866360785865264,1.3873317677947836
5901,4.33577357128267,-1.8878143757486905
5902,-1.2910394021722436,-0.10038439919085367
5903,-0.7396742511741651,0.6729274788389833
5904,-0.6344837519828248,-0.03252791996564604
5905,1.8065900108782729,-0.5966542322779516
5906,-0.7071666669821827,1.3758121661412592
5907,1.8670049236950064,0.8574990471551092
5908,0.4331429572413121,0.1579092687848874
5909,0.21433039550734273,0.37422420384295085
5910,-1.1673933890608856,0.3343528141597483
5911,5.2183526515702106,-1.7581825092867902
5912,0.06351544276945308,-1.450168143324639
5913,-0.5559085205545281,0.6021171929381205
5914,-0.5635017703840473,0.16521937921224503
5915,-0.18071699714122738,1.5386277635433168
5916,0.32222814809218925,1.3714756846915488
5917,8.328228273934869,-1.6210912194012352
5918,-0.36332103228898127,0.9542514105701686
5919,-1.1049075853266572,0.16777585019064287
5920,-1.0372205715435687,0.546192645789341
5921,0.8638912970116928,-0.8519575329191758
5922,0.22540607926948186,-0.40090349328920644
5923,0.7726959508724919,-1.554085520194074
5924,-1.1281482617615735,0.550313664586727
5925,-0.6190783595839768,0.614393637211389
5926,-0.7223784136603292,1.0021683578399412
5927,-0.2601106488650154,0.8918825793823528
5928,-0.2135037427003962,1.3431647635473927
5929,-1.4864206816276069,-1.118716832931959
5930,-1.2717783722333762,0.10771821371959735
5931,5.283405989011709,-2.1481971252294487
5932,0.2570880897919051,0.15717108647142902
5933,-0.7784258869469945,-0.5482278362261813
5934,-0.07683580880812228,-0.8449935396568687
5935,-0.7166106832271377,0.7136686184122591
5936,3.6120152502181373,-1.9673523315630863
5937,-0.803060152028824,0.7850963633181062
5938,2.5507998854964695,-0.6037490820339007
5939,-0.956899980968302,0.5416029300790007
5940,-0.2786973870514519,1.0674135130191824
5941,-1.3153100401716682,-0.3744062724061944
5942,-1.2542961164211366,0.40686825129108267
5943,3.1495586393992006,-0.7069694028598174
5944,-0.5546849751631072,0.014722969732908472
5945,-0.08635571583778594,0.5144005731571419
5946,-0.5091774368505854,-0.43159523268295696
5947,-0.9062279665451582,0.8168010568688759
5948,0.7134422212280169,-0.5553583231255538
5949,1.1545453124499787,-1.1974223863617466
5950,-0.10477179392243276,-0.7159435892484542
5951,-0.49456932037216933,-0.21006040270151552
5952,-1.1112977325065427,0.504139813838928
5953,-1.1713725926145697,-0.5723559855677222
5954,1.781148646225018,0.5330805842456267
5955,0.22122898872836722,0.5061170482539246
5956,-0.47011132723561666,1.4343565495104162
5957,-1.1923219014080175,-0.019377377735685385
5958,0.35033323217128187,-0.9374702317402686
5959,-0.9909834781359954,0.1715750788547831
5960,-0.5986336445605964,0.6275216375093506
5961,-0.2511714911380498,-1.0425304587832782
5962,0.36028519935444575,-0.1504059812544789
5963,0.668809028061217,0.15210078298915186
5964,0.7280736181421814,0.17878689075308693
5965,-1.1833888928469125,0.18208423863519224
5966,-0.4273669403656933,1.1274831962055412
5967,-1.5399586895835786,-0.6295976407447612
5968,-0.9192237510432063,0.6423772329486245
5969,-0.670757686284424,0.9667966417344022
5970,-1.3428157104374214,-0.3116843829476283
5971,-0.8800560903792639,0.8057671060941597
5972,2.731705350761383,-0.5029227301266018
5973,-0.04985913254194816,-0.24658210642081976
5974,0.2064664176435194,0.36220779377978585
5975,0.19345240468797303,-0.01383084172542122
5976,-0.17930150551963964,1.655202001570391
5977,-0.8876753647522416,-1.1561855010676017
5978,1.5756340275087057,-0.9837262023478692
5979,-1.1991384982501152,0.4040197437022226
5980,-0.35642753637266733,-0.7012386047488215
5981,0.8124649892352157,0.5931016014558221
5982,0.516826621708249,-0.47931962102429615
5983,0.9944966317919303,-0.42026264261139223
5984,-0.3053803759360862,0.21314730349169622
5985,2.005440098538104,0.329101499496917
5986,-0.7399681898277215,-0.5103236733210049
5987,-0.09238343087493045,0.9079805195958492
5988,-0.6881530683166295,0.14506812108705544
5989,-0.5410326025414179,0.5665766884098233
5990,-0.2288118959789698,0.6668233239972299
5991,-0.2574056999028523,1.0964440280276857
5992,-1.3189587388442177,0.06461736774034096
5993,-0.28465014602649674,0.87158206422816
5994,0.594283676584,-1.3486601717050406
5995,0.3519943599489516,-0.11357131723011574
5996,-0.26065834401980076,-0.09860380028639218
5997,0.6914622616748445,-1.0747320955564665
5998,-1.2482145674452347,0.21743158179442468
5999,-0.40017650767754104,0.4725896281496781
6000,-0.8930013636543478,-0.5022119421598755
6001,-0.6432559737043277,1.2659333537727178
6002,-1.0233890209661862,0.21610249551335162
6003,0.7348942901932172,0.005260274098251402
6004,1.316983567366469,-0.80206112309442
6005,2.356786210791333,-0.4741896207433648
6006,0.12819446745291016,0.8846800904818048
6007,1.034655952327544,0.08598708119344622
6008,0.2839101347325627,0.6583678239408062
6009,0.11854761584809821,0.8736990554124989
6010,0.34400274352110216,0.6878197239225287
6011,-0.08132692318704021,0.6681423820299268
6012,-1.0206125407544064,0.41383407520166515
6013,0.20156149510504887,-0.5143414327733525
6014,-0.4689190772652926,0.4005101416952077
6015,1.43084814478713,-0.3069005296737508
6016,0.7284148454451944,0.6280293695619794
6017,-0.021781720140087394,1.3065988981234502
6018,-0.7524684774595963,1.33635944170526
6019,-0.4492944049921891,1.58864825841681
6020,-5.16072911262422,-8.848502407167718
6021,-1.2461919767474554,-0.051321901489514106
6022,0.7514439861110952,2.9323106186136183
6023,0.19244453392888977,0.817188209330925
6024,-1.115318247643493,0.10074696624574105
6025,0.08966208600527996,0.3745586187462128
6026,-0.36569798149372423,0.27212686912137385
6027,-0.2913552778026511,0.3585787940831905
6028,2.381652231416568,0.584472242966975
6029,0.4164343411052875,0.12215618922302526
6030,0.37589378857053085,0.8289125266976307
6031,0.07054293474339396,0.5084471249993513
6032,-0.8685166565008413,0.6985029129529978
6033,-0.3426704194751071,0.7667106532333479
6034,-0.5312036109378296,-1.3423351617995394
6035,-0.510472376085879,-0.14381658274209894
6036,0.6426092239641298,-0.342390152491855
6037,1.3424920236777436,-0.4536614731811312
6038,0.00022740819253403504,-0.08172074061242648
6039,1.1100230061547676,-0.5120980738085236
6040,-0.1455178556472825,-0.40340087698752525
6041,-0.5183655408450226,1.4718160768649033
6042,-0.42128990040652026,-0.7836742441706551
6043,-0.16121612280322226,0.2848024728324099
6044,-0.10555595289376725,1.3560654181149974
6045,0.35856439446978483,0.09318780162847452
6046,1.4737944768743991,0.01101093165105398
6047,2.6698966952050287,-2.5520975168203557
6048,-0.6315108775078073,1.0499069386537505
6049,0.1403071680986539,0.9716806870938643
6050,-1.7253274690716776,-0.9443290829802398
6051,-0.9913700134418703,1.0530773083815121
6052,-1.0322851601972012,0.6800126027969722
6053,-0.14594533849352018,-0.2233147809659946
6054,0.9346900341675268,0.14932570663592715
6055,-1.3634337514692378,-0.21758707558234597
6056,-0.007539606172566844,0.14948710585650582
6057,-1.0278159485891585,0.2187798769917408
6058,2.6090235562856243,0.622764038983074
6059,-4.08663245231966,-9.925676773820873
6060,-0.24951672463670824,-0.052602898296247355
6061,0.4335487450080904,0.3562872653128143
6062,9.390704296036187,-2.0895001629556793
6063,1.9651450855960222,0.7381877592029144
6064,0.5368372638880436,0.6140425243794462
6065,0.9152700012007973,-0.3373066432349746
6066,-0.43560115504527364,1.4865141940540725
6067,-1.1141265569502625,-0.4196413852270445
6068,-0.3744049311429299,1.3227649649966229
6069,-0.5690876418049283,-0.069406292520372
6070,0.2008611322941272,-0.5062890801783653
6071,-0.7833580920529906,0.4229413334286396
6072,-0.775437562512453,0.9511292039253764
6073,1.2183905032556381,0.6138688537515817
6074,-0.9516148272019415,0.7596391655445505
6075,7.309073187541677,-2.2154853218568102
6076,6.540288934818786,-1.2881130013518742
6077,2.142289745116733,0.6437465030253159
6078,0.18674070743485013,-0.2929628883938243
6079,-1.1887464677027073,-0.5839175778521261
6080,-0.3537644091727458,1.7960434692085694
6081,-1.0061839479097665,0.8309862793336729
6082,-0.31345271200747077,0.02343248573529914
6083,-1.0377860030770312,0.7472161468557074
6084,-1.122919343766975,-0.044360858398166794
6085,-0.13047927286090488,1.9245572748613398
6086,-0.055888909101882225,1.0263356162336343
6087,2.184752953659281,0.7647961113958657
6088,0.43304547088777573,0.17677208403323746
6089,-0.4174455538059581,0.7349006242505888
6090,0.17673060503829593,-0.8503459447882242
6091,0.4732397307286032,-1.073817484802462
6092,1.4742021359831365,-1.4693814536937246
6093,-0.7312950308395291,-0.4186330681161296
6094,-0.18959410773794652,0.2501991985555002
6095,0.31786175629557617,-0.37599787369303905
6096,-0.8903997590151804,1.036185536169168
6097,-1.2855109836881826,-0.7041200693231081
6098,-1.3356738397510661,-0.14858258367448693
6099,1.0145321935894702,0.8962967872520526
6100,-1.6800517910917527,-0.14091084125799846
6101,-0.8534925607866481,1.1586286024658146
6102,-0.6922467027132401,1.1188450598635817
6103,-1.0614266913365813,0.7296059171403142
6104,0.18662696448746188,1.174678326838529
6105,-1.3814995104532577,-0.13715435263483902
6106,-0.24733247846150722,0.4805109008387421
6107,0.41928829224897357,-0.6200920718262557
6108,-0.3534232361174874,-0.06229868720791757
6109,0.4040686837743086,0.5653759486215273
6110,0.48804499813254804,0.8823303780809927
6111,0.3261219592250064,0.6115731017350371
6112,0.052535620750282196,-0.4518936675550268
6113,1.2584308750600453,-0.37418875954756375
6114,-1.4196089058216155,-0.1804908472386291
6115,-1.1401520520482122,0.4506260943054065
6116,-0.8289032352035335,-0.20748853701986947
6117,0.03503130872637519,0.7671689307431087
6118,-0.652993380574166,1.3612632072976936
6119,-0.7345065748079287,1.0217926464006784
6120,-0.5255200321421858,1.246275479666673
6121,0.29651954915826184,1.3032600332896802
6122,-0.7311669658489198,-0.7163231546650364
6123,-0.8515321741621699,0.16922235929650783
6124,-0.8289024143079962,0.7615335801955595
6125,-0.2902593843946979,0.3850068444284006
6126,-0.11579211572751401,-0.7853777659415999
6127,0.4338922625159358,-0.14315880235747114
6128,-0.9412815253958461,0.588247368013227
6129,0.7122984020277775,-0.7043342131033143
6130,-0.9159622749099283,0.8357747364339352
6131,-0.7063068974292037,0.6034671069082103
6132,-0.6701608200789203,1.0451068887019712
6133,0.8566006497493988,-1.0578494381289314
6134,0.10907461764871938,-0.2324954817293153
6135,0.17817362898924813,-0.5393561245721751
6136,-0.5520371915515222,-0.9988105325421954
6137,-1.2480814742173187,0.0703883109481138
6138,-0.774841562140154,-0.595358474343505
6139,-1.0754926896013426,0.4673320024197622
6140,0.7914711058074567,0.2667144844591293
6141,-1.0748101537344708,-1.902624915801792
6142,0.05553474370278972,0.7468242457205758
6143,-0.19606659653216188,-1.285767316846202
6144,-0.36511836978286777,-0.006139773353281364
6145,-0.7315447634997495,-1.1181041698333323
6146,0.5225635011875639,-0.23901821209677906
6147,0.4948635140654596,-0.7257022655260105
6148,-1.0289806881331423,0.11802542974579552
6149,4.350501102245708,-2.042008934275113
6150,-1.052750712470372,0.44161162277626437
6151,5.0238406583656,-0.05146978040453724
6152,0.4903730343597551,0.3126559329341809
6153,0.4779559119846984,0.5436367778589001
6154,-0.6191109025612082,0.6845157243853882
6155,2.7040511676747045,0.23996366313267717
6156,-0.70677797037291,0.5852760746781003
6157,0.02593320695341558,-0.2894997461782666
6158,-1.4239009827294016,-0.4206403890769431
6159,-1.3212078541980794,-0.2644251864903944
6160,-1.701631220484005,-1.2664095956629895
6161,-1.1805173320812306,0.4092513341993532
6162,0.43189546725079153,-0.18200204076100926
6163,-0.4294515333210812,-1.4792831732242249
6164,-1.1589378311686993,0.4771254357223656
6165,1.4981783601516125,1.479201445517062
6166,-1.0220426173286479,0.7553776023264716
6167,0.774443217428929,0.3031374428573114
6168,-0.573734536585436,1.6544015587901866
6169,-1.043991746306416,0.6142152419033163
6170,1.4204467822727265,0.5626918487512546
6171,0.5519813034035614,1.0080532731195153
6172,-0.21701455511250178,0.9102396317584112
6173,-0.9221791859788064,0.8419130414161263
6174,-0.8004207306184231,-0.8740322274200647
6175,0.2417397691286248,-1.2628505361949536
6176,-0.01273290136704534,0.7235669095315207
6177,-1.5920214328735722,-0.5707002219296587
6178,-1.3481787638794063,0.07189958456049503
6179,-0.5712314339300694,0.7723552655118754
6180,-0.12136913622302532,0.012193063149032152
6181,-0.1360990680014738,-0.8116981156143843
6182,-0.7902326904157913,0.30019563029311425
6183,-1.1332241315629616,0.6912242316324312
6184,-0.9238175349763446,-0.556684513310678
6185,-0.33062991423322224,0.8782909816292455
6186,-0.3944792213632679,1.2592254107858363
6187,-1.3466868675705348,0.22819733572029705
6188,-0.8472951669610128,1.0037936788818154
6189,-0.46526579690487324,1.9290517633773325
6190,0.8635269542524545,-1.6070453611372897
6191,0.22938671027252386,0.1902691340617327
6192,-0.49704981578084595,0.38502369204716985
6193,0.5307854025142454,-0.5753271655679913
6194,-0.05385070916801596,-1.243453709741425
6195,1.5436507073309322,-0.20079798816089142
6196,-1.0276769542225916,-0.30935654086938835
6197,-0.4051196673628708,0.6731804599713493
6198,-0.6963577313480579,0.6015034149552972
6199,4.284718782292434,-1.338107180602304
6200,0.12707656851829163,-0.8533476192775358
6201,0.15243747735325877,0.7578573942582334
6202,-0.39846174533168816,0.3710400437510373
6203,-0.7831108085807874,-0.8605618073381868
6204,-0.38766945321983515,0.14800416273648156
6205,2.26158652959057,-1.254210118249035
6206,-0.5236208768056109,0.15171740339588285
6207,1.975103841624754,-1.7037357557118988
6208,6.199833142465466,-1.856488167598865
6209,5.873087176653026,-2.722107199234946
6210,1.1338723433696893,-1.0574952946795744
6211,-0.4396305413818345,1.7913309716910828
6212,5.435567769046314,-1.8091726112741355
6213,-1.1760097310202962,0.24169958997801927
6214,-1.6901659035295098,-0.8452815366348442
6215,-1.1166333878890058,0.24348145040943703
6216,-0.1604281607032494,-0.5296816484211808
6217,0.5148640092407335,-0.5688439370597781
6218,1.027134457148201,-0.259730228941842
6219,2.7320020662857796,-1.279784696213244
6220,3.692215554748867,-0.5962834168374109
6221,9.753567661501137,-2.97385788158277
6222,0.5397451010764839,-1.0093048455439155
6223,-0.09360626716099711,0.5866382176296444
6224,0.6738649599244575,-0.888188835382352
6225,-0.44113943966184843,-1.1108707265354931
6226,0.9998703813555644,0.1466468883339053
6227,-0.6066322898940315,0.8250979151281888
6228,-0.16981715543170028,0.495721200975749
6229,-0.9882598303688024,0.19944206748723442
6230,0.1936024208259454,-0.4605714754433126
6231,-1.2314941530588281,0.32920062227339564
6232,-1.4894155642659417,-0.5188809518174814
6233,0.0868445329098113,0.7322601151126571
6234,2.0529089232541375,-1.2028033402426628
6235,1.2264571263396973,-1.8260553891972322
6236,-0.3864128392213584,1.1380310782353547
6237,-1.0388504344311305,-0.10183131790661006
6238,4.859271544351544,-2.0353946226991715
6239,-0.987797829108437,0.7402436436931069
6240,-0.5354489019679417,-0.3099307757036428
6241,-1.4583803931039252,-0.5073835461194782
6242,2.519082818587563,0.2960371767192469
6243,-1.0297007142852215,0.4893840308408451
6244,1.6862116112432586,0.5486141277668465
6245,-1.4001989819470728,-0.32099510089484673
6246,-0.9288177627433063,0.8973852597651504
6247,-0.15228248078348977,2.0690253678555375
6248,-1.3201087947274956,0.21889296960063595
6249,-0.07079368697489774,-1.239445187797142
6250,1.5556798066070137,-0.8153719201239802
6251,0.41674119475731025,-0.8487894756205838
6252,-0.18672474969172959,0.1881222774796209
6253,1.5699211652708434,-0.6080982887494143
6254,4.683439255447614,-1.9615007074566229
6255,1.1584085650229103,-0.428611037550332
6256,1.2387789365749917,0.17961702260731968
6257,2.241974184977082,-0.9194534992491765
6258,3.8758709727419145,-0.17621552205143592
6259,0.1306788751705132,-0.6004409686709987
6260,-0.14216819599643632,-0.5760899352363774
6261,0.5114414434887465,-0.11837597379606989
6262,-0.6802263630569617,1.133967735522674
6263,-0.5345821230659022,0.24278345398265178
6264,-1.2239751055185295,-0.46350476687273584
6265,0.8404540465831084,0.06871604060348438
6266,-0.5140944628104751,-1.1126031081241161
6267,-0.1571999461102871,1.11054955725686
6268,-0.32961079916790376,0.7096461360192954
6269,-1.2569838085065794,0.23928336335441522
6270,0.03580249049675006,0.34999304330736286
6271,-0.5008373908641263,1.0888594066916648
6272,-1.1601680092164188,-0.5705980066694442
6273,0.12076748026876338,-0.2766182639521834
6274,-0.841156350199611,0.6228599609591667
6275,-1.0683653209630724,0.6317984916815742
6276,1.6491593476738948,0.366654681020647
6277,0.4472508240246239,0.2911073708139527
6278,-0.3004904196408999,0.070844103553599
6279,0.3779808283974368,0.1970963953187738
6280,-1.0480703915740195,0.5278096870216176
6281,-1.3987368120322397,0.22248294699982954
6282,-0.43237269152296565,0.4423899993409589
6283,-1.2626026019140157,0.5512338057280184
6284,-1.0009323962984746,0.7361816528586224
6285,-1.3629593032906917,-0.07520874097083102
6286,-0.6411306290778834,-1.6774733959804051
6287,-0.11035572908557185,1.2605782198097684
6288,-1.1039368795262001,0.22757735312649624
6289,-0.573805443577991,0.5803696751151489
6290,-0.7894774572567589,-0.269705532020962
6291,-0.335096103418669,0.1474696628767813
6292,-1.199328401175889,0.08552755091233222
6293,0.5237941354268533,-0.33719886296822077
6294,-0.5936934166611165,0.6496095588284319
6295,-0.9639773401179094,0.8181330341581601
6296,-0.22596953944048764,0.767601235820589
6297,0.4769620901896339,0.14515141913940258
6298,-0.6036033546938792,1.1666155216092906
6299,-0.23850610710854417,0.8182432031902406
6300,0.3467913142552947,-0.30523243625253393
6301,-1.3101182344984668,-0.04129408160490722
6302,-0.021203589096444285,0.7713458848583739
6303,-0.892314461704285,0.7522053456061055
6304,-0.9712348135308451,0.8246774528177655
6305,2.0011097334437378,0.6018241714886017
6306,0.16310881185510495,0.25723273113256523
6307,0.2166338387853226,-0.02912894904798835
6308,0.060262512909149864,-0.05501609340556918
6309,-0.47266007986224645,0.11961142654667231
6310,2.4813411556118723,-0.787520709672706
6311,3.354235780549067,0.19310095878629155
6312,0.3693732963118124,0.9064332291697628
6313,0.883551501379961,-0.952274668202082
6314,-0.9937130456271898,-0.35914055574172393
6315,6.420126440133685,-0.1385811699088894
6316,-0.28579819100734366,-0.4129636822227191
6317,-0.48108622402949835,-0.33454024636409185
6318,-0.9188666584827023,0.09135145696026874
6319,-0.3662523747605614,-0.10007964084467254
6320,-0.6705356478925614,-0.24942363729811454
6321,-0.4527888393750358,0.7607546014703183
6322,-0.6847065553781045,1.0802652472196999
6323,-1.250763004338528,0.2893204268179402
6324,-0.9824217184874671,-0.040722913041104605
6325,0.3749308308257666,1.1070652039401612
6326,-0.4436111677044866,1.0410890370019712
6327,0.7911518207862538,1.0597284914863
6328,-0.961817527341769,0.8539895745625414
6329,-0.6388456441325872,0.5065088732420021
6330,3.088733424821646,-0.054531274808064606
6331,4.945592110827092,0.20228032616416003
6332,1.6192072223440106,0.07811210832878245
6333,-0.8714841273884695,1.0858428763150105
6334,1.2444138820059922,-0.16839581273602497
6335,-0.34971052874406355,0.10095795797321697
6336,-1.1447089821611636,-0.12958588787673317
6337,2.371929295745771,-1.4153664063927869
6338,1.9007660554916752,0.5582606927225442
6339,-0.20523096245227632,-0.6179608494445997
6340,-1.4809206959777272,-0.9362637527847564
6341,0.3056050942804235,0.45955880732975846
6342,-0.6463752808650249,0.2934054583821617
6343,-0.8006797938514663,-0.5929114361074947
6344,-1.1667217011181024,0.3349415911142518
6345,-0.6036484902241318,1.4827784010778602
6346,6.851045825806638,-1.4310482708750532
6347,3.018823161856608,-1.7106088172120824
6348,-0.6374412689454939,-0.869986066311692
6349,2.317110142859123,-0.22300118122760149
6350,-0.489319933881587,0.7630612075559904
6351,-0.5781765027210498,0.017286923779046694
6352,2.8802493836756216,-0.287164564893478
6353,-0.7843482632031396,0.6176157029056945
6354,-0.3782231035994463,0.4214824289517604
6355,-0.8416748484876834,-1.3931716379624957
6356,-0.09346295911630519,0.25507544895696027
6357,-0.2965088933581431,0.512514875322745
6358,3.8915551636316827,-0.0009867107155772247
6359,0.9870918245795299,-0.7737579863330561
6360,1.8110795673813298,-1.9705900801307694
6361,1.1000997961507304,-0.054569823270186356
6362,-0.6889452872625174,0.46275032629934326
6363,-0.671668614260726,1.206803303587089
6364,-1.1807066484483981,0.27811217757648016
6365,0.4934613995097219,0.9753166933216619
6366,0.619559514688245,0.6480158713581109
6367,1.639267984100685,0.280257957191253
6368,1.1883741315933711,0.025995382720309938
6369,0.8514757940888215,1.1619149628960366
6370,-5.16072911262422,-8.848502407167718
6371,1.0367057954437444,1.522003197932135
6372,-0.8144060096024704,0.6281841448985831
6373,-0.18247286607873905,0.5299684398249049
6374,-0.5265139168120322,-1.2320516659956413
6375,0.29603523230676426,0.06564348335119174
6376,-0.7285139322735796,-0.0497902146265069
6377,0.9074398516685146,1.1801810489027456
6378,-1.3922790276203112,-0.8617896912732224
6379,-0.328627339284318,0.6072482021643477
6380,-0.3217715389499601,0.26281459528064927
6381,-0.7590071473906687,-0.8476132337529623
6382,-0.6793732597659886,0.4650211044729215
6383,-0.8617087516046301,0.790498180916219
6384,-0.7499133542737241,1.0208470023163139
6385,-1.205886773277705,-0.13434852691383578
6386,0.1436202295053786,0.3801207777766746
6387,-1.0977954418137341,-0.4030851382779655
6388,-0.6269999150486453,1.206506288297828
6389,1.6535770361181923,-0.4679496109698343
6390,-1.4219394609673315,-0.15218382690151716
6391,-1.6113373186902422,-0.3362862209062967
6392,-0.4347107371761731,1.6722411893990277
6393,-0.42665151278543983,0.7678543134320345
6394,-1.3073572960036173,0.08098867006700562
6395,-0.5624575564180061,-0.23284704662567277
6396,0.2566803192867535,0.10075014345505373
6397,-1.122259357097345,-0.4236300458840672
6398,-0.8819248172322423,-2.0242409856417454
6399,-0.530609708342986,-0.5881742070325452
6400,-0.5908605511624537,-0.053989570285287086
6401,1.2548589731780382,-0.4336807776298664
6402,-0.37969061997461906,-0.9478347783072922
6403,-0.8412328025597454,0.9127061854686156
6404,-0.22205704361188586,1.3764246617675313
6405,7.5177623022592455,-2.0641818792476556
6406,-0.08821806116671874,0.4776992827172267
6407,-0.7141744407337796,0.005787962622379405
6408,-1.1950984348018583,0.288556123570056
6409,-0.8832783572369767,-0.29608191722512595
6410,-1.271710233678493,0.3874987855905776
6411,-4.689929735503869,-9.33392649127495
6412,-0.7749900567778045,-0.06580944445627816
6413,2.3064046872350676,-1.9000015978124591
6414,0.24012950929533733,0.29098326714420275
6415,-0.8614657271537061,0.22934869409898387
6416,0.7930572702967286,-0.37237034530818997
6417,0.673218271306953,-0.3924441806718941
6418,-0.4815259567572118,-0.5492105036740518
6419,-0.112149389637884,0.7186900164240463
6420,-0.5155971904227716,1.5967865548742304
6421,-1.1196413814671118,0.17937368803146875
6422,2.509405767725466,0.5472837518295348
6423,-0.7635580844854206,1.1560986075075506
6424,-0.7658213499900168,1.1312995199024916
6425,1.1319775248744504,-0.9455758078691712
6426,-0.6469272035864785,0.8888085076127185
6427,-1.180189270280039,-0.29396379306733
6428,3.5591091582864136,0.4452000017385205
6429,-0.8103096634456493,0.8155902572204325
6430,-1.0531098450183873,0.6330625906596732
6431,-1.6836171859107842,-0.29751202694890494
6432,1.017258674085468,-1.143281486465813
6433,5.491628712813527,-1.2849892326773646
6434,-1.3061842208805419,-0.3419346980938965
6435,-1.0436448119373716,0.5028739044363375
6436,-0.6980327567978765,0.04020472870422965
6437,-0.4309317335775659,0.6323801594631195
6438,0.6708432262808094,0.7311198940084465
6439,0.2408202638466328,0.6436884797925109
6440,-0.1963228767567708,0.837345675157533
6441,-1.2862326359616383,-0.4989873766746727
6442,-0.36260864042983854,0.040258978835945404
6443,-0.3041408958806129,0.0264985633377057
6444,0.398258911668553,1.0353639734602815
6445,-0.7772033837318902,0.3004406610797773
6446,1.9515259083180416,0.24080805995334664
6447,-0.535037335183306,-0.6775655106894629
6448,-0.02074738930190678,-0.48258896257764605
6449,0.08639835207902308,1.2055153265560354
6450,-0.22645428319814986,0.2864537542339606
6451,0.7994112322241697,-0.7519307879363012
6452,-1.1300732622263876,-0.49621571323749986
6453,-4.217354548815758,-9.371107459934935
6454,-0.21049873707940028,-0.6282576879068034
6455,2.41596337035818,-0.8955628130994471
6456,-0.9550509333395166,0.8083179426991333
6457,-0.2869214103166923,0.08728309642889072
6458,1.0917976260931932,0.07300255465741282
6459,-0.5420245084461494,0.511332904164993
6460,-0.8084910690749306,-0.2487955002429145
6461,0.7317389930299152,-0.06562752121484301
6462,-1.1715404980576856,0.2924185461283813
6463,0.5807292657377184,1.0615286531627517
6464,0.8641306375361985,0.5050626158738719
6465,-0.45663343104641774,0.015029027928970318
6466,-0.9043798252063312,0.2845855906650629
6467,0.8563242448287776,-0.7444981078718892
6468,0.13920160734569212,-0.508044206230799
6469,-1.4550745993050342,-0.5883510579955646
6470,8.798426329973557,-3.692584352567811
6471,-0.2903603232515242,-0.037124331357702406
6472,-0.7491222474211655,-0.7261383575399353
6473,-0.7647511589724992,1.1783314242723852
6474,-0.8464310033226928,1.187798323639278
6475,-1.210091560066802,0.14492061813949686
6476,-1.3302451227872294,0.0011622108229530355
6477,0.17435205617346566,0.8543424771770319
6478,-0.23997561807251544,0.30901209240777094
6479,-0.15343200448488584,1.0190196130964821
6480,-0.2966813926138228,0.8421347070115971
6481,2.0430462815157635,-0.3351855016814103
6482,1.2537592624464338,-0.0757632159410391
6483,0.9294118899964846,-0.12572509233430698
6484,-0.27447694945252676,0.7005295972571385
6485,-0.6479210538055659,0.6991580170426067
6486,5.711556602354918,-3.1714810797431805
6487,-0.20292669877953406,0.7322238232325157
6488,10.287204299865774,-3.247509212735845
6489,-0.20936625133989914,-0.21220100559892094
6490,0.3517445397511505,0.791145182595238
6491,-1.028330048056216,0.4398722977670613
6492,-0.7191444237695929,0.568473262020123
6493,-1.1727702177620452,-0.06333167350476018
6494,-0.7873689568382211,0.8061020556788264
6495,-1.2471729553771402,0.2940878960872302
6496,-0.18342323612445105,0.36412883867220375
6497,3.2745687461011643,-0.8184525943131451
6498,-1.4128064833725404,-0.35813980290267333
6499,-0.9836797744205696,0.9033254413798265
6500,-0.1415646242795506,-0.7678364646670054
6501,-1.0170625152867265,0.5235443849813278
6502,-1.1050597851314765,0.2204866395069491
6503,-1.8826833795011209,-1.5784318513888247
6504,1.02741181925858,-0.73005846218594
6505,3.0529109724355425,-2.3486925647926054
6506,-0.5973897824322776,-0.07405059144493309
6507,-0.6120491016152066,0.1965507430565331
6508,1.3601260402258653,-0.05663717093987004
6509,0.0660243065839154,0.848316246269792
6510,-1.2289324100438574,0.27406466782668326
6511,-1.0236297952587081,0.499173745101997
6512,-0.9800043164225156,0.2969230933587111
6513,-5.1231921504446465,-8.710133261634033
6514,0.175687939429675,1.151099672014118
6515,-0.7522145170130032,0.42345084315206316
6516,1.33510708974443,-0.424061169473192
6517,-0.1596405319016546,0.24125002399844142
6518,3.6574440623644593,-1.0412820386656287
6519,-0.04466198653329054,-0.9604964181804458
6520,2.74561815284266,-2.32265370001902
6521,6.581379645896375,-2.043685683935783
6522,8.990586209597494,-2.407886565722669
6523,1.7847898045850137,-0.8039693469531648
6524,-0.7198158727617012,0.5749145526868666
6525,-1.1026586017998985,0.35885549728693794
6526,-0.7862398373563234,0.7947910557149859
6527,0.8490803455765773,0.8997678662119468
6528,-0.05335026525690879,-0.2347299788981102
6529,2.336306905389215,0.03675384727161168
6530,3.9866032076731277,-1.5001028136826813
6531,-1.4434211181322685,-1.2710518630927623
6532,0.0690271421143816,0.18169921182683055
6533,-0.40249648804822374,0.40626384890270606
6534,4.675266724471608,-0.86304160299613
6535,-1.3456482153525124,0.1413880754484795
6536,-0.05903171548802927,1.2187781383503642
6537,2.602248087964784,0.05695200275554401
6538,-0.9398936935393326,-0.045566780497139706
6539,2.7693160216043875,-1.8373515422193998
6540,-0.2528592278468066,-0.5332643681926622
6541,-0.8486839545376579,-0.5916297813218304
6542,0.014067265173887759,-0.14450578330356853
6543,1.0587848792135974,-0.016510217054749976
6544,-0.8922876913512857,0.35997663001079333
6545,-1.5388648099011055,-1.257394987000282
6546,0.8486787118567476,-0.8474717269443487
6547,-0.2921989434842476,0.1842993864818054
6548,0.09748237785180677,0.2585482608141669
6549,-0.3942587305723541,0.6839549255450234
6550,-1.0104823155660485,0.40618038609397883
6551,-0.3256261150809656,0.9222711109665956
6552,-0.837594076006935,-0.6829045940612446
6553,-1.0260956742256933,0.6194621645013315
6554,-1.6531587480825467,-1.0384576524662925
6555,-1.165561695397149,0.08213516499249415
6556,0.811443391212978,0.17937106267322964
6557,1.6413764253139365,0.4690817479680052
6558,0.3459687670852397,-0.2205430545252102
6559,-1.303482942502403,-0.05858339530110249
6560,-0.9527074909888732,0.5451884701872882
6561,1.5742058705304323,0.5815007103827371
6562,-1.4199030142181988,-0.2967276605403663
6563,-1.0795860942814823,0.5809935697539561
6564,-0.4722939386799831,1.423647115022368
6565,-0.6462422884501601,1.4360014095128197
6566,0.9477937156472193,-0.03663383492586564
6567,0.042540871712941374,0.6701755294170815
6568,-1.0569610463501369,0.27994639227796186
6569,-1.072482992132049,0.548819403705944
6570,-0.659217680209296,0.21198296548277298
6571,1.2050772811723494,0.3266909467313547
6572,-0.47252863220307273,1.7567249447375946
6573,-0.25535276425406317,1.3679422216566162
6574,-1.1642587609654864,-0.10733929234241874
6575,-1.2908314492702573,0.04717515231495004
6576,-5.235803036983366,-9.12524069823509
6577,0.9269588571929859,-0.7630686635956524
6578,-0.10706750665010539,-1.2354039777289427
6579,0.0021595843606409884,-0.3347944598157827
6580,2.7073042769670406,1.0199432292696373
6581,0.47978791283707745,-0.1719469133858155
6582,0.4400497687859316,1.5255898963783612
6583,-0.8155359476525271,-1.099113466808204
6584,0.814361445230504,-0.8206059875721348
6585,0.18304597764535216,-0.0051563005319423955
6586,0.5469442433499846,0.23160994538981003
6587,0.008885721439853582,0.5905389129076941
6588,0.38711987859662517,0.035119870879099936
6589,0.8891622489088014,0.4271817028133016
6590,-0.9030647210778503,0.43207000839326914
6591,0.4175503093422517,0.5521176908555063
6592,0.6360191874976114,-0.025946320947006718
6593,1.0518243940991239,0.5297196151401531
6594,-1.1107877157990909,-1.0788018111472617
6595,-1.3277126602012101,-0.04174214678864944
6596,1.1387135288457915,1.2886625313582236
6597,-0.918624067748503,0.6433609894289312
6598,0.0687456641260018,1.171228327855732
6599,0.05886103149702639,1.3206350884254272
6600,-0.8086037684071954,0.6447265147040333
6601,-1.2351445654821172,0.17187671691833814
6602,-0.7052828201660329,-0.5637290970772179
6603,-0.49178219297716563,1.241972693659879
6604,0.46801708353529853,-0.4045830033609801
6605,-0.7792668707382829,0.6852846564477354
6606,-1.0288359784802057,0.9147701631416651
6607,0.4612265295339964,1.5361777776729533
6608,-0.9832765586700262,0.27877281896177764
6609,3.822794528563338,0.22586616983854807
6610,2.662993165381757,-1.9103406098644626
6611,-0.22245765606717988,0.7798912757444328
6612,0.12812737869565066,1.1830143404616689
6613,3.8706287501081005,0.18744210881606818
6614,-0.1072936275117209,-0.03479527899412198
6615,-1.3903892142064997,-0.07332943677055218
6616,-1.24542677062813,0.07750271580281577
6617,0.6382917962003408,0.6909116411660852
6618,0.037249779561109024,0.892303039009282
6619,0.2388224646989525,-0.3718447519834404
6620,1.2909241768807775,-0.9302604549304915
6621,-0.619634987236354,0.2890357068379905
6622,0.9964526514644995,2.426983428173206
6623,-1.1156700370252086,0.2900884217576647
6624,-0.7196853497237324,1.2907527988679062
6625,1.3445514390520705,0.22355315294070058
6626,2.6422099607100202,-0.7669073950850165
6627,0.4506732965159855,-0.4735098755105814
6628,0.15335247374683975,-0.1679792885899871
6629,3.83683909858525,-2.0682494360182746
6630,6.733233774267212,-2.432368494669554
6631,1.6244151300978618,-1.9470446418404068
6632,-0.3621606200449372,0.838194563970034
6633,-1.1366238759316039,-0.04408866946727549
6634,0.04046946269228473,0.7622036484364819
6635,-0.7082356527706598,1.0001952512447956
6636,-0.26416863370567734,-0.21706625994217252
6637,0.3028810175736569,0.7561689882599282
6638,2.498545157160035,-0.41246443850918213
6639,-0.7394333030394082,0.36684097565275375
6640,-0.7563941702751378,0.5136926571277829
6641,-0.7148486657655562,0.48097268149211003
6642,1.3217831479989146,-0.24184551440324065
6643,0.49296891009497046,0.8782989241872173
6644,-1.3727020482839052,-0.14286677785231364
6645,-0.4906195909874955,0.6305283555859826
6646,2.218586687409569,-0.01498598789113162
6647,3.9149400750493837,-1.5505591648350558
6648,2.4315747662459546,1.4668610796413146
6649,1.2713336392289254,-0.4885977828713682
6650,0.5375464379973591,-1.3508450602725528
6651,-0.045019883046421835,0.061100247463764225
6652,-0.9649087573166308,0.4844942513702057
6653,-0.7183201209685088,1.2506904545238706
6654,-1.066962416490567,0.6423572598868944
6655,0.1275485834280696,0.42128046115243034
6656,-0.2955982495915655,0.5988115486618082
6657,1.4995921355151862,0.23471853720601282
6658,1.1938859678663785,-0.2675877578315177
6659,-0.5924601390403775,0.5882159919796114
6660,0.8078835666809343,2.3993326259582823
6661,-0.7230323607910811,0.6367909571645071
6662,0.28540911600535795,0.33921990844765176
6663,-0.4898423146765409,-1.2270719182129262
6664,1.6970279996608586,-0.6786954724256007
6665,-1.2040256018241409,0.15727426271571757
6666,-1.1156198091970615,0.3695082320154611
6667,-1.5280144749070534,0.12702459677877814
6668,0.18132525509283093,1.202406839146655
6669,-0.8643760734187093,-0.07484431254628415
6670,-0.3856911272486699,-0.02314201730926975
6671,0.9610565773933728,-0.4464917264850842
6672,-0.10232247574254631,-2.0448269795372953
6673,-1.0736130769641459,-0.6891886998759803
6674,-1.0938317340004824,0.37321612360486306
6675,2.119455431437157,-0.2488828170260587
6676,1.369434224026068,0.5966719903155294
6677,-4.992967407790586,-9.005350906816684
6678,-0.7294901883459656,1.0545861311759053
6679,-1.2994716974219211,-0.4482152251162239
6680,1.07606743832658,-1.08731043260009
6681,2.0880530136308293,-1.442609101680157
6682,0.34927033246039224,0.5555709482981651
6683,-1.1231015713761139,0.30216643019055883
6684,0.5924911908299687,-0.2790891191472317
6685,1.4771744004150194,-0.6609300785939138
6686,0.6675480202827048,-0.1194098932707947
6687,0.5248479551652753,0.3840204153375888
6688,-0.004641632359086219,-0.7969039619377362
6689,-0.2868795135963096,-0.039172255799015725
6690,-0.7930492443157507,1.0634788971836664
6691,-1.6482556761421554,-1.0864251788027885
6692,-0.870860077807043,-0.18487037530513842
6693,2.111560254036054,-1.679246520154908
6694,0.597921386745263,0.3660543487234842
6695,-0.3683303858775399,0.33028354146006744
6696,1.7133531457486861,-1.0578419594175825
6697,0.04210434264721247,0.6759563655934065
6698,0.1853758086709114,0.5283418794745892
6699,-0.37324070632004946,0.6485775041936785
6700,-0.7466489942725658,1.352425780435584
6701,-0.005095252829203796,-1.8019785648344973
6702,-0.7859210555476699,-0.34060712921099495
6703,0.05405097908182857,0.2708619166166038
6704,-0.7296486110938618,1.1868913653133935
6705,-0.04213460397644271,0.8667397138004492
6706,-0.973694003340335,0.07249382820703919
6707,-0.33205451549369036,1.2010842993121391
6708,-0.9944620128440357,0.5645331915060343
6709,0.23132138362388832,0.5789268096441762
6710,13.601639399606098,-3.078895768476332
6711,-0.13175945250273569,0.5788493456348406
6712,0.6153615428528875,-0.5957479052537122
6713,-0.9038441639303211,0.48041645216906076
6714,1.5392064623036472,0.09961364905042083
6715,-0.9520185760260924,-0.14360210145054358
6716,-1.1524588327602021,-0.04340559419623803
6717,0.2886198929608425,-0.5725958630552681
6718,-0.3192666209122846,1.25036562354076
6719,-0.5628272333531333,0.5460891630657134
6720,-0.45352777929616706,0.24550598953619376
6721,-0.644677540772893,1.0821654523903286
6722,-0.945719186553598,0.6054145329664871
6723,0.0976934621188491,-0.48862844358038937
6724,-0.8924044584874703,0.04418153254100906
6725,1.4307181633805535,-0.07864945996028287
6726,0.1224076035101995,-1.4535560784873125
6727,-0.2855679785336221,0.21547641375518178
6728,-0.5836668402549214,1.2318111612403895
6729,-0.08200669631628811,0.011231032294752336
6730,-0.6679373513207434,0.6597722901675319
6731,1.6067295771690655,-0.5041316703606246
6732,0.9164458102933447,0.05329041788717269
6733,-0.6462467229521355,0.8614742359952792
6734,-0.45444145458796387,0.8260319331020888
6735,-1.005614505242821,-0.4185396604978825
6736,-1.8887298763888483,-1.0842764297500607
6737,-0.6023251456664451,0.8705016678400422
6738,-1.0430415058928717,0.23139738665986162
6739,-1.008665666815123,0.6255957009630366
6740,0.21773014756938802,-0.43181896173833684
6741,-1.876086586863333,-1.611791073654519
6742,-1.1347894601434678,-1.357828675202411
6743,9.19145486373762,-2.3743640844427265
6744,0.2814322266773703,-0.2696753008602615
6745,-0.9689356716244686,0.4058659127010319
6746,3.139592916383575,-0.5451860924572847
6747,0.636458943193068,1.0118711464644787
6748,1.1235112429204903,-0.8846460133330089
6749,-0.7522067667108572,-0.45851350111556766
6750,-1.0811503351140648,0.3673104638759255
6751,4.985001515107875,-1.6557867343903854
6752,-0.6496709697379742,1.3825241666973045
6753,-0.8491322041717777,0.4450885500726913
6754,6.335150180913499,-3.134912419961602
6755,-1.030575009112327,0.7525219998591806
6756,2.534737488667549,-0.6224486910871196
6757,0.11717312502118003,-0.48431103676784115
6758,-0.8886083367316499,0.8820741402035889
6759,-1.195292664343182,-0.04154849696859387
6760,5.81069309158746,-2.3644716109474797
6761,-0.8279476119574809,0.9493611754513084
6762,-0.7820069727132711,1.1864582368935277
6763,2.0575261794027053,-1.2836587161318531
6764,-1.0834374344839544,0.3529636863184072
6765,-1.3465998132695285,-0.21100539512224864
6766,-1.1143701322274095,0.48189570937836007
6767,-0.7805541707849203,1.079424348723414
6768,-1.1180414406211263,0.5837590429431451
6769,0.8155498587289792,-1.3215720782380609
6770,4.4903127412973385,-1.9787079006639565
6771,-0.23177081807508756,0.7229933419620446
6772,8.33978802695402,-2.284635600069294
6773,2.977309792783831,-1.1473228112492297
6774,5.187892883466838,-2.613955032205609
6775,1.849943138928942,-0.7962310042616562
6776,-0.5131115985284801,-0.6957737786549194
6777,-0.9434223575832599,-0.15990724546109633
6778,-0.6432314892014283,0.5995506385148035
6779,-0.16772467104677843,0.07123168526299394
6780,-0.5673374173256235,1.0398070476338204
6781,-0.3787731504567939,0.43151412251939103
6782,-0.7255190570674483,1.2474386750068827
6783,-0.4246674384110265,1.2833943961106384
6784,-1.6870818223183484,-1.1904168543482343
6785,-1.8243652908787715,-0.8321374534435475
6786,-1.121673461735175,0.5299869738556794
6787,3.4782473060785155,-1.263630418194595
6788,0.8372241636484868,0.3017309375265682
6789,-0.7677320906749934,0.27821156024894367
6790,-1.0502173636266263,-0.14284315893485616
6791,0.9303548478306579,-1.0794376030823118
6792,0.3956469698482364,-1.0720597138697752
6793,-0.7302250738819503,-0.27712630865729293
6794,-1.4932942420320354,-0.42416320428145127
6795,-0.7050589271352892,0.3139001832951058
6796,-0.7901062711436341,0.6313702479169703
6797,4.4966571015459005,-0.08527495081680081
6798,-1.060758842085642,0.46858371649679575
6799,-0.9790187648484032,0.8613579727441877
6800,-0.3162276482963372,0.794996022468908
6801,1.5515921947544118,-0.5348858189642887
6802,-0.08169656784719259,-0.35735384213826327
6803,0.04883630598104743,0.6584071482448579
6804,-1.8653909620158038,-0.7325092806258848
6805,0.08015992463714869,2.052932602550051
6806,-1.0879376779132828,0.1900100059952286
6807,-1.4103416144749081,-0.10455537539274377
6808,-1.0682819568201645,0.521950212308296
6809,-0.9883386584215648,0.4698751503890215
6810,-0.3078131716960538,1.9279691163467316
6811,2.906368380090645,-2.146408399894733
6812,-0.4490961957198275,-0.046128520267214604
6813,-0.8850390447404454,0.9100070221724037
6814,0.8387986660904532,-0.15747572510975977
6815,-0.628454911518869,0.1524675718077216
6816,-1.2319010704829456,-0.40463420853265897
6817,1.305652855937203,0.038674285043165224
6818,1.9948202555338546,0.4174275472130283
6819,-0.38319813368682104,0.18401803156197744
6820,-1.6039712789574023,-0.7140231995783399
6821,-0.4915918627086627,-0.001060415362820283
6822,2.9740469438939243,-0.784838667359621
6823,-0.0020807904645537474,-0.4281565299544698
6824,-1.162360666471502,0.3946511954521396
6825,-1.023566563293187,0.10678018747665365
6826,-0.32005982043345743,0.6699875323988271
6827,0.6410886196584226,1.0098638333862722
6828,-1.2209464037410858,-0.27893402553343216
6829,0.7637290548625574,-0.22930771103933914
6830,0.16013160076200122,-0.7781943131872145
6831,-0.012082640412902312,-0.3511342577153207
6832,-1.0389639158043105,0.8163584394630817
6833,-0.1693548136010695,-0.3616396109574519
6834,-0.2676719372475238,0.42854282853392317
6835,-1.2421529925089054,0.4088815145076954
6836,1.785466419216801,-0.5090563687698255
6837,-1.3813059265088081,-2.3446075493309535
6838,0.911805227623907,-1.2523528346113328
6839,-0.14267237359749804,0.5167395353270093
6840,-1.2590553587033169,0.2954779871009716
6841,-0.4557227727802377,-1.0584760785925003
6842,-5.144023233702407,-8.851963262315985
6843,-0.34389395805457784,-0.6707620931890923
6844,-0.9712629488551708,0.37299869442731104
6845,-1.3195819413685046,-0.2936671399218308
6846,-0.03136961000531702,-0.473936662282505
6847,-0.22770931171410644,-0.03627455048447019
6848,0.4177825455218116,-0.4574332365619936
6849,-1.7916779285488706,-1.7095412652710875
6850,-0.4395974416539658,0.5153662892690479
6851,-1.7427698665981435,-0.8127250497744509
6852,1.498570532118804,-0.5466092619909655
6853,0.13883799687999998,-0.2701380267620809
6854,-0.12036260659141793,-0.06902462043427737
6855,-0.8660913951117252,1.1320933883432476
6856,0.36931427452349114,0.9554828149091954
6857,0.46973396452131555,0.42123609015953056
6858,-1.7597103436296149,-1.0414293059621722
6859,-4.623709812542669,-8.989462522943219
6860,0.14912166253329398,-0.060456132066108406
6861,1.4967093421629518,0.07985251926541985
6862,0.13587052498099605,-0.371765776070839
6863,-1.0943398548273395,0.018217047980931836
6864,-0.1872068167166048,-0.8934759080463792
6865,0.5173927198134924,-0.06389639303468958
6866,-0.48276780016790877,0.20743999769779672
6867,-0.25013185065818133,-0.1279119464864492
6868,0.48740568062834927,0.900203409155205
6869,-0.32471095199186967,1.238047051907348
6870,-1.59882507775727,-1.3951585035505676
6871,0.38736532075423463,0.8232278965859654
6872,-1.0205689292302753,0.648195017402135
6873,-0.9439333249137641,0.29791021988308947
6874,0.15271183843325944,0.3418495272340852
6875,-0.06811796252360977,0.9077818918586805
6876,-1.2149219136327303,0.3554812016484331
6877,-1.2495286983584462,0.40659616969827467
6878,0.5081483794036142,0.6119943172102841
6879,-0.5008876659112647,0.4459396703581252
6880,-4.765929680326091,-9.588864486885454
6881,4.386355863956695,-2.168277496148454
6882,-0.2548334633924837,0.6543067439401806
6883,1.683262193564832,0.778878665587838
6884,0.6481050287096048,0.5434285873520557
6885,4.2403610099117595,-0.21525844788083662
6886,5.586153042256779,-2.679334558265323
6887,0.5759775058550203,-0.060173015466829474
6888,-0.8514997151745225,0.9113762401208951
6889,-0.3775925814541116,0.26128878003173206
6890,-1.1751986281307674,0.3095159272760894
6891,-0.07835992971464105,1.2631621692756942
6892,-0.9602883327220826,0.12376230599053817
6893,-0.9606832629652526,-0.24085894182720263
6894,-4.667812761673783,-9.235416370225193
6895,0.5238247191684015,-0.46921538638122906
6896,0.1260667293291917,0.2260705491784723
6897,-0.7533676943317492,1.1360727613582764
6898,-0.03385882598715706,-1.1453488320281742
6899,-1.122451607242533,0.4827557904164503
6900,-0.3498360266653061,0.8504392327700272
6901,-1.1449482034786587,0.3356467849919754
6902,2.749762504404982,-0.3438585136062528
6903,3.372212893796974,-1.68858687020724
6904,0.7727102768514631,0.7954054020687428
6905,3.8568834858924,-1.5294282213513961
6906,-1.2552057111697519,0.15290611000111068
6907,0.5720652115226427,-0.48667221967147056
6908,0.6442514139238436,-1.1584565453191198
6909,1.237915864320144,0.3964535047779064
6910,-0.5298866997808048,0.7015233269869722
6911,-0.8598819592337885,-0.18587388808640565
6912,-5.038705671661459,-9.108667831683473
6913,-0.4029018864471953,1.2233939169187675
6914,-0.2679372165359005,-0.15768721422832102
6915,-0.638946532844145,-1.342205544376738
6916,-0.30187468277807294,1.772232258973282
6917,-0.8928731257274848,-0.12766214889670202
6918,1.2468766853403062,-1.2525582337274448
6919,0.2401985136584016,1.1096404438101086
6920,0.2130794810287963,1.0204348138555415
6921,0.3520062063759368,0.4656376236882326
6922,3.523774988253805,0.1398578003968997
6923,0.24816799689937497,1.0590908752594135
6924,1.173758478566175,0.540446537915104
6925,-0.6581675730056846,1.3554785130096856
6926,2.157178444050355,0.4844999961762241
6927,1.0446383183064418,0.7437263893948465
6928,5.821187467255209,-0.6076695270670143
6929,2.6981128723395966,-0.800199502511777
6930,1.8179910125596372,-0.17926911390231226
6931,-0.3431743833143004,0.15586396370293995
6932,-0.9997385031815926,-0.343650486461464
6933,-0.9708551880602287,0.7101839079802033
6934,1.5669280134988592,-0.7746509210119747
6935,-0.8251018478222985,0.15788983654276795
6936,1.0890401507730354,0.4858288420642325
6937,-1.1671805426514144,-0.2483389529259868
6938,-5.235803036983366,-9.12524069823509
6939,-0.049222825761356136,1.1529251347737226
6940,-0.451460515969806,0.3040202482167838
6941,0.5972241858655373,0.9002707892485208
6942,-0.5210807334784756,1.6089107548465522
6943,2.2445708494508656,-0.43698032866303466
6944,1.7518110300744347,0.2810353314629118
6945,-1.3843568016158347,-0.4867698419410856
6946,-5.235803036983366,-9.12524069823509
6947,0.7206194781132699,0.9343317168276525
6948,-0.0985628029462951,-0.47901457437887934
6949,0.16850198792045573,-0.0817621062402197
6950,-0.9572716496357068,0.6584360843357058
6951,-0.182822823645956,1.113301382926012
6952,-0.6135433760063699,-0.5456154509439822
6953,-0.9240039389378759,0.5924664161579575
6954,-0.3743836975370343,0.7142853459302607
6955,-1.5791681994513904,-0.7154750847857274
6956,0.5938347954160491,-0.3208692178723139
6957,0.5552309498194336,-0.1706088186307239
6958,-1.5110145374505155,-0.3382337892506391
6959,-1.5243774144748699,-0.3567488322494146
6960,0.5574702303424047,-1.1961116427088834
6961,-0.5716225863624563,0.8170733206390262
6962,-0.8071429355248925,0.29323433393663173
6963,0.23109950521078193,0.1746705589686077
6964,-0.5591101297052536,0.6119368843346671
6965,2.950096770265149,-0.1491403179781306
6966,0.28812020262824195,-0.1874763740101846
6967,0.07684919400982984,0.07327206345095498
6968,1.568400058261258,-0.17787921990650335
6969,-1.1137168152252392,0.31277210006203243
6970,-0.6231856971323438,0.6475050197333644
6971,-0.9354036033690855,0.4529957791576434
6972,-0.9875661085599271,0.8223233666296139
6973,-0.9992827260369314,0.5445191836173043
6974,0.5883162040065063,1.4930568768100099
6975,-1.3278259574503735,-0.09691278093493091
6976,0.7062895659041161,0.1908363591504671
6977,-0.27339665502396676,0.8208593351955482
6978,-5.16072911262422,-8.848502407167718
6979,-0.3433846006379184,0.3702513914104616
6980,-0.3421690527075405,1.33955686084735
6981,-0.30275436135571143,-0.3402090071189592
6982,0.002868757943221903,1.1988841525910023
6983,0.44879529803275225,-1.0587091998109972
6984,-1.164067776829526,-0.45161356927124313
6985,-4.298946208755759,-9.191045457291064
6986,-0.6330901704210071,0.1889926369865433
6987,0.7168862740764991,0.015982070712745055
6988,-1.2993876346352689,0.10170075775993138
6989,-0.2989451704565157,-0.2653668704660894
6990,0.1160372728879568,-0.22659070150791533
6991,1.3657704090613279,-0.45372992644160304
6992,1.557158846668695,1.282495342257893
6993,-0.37645018315468376,0.19453399847206554
6994,-1.0309870364289273,-0.7633109348297267
6995,-1.1307894262663278,0.07054903313648052
6996,3.4040780630104797,-2.1212699086379545
6997,-0.01529258305118884,1.4130254999286043
6998,-0.5304453323351342,0.39815597590393054
6999,-1.0105162878623808,0.8472819830521282
7000,-0.743489108416469,0.8978218590963295
7001,-0.13655283383272063,-1.0235394072210187
7002,0.1896600829118649,0.16217865222814604
7003,0.819415822802376,-0.197148058461697
7004,-1.404028211386756,-0.7186159669333092
7005,-1.4653199591070547,0.053802774599094924
7006,2.959971169358016,-1.1344649168411267
7007,-0.3643708817449939,1.055730262639263
7008,1.4169201887678018,0.5214065111965971
7009,0.8227303372433294,-0.2609008741280068
7010,7.201598050737859,-0.37252070901354734
7011,0.7046182607998235,0.590382366906413
7012,-0.434728805299679,0.9945002419751482
7013,0.23499363902752762,-0.4478773932772204
7014,1.1779082117396018,0.611486833701516
7015,0.07998209367279135,0.7991274187881503
7016,4.489361212447368,-2.260152305040108
7017,-0.6572255431557192,1.255634567187372
7018,5.474114680420488,-1.158806757991782
7019,-1.211271410859877,0.24358064980021416
7020,-1.1739637383119452,-0.02292835729290901
7021,1.5017179106200014,0.7049047944616075
7022,-0.28518634489830447,0.7452810639037681
7023,-0.3516387672320389,1.789820079359806
7024,-0.7506276076997112,-0.004229357759847147
7025,4.614717650709499,-1.4286327795913125
7026,-0.9549418181434367,0.7038980488204434
7027,-1.587630280227732,-0.6647762905437273
7028,-1.1410753594270215,0.11126614573640649
7029,-0.3750649698355018,-0.24448201523544358
7030,4.221457706021823,-2.2910422950183955
7031,3.8286594364490085,-2.0722391073882123
7032,-1.1133582233786363,0.47091256240545515
7033,-0.19613166002729268,0.6895226265889107
7034,-0.4996069383848612,1.501536585310595
7035,-1.0711913239712698,0.5869458450075089
7036,0.1681654586689615,0.41006849119615646
7037,-0.4638151343369578,0.9029584621841859
7038,0.6736961906684117,-0.08461732906458747
7039,9.12960531769806,-2.824891898462848
7040,-0.19608101858977806,0.6826714526910895
7041,-0.08785356724578369,-0.19594196193925453
7042,-1.1920561082003533,-0.1001276595535576
7043,5.473989626417898,-1.4762358994772882
7044,-1.2737269469237467,-0.08368613093992329
7045,0.08945860597927299,0.40431784377572305
7046,-1.1321000328716297,0.5380876658621031
7047,-1.448461990490404,-0.11441352611119761
7048,-0.8792213649283582,0.9825223202240553
7049,-1.7715158788926604,-1.2728651003890736
7050,-1.2584839177676028,0.2507351717789725
7051,-0.738154224170941,0.22871797180386397
7052,1.0058423298828576,-1.2084338031260162
7053,-0.21383060659937972,0.14127231217649244
7054,1.4880863559385644,-0.7864672132365456
7055,-0.5238511674165347,1.6732898980315718
7056,2.503954288430146,-0.43827090839553484
7057,0.2885889617796824,-1.4537564375426109
7058,-1.1042527312224169,-0.748109319817239
7059,-1.3980545090341387,0.1321652949547872
7060,1.6647863850487628,0.8081914050518003
7061,-1.1503830149179362,0.42322872821542634
7062,-0.8118723640062032,0.3137054921165327
7063,-4.963631747302312,-8.831929540616102
7064,6.67459854559934,-2.8809512152379617
7065,-0.020686543438866486,1.6757221111894345
7066,-0.4349366538170382,0.4250364314614867
7067,0.42478095442425473,-0.7379995633279638
7068,2.5045200126212817,-0.5527796555020619
7069,5.191070887169228,-2.5662257065934155
7070,-0.8060441062680456,0.9896077469936247
7071,-1.3877029591472398,-0.13354518583585057
7072,0.25202084349908516,0.7789562611935381
7073,-1.4571413305586371,-0.23274283741816587
7074,-1.7203063763872088,-0.304897828428801
7075,2.20008552746849,-0.057188420584163034
7076,0.42373484668189104,-0.8865493879618539
7077,-0.8528173916868328,0.43484999693250126
7078,10.305003551410193,-2.920415214860948
7079,-4.912557026362751,-9.223542400369006
7080,-0.929437537904757,0.7414970093768508
7081,-1.2623475606976946,-0.2858089225783645
7082,0.7467439395721611,0.296712616169419
7083,-1.0545315085893456,0.46681346455595596
7084,-1.4259567256555625,-0.3144191178106269
7085,-1.180329355102594,0.054819197351104375
7086,1.0822751700022026,0.28697591017518626
7087,1.4789610889922036,-0.5835317534447267
7088,-0.493462151098033,0.20463092080558473
7089,-0.5967446561672184,0.49615499920858996
7090,3.4107464751363468,-0.22023866569410097
7091,1.2122813265069339,-0.04528348649589936
7092,-0.540051869992828,0.057665508952295524
7093,0.02098891529568599,-0.39993113816552284
7094,0.25673243244328486,0.07989491307681257
7095,3.2046547903180542,-1.97373808679534
7096,-0.65065120467248,0.07282315158003172
7097,-0.48352089442670676,1.5628569590297894
7098,-1.8827565809052205,-0.880653378572933
7099,-4.875020064183177,-9.08517325483532
7100,-0.26831450780354427,1.099605130992844
7101,-1.4878305360944355,-0.5914208782565554
7102,-0.730573236853186,-0.36696002435509084
7103,0.6345728103891787,0.3592207806662853
7104,-0.8724768456562186,1.075213109108644
7105,-0.2342866958008342,-0.7385376893723213
7106,-0.8502384993347047,-0.13356573140038938
7107,-0.15800938076017612,-0.7329844114091332
7108,1.70100224042392,-1.7930811608499708
7109,-0.8563511283994341,-0.7721171264538397
7110,-0.417291597844651,1.2810118276811593
7111,-0.5202923273937282,0.5186981063982362
7112,-0.3257998535147513,0.7685058754822843
7113,-0.9957524837020977,-0.2722861160249478
7114,-0.3390843412877859,-1.409358219862441
7115,-0.045206713579560735,0.12761559500298292
7116,-1.116977177586545,0.3506704513993605
7117,0.038473933500018265,-0.7327775162640509
7118,0.9042094119149368,1.358386509012886
7119,0.5693459876218759,-0.15233774645675843
7120,-0.5913360496808293,0.35302120689393884
7121,0.1738093258009037,1.7941546197561582
7122,-1.0508535747241894,0.5162602035039051
7123,-0.8146610931636501,0.6060510676887733
7124,0.3655648541092796,0.15131198359965572
7125,-1.1287194715885778,0.45472996611505784
7126,0.04194229057671575,-0.3986134704733318
7127,-5.235803036983366,-9.12524069823509
7128,-0.005297878389540309,-0.7586638574691449
7129,-0.07619624778485722,0.1509945679841885
7130,-0.45838770094427,-0.6689254495534365
7131,0.48457066434962753,-1.2726796250881236
7132,0.10618234765772606,-0.5335167996677763
7133,2.5670982351494156,-1.195977559903867
7134,-0.4290392810604282,0.8680999374784277
7135,-0.3352889834228327,0.8273265047865941
7136,-1.7257129240260531,-0.5597192058185598
7137,0.1859754339069451,1.2340717385119078
7138,-0.5787210380257392,0.8465485116461422
7139,-1.3968522442077507,-0.22430844484151094
7140,0.7931071581507989,-0.7898650437564365
7141,0.18192189601729974,-0.07655287960017992
7142,-0.7070988527666582,0.7914469742638872
7143,-1.5895702233463385,0.07822318618504412
7144,-0.335822786698666,1.3251417169659454
7145,0.2970666872502727,0.21579315968053323
7146,-0.6998757406683394,0.9919821541299211
7147,-0.9603053723483691,0.6388473161392081
7148,-1.2570380586986423,-0.06992331193415771
7149,-1.2560960902177094,-0.055665860818597895
7150,-0.7386552842449527,0.17996542384213596
7151,0.1566618002101922,0.2871634170573179
7152,0.3109516227656223,-0.524613875649934
7153,1.3810026532909074,-1.2125218261972537
7154,2.8672275553259765,-0.42962070602116026
7155,-1.2871010043718139,-0.6352526741233188
7156,-0.16253394172610278,0.5509747472397785
7157,-0.6619187723261989,1.069542496678372
7158,-1.0306387948165705,0.7864240426262753
7159,1.059992152488263,-0.9848640136382967
7160,-0.6494134207732118,-0.45418470418698453
7161,1.528948582631899,-0.9480566709910205
7162,-0.9261025303548559,-0.9354954775147469
7163,-0.39492252860101096,0.04691936457717151
7164,1.528441289583578,-0.07142875236532925
7165,-1.0070872115128682,0.6854058517614843
7166,0.13791096088866653,1.0817247218089268
7167,-1.1145209693951998,0.049742508019179864
7168,-1.1364060141294619,-0.12456333661767803
7169,-1.0159371565114714,0.753350727649219
7170,-1.0461518907174787,0.5626891137938699
7171,1.4554768766976711,0.07092181332179232
7172,-1.6605256892121012,0.1191514958179376
7173,0.1543758809020605,-0.16359645731805542
7174,0.8875746170604899,3.7049864470681246
7175,-0.4603323799677341,-0.3864583629362227
7176,0.1330668023920435,0.06548280271063914
7177,0.17326752424837027,0.2550998379093063
7178,-0.18239233540839322,1.716762849069536
7179,-0.4245596067227608,-0.7955123825611264
7180,1.4160274699232647,0.3584972990891125
7181,3.5578119305042692,-1.8633214612553113
7182,-0.5422488960207493,1.0496050532445933
7183,-1.2152049451809597,0.20718750812469514
7184,-1.303242945241779,0.11497026885096141
7185,7.121319312789944,-3.0370898556950165
7186,0.05329779988521071,0.8225704756471112
7187,-0.2949808344877099,0.06123793669811365
7188,4.003188051849447,-1.7710157391361052
7189,-1.5253090198605135,-1.1542470118104626
7190,-0.6928027575773836,0.8863642313783479
7191,0.1571218056137735,0.3336866588486152
7192,-0.2812758085815665,1.4482123471945894
7193,-0.9912960032238606,-0.17841821027720195
7194,-1.1017774723081883,0.5850037666799266
7195,-1.7393626837159477,-0.4721404891433687
7196,0.5917639306550495,0.5108187972461555
7197,-1.1094052127210863,0.559417026532716
7198,2.8942128800767133,0.22317936948027348
7199,-1.0336888928190815,0.8454200621643515
7200,-1.1230581470032044,0.025264450068285402
7201,-0.7455291186209316,-1.3160151475518431
7202,0.8705746133969483,-1.0772145695646471
7203,-0.6335167482915123,1.5158006079068613
7204,-0.2614676387659429,0.8710683504876701
7205,1.3412848471059946,0.2504657945286022
7206,1.670286095899609,0.4611743741301964
7207,2.7192717103531305,-0.7717814178950126
7208,-1.664071507605824,-1.0201108045382943
7209,-0.16358737662428027,-0.660041623034388
7210,-1.647485480075684,-0.4457519171244587
7211,-5.16072911262422,-8.848502407167718
7212,19.566856728932155,-7.193773461926102
7213,1.7119440163736928,-0.6895166416915226
7214,5.753137681903357,-1.2305396002252558
7215,-0.03055468942614912,0.8562656757685696
7216,2.477180270984426,-2.178812414250558
7217,-0.7163231179668181,-0.8004119714950931
7218,-1.721243078055993,-0.86682794280929
7219,-0.7536523543269272,0.5204884090377115
7220,-0.01341735210202169,-0.3895707589252162
7221,-0.06464811177097748,0.01613296047230317
7222,1.6539338739427807,0.24173294860124764
7223,0.2659250534839874,-0.054278062306062705
7224,2.1402442682252625,-0.5688210564439652
7225,0.38111025566395834,1.4657593266286046
7226,0.5815932184739626,1.823939158316928
7227,-1.3611478831632593,-0.26190638320929127
7228,-1.1545319790339443,-0.4260382635103098
7229,-0.8780958671694399,-0.3944467887063393
7230,-1.1566395711944633,0.41444845379264184
7231,-1.5952027849963202,-0.39524864778165036
7232,-1.423289858003428,-0.11966691609159964
7233,0.11195464031296352,0.5568289092695881
7234,-0.516018244921847,1.1975300157982143
7235,-0.624670065725893,1.1390013717002787
7236,-1.0392077829243969,-0.08616294734557094
7237,0.7600311992984295,-0.7703616571876875
7238,-0.30175115058530555,1.3817180923004704
7239,-0.8711707112832123,1.1109297693101392
7240,-0.8840096073360612,0.14264622402181126
7241,-1.5403475171075847,-0.6469472535881067
7242,-0.35830351707416136,0.9705940385066496
7243,0.9714887999823919,2.2370167746203045
7244,0.11880942223518946,-0.5020691136537847
7245,-1.759541546942607,-1.3892206142181316
7246,-1.0220743070627079,0.635351811661321
7247,-1.2445268593906034,0.13456155801575026
7248,0.3325396253039613,-0.9139954154640969
7249,-0.3739312183939036,1.9269919822006698
7250,0.01941103723057646,0.5810363203528346
7251,-0.09145861240487188,-0.6034677582647853
7252,0.888495794182307,3.367750408330846
7253,-0.34242192882022504,1.5787815804465075
7254,-0.7677145399939432,1.1439914212690696
7255,-0.9764489963120537,0.5744180878127586
7256,1.1245637441144347,-0.6432931559800775
7257,2.6758077003978062,-1.9140971590842262
7258,7.023452278703642,-0.6869072314206885
7259,0.00418372892431187,0.9392379754485444
7260,0.3254122457196483,1.106583070494077
7261,2.633261318957376,-1.276362386789337
7262,0.33393200110208654,-0.9357898245210753
7263,0.796910647735858,0.46925537382829546
7264,-0.47260370842029825,0.6325315558010643
7265,-0.5918737852089171,-0.5665950101241048
7266,0.5311727458541102,0.6496346312968455
7267,-1.5902407372871472,-0.9915199585942607
7268,-0.46906117791944535,0.3428927404997939
7269,-0.9947528389595359,0.873456511786716
7270,-0.9923979910305382,0.8694574803187862
7271,0.3902062190370015,-0.20843479100585896
7272,0.3871406553866292,0.2617129474553358
7273,-1.007153532916779,0.7655574098550212
7274,0.1630439263879956,-0.8492929077105092
7275,-0.628419689273329,1.228183865437756
7276,-0.34403226077873356,0.12592621500871062
7277,-0.18177520588200785,-1.300929094397865
7278,7.981073616215191,-3.7932109461227226
7279,-0.8324497085272341,0.7769099448986753
7280,1.3254350238319295,-0.32760328627783747
7281,0.27521637000211346,-0.5708690479936949
7282,-0.5313369964334936,0.159074723268655
7283,-0.6118986643227867,-0.20185122889727708
7284,0.5395582484802424,-0.17455990529684032
7285,-0.6897671488661166,0.721023046993523
7286,0.19406070663254468,0.8733423474362376
7287,-1.1409574639463138,0.07255646576971946
7288,-0.7556168792257254,0.03966101861381747
7289,-1.7729601867449145,-1.3587328664583413
7290,-1.087506461625792,0.18283223779290744
7291,-1.1530051304794484,-0.5386271977050394
7292,0.5242033208507204,-0.5649167420276422
7293,-0.7721449035163341,0.21353179435988365
7294,-1.499307566389282,-0.6189572496270498
7295,-1.1475926754693706,0.10505204379414844
7296,0.39522170559037717,0.18912138143579874
7297,-0.44345910690090795,-0.5247224747676856
7298,-0.6277730850828248,1.277029482215119
7299,-0.49352939958369574,-0.08307157999667925
7300,0.4955423332572363,-0.39031443688267786
7301,0.018411128761037513,1.9463104816612766
7302,6.173244377217557,-1.9713863426146578
7303,-0.5325918744106103,1.6562066917823937
7304,0.12041934530524676,0.2777162077636912
7305,3.6000566616349783,-2.350962238821235
7306,2.834003691897829,-0.0916898376397851
7307,0.8592464009014394,-0.6410420808706904
7308,-1.074600421731516,0.41915722226917074
7309,-1.0918538127323583,0.6676019289057716
7310,-1.1989497410926182,0.2122909737019133
7311,-0.8285424050611756,0.8920129260016058
7312,-0.7224463354891048,0.6156024575563482
7313,-5.16072911262422,-8.848502407167718
7314,-0.18248484743523202,-0.40106913150843193
7315,-1.0437789098514842,-0.06987213309214566
7316,-0.45235105432494027,0.1312500764454372
7317,-0.8097217698315246,1.0813536955428067
7318,-0.9620469588389328,0.6730701568983751
7319,-0.223622740010764,-0.10951087858312487
7320,0.19292657016359846,0.5719516277617273
7321,-1.1580696224710576,-0.14627314044358028
7322,-1.2891603824105196,-1.1076646158320618
7323,-0.23929289317463084,0.8986298750803906
7324,8.10719753329572,-3.0719670626388003
7325,-1.1469349656161296,-0.24711589191709912
7326,-0.9052596931471083,0.8605820838819425
7327,-0.8680757641492447,0.703566807236181
7328,-0.9317470651838419,0.46768964439449434
7329,0.27670394901484996,-1.4117949907284504
7330,-0.11736176233571093,0.6990936829012205
7331,-1.166835980284329,-0.30939240911481924
7332,-0.39614802200739097,1.84345189464944
7333,4.120506685151923,-1.5562687371149035
7334,-1.310127558274823,-0.12637070371081732
7335,-0.8951060705492471,0.872287097874721
7336,-1.3454693712731975,0.3541325108718657
7337,-0.8592139305311489,0.8207589920639188
7338,0.4594947900305447,0.32696309000845314
7339,0.7712624122915909,-1.188495874073782
7340,-0.28347084387033605,0.34772300583146076
7341,-0.6860257873753346,0.8095230813141728
7342,4.277132281093502,-2.1582849753002167
7343,-1.1323777479181385,0.32301532826453416
7344,0.22653681904225204,1.6969501424069546
7345,-1.1533467767431285,0.5929814021797364
7346,1.9338080370819477,-1.1652354267461964
7347,0.5975702250680832,-0.2860266989987322
7348,-0.6460165647326481,0.44712028712107665
7349,-0.17908940877232657,-0.04351510233499674
7350,-0.1939228905191388,-0.042177670375046175
7351,0.9630588476360186,-0.1194081014114071
7352,-0.33857991008087945,0.613816534203666
7353,-0.7101555230348726,-1.372775192874546
7354,2.3149357750970077,-0.8534798634609801
7355,8.873648684975628,-3.067419753067652
7356,-1.1617560207920097,0.4771709417131214
7357,-0.10665919247335395,0.42858863479987286
7358,-0.9704687250107151,0.8143848786047488
7359,-0.8775718441770959,0.838361309135906
7360,5.23067632659994,-2.8014592919042944
7361,-0.8563635601429449,0.49220017498691127
7362,-0.9085976336687207,0.9844724401013216
7363,4.281337603480466,-2.0111799595716167
7364,0.27188484885744174,2.025226905343418
7365,2.4959639498605273,-2.8728453422330884
7366,-0.8670395957177525,0.1187480793639359
7367,-0.12626883951032142,2.2570487847187577
7368,-0.6647809378803285,0.9285017540930003
7369,0.9253783544963142,-0.3151158501932064
7370,-0.8812228386577213,1.053712518770263
7371,5.143143737955614,-1.6324547850789741
7372,13.187517565169184,-2.982536921245549
7373,2.3743429165044576,-1.056903007147589
7374,2.6869204704889786,-1.498302730680175
7375,2.624184900507536,-1.3595571052167352
7376,2.6762904222389374,-0.6614386249946054
7377,-0.050880815512313,0.17855245396275066
7378,0.18820038070825218,-0.8843613421285675
7379,-1.4670439070964914,-0.3354181522440687
7380,-0.07671643081605009,0.5937251050843778
7381,2.736057568722414,-1.385789819587463
7382,-5.235803036983366,-9.12524069823509
7383,-0.8197290637021523,1.1604880300305793
7384,1.5726311776182582,1.237055104625861
7385,0.912298599912728,-0.6529376608931876
7386,-1.0403088949896433,0.7180072954251405
7387,-0.6960115060950669,0.9353651385572799
7388,0.6523087419769117,0.4629743722144978
7389,-0.6812738784102148,0.24222808254746564
7390,-0.9591334180916554,0.20986380915675087
7391,2.3112394898124906,-0.879639571542598
7392,-0.8420959887274297,1.0646588204417418
7393,-0.8902967224376207,0.8095506897969164
7394,2.680394952834976,-1.3007616151366987
7395,2.820508394537239,-0.07217270443226428
7396,-0.33081944981393174,0.8559527072046182
7397,-1.0968853416438686,0.22349765437390318
7398,0.10169281867053746,-1.2788747131430083
7399,-0.4654767431064858,0.018190992690463304
7400,-0.7817678309439993,1.1390099110429697
7401,-0.9087358083312573,0.3262075911292063
7402,-1.3846456826872644,0.08889680050834614
7403,-0.9011763485112179,0.010746620976561691
7404,-1.0311799716373962,0.937488278183439
7405,0.284853741260956,-0.5433229705418785
7406,-0.8167612081540473,-0.1369139097833991
7407,-1.1257933428961584,0.04116211605809429
7408,0.12264298124013874,-0.337732812557448
7409,0.33666091846913904,-0.003799839442946485
7410,-0.09196788155655379,-0.16112984914493672
7411,1.623230688540004,-1.1215187970574485
7412,-1.2334070503848875,0.06111506146926497
7413,3.8585875765200237,-0.2682756208717675
7414,-0.6716178526635049,1.2202463939003165
7415,1.7347750722455149,0.4387111218246638
7416,1.2036099428860028,-0.05661466249803963
7417,1.0786221819327526,0.06467339632845258
7418,-1.1050296903906487,0.3847579291751266
7419,-0.9725888998310726,0.6278679649861206
7420,-0.8717340124454586,0.9732320467221659
7421,0.21023134550844214,0.957826646113845
7422,1.2320119777532341,-0.33252521643547683
7423,0.8764395020761051,-0.044998398981402635
7424,0.3275132397198088,0.26104221097683183
7425,-0.16602024142867577,0.2031933896258469
7426,-1.3876578823147394,0.06550199950348294
7427,0.39407903997616767,0.5832510401301401
7428,-1.6609904803969215,-0.08084014570414333
7429,-0.019588054238871614,0.6583711295311914
7430,-0.4833359786809237,-0.2754488577983961
7431,-0.4933721690919885,0.34733767205523025
7432,1.2153313224981237,-0.08243632167423193
7433,-0.5941330645364488,0.45389316088419707
7434,-0.67323019170569,0.05112249870026632
7435,-0.35290425057001923,-0.440189320359006
7436,0.19056222814469462,1.3117112750725053
7437,-0.8895948055610096,0.3119972154520769
7438,-0.28447749708772685,0.7496065909961648
7439,-0.29124815924010145,0.14765026918435525
7440,-0.32937285068095234,1.7125910335408026
7441,-0.9508152159027736,0.07078244098055099
7442,0.28399440603950915,0.11763771657713258
7443,-0.728006313567292,0.7561556049377944
7444,-0.7670679671549318,1.1556519477802492
7445,2.2071175937280723,-0.49238199927059817
7446,-0.41949263205250376,1.0609709047683613
7447,-0.5104815154112542,0.36200621082366635
7448,0.27473690653057525,-0.36128580382402475
7449,-0.8075646711622293,0.6985266045994668
7450,0.4266718875847584,0.33003202984952695
7451,-0.3589010717499643,1.0640403050144072
7452,-0.04237939789226335,-0.00044869630145734395
7453,1.8198709243357554,-1.009524630348929
7454,1.2714278802162764,0.09301583495535029
7455,3.5253992137548997,-1.330406203376037
7456,4.053145098768983,-0.45450157076170594
7457,-1.4390255014403592,-0.30039413330809583
7458,1.585462515026096,-0.7911284011106146
7459,0.3383969402281037,-0.2529806073538753
7460,-0.6468108133486171,1.0426585364323993
7461,0.897030032965247,0.8357506982083186
7462,-0.9278130181358648,0.14693596001835224
7463,0.02650143659610531,1.5843963923820483
7464,-0.6350312498956372,1.3079160445559401
7465,10.108451582509796,-2.9511057902862436
7466,3.6556504036211406,0.00741713357136882
7467,7.020453156197995,-2.6274470634653957
7468,-0.8713663406579656,1.0075532320661358
7469,1.4598270009769998,0.4596492196106342
7470,-1.4014043347819485,-0.4191199836563234
7471,-0.7374455035436325,0.5857659190428647
7472,-0.15489204935232168,0.14180469765378412
7473,-1.0487902078626459,0.5586381129743799
7474,-0.8498713533308808,-0.41739697421292277
7475,-1.0726287714885803,-1.3209742805033597
7476,-0.4848204619861865,-0.03134401854071121
7477,1.0770976327786137,0.0353625660304074
7478,3.672703212670869,-1.5006028620775125
7479,2.490033861620886,-1.5320929187640098
7480,-0.6272949471682593,0.14980544081622507
7481,-1.2445244748507056,0.19635227782331652
7482,0.09751956615800651,0.2970588344338615
7483,2.317616272357733,-0.07728112720828392
7484,4.523846653525879,-1.7512896797619786
7485,1.0118964333953224,-1.131228583305999
7486,-0.08126700090495471,1.2369269209383427
7487,-0.6686434762459961,0.39590698543063113
7488,-0.8980812312732093,0.7409760437239824
7489,0.6143840057297011,1.6305882146089878
7490,-1.7631937206962176,-1.146903140085001
7491,-0.3104736531992018,0.635321020005938
7492,-0.630885480600989,0.5983291898646024
7493,-0.9064330184048301,0.5500621483218022
7494,-1.4960059808055461,0.1071045025456857
7495,2.1464440187288063,-1.9875104751321033
7496,1.3700253625050443,-2.361036272548216
7497,-0.8764985308907649,1.096231959087146
7498,0.3622580001269666,0.03771660212672391
7499,0.8031576451438135,0.40794164113532805
7500,0.32178466069277584,0.5888698001438527
7501,0.5632289633329381,-1.9402830089279488
7502,-0.7950308784820809,0.42475709114528337
7503,2.1901748384112274,-1.4489735759680422
7504,0.14870042012446033,1.1465071139655216
7505,-0.37860449294057996,0.3161429963712471
7506,-0.13936502723764554,-0.5129850019599264
7507,-1.407359356434682,-0.4772361777079549
7508,2.7810967249137417,-1.7251021352756697
7509,-0.8782656423849937,0.47072340671524443
7510,-0.9995331856646261,-0.15271673476490183
7511,-0.4531388038749125,0.727754080673468
7512,-0.04728455839077925,-0.7691717974454698
7513,-1.1570474729930869,0.5923426869802637
7514,-0.8011763932978622,1.0101452920361627
7515,2.539766236007395,-0.12271836764858116
7516,-0.860455362395105,1.1846288535624852
7517,0.07210904586647207,1.1546492882936248
7518,-0.3653522259201048,0.5946171651920535
7519,-0.6813749409881665,0.9954933045897881
7520,-0.7138597835685335,1.2670688939092887
7521,-0.1352016303492059,2.203455711413819
7522,1.2100364686153182,-0.3670788017119531
7523,1.1303363545163072,0.44056010536499085
7524,-0.482551533629723,0.4158879430007361
7525,-1.2273904778257327,0.5147760627405787
7526,-0.850650030294006,0.8233574157006935
7527,-1.5238204254431773,-0.2510856712442113
7528,1.0030384891065935,-0.05129936188943894
7529,-1.0152951039987206,-0.14498209567791645
7530,-0.003970152117627511,-0.729453240352295
7531,-0.9775296178947747,0.3407961112120881
7532,-0.3899148977090924,1.7191720410501876
7533,1.503803729486885,-0.3480405938064607
7534,-1.1085700382953978,0.5589435859368254
7535,-0.5377356974535781,1.4966861030529575
7536,-3.8980396642282655,-9.940695272787886
7537,0.02031584490865474,-0.3591287580631005
7538,3.3285248155385174,-1.2493701589052473
7539,-0.9048845358836216,-0.12384096612619083
7540,-0.3840343441566738,1.3176756558023661
7541,1.5980890648148092,-0.3646460456401155
7542,0.5113690727277065,-0.26087326905724756
7543,0.17303950265604637,-0.4753382916426223
7544,-0.49561349687495326,-0.044038915335523884
7545,1.0442693942008296,-0.5046720051679751
7546,1.5589759981856999,-1.1595475854616462
7547,-0.03901962351419017,1.1551500724149892
7548,-0.8518445966585061,1.010284084741969
7549,-1.5352869886528986,0.1886280963156356
7550,0.7344632080873749,-1.0979589002045669
7551,-1.0836654498099239,0.6325408732245557
7552,-1.5230217046376606,0.1764026934065743
7553,-1.63249937857254,-1.025140899034589
7554,0.3591653187832943,1.4138660169353772
7555,0.6054240311517478,0.8751707837911117
7556,2.5691138986859765,-0.8837044119317533
7557,-0.9651054076938944,0.6496317863084916
7558,0.48943135831281814,-0.42803934188403997
7559,-0.5173944901591151,-0.8796931979738125
7560,-0.3661538678822743,0.13987299220847313
7561,-0.4467658220023441,0.6597322949606523
7562,2.1404516928720687,-0.2275704815275569
7563,-0.20698587118227363,0.9156643201891989
7564,1.533007433456119,-0.7182430710129326
7565,-1.022104181159205,-0.3239347260777983
7566,-1.274231437040303,0.001513244865796667
7567,0.3557577586324515,1.2166136580944586
7568,-4.642365129032928,-9.21222578864201
7569,0.8353907628969872,-0.06316552736493032
7570,-0.9832655517278763,-0.33761466212271696
7571,-0.1861210749901743,0.648541102810739
7572,0.3104386485691146,-0.09996541386186841
7573,-0.8341121114773223,0.9980528472270501
7574,-0.3219084747151523,0.3943302619136914
7575,-1.0160719715901536,-0.10861614182351327
7576,1.1379445713494851,-1.2865313407050447
7577,-1.0481360828783985,0.6838053877744575
7578,-1.5537862850393702,-0.6384431475110012
7579,0.25790608956899036,1.210546938672027
7580,0.9342732463542509,0.0706211500678736
7581,-5.085655188265073,-8.571764116100344
7582,-1.1123028346137134,0.6378096571981756
7583,-1.3820028035751692,-0.10526654139797702
7584,-0.23434692668121673,1.053053882894576
7585,0.054181346117163826,-0.47639819609258044
7586,0.727653378522142,-0.24975964560312847
7587,3.295901615838579,-1.6599001537840052
7588,1.0643744897934457,0.5596979571925819
7589,6.696020624568142,-2.3821779709467283
7590,0.002953943051875889,0.8929015725457828
7591,-0.1161577282798919,0.25890460833308204
7592,-1.1335455493869402,-0.5115904383351048
7593,-0.24188724250166635,0.4357730642510988
7594,-5.1231921504446465,-8.710133261634033
7595,-0.6736474762810887,0.48470651100364515
7596,0.6830227086625609,0.45056625043967413
7597,-0.8126224139864586,0.5847154588722613
7598,-0.7519239314789036,0.9802459205771215
7599,5.087103262393405,-1.5445124178726661
7600,-1.119968905903423,0.9670964235540134
7601,-1.0769378541838701,0.8898770933129594
7602,0.5326505884022615,1.6753871304657015
7603,-0.3024751396504728,0.7134961661678147
7604,0.33355500293662177,-0.07514295208180315
7605,2.043951578679183,-0.2220318468520648
7606,0.24820896951306512,-0.9071189103121661
7607,-0.921675029063772,0.7243706367518444
7608,10.528856916783052,-4.695503667846692
7609,1.8237480736570801,0.01857781383288333
7610,0.15501684379601777,1.5251291812123076
7611,1.1896983746898258,0.590998054983814
7612,4.256124808644968,-1.9020447115125674
7613,-0.2395797970219965,0.1408876746079989
7614,-1.3406385646543237,-0.17201292733819923
7615,-0.8839401331133377,-0.5846375924420365
7616,-0.19773939372692254,0.04164239422151527
7617,-0.5001160131253274,1.23557954470855
7618,-0.05400191049228035,1.4047282688622982
7619,4.972874653111267,-2.2122916631181138
7620,5.657302393829723,-1.3160150366646912
7621,-0.18262068544997875,0.9754196236624054
7622,-1.1236580342391798,0.6471366105214604
7623,-0.5073798695706487,-0.11637808300950137
7624,-0.4742912990601362,0.7602204274890919
7625,2.4065322279423955,-0.49083924419043073
7626,-0.33638147950761266,-0.3345837950784117
7627,3.6142741858001863,-2.7221283044188542
7628,-0.8128376266419806,-0.8867736859962343
7629,1.1292081412584032,-1.0191806338702831
7630,1.0917905716673169,-1.2121836231442404
7631,7.298128329561767,-3.53610447000217
7632,0.4655425460634145,-0.6829257925586593
7633,0.30762866106515224,-0.8461515326345307
7634,-0.8634124202612394,1.0975330602597608
7635,0.2751903217128116,-0.33634188300815504
7636,-1.0649125616339414,0.9508507286947068
7637,1.3116644992288202,-1.4941960798227416
7638,1.9346635920461261,-0.6155996828305027
7639,4.842298275184789,-2.665646222136692
7640,-1.2393278660341005,0.5179024536173963
7641,-0.719725354963594,1.0187307998186068
7642,-0.9437021747757711,0.7873120406621177
7643,-0.20120987832189746,0.45066528575249487
7644,10.114539849097742,-2.8627607704866502
7645,2.630578436935321,0.011316208801546254
7646,6.398239748799029,-1.882847299310867
7647,2.575553028006595,0.08498711637687449
7648,0.27191069557105785,0.754229632218243
7649,-0.10522713950157735,0.6856171108253658
7650,-0.7160024405545785,-0.18922783544300445
7651,-1.0243181370602787,0.4076351814722574
7652,-1.0607285344316166,0.5399655282334143
7653,-1.78821522983333,-0.39940754553671526
7654,3.0634308782159825,-2.404767333472359
7655,1.9602175929186387,-0.6025493116653916
7656,-0.7116613335240631,1.369782126485106
7657,-0.6748720905103232,0.07541898874778932
7658,-0.2542477308341339,1.5751648015821194
7659,-0.7567512561964459,0.05025164934573848
7660,-1.5431786387749924,-0.42862199428013675
7661,-0.47574314046190874,0.16504264225403137
7662,4.87992361530468,-1.2002770796928843
7663,0.03665970384943751,0.12145147606730876
7664,0.9256846574865655,-0.4954955487146789
7665,2.8120944960705456,1.011891113503339
7666,-0.25664020480688554,-0.7578019294279951
7667,-1.1151770361681443,0.4863278145450728
7668,0.5061398217625231,-0.10511874761290334
7669,-0.5825248020030249,-0.15805520031438658
7670,-0.2998583883526541,-0.3409597758424556
7671,-0.07526914859251524,0.026667232963230217
7672,-0.7248663794770237,0.8388858868350365
7673,-0.6746541803644962,0.9378336825277592
7674,-0.9545634429623725,0.5648314295609832
7675,-0.3592748388719295,0.4067810106105165
7676,0.8358739590919737,-0.39029054448630435
7677,-0.8487742930863634,1.2595254682261237
7678,1.366562477592948,0.3985528002257789
7679,1.1480967298670788,-1.5814511715987165
7680,-1.361812965443294,-0.4143869737734417
7681,-2.0463822379491132,-1.6556668218011898
7682,-0.4570376660781823,0.19140260072072937
7683,-1.0947945481262973,0.04350412475126893
7684,-0.7510043272663808,0.7420974659250413
7685,-1.1467249451093136,-0.9846007758127482
7686,-1.154938497229484,-1.0261935770525683
7687,1.6480985332805713,-0.323344670960747
7688,2.1226059254793976,0.47561742501280285
7689,-0.6686607007393732,1.2588022348277763
7690,-0.3267525239130441,1.753808751695794
7691,-1.0411794295882573,0.6187567274721716
7692,-0.9543922834079177,0.830082072896149
7693,14.382722167002441,-4.579909551746829
7694,1.0189931578781501,0.36253909655069066
7695,0.31891712262613753,1.5985341538008586
7696,-0.16522367052545944,-0.014704454187880661
7697,1.4276557071852882,1.2200751894855941
7698,0.2877127157657802,0.11028042939307642
7699,-0.9982626631289301,0.5955182515795329
7700,0.9969317345993655,-0.44040149097798337
7701,-1.1004961516165304,0.39722442506508154
7702,0.5031374970536875,0.5004141654900236
7703,-0.8472685250032389,0.6824603056717559
7704,1.1926389161623658,0.3975208658687021
7705,-0.8530101038738737,-0.22269110354633082
7706,-1.8774075082678359,-0.5492486775022095
7707,0.19751557924043417,0.8878616428753193
7708,-0.9191368706899566,0.902181671188046
7709,-1.1359478896645332,0.7004284839923226
7710,3.585015245782921,-0.9276276808545497
7711,0.0015243355354100177,0.20414926984025603
7712,0.4909589452145449,-0.18944648832362007
7713,-1.1047171917253276,0.5183511685943066
7714,-0.874917520912511,0.8972959369075323
7715,-0.31922377976636823,0.47246861267991763
7716,-0.10585741911519769,1.0533630891138936
7717,-1.5559187302579103,-0.6765930337049314
7718,1.0334887392949728,-0.7912115531445577
7719,2.52616846014833,-0.44042670535447354
7720,-0.39519703902949005,0.9842118418382174
7721,0.3963946306359382,0.35946479722323804
7722,0.08367905767132112,0.6214908242134803
7723,-0.12191085400953632,-0.2615877469756493
7724,-0.6399940024113999,0.3640848166406923
7725,1.0605636383346853,-0.6743396988836151
7726,-0.04916175624864549,-0.2432669172394367
7727,-0.20881984223601027,0.8753105664287674
7728,0.047700859206230455,0.5849577471723598
7729,-0.09702326238243997,0.8208523118088513
7730,-0.3290729638122862,0.850996436098647
7731,-0.4256135084923607,0.22954490341754624
7732,-1.071438028357182,0.6468865141754822
7733,-4.606045650652608,-9.227130088996516
7734,1.1831151662755923,-0.6686931352548269
7735,0.27201966411660644,0.19098305206618968
7736,-1.0810890961331796,-0.5065397975948441
7737,3.257630049081385,-1.1812724642022858
7738,-0.9198253366102472,0.9354247541202053
7739,-0.9492674726389235,0.63267620244839
7740,-5.16072911262422,-8.848502407167718
7741,3.815790483858009,-0.7937089909913105
7742,2.0858085185826423,-1.3330073562974667
7743,0.9262696659887434,-2.0934456678256694
7744,-0.741775384290734,1.32455933842811
7745,-5.235803036983366,-9.12524069823509
7746,0.9443417796336988,0.2895941934741888
7747,-0.0353362104908239,-0.400314703483826
7748,1.0883521781035634,-0.5975119763329976
7749,4.574805448849775,-2.542518094266597
7750,2.1691586932471463,0.23705781457632735
7751,0.2839499199724753,-0.005369357664976218
7752,-1.616101846438073,-0.05772173445977519
7753,-0.6391670350801804,0.6868639588710607
7754,-0.6357773280144019,0.5349730874224824
7755,-0.7526894161653012,-0.13838487961913185
7756,-0.2794726168282245,-0.8443340066238766
7757,0.8202274307533033,0.33064106634631596
7758,-1.0894647447918655,0.4911880686003448
7759,-0.967957104877325,0.20732383467910923
7760,-1.0883820185439348,0.4313110391544817
7761,1.3257156608282301,-0.44378762786728193
7762,-0.3488831952621482,-0.4751605694828029
7763,-0.12407195564602981,-0.45999983496120844
7764,-0.5839240449684218,-0.9745535828190153
7765,2.776819591718789,-1.2950293213229305
7766,-1.3117606338557777,0.05418105881517832
7767,7.531626034251132,-1.8327657141229585
7768,11.819515816977537,-3.2105697507963464
7769,3.302276173822333,-1.1244866226374512
7770,4.628152747913344,-0.9520507176042378
7771,-0.8700661867073202,0.26639837836832714
7772,0.2747151003477948,-0.9164787835659922
7773,0.6440197624578428,-0.7452009349620629
7774,5.787630610689267,-1.6703733705772104
7775,1.0303146513107413,0.19347105976904205
7776,4.047685482722909,-0.02392515936380839
7777,-0.333694991610147,-0.9802802123491395
7778,-1.0143273137571398,0.801435397655396
7779,0.8690448006375648,-1.935489015202082
7780,-1.4244843677295629,-0.6114759047068209
7781,-0.4390489131103878,0.21352297047451915
7782,-1.4562725852276772,-0.056844894738295446
7783,0.6404777711202341,-0.224520914072422
7784,-0.8159013002291675,0.8055596400651275
7785,-1.0522313066342937,0.7325263121293936
7786,-0.5930933034786968,0.05001034364020726
7787,-0.23823457791532376,0.11635317492009192
7788,-1.306445909810211,-0.012085389879780459
7789,-0.9122776534861416,0.8499875339831945
7790,1.121474628438559,-0.6685232204219735
7791,0.9343666442769517,-0.07407139114687505
7792,0.5463578902638845,-0.23747037148930236
7793,-0.8129100600882813,0.4314123481783483
7794,-0.5620008830134017,-0.4107894667022389
7795,-1.0890768461106088,0.4860022249882324
7796,-0.26500431413613595,0.5838437562590862
7797,-1.03647400362166,0.6821217540163041
7798,-1.2644698335767375,-0.7035808973824083
7799,-0.822495414293154,-0.19584094075126743
7800,0.05807181772381194,-0.07328866174469832
7801,1.2956282197468403,1.095755702226972
7802,4.890747540266554,-0.2595881953375414
7803,-0.006513899379493214,-1.1256292149480092
7804,-0.3959586431178445,-0.614936979165202
7805,-1.0827929018157427,0.7132984378273364
7806,-0.39206453760101384,0.028863255352478454
7807,1.203312441552522,-0.46372915460721054
7808,0.386946129294184,-0.2705208753267881
7809,-1.2640606863445658,-0.2355517173651421
7810,-0.2604119782473381,0.0041258284622577995
7811,-4.955430445611014,-8.866981761282998
7812,-0.7605004942484804,1.5089267438674712
7813,1.7501275205798925,-0.5446446999377061
7814,1.2821030210187543,-0.1875685702818913
7815,-0.27010598590061907,0.6915724219665166
7816,-0.9416399001957847,0.851157750016257
7817,-0.4373297002734236,0.9925790562588498
7818,-1.30883979797503,-0.11392008983266229
7819,-1.0087713845905433,0.4686071248525143
7820,1.3873062358777133,-1.926446394693848
7821,-0.6100474698628919,0.789579005387684
7822,-1.1839386017497557,0.14183646598864497
7823,-2.1389617893781945,-1.5313556916391209
7824,0.5255935004454482,-1.745974287441623
7825,-0.7341096485209415,1.217156380812518
7826,-4.955430445611014,-8.866981761282998
7827,-5.085655188265073,-8.571764116100344
7828,-1.3197292482340541,0.2563594075815314
7829,-5.16072911262422,-8.848502407167718
7830,-0.7063281762603928,1.058979441597778
7831,-0.8493300305462632,0.8657797034290261
7832,-1.8529000015790833,-1.3556482561088061
7833,-1.2060972555635807,0.19782428680432534
7834,-1.8378317372149637,-0.7350184784707234
7835,-1.0757633780498677,-0.22328829605180597
7836,1.1097358802163126,-0.6911464890092416
7837,2.071063330480567,-1.2960134170956457
7838,-0.12325822625393384,-0.06995965685404977
7839,0.12117445655368056,0.1862168696931591
7840,-1.1340382078176006,0.8583804555649562
7841,1.2571144002741133,-0.9458532937515006
7842,4.820636740668703,-1.9464471506728533
7843,-0.21775178253026534,-0.012990154120156723
7844,-1.0008027633026164,0.12285560909445613
7845,2.7576221770873497,-0.43221216712338506
7846,-0.9976288457869866,0.30418805122634673
7847,0.2846686886624997,-0.5108754577969519
7848,-0.8858136881365293,0.5036179105522008
7849,-0.4201331735983844,0.7291271261903712
7850,-0.313054773441364,0.9381219795294852
7851,-0.6094575278204333,-0.21092060495990414
7852,-0.6632375469498193,-0.0009428040741661651
7853,2.7776796231293255,-2.163970938886461
7854,-0.4844817122860057,1.218487402424507
7855,-0.6967341046584804,-0.0059849404581376895
7856,-1.263472483685739,0.12449177923701975
7857,1.747887115935534,-0.8533351483797301
7858,0.3364019389960064,0.9449243973773835
7859,1.635770877618286,-0.27706261481576155
7860,-0.7012045546774744,1.1196052907244414
7861,-0.6222758625016901,-0.8812962550495588
7862,-0.45933583284754026,-0.026926352741639653
7863,-5.1231921504446465,-8.710133261634033
7864,-1.2220617394211941,-0.6260765656088662
7865,1.8678261378868801,-1.286369610329032
7866,4.206049066867341,-2.3712249336525906
7867,0.6912075952203928,0.6842062920278048
7868,-1.1734406099480967,0.2643399745010596
7869,-0.8932427258498727,0.8679290967693961
7870,-0.7920534382798715,0.8110626324518879
7871,-1.004587194432269,0.5622154202018977
7872,-1.6701125531551657,-0.6119141238811283
7873,0.4727395793029374,-0.3462471220015652
7874,0.1367862302083561,0.3630310012399613
7875,0.36756713227443233,0.6098306017492131
7876,0.1540056457324408,-0.01565862894275445
7877,3.1767625924015834,-1.856067486075584
7878,-1.35299651327161,-0.1294460785570058
7879,-0.8214510357078633,0.07833457601449492
7880,-0.31860980516837983,1.7254473142590696
7881,1.819465190052096,-1.146301409620007
7882,-0.9730701499803394,0.9451042473384379
7883,6.232604157681099,-3.01420333843
7884,4.015764969821141,-2.0134610875146177
7885,-1.1718153298442808,0.3241828874443323
7886,-0.8499458291651394,0.8568294697190804
7887,0.5572316129202832,-0.4566964897348283
7888,4.9689028246177775,-1.726262655136068
7889,-1.2652257111963596,0.05016243384306215
7890,-0.37817736421139136,0.4817304421549637
7891,-1.086140602435329,0.0402037027068579
7892,-0.8287089412964421,0.7847447070449062
7893,0.06166100092510806,-0.7015122169927246
7894,1.4455144258108799,0.3795549056119076
7895,-0.18789824129691682,0.24083042160051246
7896,-1.0558064225567276,0.49877621075499706
7897,-0.33501080488219437,-0.3456380018004134
7898,-0.47357763780352674,0.5767372638834818
7899,4.7502319174902015,-2.4723399042498118
7900,-1.040751235179095,0.6166161541530918
7901,-1.4115023704057303,0.05099400924455697
7902,-1.377131535160297,-0.2820518441484132
7903,-1.0450910679132606,0.8398053159843671
7904,-1.4885820401520002,-0.08891576272373802
7905,-1.3138496955510195,0.21396666391203345
7906,6.063304634425445,-2.605547105727051
7907,-1.0455989266435646,0.3870425111585128
7908,-1.554683156319361,0.41290365573376336
7909,-0.6800503372554932,-0.47165613491083114
7910,-1.4602363420095794,-0.7496377635493693
7911,-0.06478480330866634,-0.13802765015185955
7912,-0.3701933269725576,-0.057821153345293225
7913,0.8728746042242673,-0.8925699576118408
7914,-0.9556912185275682,0.8923536688196377
7915,0.8738877270708796,-0.38730751243033756
7916,-0.3182573132335316,0.5970591756236919
7917,-1.4353866585584516,0.3586210600423798
7918,-1.6117834483112132,-0.050627013745107155
7919,-1.3279029144668795,-0.42765012000961583
7920,4.1606691755692236,-1.6596414476547214
7921,0.5892343900844919,-0.3602985241563372
7922,-1.3667709942187536,-0.1400306402159002
7923,-1.2252609552192302,0.2456979211265602
7924,-1.1547212356614986,-0.015039554806001727
7925,-0.9851269631194888,0.5470047662320041
7926,-1.1010213699422966,0.3152344052040778
7927,8.252200440682978,-3.099215114363424
7928,-1.2264110990636286,0.3188599928662234
7929,4.602136034210106,-2.693974329859143
7930,-0.3474509436794554,0.40119158642233177
7931,0.5183016937007437,0.09526887267021249
7932,-1.3457448093609756,-0.03277348003231653
7933,-1.4681076601995209,-0.16364723447733656
7934,-1.1420869159357478,-0.20268136125268996
7935,-1.0802736060087237,0.6408140522301136
7936,-5.310876961342512,-9.401978989302462
7937,0.7555590042159711,-0.9819882949713322
7938,-5.235803036983366,-9.12524069823509
7939,-1.2621417575494507,-0.2825332146834031
7940,-0.5669594054207379,0.8202824216531075
7941,-1.2514253354726095,0.16965555203512037
7942,-1.58869940413748,-0.42333080569495796
7943,-1.6906506947001914,-1.2261575842603931
7944,-0.9756947249381681,0.6675968317305774
7945,-0.9560560871849985,0.8197201129791504
7946,-1.408460725464945,-0.22664921959361475
7947,0.06252256019533317,0.5436866586346429
7948,2.6139014738086686,-1.218164080153363
7949,-0.7718223025776674,0.9936699647387698
7950,-0.8315269308171238,0.5340454694980916
7951,-1.175332539455173,0.5512000905863691
7952,-0.38550590605547896,-0.058104434550201915
7953,-1.5832499159569318,-0.402776378160462
7954,-0.36087913170221114,0.8909570781118206
7955,9.271280679176988,-2.934239398139064
7956,-0.7567376665976661,1.285324658863776
7957,0.9879925197719649,-0.922780769957436
7958,-1.4078513650760174,-0.3009432813492981
7959,-0.41045311465291884,-0.6285419029606069
7960,-1.0196308798947524,0.43876711905021365
7961,0.7978534945771693,-0.20949953518531558
7962,-0.5045323466084255,-0.02070793844261623
7963,-0.9311904333634761,0.9759384678374313
7964,-1.318900888089181,0.5311132476438607
7965,0.1405052617000216,-0.2797153724707595
7966,-0.11235996861082942,1.006461236677642
7967,0.525564512219823,0.6185289611424382
7968,-0.9190548228666824,-1.3841439013247308
7969,-5.235803036983366,-9.12524069823509
7970,-0.49666307971223145,1.1631089748002286
7971,-5.235803036983366,-9.12524069823509
7972,-5.310876961342512,-9.401978989302462
7973,-1.802467848039162,-0.9626894570232377
7974,-0.5598321129653516,1.5289973234874599
7975,-0.6844867557746687,0.7117410195072033
7976,1.6042549297014075,0.30154457732027534
7977,0.16558342501194953,1.2003957663277345
7978,-1.8165797318604562,-0.15618621110642383
7979,2.1934775414252696,-0.1258149128805345
7980,0.8938928019326277,-0.8436201474064581
7981,-0.4193330379039487,0.29646559987426047
7982,1.1778739160731533,-0.9106250336357367
7983,-1.6836018346674997,-0.9076895456284976
7984,0.9386050190007343,0.9330280705826897
7985,1.2823826174549742,-0.19671666314142544
7986,0.4649861029459524,0.8148959667982716
7987,-0.2454387041560067,0.12508679546155213
7988,2.004408428191809,0.43721081640515363
7989,0.695306775510395,1.4953025693138002
7990,-0.42498587648957203,1.4385745693840832
7991,2.533420356113962,-1.2423004172521803
7992,-0.6439639994339875,0.2207424901511121
7993,-1.0305407367511703,0.8373264525500902
7994,-1.213910300779478,0.1549321086631674
7995,-0.8235142506584261,-0.28710304234726525
7996,-0.5852116492418366,0.17329270263285967
7997,-0.4690067734484266,0.13692770923857814
7998,0.40395099059165984,1.4463408091173287
7999,0.4998307588488049,-0.3367438639976221
8000,0.36078198601957934,0.6420203005370595
8001,-1.192317786754831,0.15942411619187835
8002,3.1516994063345027,-1.263479647702846
8003,-0.8663366641351694,0.8689129005141243
8004,-1.3777087865266429,0.03657520321263909
8005,2.8586804524858955,-0.030965243977465973
8006,0.6482858772803187,0.3376639000573677
8007,-0.9851016230446878,0.48812386383434947
8008,-1.2730147625273562,-0.944742161151035
8009,-1.1835116734802462,-0.5103732869692931
8010,-0.19422688562476514,-0.8518139486882433
8011,-0.6244263639939173,-0.6110707081855145
8012,-0.732636809801373,-1.015381528110453
8013,3.1892391747274047,0.3112903803525028
8014,-0.40246753019890874,1.7329565624934566
8015,-0.6704454101239459,-0.4175897991148168
8016,0.5573870006926921,-0.5196744783694338
8017,-1.1799344856058367,0.0017604286301639847
8018,0.0327982336986312,-0.30508617562442053
8019,-0.4565421696808988,1.2847287298985666
8020,-0.8294571698348268,0.8697656398758721
8021,-1.1470060789185552,0.49461297469638726
8022,5.401790236830834,-1.848112476225191
8023,3.185809357606202,-0.1938240870990006
8024,1.8474764302904696,0.2767389026354004
8025,0.34333080925017306,0.475393192947661
8026,5.931544972066859,-1.5118049246284964
8027,-0.9483277664892149,-0.3779829044175921
8028,-1.2465770855844605,-0.2149219571430355
8029,-0.5952266413619005,1.3052510236912223
8030,-0.3921584295833084,0.1350275278220189
8031,-0.8064091214658076,0.9362298843057735
8032,-0.3136028804621645,0.8182970170303543
8033,2.3120792154297276,0.43686834589129925
8034,-1.9469982721685763,-1.4162246711278186
8035,-1.3054153512723174,-0.7555341239922606
8036,5.035751880139388,-2.6955030451636013
8037,-1.0936111780255935,0.30075437411259115
8038,-0.03861719481221533,-0.9828309436750916
8039,3.5631800481297327,-1.1086708106727514
8040,-0.4285576926257224,0.005864663310821125
8041,-1.1517467786255646,-0.4318989955543337
8042,-0.6016175716580184,0.8206959723698265
8043,-0.8394995890246272,0.07867560929739546
8044,-1.0907775076825634,0.42132754194134664
8045,-1.186009376450189,0.23962040656839492
8046,-0.2886132162726541,0.3135363284067452
8047,-0.06990325485563412,0.9491292402321169
8048,-0.6261177295047081,1.4514290948856725
8049,-0.8768562577196121,0.7460348603894198
8050,-1.0054730777184016,0.6189821967589728
8051,-0.8656126994148539,0.656905278921914
8052,-1.3690966046504922,-0.0821115155150756
8053,10.225864243328093,-2.9176237124475657
8054,-1.4357942645305513,-0.5021099198336225
8055,-1.7791277683538453,-1.1518943027172446
8056,1.8027746149258332,0.7639801404158029
8057,-1.0490630385351756,-0.5511784791369205
8058,1.2724693033021939,-0.40825574055241914
8059,-1.0533934674453984,0.5830139740181064
8060,-0.5741590230683457,-0.18831499861982856
8061,-0.1162770079028568,-0.8041799644480072
8062,2.4306405635757815,-0.31350197691484166
8063,8.338895791247376,-0.841654497486961
8064,0.7744593456452699,-0.07535893886506023
8065,-1.3111976487928736,0.0030845740859527515
8066,-1.406347037074523,-0.17059820068239184
8067,1.831252283905503,0.04247843508262668
8068,3.064117887530955,0.06279882081589774
8069,-1.2761314917440527,0.23227981654150318
8070,-0.4982514836606835,-0.46071612360456565
8071,-0.5825062838422784,0.4609993910353008
8072,-4.765929680326091,-9.588864486885454
8073,-0.743803491539672,0.33035225672969704
8074,-0.2867510824529042,1.8749579572013775
8075,-0.8028622952553771,0.9854328794059444
8076,-0.838436759670681,-0.8512168197689746
8077,1.1511235700146587,-0.314100291652836
8078,-0.5588154952390288,0.544103532253089
8079,-4.615479078901433,-9.036054798646356
8080,-0.15934731070340286,0.8288203609797554
8081,-0.9413135217937321,0.7986853989656141
8082,-1.6547234154457036,-0.45581485798614
8083,-0.10195601027546848,0.005150468658629073
8084,-0.8460308342006855,0.3111963917407944
8085,-1.0785345698549496,0.17108002253972143
8086,-5.16072911262422,-8.848502407167718
8087,-1.114185743908564,0.33154074750350915
8088,-0.2699722454517844,-1.0239569245189297
8089,-0.5036222995550932,1.5115086129940316
8090,-1.0348695145357343,0.6548170425638531
8091,1.8750024808412402,-1.3839703549988653
8092,-1.079907177149701,0.9858772700547269
8093,-1.5446126915474894,-0.6276651950599305
8094,-0.651451063019358,1.3234669640741137
8095,0.13773113355346375,-0.11188532334548416
8096,-1.3680263308998155,-0.09158357630819466
8097,-1.0265848312803076,0.6384116509637254
8098,-0.88620914675967,-0.04948427765108729
8099,0.5416495661678508,0.23496525521972852
8100,1.1080469067386687,-0.7840855069901389
8101,-1.198071746509182,-0.02391009534045256
8102,0.2852888566012839,-0.45657771446138906
8103,2.158643871029602,-2.192501176570141
8104,-0.29050580557208644,-0.20024261021359924
8105,0.3431530725308765,0.8718862926633324
8106,-5.106486271522834,-8.713594116782298
8107,0.07968515739169235,2.46068681683046
8108,-0.48303303220195803,0.19566675734501396
8109,-0.07322470091882154,-0.386206116419888
8110,0.6396358987943066,0.673657920163408
8111,-0.0724021047440015,0.16532811274340128
8112,-0.030803785069025477,-0.11852072532096829
8113,-0.9292304029284648,0.8288591244939836
8114,0.21699449726092776,0.848349073614831
8115,-1.093053739231054,0.5326750375139905
8116,3.368466010127188,-2.3285792530142073
8117,-0.8659263356914213,0.6891474760643664
8118,-0.8818449701081704,0.7629503820691832
8119,-1.6091844704388818,-0.3610183656373045
8120,2.7629420449871636,-1.849057984357168
8121,-0.2721263661449789,0.4693535593185221
8122,4.77208740871746,-2.418063815018055
8123,4.119752861935602,-1.9199140590721924
8124,-0.42083204768631943,-0.3613639050314748
8125,-0.33674111606883805,-0.18526417308944557
8126,2.0880349481472464,-0.7289985751814136
8127,-0.7645163366926174,0.16154201150547695
8128,-1.4741189858268815,-0.06262483054133976
8129,0.8829286734583356,0.8821576758786626
8130,-1.0974397777996898,0.11089880320605464
8131,-1.3699120973417191,-0.257310117753936
8132,1.502665005619987,-0.5476971494146827
8133,-0.4509089096430173,-0.2085553997718841
8134,0.31052879313132786,-0.1471323110124208
8135,-0.18959974341956393,0.32117404800196003
8136,-0.5000834678082641,0.25964808195169004
8137,4.170678814386691,-1.2809315313531218
8138,-1.2348354961592145,-0.9749676584189955
8139,0.5326750914744768,0.9684003556921198
8140,0.5577461578247942,1.486460665914521
8141,-0.5947940975014827,0.46017036331818006
8142,-1.287524969776851,0.08536914696702476
8143,-1.8892576868650255,-1.4459103608053043
8144,1.1040167945067434,0.005780130202829262
8145,-1.5529500220731198,-0.09074241500720262
8146,-1.036782512190295,0.60414075085271
8147,-1.1518651485108993,0.20326472473113602
8148,-0.8187456954816705,1.1632003498026862
8149,-0.07255492323325269,0.15516325601205125
8150,1.4885058452755802,-0.5667547774264043
8151,10.248232403034024,-3.9132601614136857
8152,-1.4032998486166093,-0.38455894088332787
8153,0.4448655913673126,1.16505364938594
8154,-0.8421256557290024,1.4349252722798373
8155,-0.46020584942810216,-1.0632346344881198
8156,-0.7885257689362998,1.0537504429744011
8157,-0.4558798594238317,-0.6778287143641482
8158,4.621283922507276,-0.6974155181482088
8159,5.5956682641429305,-1.5388148202821035
8160,1.4617921385213304,-0.3320344973545266
8161,-1.121138782044694,0.46142613898075635
8162,-0.7900486685467722,1.2127867626006512
8163,-0.6782667705398439,1.4454629749472523
8164,-0.6194254419892854,-0.023672184481972825
8165,3.0788512132696986,-1.5825458611993202
8166,6.013511174606149,-2.212115056962724
8167,1.8467084475994375,-0.9901210783983355
8168,-1.8904361779135594,-1.5923684154840247
8169,3.8599079810538073,7.632001474241287
8170,-1.8417724812027125,-0.5874327288179778
8171,-2.0875470118907447,-1.899782481907842
8172,-1.1260222837441438,0.5395819417836781
8173,-0.7642586471473736,0.512353090646967
8174,-1.2361786219659685,-0.2664565308497132
8175,-0.4133510390495174,0.5794325207046793
8176,1.1311553480700896,3.7923819990732968
8177,-1.2018055994540908,0.39330196118308824
8178,2.2157314492816003,-2.6546533680769104
8179,4.7724382078737735,-1.1266733365000752
8180,-1.2697694554047723,0.2507854486902795
8181,-0.0115850144622706,0.5386047733091245
8182,-0.8635528625336804,0.7598549573919468
8183,7.414722658117881,-2.725298956193905
8184,-0.4188274020892839,0.5882537686537709
8185,0.7206539069224495,-0.5357289626598367
8186,-1.4971676854691447,-0.3910424300554495
8187,-0.6593994096302411,0.9724090467953866
8188,-0.4418180741626722,-0.9330551898846147
8189,6.314231942585199,-2.5584535893431686
8190,-1.2363930048242235,-0.20496271951382977
8191,-0.9116483457409821,0.5007349896542997
8192,-1.026190342615106,0.1661430920483221
8193,-1.4014003413409326,-0.2776479138484473
8194,5.581786963863152,-1.756235427964303
8195,-1.3331986272367435,0.08518360296789737
8196,0.6863899798613863,1.412741231780977
8197,-1.7836900955684998,-1.0678003417705986
8198,6.473563914830452,-2.6595532326516342
8199,3.3868598998028303,-1.3378094019204596
8200,5.808112905345223,-2.379010214918094
8201,3.129705805557233,-1.1600647371720407
8202,1.2736027239637446,0.025786832094445888
8203,-0.6814717410179499,-0.17670111947607572
8204,1.5723273059400156,-0.2632848436050576
8205,4.340750831797599,-1.7656296644777345
8206,-1.2016825580028996,-0.8573864738186512
8207,-0.9599793596417923,0.5897355771289401
8208,-1.823432155304581,-1.2476938902368662
8209,-0.04498276711672932,0.1759691464071709
8210,-0.23451810384524585,-0.4551660373322127
8211,-1.05447137160879,-1.6644144603672426
8212,-1.2088891055037105,0.5922984235977774
8213,-0.5371401531857276,1.0925201689279356
8214,-1.2862249373192458,-0.15852164483981598
8215,-0.6784994641268762,0.901363419800135
8216,1.5856433122658995,-1.7584827870421424
8217,-1.0813865564068155,0.6303498859450386
8218,2.73834163901538,0.13340842411032552
8219,1.9072959502325044,-1.5124748093915767
8220,4.220230764703783,-1.4567118082958823
8221,-0.418448148267743,-0.5164721855623776
8222,1.6749040159624962,-0.5165593963390518
8223,-0.7073795102446571,-0.17241007427156926
8224,-1.6232150656851385,-1.0342289351292322
8225,1.2048823020679658,-0.10647773201909694
8226,0.5476824222502571,0.174462297743021
8227,1.057141440778754,1.1159076894006021
8228,-1.9891299509122196,-1.6565916907228078
8229,-0.6609075057813849,0.6071474421713291
8230,2.1845467688246973,-1.7351540429010763
8231,2.1489435073861043,-1.9543519443593877
8232,-0.9139738625932301,0.6590367837391574
8233,0.3237328811522531,-0.07733598374180155
8234,-1.2239287071991767,0.23165874146867194
8235,2.7121748741003042,-0.3640206659256922
8236,2.017655439824979,-1.133469709974367
8237,0.9432316838561932,-0.19862085314000202
8238,0.7302843626590628,0.021347512256042922
8239,0.6748853010704543,-0.9172531334246675
8240,-0.06733173503153933,0.5598520955306922
8241,1.258213945914528,1.006873401892894
8242,0.4194628403521306,-0.03719853014434601
8243,0.6680997684112949,0.3172258983929332
8244,-0.6431159005916326,0.4098644898054821
8245,2.005683978778154,0.8443177970210913
8246,-0.48085650117550577,0.3634113624618678
8247,-0.0773503089109618,0.2806549717288975
8248,-1.7866842407803785,-0.9131200332307762
8249,-1.3135168457409752,-1.1096470994038652
8250,-1.2475590586862337,0.7357676041273528
8251,-1.4527341739223378,-0.38853552997391666
8252,6.159542954020172,-2.378282515102992
8253,0.3449143363641226,-0.13465910412723855
8254,-0.7447996899182903,0.49129364514071455
8255,3.468971725325846,0.9040859356718287
8256,-0.5821383798620853,0.20602166027029614
8257,0.2992893738008834,0.12583559513551773
8258,1.921925784848937,0.6456538001320027
8259,0.6511217435576242,-0.028391596350221246
8260,-0.3536620377790983,1.156335346388265
8261,-1.5963289849231876,-1.2798033138955143
8262,-0.6522099107408681,-0.16776986560177784
8263,-1.5756028843061203,-0.7775771176334303
8264,0.31168189818663744,1.1069564989989134
8265,-0.5384070959112051,0.24997641246753294
8266,-0.038809759008169735,-0.31207083395705426
8267,-0.541241140256805,0.6440326234851341
8268,-4.992967407790586,-9.005350906816684
8269,-0.7960221239720988,0.18169679030703287
8270,-1.6218623546585056,-0.7972774722199878
8271,-0.11790191945722492,-0.8987069244153566
8272,1.2315550459109423,1.408620418424989
8273,1.2874006879845106,-1.0558130189924504
8274,2.7255437364659576,0.3786351243323837
8275,-1.2295425533743602,0.44397400037827905
8276,0.12091971694233453,-0.13487874830358623
8277,-0.18986035440727236,0.7529585119075208
8278,1.1284714372640334,0.205850907765056
8279,-0.8466612965991814,0.7874412353078671
8280,0.474126025914156,-0.6373068264626435
8281,-1.4125269545984083,0.05433048230333117
8282,-0.46411814940780227,-0.6950561245419239
8283,-1.52346789099821,-0.5044039398231862
8284,-0.9077154803212669,0.6527602736287468
8285,2.8288578450380863,0.6023608142162157
8286,-0.20503650130970694,0.5161095865020163
8287,2.417903496708891,-0.7397658830509801
8288,0.2382848281972363,-0.4307852408742485
8289,6.658536351691033,-2.8511144982032364
8290,1.8462000249465622,0.8212016548717673
8291,-0.903450707833423,0.936774049903569
8292,0.01479200301374035,-0.30600719247670227
8293,0.7172126431943191,0.21558300540054157
8294,0.6166029486302405,0.9512743342646749
8295,7.633162385900647,-1.9721115094576518
8296,9.027574469225106,-2.5958158594003993
8297,3.079848581474626,-1.661003805436634
8298,-0.22263470519963116,-0.036231459926753744
8299,-1.0401933386488744,0.12279269241535223
8300,-1.5852813724983574,-0.3213545887364787
8301,-4.801506945187183,-8.818272877593834
8302,-0.49717206380655327,1.3215344638725306
8303,8.788023482081954,-3.5687917914157015
8304,0.3772481289952098,0.587271612381764
8305,7.872519993989391,-0.5771448407291958
8306,0.01038792104114397,0.27922674455828456
8307,0.2814855995627041,1.0709875442286505
8308,-0.20174122759861274,0.2901586737035799
8309,-1.2290074477429551,-0.445537768963543
8310,-1.0086489153986757,0.8821608892240923
8311,2.6024526556641314,-0.15812879463876103
8312,2.8831368436665104,-0.3144275927973697
8313,3.0842313494510925,0.4888981995651544
8314,-1.304062368099806,-0.04038006882556214
8315,-1.6828461890928443,-0.7761851458384578
8316,1.3381147210783468,0.256790832092074
8317,1.1903584158805813,0.6576212366305914
8318,-1.1068272426887802,0.6486737373062713
8319,-0.12241433479808758,-0.23671438662017355
8320,-1.120933748453052,0.365035393479096
8321,1.1667414754891292,-0.44980482328033666
8322,2.4322334051565004,-0.08531209560406706
8323,-0.7254432496447247,1.4405496937840667
8324,1.6227500123259302,4.5278472152649805
8325,-0.8688874588832946,1.1595845237199265
8326,-1.099233937498289,0.2513623222781879
8327,-1.2200087030470765,0.329899276732676
8328,-1.8236037541656591,-1.0186837105535322
8329,-0.6391528631852834,0.780784508316428
8330,0.5942271454995193,0.31388649735160007
8331,-1.0101498480559856,0.4240813757868208
8332,0.45840312264102917,-0.43409081130631233
8333,-1.0502099810371834,0.636457835639093
8334,-0.06693283634873141,1.5678131649546223
8335,-5.16072911262422,-8.848502407167718
8336,-1.226206883232695,0.26071555453479245
8337,-1.7325980372676597,-0.9448311753667378
8338,-0.91752484942596,0.8919771670611628
8339,-0.2882252426100945,1.0746038133121976
8340,-1.5944272952806815,-0.6347308260920994
8341,-0.63589376899508,-0.2781225664744678
8342,-1.3850929339329818,-0.0004979113496017612
8343,-0.598809151324617,1.243248802791102
8344,-0.57780854560379,1.3399454123760632
8345,0.45276898481481714,-0.3337784627356826
8346,0.8076877011806568,-0.8875602462056245
8347,4.21254113637761,-0.885704541234096
8348,-1.6978224502221257,-0.39490220720257624
8349,-0.5944040140947263,1.169663835416333
8350,-1.0185878442960616,-0.014465415753397118
8351,1.0793999453738576,-1.698274457247937
8352,-1.2909510037613132,-0.3484872019272954
8353,-4.955430445611014,-8.866981761282998
8354,0.3597028443887233,0.19185224664605818
8355,-0.9396964171949539,1.0299897842701329
8356,1.5288654253299605,-0.8299009800995397
8357,3.6457708359619185,-0.7951185339059457
8358,2.4304929384709153,-1.5618601034860942
8359,-0.7629451637361913,0.05356361682080395
8360,-0.22044816499462713,1.1219715239134598
8361,-1.240429471688307,-0.4699064641054326
8362,-0.7628081502570322,1.1587612102233833
8363,-1.3612545547413477,-0.24754123090848607
8364,-0.3575014694595376,0.05386464180647173
8365,-0.01945094901804502,-0.34466035386714294
8366,-0.9768410099668133,0.49614045844623506
8367,-1.278778624474781,0.2539615345742668
8368,-1.4524193674899437,-0.4423421265219003
8369,-1.1624247689139862,0.20789586236175553
8370,-1.422905951063141,-0.26692320758075383
8371,-0.3315201254694054,-0.42041114673290253
8372,3.872522923042646,-0.1980611033762062
8373,-1.4553610991302481,-0.14151080355036297
8374,-0.9887076032914665,0.35840433491653295
8375,-0.1735716548862305,-0.2987120710478101
8376,12.033834640958833,-2.2939488196528734
8377,0.12104538077636376,-0.5215410154326866
8378,-1.0776226802629274,-0.8055080612600434
8379,1.72572148065168,-0.4468101010343965
8380,-0.8100451250366024,1.1830107849130969
8381,-0.8960758463474914,0.7730910258935962
8382,2.973180171756029,-2.017547197272685
8383,-0.763220241093129,1.3424206587367873
8384,-1.1697488304667687,0.15360433467758586
8385,2.794658246554836,-1.5413634598673893
8386,0.5077281221411173,-0.34028515484960703
8387,1.5669625049231584,-0.14712474055612915
8388,-0.26969473475980854,0.04494847795567525
8389,-0.5970444179409674,0.1854349501516861
8390,-0.3514062199630656,-0.42622519738119957
8391,-0.2423449284669954,0.2192752690911726
8392,-1.8757066086244882,-0.6980285776329892
8393,-0.04795218994727912,1.246058441672261
8394,-0.5475227780348233,0.7890613377996271
8395,7.9667666934910795,-2.087611054372504
8396,3.6749175611862883,-1.7646440024496188
8397,0.1112947425345882,-0.35241881953413384
8398,-0.8710168752195783,1.0506634442988612
8399,-0.9139354083964859,0.37264005871702977
8400,0.15656738709097598,-0.03293584863213933
8401,-1.0264382821283204,0.7237458163325813
8402,-1.083125141500517,0.8066089359157183
8403,-0.8914319284394007,0.9796438048913543
8404,0.694841865930627,1.6225807066946734
8405,-1.57122614818836,-0.5597235000690918
8406,6.758367636657113,-2.7461704178387856
8407,-0.687515851455825,1.0638753930381106
8408,-0.24966568807433606,0.7186262961326264
8409,-0.7986380648304308,-0.47739826006518793
8410,-0.8759548633679691,0.5097168819607164
8411,2.6937219814401248,-1.7531228826511116
8412,-0.7564089581760233,0.8011630142108794
8413,-1.160691433705283,0.26905618913978074
8414,2.031229707080657,-1.174412683948161
8415,-1.3058646141346681,0.09565990068969432
8416,1.2998925167758493,-0.5385579083879852
8417,-1.1011498961009987,-0.6622873590140395
8418,-1.0055539421545636,-0.10693782741116103
8419,-0.512344109351658,-0.6190042315574513
8420,-0.20883974940868885,0.3951448494301224
8421,1.571079009153264,-0.8008974178056478
8422,-1.7448697445923527,-0.3474097012458204
8423,-1.3141968501122834,-0.5016149978381595
8424,3.9119478296781787,-1.9220646029925588
8425,8.28223996806595,-2.637836268317692
8426,4.804228787845789,-2.362080770169886
8427,-0.972276188597726,-0.10506101905540291
8428,-0.777276329634675,0.7416613411230063
8429,0.2026057967126289,0.516775020274167
8430,-1.112452660741974,0.37790271984693247
8431,1.2577708020058842,0.22809970940757518
8432,0.131462912881422,0.8353074480965373
8433,6.597277129963581,-3.070964084686151
8434,-0.809800948062998,-0.9895752434916856
8435,-1.172524260688727,-0.03478669968624725
8436,-0.5076574857884946,1.3809079079972875
8437,1.113144096084631,-0.47705498105525435
8438,5.974199754598116,-1.6061278252808227
8439,5.767990436856655,-1.6744072525977516
8440,-1.6529673516783394,-1.0512685258133874
8441,-0.24830347274782352,0.6788049103494243
8442,-1.1818143650309483,0.07838316710002949
8443,-1.032418414727985,0.4419988381191838
8444,-1.1149786187485717,0.2902343478138902
8445,-0.9319663112775549,1.0274735812036835
8446,2.894022802554427,0.06735701228111682
8447,-1.451341187910509,-0.31244743359990285
8448,-0.6276482915754799,0.4844563007151278
8449,2.808079953700435,-0.6060249009459975
8450,2.6814164190874363,-0.034386634804116134
8451,5.094895668485121,-1.8636206804564843
8452,2.9010347078268084,-0.007863989538403393
8453,1.6922116938173828,1.4481843296404482
8454,-0.5298710666755468,-0.1872542126107434
8455,0.11366496703003573,0.5260742801415065
8456,-1.4684299165824477,-0.7953047177622602
8457,-0.5179239079931987,1.6983746717374049
8458,7.1569608590345535,-3.313387998052622
8459,-0.4973491013862507,0.8369473645042128
8460,-1.4754696020030726,-0.49852511567505975
8461,-0.9952328514458243,0.721048822342799
8462,0.06886782859159332,-0.8506355819498015
8463,0.014368238566818667,-1.1242719852780083
8464,-0.4302830370291634,1.8056443340838875
8465,0.009873667588517617,0.5137241331112584
8466,3.1431571995706715,0.5957066477686956
8467,5.651480139837389,-0.4050515266224814
8468,-1.282983310941334,0.1045081205584581
8469,6.427320088354342,-1.9895055090038967
8470,0.041774551655582956,0.1616812528887053
8471,-0.9400009802684985,-0.2761260109063408
8472,0.5304095006824032,-1.1589005788271634
8473,0.6273551969184943,0.8339340184438401
8474,1.0626735388753603,-0.16330105199044267
8475,9.870280030981368,-2.750513068798021
8476,-0.7780789990352754,0.5270038237109683
8477,2.251457737024243,-0.7157227404006083
8478,2.0870812625215263,-1.9200779540102713
8479,-0.248610348871695,0.9769041940537396
8480,-1.2408253317184097,-0.05360310075088218
8481,-1.2981501999579665,0.011136075862932554
8482,-0.009687438846232695,1.0416878765912403
8483,-0.4012191308550299,0.167435743256838
8484,-0.5275478683177884,0.9329707262998445
8485,0.24527868257829233,1.2535528171122705
8486,-0.9442473315439275,0.5365979988706463
8487,-1.2210074848438448,0.3436938034841693
8488,-1.3063726103618603,0.09465100289911359
8489,3.040776178381256,-2.0750120794360476
8490,3.3245872642884353,-2.174128022540051
8491,-1.338299935763594,-0.24449139921707458
8492,-1.5970234643603662,-0.02056025931565003
8493,0.8397582615471165,-0.5892615796661207
8494,-1.1541702006411565,0.44134884021539333
8495,-1.4684275936383953,-0.6803174130335973
8496,0.4015760442192586,-0.15755569664127225
8497,-0.8584107915447902,0.2608148595349139
8498,-1.0004326124331697,0.4789219728331402
8499,0.7539174043848831,-0.3306720945988412
8500,0.14894425283050497,0.3444422380304114
8501,-0.7269493283386256,0.6827870180384399
8502,-0.43979386324638114,0.8515387441263852
8503,-0.3326037047463924,0.24453442507805465
8504,-0.8158014366525486,1.0952814324344273
8505,-1.1210067977595635,0.2947858400121828
8506,-0.5848370844352416,0.7271817616904017
8507,-0.26843224328984244,1.5478723336920277
8508,-1.311779829973583,-0.10746691356608248
8509,0.019035956167545418,0.2923707898161665
8510,-0.8774932346940184,1.0081699158666053
8511,-0.651188606257574,0.3778362524968853
8512,-1.2323537721047555,0.18340648884832064
8513,4.1596904784843876,-1.027002379073092
8514,-0.6876488545355465,0.8812874421209302
8515,0.0044735248913493845,0.16259650466567735
8516,-0.7722360020286538,0.774316547797397
8517,-2.0002423413425934,-0.9083685389106912
8518,-1.0923166094376016,-0.07542628119124292
8519,-0.6111735139835446,0.6326568844718052
8520,0.4884503826361093,0.7848619471570444
8521,0.08807730682135208,0.008137484084030824
8522,-0.8148222697844578,0.6407613126768728
8523,4.667362064559526,-0.6971842511328785
8524,-0.9711635920631616,0.07537058159458954
8525,-0.40106286899602206,1.1098007047027902
8526,-0.5198486343613063,0.6084368725583489
8527,1.0027304407464426,-0.8638331869741805
8528,-0.353570873670635,-0.14851788176967698
8529,1.7808867463296003,-0.8997298187476759
8530,-0.6263279282183395,-0.23194203086485757
8531,-0.750139395872781,0.19020155236911518
8532,-1.0334118069464109,-0.029717731308587153
8533,0.8507633190905562,0.5644766717679542
8534,-0.9724652701369285,-0.3716834891987271
8535,-1.6457347755476266,0.02571774124543541
8536,-0.09469397011386396,1.03138556292015
8537,3.6963496579163317,-0.4133177222455616
8538,-1.219661827891886,-0.007332387945210989
8539,0.9054744658007516,0.7033224814593273
8540,-0.6447920372626452,1.276400467704605
8541,3.5491263623151483,-0.029648193811141334
8542,-0.9246583087176243,0.232228068322424
8543,0.2757152386167699,0.381798422228764
8544,-0.9631554966521562,0.4809751683608013
8545,1.9854856912407153,0.7911284477006587
8546,7.034598744748406,-2.1687928183684657
8547,0.9042543342454604,0.3870238953489774
8548,0.26390047299500213,1.043694554119561
8549,-0.5899399671679706,0.6843355661856266
8550,2.710059155977133,0.175215812819576
8551,-0.7799953073500312,1.2755622415419268
8552,-1.8468066516605621,-0.49148175698783425
8553,-0.9228585537899489,0.9554991471669386
8554,-1.4367880908766502,-0.6032354807310202
8555,-5.16072911262422,-8.848502407167718
8556,-1.694023040801101,-0.9866527599776249
8557,-0.3265051414445479,1.1792129923856147
8558,-0.659831614606261,0.7141433004921851
8559,-0.8215466200748877,0.1238337622340946
8560,-0.736999903269168,1.3246902243296568
8561,-1.2511599937088067,0.07816451506058097
8562,-1.5665054467407924,-1.1691650122190933
8563,-1.3617193908412772,-0.0076864183572863815
8564,-0.13651823373081864,0.5215399756453971
8565,-0.5165299875075763,0.632025540317097
8566,-0.9843141961433557,0.6787698585799589
8567,-0.6600366846107021,1.377663355383412
8568,-1.3954186754391826,-0.135930582253721
8569,4.24156815438823,0.0031644503495650562
8570,0.6049279566210115,0.8859255800472173
8571,-0.6413890468529544,1.2989005579954909
8572,6.444640055692707,-2.133191190707337
8573,-1.4699827049169951,-0.38469449632074537
8574,3.0950183489707195,-1.2166333043589368
8575,0.7955072298796703,1.4026344511592916
8576,-1.4325291035983605,-0.32372253642376103
8577,-1.622152591600666,-0.8187276338706624
8578,0.7017674654189082,-0.9781762007486915
8579,-1.5628243897960845,-0.7590357165319771
8580,-1.3012338590373158,-0.11306410249044077
8581,-0.6354585085778917,-0.598468056369747
8582,-1.1050954652531502,0.4127801316534141
8583,2.41911948072323,0.545860898916314
8584,-0.6817424001930424,1.0470871041642391
8585,-0.6328303281794819,1.5166710331895894
8586,-1.8049962258242656,-0.42820192293283854
8587,-0.5635430514692882,1.1189573949710845
8588,1.9206204788835026,-0.29075481649081286
8589,-1.210211983885989,0.2858509117599927
8590,10.545468415073039,-4.455727905311001
8591,-0.9971422090750548,0.966477944727248
8592,-0.01844764900283123,1.3507459670386872
8593,-0.1939442103659056,0.15238036463316873
8594,-1.6302412302007352,-0.6873796144593018
8595,1.0438817253569495,-0.3126035626324284
8596,-1.8159783903393913,-1.2343133808305398
8597,-1.3400693330523807,0.1075017793109264
8598,-0.8020438633731753,1.178160651310137
8599,2.761615472504523,-1.5679404465399032
8600,-0.616910557553332,0.7941736239658777
8601,-0.9225186408192761,0.779370546854169
8602,0.24940376139295226,0.8267275125710112
8603,1.7056351973010344,-0.27221798695804705
8604,3.2490301751042514,-1.1093828548405331
8605,-1.6920434144032008,-0.4182672997152479
8606,-0.8057604575158083,0.45566313945059156
8607,-0.9669154244215207,0.84590912269303
8608,-0.9279972519677133,0.7594985741274426
8609,-1.4366870773868146,-1.042794924707591
8610,-1.3052528806812613,0.31840259768423146
8611,-1.7999075837387817,-1.097346711551689
8612,-1.5938935417777353,-0.8108356120798342
8613,-0.7109549558200121,0.6598631415346394
8614,-1.1421930852647588,0.013421445901142054
8615,-0.9235744266790473,0.7036792436831968
8616,-0.6704081446024297,0.42580082721935536
8617,8.846376314174424,-3.0362180801429304
8618,0.5411975985928711,0.6693635085128572
8619,1.722921505231914,0.2392059562154248
8620,-0.626911243550185,0.7493533619530292
8621,-1.2422377334305275,0.5422646722031801
8622,-1.235281509449749,-0.21090309486503614
8623,-1.5635313442874224,-0.300957919043437
8624,-0.747041522721623,0.9154268310876491
8625,-0.4411284982100173,0.6156633404513598
8626,-0.932010573586481,0.7662923748725687
8627,-0.8862063080931301,1.2849160423645951
8628,0.2731951579959024,2.023364943392485
8629,0.6810157296928039,0.2942727395619791
8630,-0.8236933997536016,0.17605803745040666
8631,-0.8514026108418377,1.282332366994339
8632,0.08803526605266687,0.6617565803593659
8633,1.627193107620974,-0.8621483466342629
8634,-0.6051240333872211,0.34183425682688356
8635,1.2386892691758662,-0.3264617502445651
8636,5.474492062886858,-0.7900105870248478
8637,-0.9980104949737295,1.0579492016085073
8638,2.980283514680085,-1.5972480685325252
8639,-1.7172240824226221,-0.7044475127565265
8640,-5.273339999162941,-9.263609843768776
8641,1.4481712747202988,-1.6441779209272422
8642,-1.1162218705585507,0.25527183822924127
8643,-1.145206013775248,0.3658783127480912
8644,-1.5586566252681462,-0.5974836858429402
8645,-0.895078203472149,1.1552688574808048
8646,0.6160710180771206,2.0610737575518594
8647,1.9467063928892057,-0.19864674434341476
8648,0.008590443403984465,1.6395984588366677
8649,-0.4317906751917768,1.8063390403339763
8650,2.442768290261283,-1.355791450184093
8651,0.5786289629380431,-0.5057357348312164
8652,-1.300649500761827,0.17135699128413948
8653,-0.7849293314487298,0.3107327254699262
8654,4.259873965322993,-2.2076293199631145
8655,-1.0507099701866907,0.9651551846815571
8656,-1.176270364107744,0.7613836558466643
8657,-0.9035554528134534,0.8314601594914164
8658,-0.7175025224991004,1.05283610254541
8659,-1.271474439128757,0.24447141531873953
8660,-5.310876961342512,-9.401978989302462
8661,-0.008428415479813801,-0.36331306124506046
8662,-1.3518059748140743,-0.3604772668447059
8663,-1.7474233973738513,-1.0943569259297952
8664,-0.9439278206110646,0.6389327167319794
8665,-1.0272553831961093,0.8730636361336791
8666,0.6882196194315644,0.23173580687868803
8667,-1.2614864951540623,-0.0020316569736283656
8668,-1.1030995093837417,0.6384418355099185
8669,-1.2688539519838997,0.17784773580277413
8670,-1.0149639336847949,1.068970967673282
8671,-1.127182018891233,0.9104887440079509
8672,-1.2041110580096674,0.35010035702637987
8673,-1.0277178102410436,0.8773014254529954
8674,-1.4155623281221896,0.006645448719477491
8675,-1.367285833180561,0.0671452049815459
8676,-1.6449135898974163,-1.1745586468038756
8677,-5.273339999162941,-9.263609843768776
8678,-1.9355398293456627,-1.5082250560587365
8679,-1.438423158093941,-0.5423486115062285
8680,-1.9854053315435078,-1.6480093293643236
8681,7.257581683738449,-1.8090387008918718
8682,0.21464421342565232,-0.4057555234156814
8683,13.477359665169663,-5.304416856426646
8684,0.6210718549115859,-1.1995840792383603
8685,4.168274345446331,-1.6871353316017559
8686,11.616753809618658,-4.228546488177776
8687,7.037057410095197,-2.7451822752038764
8688,7.516189313590476,-4.0316785633275
8689,6.439233938082168,-1.9776292947357572
8690,1.7527862492955657,-2.50698251767371
8691,8.80682454888774,-2.466007682281928
8692,10.5886699216698,-3.788931233280411
8693,15.772116838102722,-5.534904483762008
8694,8.583326602513152,-2.5278700055404157
8695,9.122613633222675,-2.637616282077748
8696,10.804934225869392,-3.6388636770263703
8697,7.994211244962245,-2.659358824787651
8698,6.171759678632228,-2.210379388764934
8699,-4.62501634900137,-8.992730489754011
8700,-1.1577739027671776,-0.13336144475201714
8701,-1.2047348738495314,0.7188728524486072
8702,-1.517694122891896,-0.45608277333353137
8703,-1.2956307771546873,-0.028701724393194208
8704,-1.933765930205831,-1.6269958822889687
8705,-0.7062187370860974,0.17462715311473534
8706,0.036738944426649,2.2633796910517394
8707,-1.3359850174045527,0.19934064588901415
8708,-1.1296982948179786,0.4488476420424224
8709,-1.462265439327473,0.25846950209279057
8710,-1.7188935842729176,-0.22536214176781266
8711,-0.4966993447736645,-0.19388886245600845
8712,-2.0178421220599305,-1.7423365403915732
8713,0.06126817199185766,-0.5581645650514837
8714,3.527357307599381,-2.164695597050725
8715,-1.0490100203253239,0.5366541176910874
8716,-0.961806665790867,0.3771741126781703
8717,-1.182033445845729,0.698052317525622
8718,-1.6538535024899683,0.05355037435255535
8719,0.0020812507711350575,2.0720568738484086
8720,-1.3151737158875019,-0.7416108048342631
8721,-0.7186577921402835,1.0153564623787144
8722,-4.91789348343144,-8.728612615749311
8723,0.41464911489813366,0.04660059974658739
8724,0.5068622965580964,0.11371305388042126
8725,-0.9509543091574205,0.9486132474197025
8726,-0.9640698574268586,0.15782091342732185
8727,-0.15555840636847515,0.7461055437283445
8728,0.32921846525122284,0.41396896867601485
8729,-0.5710109314341909,0.6476531377822049
8730,0.8113746472805171,0.6845348676838173
8731,-0.7148924726509788,1.1177241276239123
8732,-0.9073706322626334,0.8875326531640295
8733,-1.0686950348732895,0.5370093047577045
8734,-1.320097436964531,-0.22631686270870385
8735,-0.7451444613024009,0.3620084233267206
8736,-0.2707160529864473,0.09143738038002291
8737,-0.37444433487959317,1.5122815039903423
8738,-0.2826405650196629,1.4741900767899767
8739,-0.7462294976810633,1.1373399547349692
8740,-0.8390094908903497,1.0386585253824148
8741,-5.16072911262422,-8.848502407167718
8742,-0.815379232960287,0.879439751918137
8743,-1.4596132396344754,-0.5703832317449765
8744,-0.055328505415543815,0.6622937668574945
8745,-0.04858132744094006,0.8959309888842669
8746,-0.7681582479400577,-0.10535763527504241
8747,-0.5176926995328112,1.352480686801082
8748,-0.4924280438466571,0.7589255722748321
8749,-0.7411296959920007,-0.09260646581022744
8750,-1.5531430563824127,-1.287665615372981
8751,-5.16072911262422,-8.848502407167718
8752,-1.4557163843484737,-0.15931294915319993
8753,-1.1375650610944241,0.8088764277226228
8754,-1.4814854532371096,0.05652573661241466
8755,-0.9274407559232887,1.1445853725433974
8756,-1.4422832267603591,-0.38590309845201826
8757,3.9937875624627175,0.8711568413707913
8758,-1.2161257175419022,0.5557876716645743
8759,-0.6731037174505259,-0.3310803799596605
8760,1.090387214061936,-0.8158747116232034
8761,0.4027367716236563,0.05504835633604674
8762,-1.082515206879388,0.37964889402300844
8763,-1.1486853645564397,-1.1995519846691503
8764,-0.9962780243641941,0.801213542745259
8765,0.2228932703967934,1.625836577046848
8766,-0.6853791915335374,0.7992764694521035
8767,-1.5248064240421848,0.08751051886953258
8768,-1.148300452316823,0.2058216275933375
8769,0.8737648171468606,0.1973016969816685
8770,-1.2299033436624323,0.2019006710605425
8771,-0.6249226783097582,0.4233083539726254
8772,-1.051992836864031,0.9249385848812881
8773,-1.1298673720593584,0.3964744669514847
8774,-1.1019322432475342,0.6040315389387679
8775,-0.9459608226294746,1.2224555184043138
8776,-1.3646867477069482,-0.3751598070898535
8777,-0.6169236195436325,-0.19118801563730023
8778,-0.3003907849712157,-0.8719181333480408
8779,-1.7124690755512946,0.06707560445223117
8780,-0.8984842749842198,0.940594187381446
8781,-1.355530280668315,-0.351250974160015
8782,-1.2737586503176792,-1.064728223145471
8783,-0.9103148465858159,0.8953378657694855
8784,-1.6047856042445798,-0.8079280522739767
8785,2.1787583654611455,-0.5365549841424659
8786,-1.3858588978407218,-1.0843394347093922
8787,0.012787118992903022,0.3548330920231849
8788,-0.887367505708169,1.3534578428737924
8789,-1.1020196866519079,-0.5045258472344307
8790,-0.23093331569237494,1.4323011246818074
8791,-0.6834259532930704,-0.7720213768947721
8792,-1.3796936214911901,0.06163998858620336
8793,0.6619637909784933,-0.4060905146506049
8794,-1.4223512143252584,-0.20769251995329818
8795,-0.9829792130447045,0.20270292507642523
8796,3.1739351737300256,-1.032678718773017
8797,-1.211073375273517,-0.11425692752180738
8798,-0.26106880682946054,-0.0673478849710918
8799,-0.5237146831151326,1.2099711398374604
8800,1.9889302707924135,-1.4663167998300157
8801,-0.7881983987842486,0.3423435293323104
8802,-0.9745916415225161,0.7801829487473592
8803,3.727906847607678,-1.59888377519982
8804,-0.8705200900757496,0.40113021086325784
8805,-1.0312887824942985,-0.4308889815467937
8806,3.141459886778746,-1.555422904205074
8807,-0.23481033825169448,0.021505251228793456
8808,-0.3348055765836526,0.25318780120079937
8809,9.323314787519017,-3.8078004450688834
8810,-0.9695064662604624,0.2709174879366273
8811,-0.7227174565501947,1.0959905694703282
8812,-5.16072911262422,-8.848502407167718
8813,-0.9544025213631256,1.1817994881111762
8814,-0.3427761153667441,1.4175191765348039
8815,-0.60379856517986,1.6478160094766703
8816,0.7648422253537897,-0.6230876738778178
8817,-0.8850103134544602,1.0435921686886367
8818,-1.288043252472024,0.11466828040962977
8819,-0.6153618377715753,1.4304867389471
8820,-1.3792898986404405,0.46214304548986035
8821,-0.7370044655751289,1.2925810560683644
8822,-1.2910318824185993,-0.08923778590114408
8823,-1.2025911861580965,-0.0032788660574939736
8824,-1.4974360959746362,-0.7676509545462403
8825,-1.3829552541859305,0.15142570872352248
8826,0.12379382324221212,-0.057617943295613185
8827,0.3951954487321309,-0.0004244724908934325
8828,-5.085655188265073,-8.571764116100344
8829,-0.959374232256762,0.5761526200038116
8830,-1.1102832930373954,0.42027573040578114
8831,-0.16658168596614298,1.073427397103778
8832,-1.0709974548725096,0.32475103221949164
8833,-0.8110865642770011,1.1168739200982503
8834,-1.8523890442553659,-1.4418271637669944
8835,4.024083426934383,-1.8694465684945023
8836,-1.5908952732477792,-0.5924920798021417
8837,-1.218014515292199,0.4238462125497967
8838,0.12054025738371534,-1.1025518440637017
8839,-0.5808805784535875,1.617354208933544
8840,-1.0959786993290845,0.13689337033135626
8841,-0.6407007369353612,1.2570723387349259
8842,-0.34092445112410286,-0.443718844975944
8843,1.1267941717333523,0.5041962558166888
8844,-1.3250816702118655,0.13142360141940615
8845,-1.772233346061984,-1.1344003715010333
8846,-1.6335077885113831,-0.7291908009302365
8847,-0.5971321868555979,1.029404006179339
8848,-1.254055474345131,0.17642515478361795
8849,-1.7506449606239325,-1.1574930188998576
8850,-0.770031507686604,0.4620113360422554
8851,3.5633444994387697,-2.0612095107953397
8852,-0.2703523283619174,-0.5149772283501286
8853,-1.1944008109563549,0.46254512239531975
8854,-1.292066179799077,0.355111626140424
8855,-0.19057310347601503,-0.828508266248277
8856,-1.4085278582121719,-0.11049487905596185
8857,-0.8355324726502533,-0.3495171329726416
8858,-1.275707885321195,-0.027965199323361556
8859,-1.3560575048070085,-0.46669777015920716
8860,1.8312525826700965,-0.19912868652859173
8861,-1.2857437212845326,-0.22175770473711298
8862,0.2729213175330492,1.2069137007108393
8863,0.4391536177318351,1.8987988523718342
8864,-1.604593257784657,0.12329802796606183
8865,0.8427963956916085,0.7362266208570608
8866,-0.6897750917665093,1.214075369787203
8867,-1.1564620117682387,-0.4949098175994503
8868,-0.6301524706260215,-0.8793074118549313
8869,-0.7269795600384777,0.5900486916933726
8870,-0.8772489151497441,0.13370815267775535
8871,-0.8303051638666082,0.3188164673907761
8872,-1.1024651529623841,0.5989922436344017
8873,-1.2499668491288798,0.3515900829609255
8874,-0.7269196183994934,1.2294381857432886
8875,-0.9249769913546536,0.6554376581541272
8876,-0.7830777931343835,1.2595924665587674
8877,-1.5400638799769306,0.31864222279429283
8878,-0.7113339993982704,1.3733022548301066
8879,7.265915396126507,-1.29161409551016
8880,-1.127307247779706,-0.20132592096348656
8881,-0.7635300749112259,-0.019333531235847384
8882,-0.5821610414678479,1.5311390808628065
8883,0.05953066842913271,0.7577933571774396
8884,-1.0885186520796615,-0.8424511476222738
8885,-1.2482326412985894,0.027438424276821357
8886,-0.3144459840476122,1.9459506485565612
8887,-0.725712599997823,1.2119163378731888
8888,-0.2547575446723435,1.7284276534130527
8889,2.477618693359602,-0.35390232025293406
8890,1.0329571473096466,-0.39492690805281533
8891,-1.3709290052340035,-0.19720497546046523
8892,-0.8539864943042547,1.0110108798047628
8893,-0.5887032696238305,-1.0431914230524844
8894,0.3916523172049507,-0.169145668975293
8895,-0.4739344892220655,-0.1928725584623847
8896,-0.30274816867509124,2.1087988137958877
8897,-1.5733850755140533,-0.6452297115044301
8898,-0.8740294739614269,1.0908405255542022
8899,-1.5776554078951814,0.18443053114207836
8900,8.819035089017664,-3.040743456381535
8901,-1.0271061555848318,0.6389430840345951
8902,-1.300087619706148,0.21187473143708233
8903,0.019023055948981297,1.1874644440095372
8904,6.08270813951605,-1.8669387142778082
8905,2.5646632532061107,-1.4475877734576952
8906,7.8318702537079,-2.4532645463624547
8907,-1.0250500261851858,0.6710007204159383
8908,-2.205505584876495,-2.264594565430384
8909,-0.5281122270080554,0.32522854781591726
8910,4.3989377882350285,-2.55026629295268
8911,0.04506532942873955,1.945031360702578
8912,0.48637647469653766,-0.03215839803633472
8913,1.6769380707544552,-1.0018119130047962
8914,-0.3868534901505536,0.1416045053241982
8915,7.523276582857997,-3.55279367982256
8916,3.4078975871141473,-2.395419275106777
8917,4.261074387099635,-1.4707764858285153
8918,-0.3498683317219399,1.69147003364614
8919,-0.8421904290619809,1.0361602323664694
8920,-0.870515030606071,0.8984430060882442
8921,-0.8677887439690579,1.0059607511707487
8922,2.5388226783067895,-1.0918728628142522
8923,-1.1044922149316343,-0.07625219184128047
8924,6.063313906711579,-3.1508835764525376
8925,-1.598481945856879,-0.669032169623182
8926,-1.5152274114572026,-0.5876216591908661
8927,3.7780322007810607,-2.0266298661955195
8928,0.890974114853672,-0.18056664954068313
8929,7.8959805111323185,-3.1532511768978244
8930,-1.2441642116183311,0.16814852680959153
8931,-2.512464051448623,-2.440262710330218
8932,-1.7412206655828304,-1.2597342445169086
8933,-0.8655089251149632,1.3079355922835634
8934,-0.9705932105450934,1.0425346594189007
8935,-0.8118174968212292,1.4010508513441366
8936,-1.186413856030046,0.8527290807659808
8937,-1.3509386558203946,0.04404570496127877
8938,-1.057921335254195,1.078762845527867
8939,-0.9804535415586587,1.2014224582560857
8940,-0.7273958004377975,0.8387947025331571
8941,-1.1017203381225578,0.9846112633802595
8942,-0.9487698752324967,0.8067621960692326
8943,-1.073310720440691,0.8967394406711807
8944,-1.3928407340959557,-0.16024141271096784
8945,-1.4980846997984378,-0.12142671069343118
8946,-1.6612295207565042,-0.009545573433978868
8947,0.8640900143205617,0.4610529865251838
8948,-0.5282059514504438,0.3247584030846973
8949,0.8977840261357206,-0.38789572658063926
8950,-0.3494911638648953,-0.19903774940769606
8951,-1.4687085575507501,-0.6007536245150019
8952,-1.5979450897754173,-0.8998089177895975
8953,-0.3785128372326689,-1.034408676771167
8954,-1.5406237285606799,-0.5851253828971595
8955,-1.206141357644758,-0.2972440360409545
8956,-1.3755828964558365,-1.0528911707929616
8957,-1.2915629644463416,-0.1273070490925222
8958,-1.432596860428521,0.07470560897799158
8959,-1.3235973786235606,-0.11570395551149376
8960,-1.0609703849088057,0.5720769270502475
8961,-1.061090868998296,0.7407644954770846
8962,-1.1489703964798599,-0.8484721262594055
8963,8.74595305823665,-3.9077637101350704
8964,-1.3854537003280198,-0.30586648954349244
8965,-1.548636751178113,-0.6169248714480825
8966,-1.3116229631982408,-0.08522638811039213
8967,0.1525708280375096,1.3069659776932248
8968,-1.226278510077622,-0.05339382649017979
8969,-2.300219557272187,-2.3831594708523984
8970,0.07380524254739536,0.6232233147049496
8971,6.262991774754734,-2.7482065181962883
8972,-5.16072911262422,-8.848502407167718
8973,-0.42278358977772895,0.6437378090809193
8974,2.249397882265271,-0.2094536868155836
8975,-1.8099208413504837,-1.3117451641633313
8976,-1.5081129830782543,-0.030850238842534516
8977,0.5198255592106712,0.06408041179786794
8978,1.6528024949561495,0.6047603971220428
8979,-0.9909219623350112,0.6694272588822171
8980,-1.6382215966643374,-0.9931159316744684
8981,-1.4503033219447539,-1.0817694070472206
8982,-0.7288033207615412,1.2918164703016222
8983,-1.5824961699578886,-0.13192405547728567
8984,-1.5322792788016606,-0.8931918801843878
8985,-0.6017762909102563,1.6607890385060773
8986,-1.3331450240253502,0.6130440829899271
8987,-0.686179906165799,-0.08779426608522822
8988,-5.273339999162941,-9.263609843768776
8989,-0.7797735671926052,0.879824679519483
8990,7.036460662500454,-1.2100198263241253
8991,-0.5290428014560636,0.21588430055481217
8992,-1.1160014720056801,0.30770939024169286
8993,-0.8690447509333517,0.7635065404676754
8994,1.620710199536828,0.24972950420969411
8995,1.940030967962049,0.3926630425333081
8996,-0.7858812619590639,0.5159527949862337
8997,-1.2267817193400303,-1.363222756583655
8998,-0.8128005406048708,0.5421036238604621
8999,-0.44503763509182,0.5194714749063644
9000,-0.4366760738309112,0.4211007461377129
9001,-1.3984554873573565,0.054341864510859636
9002,-1.0503379651709401,-0.2520942175452208
9003,-1.2013987542068003,0.34903911696558504
9004,-1.5178720005211814,-0.566831213596038
9005,-0.8947512356905775,0.9385531244937214
9006,2.183333968444671,0.10618565038313674
9007,-1.3622150172512175,0.2553126756043017
9008,-0.20008238818151733,1.233790094023794
9009,1.7721954225154397,0.7955149101017944
9010,-1.5400453581120388,-0.8112843857879201
9011,0.6842168281087152,0.0884377931439157
9012,-1.007926803643284,1.1926100169595233
9013,0.3265433328781562,0.4675198942174944
9014,-0.9013975792935723,0.841207236271743
9015,-1.249485580310566,0.06676179098072628
9016,-0.6295610624931078,0.8058719573497564
9017,-5.1231921504446465,-8.710133261634033
9018,-0.010304112581366445,0.009008472737779577
9019,-0.5422536582545152,-0.09030824772966016
9020,-2.0877164782044964,-0.9228750892993408
9021,-1.3478270920555113,0.43495823096830283
9022,-0.41788655591622476,1.679436886449626
9023,0.3575899500010587,-0.5941779390720855
9024,1.738772929507002,1.2368874413279032
9025,-0.772030530703776,0.015718049795243397
9026,-5.1982660748037945,-8.986871552701404
9027,-0.8818638174830892,0.9164601062614189
9028,-1.244460391788511,-0.04292577746865375
9029,-1.394522585188731,-0.43591642662989905
9030,1.358819258721492,-0.1261011924798198
9031,6.603959944919214,-1.6652421221674516
9032,0.7174608385668138,-0.44956639099540835
9033,-1.3381343015404366,-0.6427468935193522
9034,-1.0610296853651204,0.6349742050154611
9035,-0.3375550263871246,0.3575234480918664
9036,-0.4164615820340208,0.611640586271958
9037,-1.2590840513426715,0.2479052715530717
9038,-0.5418710424254628,0.32173787386489694
9039,-1.4261810758929243,-0.11701096671858405
9040,-0.37775851449696396,0.6179807798750229
9041,0.8284832146183045,0.7298759200358683
9042,-1.0172785630663557,0.7467968562699864
9043,0.8850728100652878,0.9371879803757627
9044,-1.1746783551281361,0.14763565702704576
9045,-0.9823627383252572,0.878132803612966
9046,-5.085655188265073,-8.571764116100344
9047,-0.3938413229833644,1.8064715046900277
9048,-0.933131981839474,0.9603777796562383
9049,-0.01017657446649293,0.46507222791284153
9050,-0.873948406434405,1.1421332331579959
9051,-0.1742383844372404,2.1256439641395284
9052,-0.6372946474912609,1.245504210772284
9053,-0.23501316189681776,0.33344750251759586
9054,-0.05101716777062237,1.4409745743308173
9055,-1.2826927433257285,0.3392932855977823
9056,-2.529730702049974,-2.8773264644725085
9057,-0.8668033710924393,1.1177557660614181
9058,-1.4720277091110046,-0.1945310290126984
9059,-0.8020938625983592,-0.7241510822364926
9060,-4.91789348343144,-8.728612615749311
9061,-1.5969344161725865,-0.37891308644057453
9062,0.1304388424808199,0.24185404777012157
9063,-1.2873155704605532,0.3412704557609966
9064,-0.20191449453574323,-0.28439643292285877
9065,-0.5282448877784752,0.10034380210401934
9066,0.04320581535124023,0.141714270661975
9067,-1.1858444745277439,-0.11271421624079374
9068,-1.125367536087116,0.5867779868059747
9069,1.7989806848148044,-0.2437388651996934
9070,-0.08958231939076053,0.6641396616974617
9071,2.105204667676598,0.9129428128933316
9072,-0.5052198784994264,0.5050615224560663
9073,-0.09016270892175818,0.19635381211708963
9074,0.017510973560480834,-0.25809720961503263
9075,-0.7211198104240815,1.1181123409272917
9076,-1.1942266032415705,0.16000987495539648
9077,-1.04781870228817,0.5147917526325473
9078,-0.6107684985731606,0.019387646391310853
9079,-0.6629206145393882,1.1893362274359167
9080,-0.7213672098512919,1.013100083375978
9081,2.7302931311539087,-1.463304835240498
9082,-1.298064729040658,-0.29847358522516304
9083,-1.043735324752547,0.774230373065732
9084,1.259205049519696,-0.10608871845203008
9085,-1.633180787347627,-0.9293543956910735
9086,-0.71233703090077,0.18451883355719506
9087,7.832879822508056,-2.4081822045914048
9088,-0.21826752666046428,-0.42180292609712683
9089,1.370926142893662,1.0598886702464743
9090,2.262653611292364,0.3543745528457318
9091,-0.8333171698553404,0.6705754827182463
9092,-0.9144228059643627,0.9100472439489198
9093,-1.336026893101882,-0.6386264639429748
9094,0.700854726930463,3.2337367758898488
9095,-0.9541960882581683,0.8379612560400963
9096,-1.4478190423170367,0.016248741392861393
9097,0.4592658163325717,-0.5629367927147121
9098,-0.7111742568736005,1.3867590477645477
9099,0.4259727867462829,0.26094802733303174
9100,-1.1588583791932896,0.6468476844586767
9101,-1.270273390020678,0.15071311969427476
9102,-1.3365761107895966,-0.16423806667454563
9103,-0.7755861766762313,0.5698569024740789
9104,-0.9437345852720564,0.8718131030737858
9105,-0.9811257470306632,0.3793213596355522
9106,-0.17054748160337507,0.7058733365348948
9107,1.0191606204116352,-0.8866115114690746
9108,-0.9704129134324219,-0.512204548123704
9109,-1.1566281389079538,-0.45614059851056105
9110,-1.041848927812805,0.5989338098694731
9111,-0.142185860078991,1.4390439244360755
9112,-1.3614478345665595,0.011621648177909782
9113,-0.28827645280010816,0.8072634975066698
9114,-0.8047895890033941,1.1317576578370727
9115,-0.1447897326234244,1.2623744166761242
9116,-1.1893072881590736,0.2205696074533052
9117,-1.8598046755077007,-1.3607078761898361
9118,-2.1473546728743917,-1.8360187442092193
9119,0.7655195248771169,0.278271892628143
9120,1.0919879199093274,-1.0944256379989776
9121,-1.674823566322037,-1.1275854234163871
9122,-0.8087171706513187,1.3639629649167206
9123,-0.8726762804060063,1.0266345312930305
9124,-1.0741691165780438,0.7802189615356555
9125,-1.3319075706154555,-0.08302475997745155
9126,-0.0447474571373181,1.9985145051632907
9127,-0.0730332777814457,1.6346599026462232
9128,2.1311186514653,0.46855138876253183
9129,-1.4911215446637016,0.3301485257049556
9130,-0.8888887299631576,1.071224015043955
9131,-1.851336519035311,-0.213817984691105
9132,-0.7298647676532397,0.0714402908507667
9133,-1.3166753212814428,-0.1293056693023422
9134,-1.1539776708424199,0.40163389833300045
9135,-1.1081423654905151,0.42749468386761447
9136,-0.5633450516681366,0.8481818331896877
9137,-0.7560230343059432,1.4003200088270888
9138,-5.085655188265073,-8.571764116100344
9139,-0.9960675915130648,0.6392724890908833
9140,-0.1746009908152056,2.24620726742077
9141,-0.28881203530415966,2.0166004572881415
9142,-1.0612570931178742,1.0390132057785848
9143,-5.085655188265073,-8.571764116100344
9144,-5.085655188265073,-8.571764116100344
9145,-0.5966166275951008,0.5101538165778926
9146,-0.7170837113089836,0.2992568522360517
9147,-0.7680276726406882,1.1197658651723912
9148,-0.46961390409983483,0.08588147433953947
9149,-0.5115191733483231,0.013351543852772027
9150,-0.6951172522545498,0.9489100719914466
9151,-0.6846295313750149,0.6949048183284914
9152,-0.7175939240126907,1.211212770395753
9153,-1.0048494433121369,0.815997423022499
9154,-1.0175008831112955,0.5325509299667882
9155,-1.00698659267084,0.7932558297881602
9156,-1.024344221994745,0.7511503338389192
9157,1.2927761779883096,-0.8448625610703228
9158,-1.7886416498847806,-0.9059497865530006
9159,-0.36273229232754806,0.4413270159643226
9160,-0.5967957941858302,0.7840353273977361
9161,-1.419080853202297,-0.14370636100482423
9162,2.52577764257875,0.4410613953231456
9163,-1.1817408348598795,0.5115079243604238
9164,-0.010506879021945505,-0.4003329874171448
9165,-1.1050908051511112,0.7405388530878834
9166,-1.3060572157256198,-0.2681784429871267
9167,-5.310876961342512,-9.401978989302462
9168,-1.5402128572832605,-0.6172340986227983
9169,-0.6132251593120507,1.0288007149329852
9170,-1.0809697687870987,0.28889633717357843
9171,-0.038899234379296196,-1.115583226280316
9172,0.8130359261982764,-0.31469253016138804
9173,-0.8992753503874491,0.9960705631510275
9174,-1.1139283233804465,0.541968972398885
9175,-1.055440578503094,0.44697103632776947
9176,-0.8228353503208881,1.0155063261209223
9177,-0.6184963453043527,1.294967046953434
9178,-2.0524659039674944,-0.925636522186395
9179,0.8686083755747602,0.5678993205919024
9180,-1.1993521762650337,0.3784026834578467
9181,1.4635423142894233,-1.128488217573716
9182,0.5838785048514475,-0.44359936882155093
9183,-1.51409120387974,-0.49687050988065556
9184,4.061746520375824,-1.8579824221868668
9185,-0.5238384394328374,1.755547550731242
9186,-1.117923072391546,0.6036709388349871
9187,-1.2456423508653915,-0.16151122021214753
9188,-1.4192220568481286,-0.6401022708510253
9189,-0.23378933736894136,0.5137315639853709
9190,-1.6528121522163375,-0.8233376383563342
9191,-1.2960304977954922,-0.17044481427905853
9192,-1.074664088328116,0.0947685501920239
9193,-4.432804175037298,-9.213118800511475
9194,-1.2592493202146307,0.4004970247264006
9195,-0.8277300383781118,0.984048407165846
9196,-1.1734713262588394,0.13278295732342463
9197,-0.44022487160562696,1.8256549432693159
9198,-1.2218653197384683,0.2701975172021796
9199,-1.3374499798504718,-0.06836798492063172
9200,0.8821639598989298,-0.8961690666063715
9201,-1.3154029179446238,-0.30656557094022935
9202,0.42029848137873005,0.2711762718622005
9203,-1.3254348399367941,-0.1279433470397161
9204,-1.4927234838881807,-0.7620377610209557
9205,-0.7432932906253273,0.42615524033445884
9206,-1.49438375511599,-0.4705064395384545
9207,-1.3517759550237138,-0.336510088576857
9208,-0.7095414236604453,-0.4682119281484002
9209,-0.9630970575898515,0.7008456334736277
9210,0.3920571897519463,-0.46461571373746924
9211,-2.0390250222779893,-1.896202582743218
9212,-1.0673967098348118,0.6346946049197092
9213,-5.144023233702407,-8.851963262315985
9214,-1.5861296111178995,0.2542109319472162
9215,0.5305569168750612,0.03990894044981958
9216,-0.675282884912256,1.1917855713910563
9217,0.01886918486324455,0.5710562844391317
9218,1.6702703768710025,-1.7442587391566176
9219,-0.4067922326803296,1.5874426277275815
9220,-0.3833552275133682,0.6815336901596228
9221,1.5233415169289766,0.07733686901882249
9222,1.9645511074400108,-1.5038370025226764
9223,8.122772729015464,-2.637178385108578
9224,0.07094830493666993,0.1297855963155437
9225,-1.1607046071115688,0.1325933400116441
9226,-0.12735939058471107,-0.5475993017070421
9227,-1.4007214262868324,-0.056334038647165206
9228,-1.3944334093532893,0.35461272642901637
9229,-1.086789860108444,0.509864378154505
9230,-5.1982660748037945,-8.986871552701404
9231,-1.1853328404114676,0.17531177291202124
9232,0.4164728503849786,0.4931242785553277
9233,-1.519907977008657,-0.5807084000085301
9234,-2.871521957307439,-2.8708758688171625
9235,-0.08734171433436108,1.2584037780701576
9236,-1.5190332593935285,-0.030627390044962163
9237,-1.046437863589674,0.5351669042787054
9238,-1.121673480529703,0.5090555575122238
9239,-1.168384458905597,0.3232031036326858
9240,-1.4589037563609433,-0.5239350488011162
9241,-0.8703414154778483,1.1213402472512397
9242,-0.9443037650662847,0.9687077544698638
9243,0.12933004514706334,0.343558011355857
9244,-1.0423456025183047,0.7920387374292341
9245,0.11402948757981483,0.2691586209644561
9246,-1.4989660488938763,-0.5765662021289407
9247,-0.11510579802382492,0.12497787821543813
9248,-1.2520278786882357,0.11658342454664679
9249,-0.10740262571605423,0.6635205718637099
9250,-0.6469936614379608,-0.44653898943244735
9251,-0.9406779941952732,0.7705577580057129
9252,-0.7734975281379927,-0.5978312208255366
9253,-0.09794328855822843,-0.38328398718473417
9254,-1.5616219697746414,-0.6589677955744954
9255,-1.6288206476880984,-0.02826704957266339
9256,-0.14011471317937835,0.6811242293063612
9257,-0.00899663916611897,1.2892196110591145
9258,-1.2800697115413062,0.0005280743328439499
9259,-0.2648264474548184,1.3659101069898734
9260,1.8946732274151679,-1.3954435651159496
9261,0.8978565715160983,-1.0919007453875333
9262,-1.4188283113652125,-0.36548851580285274
9263,-1.3103252497926638,-0.49659649397637645
9264,0.48431487782210736,-0.44125777259062154
9265,-0.8747512678197223,1.1346796703753927
9266,-0.7374264490553942,1.0756998316097321
9267,-1.2485313145466916,0.38772417073394455
9268,-1.0923025596677713,0.6775549888871817
9269,-0.5691379353775223,0.8830922149093294
9270,-1.193985779120312,-0.005439144837806623
9271,-2.459410483887017,-2.6701707656412723
9272,0.09114761661288587,-0.39690490864911315
9273,-0.5419914077396599,0.1672089879489161
9274,7.431554676394834,-3.3575767192305914
9275,0.008987684592501089,-0.7209821102186073
9276,1.4441447680603026,-1.1463777485476865
9277,-0.8157932588455644,1.015581455425955
9278,-1.1483377248104505,-0.6122999984961153
9279,-1.501325495026018,-1.0141859904735582
9280,1.1340604431573795,0.7773331824047427
9281,-1.0966687815335827,0.7101292561059162
9282,-1.0446493648582997,-0.545691935274516
9283,-2.02851109994256,-1.6301569928719597
9284,-0.6962233204508274,1.4227688035241344
9285,-0.521064195437514,1.509073580170881
9286,2.0017656757717543,0.1289105885812228
9287,-1.5138469790793492,-0.71317913052086
9288,-1.2339338600348102,-0.17571560805711012
9289,-1.6248545615620056,0.18758668258007938
9290,-0.37218204637612495,0.9846880185010797
9291,0.10473957235249065,-0.4734765238940482
9292,-1.1621013894006356,0.22295228254863245
9293,1.546423241684484,1.1233054411772545
9294,3.534850598020293,-1.9404998777462168
9295,1.9034420487890018,-1.0611999318983738
9296,-0.9800534134126277,0.6793869851432118
9297,1.3317443091853334,-0.9871140915973702
9298,-1.2515596438232084,0.22374011521249304
9299,-1.0985772452845786,0.6744103941346493
9300,-0.8631184196014822,-0.2576227109018118
9301,0.7426265013107687,1.4741841087448904
9302,0.16991144633938113,1.6082808521933682
9303,0.19032638271460317,1.3433560807020748
9304,-1.6367013873191831,-0.38995779952994364
9305,-1.0817208701987586,0.12268701422552064
9306,4.239253834292373,-1.0721500457523399
9307,-1.1717025719319505,0.743497086686929
9308,-0.20274694274502,0.0008237779029467008
9309,-1.523101641467731,-0.10417827286034828
9310,0.14785949176902682,0.29806836342132986
9311,-0.20413172075834818,-0.04332344394087122
9312,-1.453257058897683,-0.3828241964784963
9313,1.8875515862537513,-1.458223939483895
9314,-0.3766535481413001,0.8445971750457958
9315,0.13083880853209492,-0.3414880791924368
9316,-1.408971405492604,-0.03042275147550348
9317,-1.6350207562712527,0.11719791922797708
9318,-4.609065392802375,-9.025819347308051
9319,-1.098979422168294,0.5941576737090876
9320,3.4909355954069463,-0.7497380775203423
9321,-0.5217655683830841,1.4192320083138807
9322,2.814746587725964,-1.8423748767594865
9323,1.8335704513579116,-0.5738600608358729
9324,3.2976874818019937,7.0539904125886475
9325,-1.0522217316011715,0.4698898219922732
9326,-0.9032965747840447,0.5412904414141866
9327,-1.0379686589533594,0.5368265409742414
9328,3.49985991586921,-1.5306410962137773
9329,-1.628471966835798,-0.8618473486798173
9330,-0.9165064114253918,1.0500662110422894
9331,3.6238579369542925,-2.125198037207622
9332,1.4576582855435554,-0.6854337435409211
9333,0.5046171840615964,-0.4618504209550461
9334,1.9860291078938304,-2.0698276246509812
9335,-0.12119364869643233,-0.3144950759152771
9336,0.5277737515253548,-0.3752909121963913
9337,-0.7847299975108922,1.1516404044539146
9338,-1.3617705716597128,-0.2385179168803901
9339,-0.7855064449302316,0.32593076341930877
9340,-1.259138748333664,0.4029568752158719
9341,-1.5206257252610096,-0.5502941917717681
9342,-1.0197356103330533,0.5970739243701666
9343,-0.728780718760716,1.097940969218535
9344,-1.8582397448646568,-1.511741391234057
9345,0.9387279078913575,-0.19533840728906868
9346,-1.5152997344088168,-0.6722638603458273
9347,2.157333526551582,-0.5926706911644142
9348,-1.2350257414862296,0.07876929057275309
9349,-0.8932431496036081,1.1467665444066533
9350,-1.7636588352197926,-0.5907337061877477
9351,-1.271118084451242,0.08668808807769857
9352,0.1596982368805831,0.7784543506022973
9353,1.2951323538826174,0.1477483931269931
9354,-1.8421241762786018,-1.4477957888377586
9355,-0.9397743976403065,0.14106644169157173
9356,0.7891445079612625,-0.06965608883202846
9357,0.9021892695505276,0.3861596957875323
9358,-0.711289716786085,0.9686676504151347
9359,1.1056091281511797,-0.18280600388000753
9360,-1.7161897618222224,-0.936960862512033
9361,-1.7378345494594463,-1.1353250277963705
9362,0.11864163636934916,0.5901451994718133
9363,-0.23764126894353974,1.1231262210386959
9364,1.025386329357825,0.897467789372757
9365,-1.059894082234449,0.9696618675724938
9366,2.2514923478977615,-0.34933160844371575
9367,0.6460260634903637,1.0227098664812888
9368,-0.2841873971641977,-0.11608262822361985
9369,1.236822159116647,0.4315195145828489
9370,0.5744393325940483,-0.552786698362299
9371,1.5869796464899737,-0.32165665374118185
9372,3.7921911510280064,-1.1630516931817507
9373,1.1502602911900728,0.12655629891203554
9374,2.139470977540835,-0.045420814511045064
9375,-0.7984504225952551,0.4438301523467302
9376,-1.0289090056250823,0.8769824070764782
9377,-0.8489023853482092,0.9108598628473293
9378,0.04153495234074743,1.1220360082088374
9379,-1.6488215958186192,0.14483973306331446
9380,-1.6386067264277553,0.18632498559503125
9381,2.8107631255295003,0.5258097145488727
9382,-1.5179746075150231,0.3624353276631239
9383,-1.200243626893279,0.5755072618338762
9384,-1.4076026256163838,0.11144437283474636
9385,3.42149619776695,0.6631307946657871
9386,-1.3205099770967652,0.1871103522486566
9387,-5.273339999162941,-9.263609843768776
9388,-1.8023374455610763,-0.08264212464498703
9389,-0.9195208220489919,-0.33928889792178035
9390,-1.0994157780612073,0.11462291497736023
9391,-0.956840839658048,0.5043060158186049
9392,4.245827023999241,-0.3503566095726454
9393,1.0980329077113062,-0.428089922052765
9394,-1.4075068090940888,-0.04525404637051293
9395,-0.49630174561877016,1.5321159084172402
9396,-0.41836052827785825,1.129395837652976
9397,-1.5937074961563893,-0.8086378732306069
9398,-0.9964909687575312,0.5956472744424222
9399,-1.3983473404380273,-0.16816878052693704
9400,-0.959972864788073,0.5297564349552768
9401,-1.1751151284594004,0.4154238684052243
9402,-1.251141983124348,-0.0031409306246014267
9403,-1.6130814549265446,-0.9342767780375442
9404,4.937570004098666,-0.6058836088524739
9405,-0.5059822509674238,1.607619169413908
9406,-1.272989835704461,0.07900280396691803
9407,2.463103613469474,-1.1155950703161364
9408,0.03622115764455945,0.058356840705969214
9409,-1.2390307755350216,0.041816278413872386
9410,-1.345278697456094,-0.9111202023723034
9411,0.9588749157397429,-0.7658865101945501
9412,-1.2760381365780975,0.47047435669619797
9413,-0.9208504393153408,0.8070157760096984
9414,-1.4519748753844823,-0.37059648068720935
9415,1.6341197810662897,0.6133915765041779
9416,1.2072884396466568,1.2928621604149244
9417,-1.2773850286259631,-0.1597986907444686
9418,-1.5652939811595339,-0.31044304091881514
9419,-1.065979413127404,-1.1101034118859419
9420,-0.7173608791714883,1.3893088365463033
9421,-1.0889280731269273,0.6788663706340801
9422,-0.10560657917035444,-0.40642099893370665
9423,-1.7885934717826215,-0.19062515108841263
9424,0.2985887405895279,2.0686349163284734
9425,-0.9241595267906245,0.7078461578413594
9426,-1.2256423747617002,0.4335490743365599
9427,-1.6550916872234025,0.08153946071717356
9428,-0.5237118587046793,1.276020271400075
9429,1.1861121966860595,1.5718718105715868
9430,6.192288465675914,-2.109238150366037
9431,0.5991479253594334,-0.5703629376527228
9432,-0.09226507583591076,0.16835709807751215
9433,8.79540438368067,-2.7908342765457217
9434,3.8653825822819345,-0.5875662738308389
9435,-0.013654955799873853,-0.48203514225345745
9436,0.40634727271482896,1.4657425927926258
9437,3.9420979090764723,-1.0280364273278229
9438,2.769635825964568,0.5566627230984805
9439,0.32663350893988935,0.8246869115369748
9440,0.551972947835502,0.897773918188557
9441,1.0325529812423557,-0.2873541747676109
9442,3.7544435296648073,-1.0972224491269575
9443,-0.6308309679922609,1.5255277835721202
9444,-1.851292069689921,-1.3059619498573989
9445,2.9954538005966294,-2.084098000071014
9446,0.7610954591372032,0.8050303390189061
9447,-1.9851958696538714,-1.5659857069389078
9448,-5.16072911262422,-8.848502407167718
9449,-0.5569290886246602,0.2862848071951105
9450,-1.5788085565046286,-0.6011305367848268
9451,-0.29443898520297407,1.2583601457026223
9452,2.7471826491564157,-0.6065990190698576
9453,-2.1287091425842632,-1.2035862795776584
9454,-1.3149898315711348,0.026784424646553298
9455,-1.3738859704206106,0.309722580338442
9456,-1.5633142737594967,-0.0416224113316037
9457,-0.9732386947528251,1.0469448376721895
9458,-1.4291927313895718,0.19068979100054065
9459,-1.2324098061752151,0.3715402485062154
9460,-0.7445247793661294,1.4668720534308328
9461,2.9995009045900565,0.041902060138367316
9462,3.608229532153085,-0.3867426111846784
9463,6.630748120917484,-1.0337925339735439
9464,5.500876194168474,-2.436764384463034
9465,0.29446133025517246,0.7468803732447885
9466,0.4755068529833506,1.0411628818584127
9467,-1.2656640516142592,0.0318112527205711
9468,-1.2950082101313534,-0.47428004623605197
9469,8.235909630337076,-3.164613021890895
9470,3.9332389982017766,-1.8761542174984698
9471,-1.5325978063867478,-0.6415441007891493
9472,2.0698670746358654,1.0808582947392298
9473,-0.34522836744109797,1.131048930512735
9474,2.2925143197310724,-1.0274846068512813
9475,-1.102680224705354,0.6993461320067875
9476,2.0570471360409357,-1.2896394597395304
9477,-1.135762322070886,0.8193463467410168
9478,-1.0335837232488214,1.1765122302210393
9479,-1.2470556034337572,0.08014885013954239
9480,-1.1518214103363151,-0.28831834683293084
9481,-1.1232969904081316,0.05437021604196844
9482,-1.0168995161286365,-0.018705106771254892
9483,-1.2763743724171224,-0.24734456994503157
9484,1.5385338967678575,-0.551786571890618
9485,2.9035478292411265,-1.2591343466697904
9486,-0.9128787648333377,0.2930871712528127
9487,-1.3099082317655932,-0.5325106054909845
9488,-1.3081149346410286,-0.0032205791825358214
9489,-4.6533187937873715,-9.173757050284397
9490,-1.025865671504504,0.9147656578394212
9491,-0.4927441674250218,0.29847915032294386
9492,-1.1118125992029124,-0.048792746836083194
9493,-1.03587489647863,0.9121433555040908
9494,-0.9745571071047595,0.6058880731590686
9495,-1.6851027379383567,0.12647375466968766
9496,0.6236140551378249,1.1357957003406238
9497,-4.561576171364395,-9.026939830074765
9498,-1.5001557889398924,0.49150935110119387
9499,2.2088748537926572,-0.9331593794454613
9500,-0.5389324545197055,-0.4135619215910247
9501,2.831025634260642,-1.7639404781125403
9502,-0.8599315764302391,0.6724185798698866
9503,8.647883290998603,-3.925487016921036
9504,-0.983399144011638,0.13101170946648022
9505,-0.8058354539452375,1.142278757022899
9506,-1.3378566489119188,-0.06254726154524853
9507,-0.10882874732032308,-0.16176375693899614
9508,-0.6970727176448892,0.12100592786031408
9509,3.4408538290250354,-1.4812997447254252
9510,-1.2230898461930606,0.1145093183670961
9511,-4.642604267875883,-9.023319777599193
9512,-1.105569470947071,0.4898754331900556
9513,-1.1443788021913825,0.4849028746224463
9514,-4.766837657519618,-8.88200026025001
9515,-1.880521270847819,-1.183980777786365
9516,-0.7949059752418545,1.1048972705002122
9517,-0.9650176657507282,0.7349916357887275
9518,-5.085655188265073,-8.571764116100344
9519,-0.3416116076606287,1.4640035130448146
9520,-0.7268046973747286,-0.10147099490248401
9521,3.4064219002044136,-0.13887706450569606
9522,0.848520596301942,0.7669341812452157
9523,-1.2348509990468497,0.21941207668452023
9524,0.3428808155478104,-0.5695173712333411
9525,-0.8911643520935322,0.907334659281342
9526,-1.0948516197986826,0.7136146703461066
9527,-0.9520680397622437,0.6904736570127873
9528,-1.0615322922514685,0.049297937087966766
9529,-1.1765735968710613,0.017933009130596454
9530,-1.2733096836772244,0.020907525632773524
9531,-1.2713374115049245,0.11579366355457689
9532,-1.546371777105201,-0.3139909563194358
9533,-0.9201176653842129,0.7977958149116687
9534,-5.16072911262422,-8.848502407167718
9535,5.513675514480448,-3.257916867344004
9536,-1.5816090050614966,0.2525729357889806
9537,-1.654854166879146,0.10136378006605058
9538,-1.631461621102981,0.1275911972249872
9539,-1.537365740456659,0.36031711377662784
9540,-1.5260837569762313,0.40615002897617486
9541,4.71372717067834,8.775763132056253
9542,-0.3974822221921003,1.9451855986926039
9543,-0.5427976093114593,1.8064879905733882
9544,-1.6065104797076282,0.19936255445287476
9545,-1.503087650939296,0.383895868842721
9546,-1.6563183803882944,0.15964360712579828
9547,-1.8445253421604628,-0.42445797166210714
9548,-1.7749408612239106,-0.37727494516906346
9549,-5.085655188265073,-8.571764116100344
9550,5.394068549360941,-1.556849645585104
9551,-0.02087589388074798,1.4006406106884783
9552,-0.576962513643693,0.7803098505976912
9553,-0.06985506055450673,0.14167221568106314
9554,-1.390811155510684,0.37982008247563187
9555,-1.2904403911853422,0.38286569155272426
9556,-1.408869852649148,0.02625543232068711
9557,4.003213048452318,-1.371801735554564
9558,-1.6947592280478956,-1.130937886485109
9559,-0.8051438788329219,1.3249964368194092
9560,-1.5094871886244277,0.5327165785052742
9561,-1.7469760323009704,0.00044054938687564766
9562,-5.1231921504446465,-8.710133261634033
9563,-0.9250864620554564,0.9869526579147415
9564,-1.6920400751673346,-0.8955675572226233
9565,-5.310876961342512,-9.401978989302462
9566,0.8762498268988059,0.932407849768749
9567,0.6850746061377346,-0.08785686875363685
9568,-0.8145144932390573,1.255498926970329
9569,-1.1157314441747568,0.39999926050926615
9570,-4.812794907157548,-8.771063635457272
9571,6.119124961070612,-2.067369048687116
9572,-0.9473696161044961,0.8151297359279044
9573,-5.273339999162941,-9.263609843768776
9574,-1.7830315442156803,-0.19582030402543454
9575,-1.428690442157585,0.5024431734676174
9576,-0.9078252156886807,0.8917185233532438
9577,-0.41363190054168875,0.7320434489784254
9578,-0.8292177024531214,0.8568848302571015
9579,-0.6143943523289835,-0.3563351694349516
9580,0.3480068521868706,0.8186284632347975
9581,0.6608105987984564,-0.6927143391919428
9582,1.1991518025798718,0.022869939793120353
9583,-1.480478979973742,0.4560787333186367
9584,5.988159029571478,-1.4372545155265166
9585,-1.6518055491687351,0.1122892927012612
9586,-1.756602267833919,-0.01084102382349978
9587,-1.8118207929659564,-0.25975566680402545
9588,-1.6980155153740693,0.08638007446854233
9589,-1.4863698878321572,0.4283421348953769
9590,0.1586234831172043,-1.8510942728475446
9591,0.04729366107215063,-1.7848142277684407
9592,1.002452062769177,0.4708836845953737
9593,-1.3593468291862554,0.007098010886496725
9594,-0.3934169080996978,1.0841865974386116
9595,1.5588173145582465,-0.33782400542482194
9596,-5.273339999162941,-9.263609843768776
9597,-1.0069495776116073,0.6319281089709746
9598,-0.934078602086627,0.7117164618516472
9599,-1.052591986944397,0.5718693659106814
9600,-1.0715021237058342,0.8319814018104102
9601,-1.319752895196815,0.25306444346421314
9602,4.2997213208863405,-0.9720282763566732
9603,-5.16072911262422,-8.848502407167718
9604,5.53772943255364,-0.4629614562968484
9605,-0.5451089932048144,-0.5235577860065982
9606,-1.1235364025997856,0.49891029316679075
9607,-1.3009190616133293,-0.09674270947469323
9608,0.9358645950446618,0.2970183783583963
9609,-0.3923012064332082,1.6553856311922988
9610,-1.807462958662028,-1.2878751935524153
9611,-1.609614371858239,0.3564340782207048
9612,-2.106443588663309,-1.239743418483388
9613,1.4126262364796613,0.3198844802107006
9614,-1.1867082620618052,0.45118013761815257
9615,1.797127648717052,-1.3891446844543152
9616,-1.4018045211054537,0.23606396449742767
9617,-0.3936728033460075,1.3162417425393877
9618,2.1304029617337386,1.0024478230519123
9619,1.2989174538576687,0.0038923189541122945
9620,2.7935088352439967,-0.9398762277138304
9621,8.227051788584665,-2.5385795910245594
9622,-0.762092952149043,1.3084073926474435
9623,0.9050070422809433,0.7658598621950145
9624,-1.0781251280885868,0.10597688791434551
9625,-2.229906872232636,-1.85500024541319
9626,-0.7152902484871784,1.135497796648487
9627,-1.0405175049865623,0.9997770851254045
9628,-1.3673951766514034,0.028557822923421006
9629,1.6587159675292635,0.20207644493685836
9630,-1.874925496101257,-0.5143893882399546
9631,-1.1055188654780663,0.40333195229817553
9632,-0.25979280421284906,0.9154897196837173
9633,-0.04761435825671252,1.520010584099415
9634,-5.085655188265073,-8.571764116100344
9635,-1.2343383806384334,-0.4526246388398617
9636,6.138924712261036,-2.2192297725309498
9637,-1.1009156957642687,0.7558881860769798
9638,-1.2270581152419031,-0.29565205274707645
9639,-0.633971806950464,1.1694216001073803
9640,-0.527768339447786,0.2103672048810169
9641,-1.293914316308353,-0.2901063947709625
9642,-0.7607130937968021,0.5671419466956373
9643,-0.41074147093674357,0.1831331764533983
9644,1.5129360023860525,0.584353963053567
9645,10.919494989814847,-4.470400450350815
9646,0.06514265526095407,0.07637064352944384
9647,2.436695759680182,0.1646785153058155
9648,0.7045593875609971,1.1628758784671562
9649,2.52006892987427,0.4371906331785482
9650,0.7754308874991503,-0.3068456347655895
9651,-5.310876961342512,-9.401978989302462
9652,-0.6772648055014329,1.3427422062988328
9653,0.4487591687847866,0.520455651274377
9654,1.4070233734504831,0.32149785040206225
9655,-1.4133163645352413,0.013532093261138897
9656,3.9769391574358326,-0.9974734067004738
9657,1.8339120970516276,-0.9478712493858176
9658,-1.0712851384140862,0.36880005701140073
9659,-1.9066702873768882,-1.0712811837389948
9660,0.5933491383821491,0.9644791917643409
9661,-0.6827882672965014,1.5682613724143109
9662,-1.5610708562184008,-0.3316045097513306
9663,-1.3912955833687828,-0.06972855740366678
9664,-1.9870088540507895,-0.6532253836158732
9665,-1.872464717111409,-0.4166012477720726
9666,-1.9875310126456411,-0.6557792522478506
9667,-1.668000885580589,0.02142789385465757
9668,1.2844821387123297,0.01737144330661672
9669,-1.2395377741996567,-0.2371513611203776
9670,-1.4039035032608724,0.04467512010781033
9671,-1.4760082039443454,-0.1904611868923294
9672,-0.9590040986235674,0.74578517577461
9673,1.6542752066133504,-0.7497410794468735
9674,0.2768558801455615,-0.5562710768127581
9675,-1.1293127126777016,0.6689281195287692
9676,-0.7876414678697854,1.2252506647055164
9677,-1.2977917292916945,0.4439063668915849
9678,0.10668047564754143,0.06115724599756202
9679,-1.473003093771196,0.036987167211387076
9680,-1.976772297019546,-1.211276077257564
9681,0.8385521382105344,0.18515801405431298
9682,2.4605876852113036,0.14622779445325235
9683,1.7234396689143667,0.1978053669212642
9684,-1.6264117125614677,-0.8785435237366906
9685,-1.0839420927184225,0.8833393390636315
9686,-0.5627074496578003,0.4658670538110422
9687,-1.889408146301517,-1.2450353504819542
9688,-1.339408537869152,0.2136545299493679
9689,0.9581532576255566,-1.201996878851795
9690,-5.16072911262422,-8.848502407167718
9691,-0.6060495763259461,1.3846570574051973
9692,3.0227835660374027,-1.3667539793776637
9693,-1.0542032726184234,-0.2936067174796612
9694,-0.5332720733562061,1.0637324590501769
9695,-0.9405504487048282,-0.28758019238272
9696,-0.08674918035295887,0.36550106194284987
9697,0.6619656795745544,-1.1744317626082525
9698,0.782582778179071,1.1336571424000816
9699,3.4750891065408385,-1.1465594019823457
9700,0.3563027308944962,0.20670346266338707
9701,-0.8072544496464711,-0.018148409369032167
9702,-4.91789348343144,-8.728612615749311
9703,-1.1475213809071139,-0.00981580866045055
9704,-0.21492080196903232,0.03041900816292416
9705,2.6814245459574297,-1.5910445879708932
9706,2.904722315886129,-1.5249283923370143
9707,8.042441613006755,-3.5536573798561895
9708,8.625729777872738,-3.5209249207085125
9709,6.945787200527677,-1.9766653458272447
9710,5.472161417634847,-1.9697399497940788
9711,-0.45809940200854665,1.7194506732347723
9712,-0.4248397178756131,1.1083260598545224
9713,5.402528717666672,-1.8641129673776315
9714,-0.49165230895957324,1.003867566907121
9715,2.072287226564954,-0.01785335277150134
9716,0.13856841472921128,0.39703425097286515
9717,-0.17508010558074436,1.3183234340432366
9718,-1.2605082245270829,-0.011115575326488866
9719,-1.8588371932938752,-1.034331867068145
9720,5.987836865912981,-1.4450285896751538
9721,-0.5704265087493381,0.5511224785620644
9722,-1.777546454595545,-1.0479366680533986
9723,1.0728404293485594,0.6072331662867572
9724,0.1100310599739076,0.518658102096983
9725,-1.2937866858726992,-0.09095320056795046
9726,-1.4053691924853875,0.32445482742799464
9727,-1.4750109625153642,-0.5522004570885171
9728,-1.278155822446896,-0.012318660841421802
9729,-2.143348122147444,-1.3028321486785026
9730,-2.1345803914987944,-1.2198600863425073
9731,-0.3925236021645405,1.4407497191646603
9732,-0.8194961068174855,1.0411732027065501
9733,-0.8075770124853419,1.0252206973381794
9734,-0.8342618344996234,1.058266574410352
9735,-0.6428446646747599,1.3651310916362855
9736,-1.2899127298692579,0.5497824673958883
9737,-0.7438657355408202,1.318191171995094
9738,-0.5792183898889202,1.3980718726694008
9739,-0.9977978320372625,0.7707624922161203
9740,-0.7220374757364442,1.3488859173812409
9741,-1.1176333429883638,0.6424031028100898
