Dim1,Dim2,Class
-78.39089,30.046139,1.0
-71.00951,30.162384,1.0
-47.80504,21.198774,1.0
27.25495,17.786955,1.0
-50.183506,13.221132,1.0
-73.80506,24.040482,3.0
-48.94454,25.583986,1.0
13.672607,26.490269,1.0
-8.736323,45.717785,5.0
-72.075615,27.434473,1.0
-51.347294,23.902822,1.0
4.158694,42.98567,1.0
1.7038124,-3.5513992,1.0
-58.883904,-14.612929,4.0
-31.10866,52.870716,1.0
-73.507996,24.025074,4.0
-64.306145,14.54361,4.0
-22.227427,20.40085,1.0
-61.87839,25.071173,1.0
-20.708338,55.721096,4.0
-67.73942,22.674398,1.0
-47.71936,19.621784,3.0
-27.77056,39.281387,3.0
-18.171612,18.195942,4.0
-63.24979,15.440651,4.0
-23.33414,-3.1420212,4.0
-4.279532,19.489376,1.0
-40.02714,-32.455208,4.0
-52.2857,6.4841647,1.0
5.5408926,60.910667,4.0
-47.092415,14.678255,4.0
-76.19759,27.533663,3.0
-70.39429,24.647142,1.0
-63.189274,14.274636,4.0
22.54022,34.422073,1.0
-69.71393,20.701523,1.0
-39.50424,-31.499268,4.0
-22.391037,-3.4459834,4.0
-6.5747485,11.649643,4.0
10.236193,4.902633,4.0
-44.889996,22.785616,1.0
-38.477955,9.008643,1.0
-8.530121,18.218557,4.0
-78.85845,29.772749,3.0
-60.167156,25.032118,1.0
58.43127,-24.872417,4.0
-76.78189,27.002712,3.0
-46.324867,10.500561,1.0
-49.75583,-50.726494,1.0
17.236446,53.665585,1.0
14.75334,-71.89943,4.0
5.771857,12.335319,4.0
-50.640854,3.8606036,1.0
-45.30803,17.094355,1.0
12.9968195,4.3803253,3.0
-65.218834,21.745525,4.0
9.211335,37.04038,1.0
29.880781,33.395935,1.0
24.085196,52.87481,1.0
27.817827,52.716934,5.0
5.4009314,20.44309,1.0
-42.787804,6.0668836,1.0
-67.59495,15.348896,3.0
38.048653,29.538895,5.0
5.3178244,29.483004,1.0
-54.492825,-16.075129,4.0
6.750302,-0.9929001,4.0
27.064035,50.477974,1.0
-8.069638,21.134892,5.0
-10.969407,-84.87107,
13.159817,-4.990596,4.0
-5.1348176,55.074852,3.0
-11.810604,-79.615974,1.0
-6.0058765,10.767501,4.0
-15.545862,3.6574852,1.0
74.196495,-18.343487,4.0
0.11632054,28.719133,4.0
-24.534258,7.1435876,1.0
22.96135,37.25779,1.0
-3.0791142,23.689474,1.0
3.1025355,7.378397,3.0
-5.58337,52.878624,3.0
14.1324835,25.6808,1.0
-16.192862,-20.73619,1.0
-62.91175,25.67183,1.0
29.198908,-56.524277,1.0
-27.26963,-14.685692,4.0
-50.42034,-54.104942,
-9.923631,50.010277,3.0
-21.55364,15.653165,1.0
22.882502,56.878967,1.0
49.027508,-8.924915,3.0
-69.30914,20.706518,1.0
-55.663937,-1.7170507,4.0
9.91023,-75.621864,1.0
-44.38427,17.059004,1.0
-12.488414,-76.54156,
-77.7593,28.675245,4.0
-76.32866,20.949696,4.0
-51.538807,12.786762,1.0
23.928623,5.6099396,3.0
-31.336584,-10.83447,
53.9136,-25.856707,4.0
29.203856,30.225098,1.0
51.54911,-4.5980005,1.0
-8.20732,-76.564445,4.0
-10.984379,50.27714,1.0
-28.30124,-16.177618,3.0
2.7247927,22.69004,1.0
29.701988,49.45492,1.0
55.75,-33.750744,
64.36604,11.148841,1.0
-9.466852,53.15018,3.0
-7.6137943,28.001812,1.0
76.31014,-20.203081,
-29.374704,47.858814,4.0
-67.438324,23.241331,1.0
6.348107,18.480627,1.0
-60.254246,21.129915,4.0
16.239285,-0.32486403,1.0
-40.29916,3.017587,4.0
-51.79034,-53.30534,4.0
61.392628,15.09119,4.0
-75.56817,28.295933,1.0
-48.506023,19.28479,4.0
32.40528,38.4189,3.0
-71.84254,27.416203,1.0
-26.006634,-18.391296,4.0
8.065119,50.220646,1.0
-0.9216306,19.445965,1.0
9.5786,32.08362,1.0
-59.459747,25.95866,1.0
-12.230822,14.3933115,4.0
-46.6386,24.266106,5.0
-68.10136,23.8149,3.0
-37.85149,-32.462753,
-62.683266,15.546758,5.0
2.6984477,8.486302,3.0
-72.50799,27.89198,3.0
6.8269196,34.83488,4.0
-49.08519,25.900805,4.0
9.909537,41.046,1.0
-45.846153,18.493444,1.0
-1.753925,4.4087267,1.0
-46.249767,22.744562,5.0
-52.448906,25.994802,5.0
21.283537,56.879612,1.0
-44.657375,5.7534494,4.0
-21.026066,-22.109085,1.0
13.894645,30.730846,3.0
64.13025,48.086124,1.0
34.658356,42.73187,4.0
-47.368893,10.646684,1.0
6.0568576,43.546818,1.0
1.2909547,-7.803497,3.0
15.248245,-0.5180415,4.0
-68.890526,23.082672,3.0
-46.358463,24.064413,1.0
-1.659059,3.2237597,1.0
1.5434618,16.27836,3.0
56.430668,-28.434244,1.0
-2.5081658,37.13167,3.0
-1.8950522,52.65036,4.0
-11.611614,43.968086,4.0
-19.204672,9.167955,1.0
-3.5475192,47.730133,1.0
-46.3737,23.54464,3.0
-40.272575,16.183064,3.0
-23.336676,-17.887156,4.0
47.430138,-17.002592,1.0
52.393085,-23.008799,4.0
-38.94255,0.38420224,1.0
-14.747514,46.874973,5.0
8.760012,-4.8546076,1.0
20.041086,59.19918,
-42.73827,12.44542,4.0
-70.99871,27.42579,5.0
18.37202,21.458311,4.0
15.582504,19.430733,
1.2181143,-7.964426,4.0
18.79348,58.996,1.0
-5.40042,36.883472,4.0
-9.563939,-65.103294,4.0
-47.12678,-0.09066062,4.0
-48.527313,13.55374,1.0
19.373396,54.993862,3.0
-8.409495,20.098593,1.0
52.02353,-35.364788,4.0
61.33328,-24.547415,3.0
-6.4658513,21.9761,4.0
-69.93676,20.221052,1.0
-49.78605,14.96746,1.0
-50.4872,26.133238,3.0
-10.655268,46.96912,3.0
24.035238,49.783855,1.0
-7.3906064,-10.495319,3.0
-34.270508,3.80883,3.0
-71.022354,25.00037,1.0
-37.339554,-30.814302,1.0
4.4037805,-9.016307,4.0
29.213955,52.632206,1.0
-63.589066,13.750705,1.0
-50.567528,12.343435,1.0
-19.377789,15.80013,1.0
2.450467,25.545694,1.0
-9.970564,25.905819,1.0
31.12885,31.078175,3.0
-4.97855,-74.5995,1.0
-17.666792,-3.0970654,4.0
65.61754,-17.883953,1.0
-56.936676,-11.838721,
-14.811911,-23.623638,4.0
-7.933852,43.67099,1.0
-36.555943,-0.5885899,4.0
12.567017,39.599335,1.0
21.02647,-2.3220532,5.0
-47.686607,16.558073,1.0
-69.89335,28.071796,3.0
51.602867,-4.7046146,4.0
25.882584,54.0622,1.0
-15.154022,46.41015,1.0
6.3505235,17.338537,3.0
23.851795,50.68254,1.0
24.180271,5.5760603,4.0
-79.133804,31.133553,5.0
-55.159153,9.473909,4.0
-40.2255,-1.2754369,1.0
-7.8550196,-71.512764,4.0
-52.89606,4.1039863,1.0
-64.81822,23.361757,4.0
5.850198,32.41368,1.0
56.28353,-28.340624,4.0
-5.129026,59.407257,4.0
-6.869195,32.862686,4.0
-21.591843,11.711628,1.0
-29.102055,44.56149,3.0
13.512184,26.60808,1.0
31.749119,29.802767,1.0
-18.132446,15.628526,1.0
-49.736916,11.892394,4.0
34.678066,42.50174,1.0
38.493908,-27.352608,4.0
-35.430233,-4.048414,3.0
-34.38983,-1.977289,1.0
-48.767532,21.754236,4.0
1.4595249,26.753748,4.0
76.801926,-21.973484,4.0
21.903982,-78.26374,3.0
58.871517,-14.237912,1.0
-67.72564,21.175285,3.0
-18.073807,-1.0680062,1.0
-40.884995,-32.29055,4.0
31.304749,32.342255,3.0
-68.26759,24.726913,5.0
-77.89381,21.670404,4.0
47.726948,-16.305996,1.0
69.382904,-17.987226,1.0
-80.23798,30.218334,4.0
61.74758,8.605731,4.0
-2.5868576,4.797637,4.0
-65.64998,22.022554,4.0
4.141173,-80.645546,4.0
-53.02794,-18.033085,4.0
-45.009518,18.458202,3.0
-0.75079924,28.191097,1.0
-3.6451054,55.44851,1.0
-45.221912,-0.16660725,4.0
-45.258873,1.5411716,4.0
-42.274746,1.0317413,1.0
65.0575,-19.749332,1.0
71.53556,-18.744387,3.0
34.17087,42.97963,1.0
4.261411,-4.6712255,1.0
-35.229965,0.24525505,1.0
-46.835594,25.3222,3.0
-71.58262,26.29667,5.0
-62.577465,24.331738,1.0
-80.292694,30.16266,4.0
-19.402496,9.555064,1.0
56.121487,-25.242262,3.0
-4.5239897,-67.928246,4.0
-0.1581251,17.746582,1.0
0.119460195,-70.14497,1.0
23.115253,50.17012,1.0
-37.152958,-31.25657,4.0
-10.489804,45.714558,5.0
-4.431573,20.383615,3.0
-68.498695,23.363157,1.0
11.686364,11.908118,3.0
48.374237,-18.465412,4.0
1.8739882,44.79016,3.0
-53.380634,12.805662,1.0
-17.605242,-8.235077,4.0
13.927431,-0.6644143,3.0
63.573578,-20.283222,4.0
-66.19523,16.08208,4.0
15.266972,22.504313,5.0
-68.64749,23.038641,1.0
-9.723369,-15.197194,1.0
6.7403474,-84.333015,4.0
-19.951742,13.34907,1.0
18.144695,22.947319,1.0
-72.21041,22.527138,1.0
-52.122013,4.9721713,1.0
11.042041,-4.7666674,4.0
-30.949806,0.07366833,4.0
-43.267,12.515304,1.0
-68.35624,25.136065,4.0
-50.374466,23.459639,3.0
-15.088254,16.172205,1.0
24.525993,17.516062,1.0
-66.80672,16.643055,1.0
9.706572,4.4158945,4.0
-43.054703,47.162586,1.0
-80.19338,30.589314,1.0
-69.16815,23.973131,1.0
28.208246,17.090107,4.0
54.17409,-19.939314,1.0
-9.263897,51.300213,1.0
6.4772444,7.168364,1.0
-46.63069,19.14955,1.0
-58.8603,-21.889675,
-77.46552,31.296164,1.0
-27.969248,9.897337,4.0
0.10708224,33.77532,3.0
-74.806725,29.410707,1.0
-62.704414,27.47505,1.0
3.522435,-58.412113,4.0
-57.171135,21.80883,1.0
-38.377193,9.045556,1.0
-8.588191,28.225718,1.0
-0.34288484,0.4475123,3.0
3.7381182,43.316326,1.0
-48.818153,22.213423,3.0
-75.17131,28.63256,3.0
-7.6175585,50.540462,1.0
-12.438202,46.810295,5.0
-73.918655,27.868383,1.0
-18.914875,-4.451322,4.0
-30.711918,47.96507,3.0
-34.767056,47.06224,
17.015604,-4.479419,4.0
10.452174,-78.16597,4.0
58.92707,-19.766668,4.0
21.102335,40.895256,1.0
19.964222,58.208755,4.0
-20.573292,-28.601791,4.0
2.178458,23.850592,4.0
-22.685598,-51.9389,4.0
-16.07788,48.91149,1.0
32.642498,29.892666,1.0
72.241936,-18.538385,4.0
-15.262223,9.083147,3.0
0.6630289,39.09167,4.0
63.826218,10.15186,4.0
-67.116486,21.13847,1.0
-30.04178,9.006718,4.0
-6.9209375,28.771244,1.0
33.136536,19.946869,1.0
18.964432,35.10155,1.0
22.59081,39.455936,
3.103308,22.050768,1.0
48.80216,-2.8546104,4.0
3.8479226,42.447483,1.0
-46.908722,24.048931,1.0
1.9292324,-9.967137,1.0
22.558687,-3.5262341,3.0
19.313519,12.5281105,3.0
19.688057,43.655666,4.0
10.216422,-13.482578,4.0
18.77625,-8.981571,3.0
23.691574,39.907333,3.0
-45.735085,-3.1041331,4.0
30.322954,35.574753,1.0
5.3141704,26.70457,1.0
-60.435604,3.1586325,4.0
-46.1234,24.24806,1.0
22.348747,24.735641,1.0
-68.645096,25.389854,1.0
-46.15861,22.797932,1.0
-4.8764772,54.197525,3.0
32.17396,29.575382,1.0
22.553438,24.574863,1.0
-65.836784,22.43767,1.0
-51.708828,7.182158,1.0
-63.043365,26.301737,5.0
29.966797,49.155773,1.0
18.151987,22.838552,1.0
-54.57851,-12.744983,4.0
-25.64191,0.0749715,4.0
66.33232,48.56746,1.0
-1.3184673,12.309033,1.0
2.6251254,-62.024612,3.0
10.427169,28.504025,4.0
2.7607467,6.6046495,1.0
-67.96958,25.419334,3.0
-44.3465,22.710981,1.0
-15.715666,3.2557225,4.0
-75.41675,28.29324,3.0
29.27753,2.5404544,4.0
28.236944,21.116371,4.0
20.500385,18.28282,1.0
19.870188,57.8001,4.0
6.7426653,8.979913,1.0
-57.2041,21.80289,1.0
-34.71835,-70.34361,1.0
-18.795843,15.6954565,1.0
-28.58921,8.374471,4.0
61.438736,50.26353,1.0
-48.755352,17.685266,1.0
-9.542614,51.2483,1.0
31.460945,42.505535,1.0
-65.4368,23.368137,3.0
-46.830948,-8.817909,4.0
62.34451,47.671597,1.0
-27.004831,2.5570037,4.0
49.67188,-2.1378345,4.0
33.367466,19.803484,3.0
-78.624275,31.57477,5.0
-15.362833,16.038017,3.0
9.926937,-12.737392,4.0
9.369351,65.56519,1.0
-50.675175,27.617779,1.0
12.024053,25.817863,1.0
16.222498,57.485394,1.0
45.01844,-13.407858,4.0
23.337397,1.4825387,1.0
6.4106436,10.686834,3.0
-8.710345,20.046053,4.0
-38.008793,-1.1038078,1.0
-5.6746397,-16.028103,4.0
-49.310673,26.240423,1.0
-50.01012,-54.808464,4.0
-45.883495,-55.204395,1.0
-52.546116,7.713235,1.0
26.63051,25.27796,1.0
-73.790016,28.937555,1.0
-37.73047,-7.859495,4.0
22.811184,45.373013,1.0
46.094604,-15.916677,5.0
21.99469,51.450466,1.0
-20.797394,-24.929707,1.0
-55.123413,-2.6165044,4.0
-64.4699,23.774326,4.0
-63.150394,14.446669,4.0
44.834118,-13.556435,4.0
0.76031667,35.3366,4.0
15.527227,18.671694,3.0
14.218275,-5.124268,1.0
1.1715509,16.3813,1.0
-43.190258,-6.4680095,4.0
-27.287914,39.89683,1.0
-29.58198,41.39638,3.0
31.69244,20.626873,1.0
21.40993,48.063435,4.0
-61.849804,16.166906,1.0
23.834017,-4.882199,3.0
-0.59713805,23.20087,4.0
13.170588,-4.955035,4.0
-52.018784,3.8237686,4.0
0.6710107,-59.836433,4.0
-78.63518,29.181688,4.0
31.827896,28.576242,1.0
-52.2001,6.821582,4.0
-45.745724,4.742413,1.0
6.457356,7.228936,1.0
6.634185,10.646715,1.0
-31.438313,3.5832813,4.0
-54.022095,-11.60715,4.0
12.778941,-4.766802,4.0
14.009326,17.652775,4.0
-8.064386,20.086258,4.0
-69.046135,23.665676,1.0
-8.223861,44.091526,3.0
-77.47778,21.647284,5.0
6.5322804,32.447323,1.0
-46.803288,18.928999,1.0
25.855747,23.66281,4.0
29.744192,51.96554,1.0
6.061958,21.196507,1.0
-9.227442,53.195786,3.0
-21.36202,-24.953018,4.0
-0.67412096,19.4594,1.0
-71.95457,18.118237,1.0
-50.685394,22.403307,1.0
-63.957176,14.391104,4.0
-63.47994,14.12978,3.0
4.6855464,-11.114141,
2.7417457,6.4573474,1.0
-7.0567675,6.0636506,1.0
-56.82509,-25.95603,4.0
34.175377,41.85304,1.0
25.902277,37.783577,1.0
14.952049,-1.4623898,1.0
14.683979,30.920033,1.0
29.480421,-60.370785,4.0
18.169846,-3.6136096,1.0
8.799911,36.829372,1.0
24.531218,48.685596,1.0
55.66607,-25.639265,3.0
13.692638,26.956434,4.0
-17.803219,-13.403697,
-8.880195,-71.6277,1.0
-7.163702,28.374563,1.0
-73.410126,30.557943,1.0
-73.01226,28.918415,1.0
-76.375496,29.9512,1.0
-77.669716,30.267733,5.0
-74.64789,27.239447,1.0
-75.6844,28.73583,3.0
-79.50283,30.111538,3.0
-59.856834,18.450739,1.0
-74.65817,29.791721,1.0
-59.359,18.356014,1.0
-73.72998,29.488104,1.0
-47.352383,-12.949202,1.0
13.828427,-76.20431,1.0
6.945295,-83.180214,
-11.510535,19.944092,4.0
18.77325,22.555542,1.0
-76.56667,26.863344,4.0
-1.9555895,-0.9893085,1.0
-47.04041,10.455213,1.0
19.23946,55.08173,5.0
30.471346,31.675291,1.0
-6.7052345,16.825212,4.0
-55.499504,-23.179638,1.0
-58.890675,18.507132,1.0
10.876189,29.529318,1.0
49.00221,-8.751446,1.0
22.927607,56.74395,1.0
-37.19171,-66.53665,1.0
-1.0644435,18.454967,3.0
-57.72461,-0.7392496,3.0
2.428937,19.553593,1.0
-9.342756,-66.52687,4.0
-43.208294,-65.53945,1.0
28.115768,52.460045,1.0
50.025017,-21.894756,1.0
73.54644,-19.522858,4.0
-10.417214,45.748047,1.0
48.12433,-25.18741,
18.205284,18.337753,1.0
-5.556761,54.88031,3.0
-1.3476642,-9.9089,4.0
-29.197945,44.197613,4.0
-74.93045,29.386143,3.0
61.76643,-27.44016,1.0
7.125081,59.892715,4.0
-50.77311,23.681387,1.0
19.129597,17.777908,1.0
-47.91915,16.297281,1.0
3.8683975,35.98068,3.0
2.489936,19.51929,1.0
-56.98629,-18.028889,1.0
13.748265,26.743332,5.0
-36.96344,-10.424636,4.0
-29.718752,-28.511433,4.0
-47.399323,9.990962,1.0
-50.07136,48.94288,1.0
4.8927765,30.444405,1.0
10.325849,-35.49187,3.0
3.1083665,-65.55432,4.0
-18.563442,-12.960815,3.0
0.17839517,28.193872,4.0
23.376974,40.02508,1.0
-22.151232,1.9468135,1.0
21.076595,53.768616,5.0
-5.5764756,10.294601,4.0
15.102639,-78.437775,3.0
26.775694,25.215,4.0
56.914677,51.36152,4.0
0.57424074,14.160377,1.0
74.284004,18.459255,4.0
0.97186124,46.401203,1.0
56.13009,-19.493465,4.0
-8.005383,43.77989,4.0
-51.507645,13.518403,1.0
-9.444895,24.63011,1.0
29.119396,25.153606,1.0
14.273637,21.512444,1.0
-42.7252,-8.801229,3.0
-25.32884,6.5366817,4.0
-26.695595,-9.228172,1.0
-11.713007,44.07178,1.0
-10.3964815,-1.1930017,1.0
-10.690867,-64.30246,
-45.363598,18.478086,3.0
29.213762,31.746138,1.0
57.175385,-15.464371,4.0
-42.320015,-33.573486,1.0
19.556177,2.2672653,3.0
-71.91367,27.601805,1.0
-14.556457,-18.966621,3.0
-72.02169,27.521051,1.0
24.677177,54.11956,5.0
-47.732635,3.9160838,1.0
9.641729,32.13202,3.0
15.295928,37.66221,1.0
8.681455,-29.749607,1.0
19.444025,15.975746,1.0
-7.8042536,23.288456,5.0
-70.68773,19.013557,1.0
-6.725073,-72.43926,4.0
-1.3576279,-6.693205,
-42.38994,-21.507553,4.0
-10.0157,47.266464,1.0
-45.803898,24.584883,1.0
-0.2575389,-9.417066,4.0
-25.836208,44.24494,1.0
11.542082,-4.486601,4.0
35.22468,-57.49878,4.0
46.405987,-19.482779,3.0
-72.58457,18.965935,4.0
8.096793,25.088366,4.0
-76.68263,31.03816,5.0
-10.846546,-8.429121,4.0
-5.747063,48.170498,3.0
-49.71955,49.49682,1.0
-47.09344,23.747967,1.0
-47.43298,19.019005,1.0
-60.682915,28.954535,3.0
-62.562096,25.693172,1.0
66.96711,17.117659,4.0
68.424324,-61.825523,
15.082106,-1.6417223,4.0
-30.523573,55.714344,1.0
-39.70092,13.383876,3.0
-36.580162,-31.061384,3.0
5.7775626,13.450396,1.0
-49.373966,22.89688,4.0
8.4314995,-84.73515,1.0
11.230712,24.232517,1.0
-57.14308,-2.8733044,3.0
57.40969,40.3726,4.0
12.672123,2.24718,1.0
20.543795,34.96529,1.0
25.520487,53.80027,1.0
15.368484,20.26952,1.0
12.548043,19.158909,1.0
34.691185,-59.501373,4.0
2.4133809,-57.682705,3.0
12.212699,21.529293,1.0
12.854362,38.133205,1.0
-16.802046,34.60206,1.0
-52.66221,48.00617,3.0
19.17194,51.093365,1.0
12.217956,-3.9420063,4.0
-10.665721,49.21089,1.0
-56.255054,14.168825,1.0
-37.388382,1.0415722,1.0
9.230338,32.790203,3.0
17.132843,-3.6684208,1.0
53.649704,-35.29833,3.0
12.65389,38.44112,1.0
-7.757925,15.101465,4.0
-47.41857,23.624605,5.0
10.850341,29.75069,4.0
-48.99969,25.876823,1.0
-79.00795,29.307333,4.0
-12.0709305,-4.035121,1.0
-41.84023,0.493152,4.0
15.853556,53.861137,1.0
10.327347,1.8140951,4.0
52.829185,33.635662,1.0
75.40786,-20.990995,4.0
-37.947273,-66.540764,1.0
-3.799599,59.63138,3.0
-10.197761,47.123356,3.0
20.95811,39.17858,1.0
65.87736,19.444883,3.0
25.605915,19.459671,1.0
12.569824,55.87126,1.0
14.438528,44.972107,1.0
75.735344,-21.741785,4.0
9.0244255,23.871653,3.0
-23.803268,-3.0679371,1.0
-17.746264,-1.0990226,4.0
23.958035,18.11727,4.0
-54.483307,-19.44557,1.0
-50.06553,2.3913765,1.0
-51.940845,0.5939053,1.0
-30.561853,-7.6936297,
1.1339223,39.111996,1.0
-60.13647,8.682179,4.0
-64.88798,10.547735,3.0
-71.018936,16.876434,3.0
-30.063358,-18.256142,1.0
-31.266014,-13.542873,3.0
-8.514657,-12.6582985,1.0
-64.62952,10.517555,3.0
-44.14598,-4.3709135,1.0
-62.1249,9.5150795,1.0
-38.89318,-3.4500945,3.0
-70.65799,19.151588,4.0
-50.747074,6.1519566,3.0
-56.25918,-7.123935,1.0
-50.813553,3.333866,1.0
-45.8199,-4.9083543,1.0
0.24723049,-8.252195,1.0
-17.059696,-11.425965,
-70.009056,19.069633,1.0
-59.76794,-11.853742,4.0
1.5880275,13.901863,1.0
-51.779137,0.34717175,4.0
-68.867546,15.912478,3.0
-75.97035,22.247053,1.0
-46.02005,-8.911392,4.0
-5.3656545,-57.444687,1.0
-45.84278,-9.134294,3.0
27.855936,-55.03257,3.0
-29.782164,-19.08385,3.0
-32.094707,-12.471259,3.0
-17.74721,2.3980174,4.0
-42.36681,0.36177498,3.0
-0.9860044,15.445978,1.0
-16.848461,2.5011077,1.0
-30.458933,-13.124659,1.0
-30.20902,-0.08323801,1.0
0.02145636,34.996906,
-22.300697,-10.867785,1.0
-1.8333523,-23.326092,1.0
-24.867687,-22.344044,3.0
-18.110645,-16.18562,1.0
-4.912578,-57.48447,4.0
-18.930204,-13.615808,1.0
6.091199,67.03545,1.0
-13.566456,1.7890891,1.0
-58.827354,-15.609556,4.0
-8.222506,-26.286322,4.0
-23.357567,-17.618204,1.0
-25.627876,-21.47852,1.0
-54.863533,-15.952457,1.0
-63.899117,10.045002,1.0
-32.475784,-14.368932,4.0
-44.293407,1.4014512,1.0
-0.09675031,-62.216976,4.0
37.38433,-59.12172,4.0
-1.2968287,-70.79994,4.0
52.667603,-24.915003,
-22.801023,-17.635654,3.0
-45.20335,2.1469417,3.0
-50.77318,3.8832657,1.0
40.384415,-51.886715,1.0
-31.109035,-13.7049265,4.0
-8.761739,-27.150713,1.0
63.32699,-27.637478,
72.674255,-19.490173,4.0
72.48088,-18.610214,4.0
50.639034,-20.173473,4.0
14.887051,63.333923,1.0
-5.92855,-21.598537,1.0
58.612263,-14.139754,4.0
47.934418,-17.830511,1.0
10.697851,56.05929,1.0
-28.666998,8.098498,4.0
46.880684,-19.408558,4.0
-17.375725,-11.367704,1.0
-13.76448,55.806416,4.0
4.6932735,60.51211,4.0
13.139835,13.4012575,4.0
-7.12101,50.76273,3.0
20.875757,16.619944,3.0
20.85967,39.630856,1.0
-12.570122,40.614155,4.0
23.679302,21.214443,1.0
57.254936,-25.347897,1.0
10.716199,12.620636,1.0
-2.5778518,9.942823,1.0
6.490435,33.573597,1.0
2.3409507,-2.7635891,1.0
-29.733515,1.8832185,1.0
-3.4299338,36.315018,1.0
-10.023447,25.832052,1.0
20.234657,-0.10988577,1.0
-30.399609,1.7462103,1.0
17.051455,29.422693,1.0
-31.636133,1.6034449,1.0
-50.792942,15.764245,1.0
-11.538159,45.902122,1.0
-58.81306,18.950981,1.0
9.274954,-31.332823,1.0
-4.320889,2.2563367,1.0
-41.653645,8.599276,1.0
-44.706627,39.608936,1.0
-65.11956,12.497649,1.0
-58.153385,16.933126,1.0
-2.630945,9.912843,1.0
-39.91282,13.170496,1.0
-58.225685,17.079731,1.0
-41.60401,8.547876,1.0
6.7694926,58.528194,4.0
-67.759834,8.396473,
-76.810684,22.33694,3.0
18.140396,34.841827,3.0
63.312126,-17.619621,4.0
-35.752544,-32.101612,4.0
-47.44265,18.199678,1.0
29.014889,25.239975,4.0
-21.999165,-24.651249,4.0
-48.548847,28.313475,3.0
-33.34704,13.768644,1.0
-11.43204,-23.792242,4.0
-13.529257,-3.602397,4.0
56.268448,-17.597296,4.0
57.795395,12.72504,4.0
37.374214,31.096436,3.0
-7.2884474,10.499672,4.0
2.239556,8.754775,1.0
-59.040054,13.551974,4.0
-47.61048,9.043549,1.0
-57.09145,-3.0079625,3.0
-1.3856807,21.259281,1.0
-24.859419,-26.837595,1.0
35.862183,-58.927853,4.0
-70.61531,20.36192,1.0
72.80421,44.414104,3.0
-46.122437,7.393442,1.0
0.36336762,17.624846,1.0
-64.135796,16.537382,1.0
-69.52041,19.047476,1.0
-31.988972,2.9991417,1.0
4.890386,-11.1380205,4.0
-52.22734,-14.685148,1.0
-50.779713,5.2709675,4.0
0.685768,-6.0638065,1.0
-30.111452,-19.025133,3.0
-59.546482,20.757914,4.0
-77.87747,21.181417,3.0
-65.95454,14.627309,4.0
-8.674258,28.694504,1.0
-57.73193,29.040066,3.0
-40.4849,16.245022,4.0
-50.614304,11.903854,3.0
-40.49656,1.9149615,4.0
-47.764786,-12.623429,4.0
-73.95079,30.959543,1.0
-6.207513,-0.121319704,1.0
-25.622524,50.73642,4.0
-68.65892,32.291996,5.0
-31.667173,-16.12016,4.0
-45.272842,-9.557186,4.0
-16.400764,-27.907413,3.0
77.719086,-63.75699,1.0
-20.331398,-19.110016,
-17.474388,-27.364878,1.0
44.934166,-13.45683,4.0
9.610245,-82.79408,4.0
23.676525,-46.97716,4.0
76.39824,-20.189014,4.0
-38.148003,11.711324,1.0
16.140507,-73.26329,4.0
-3.7996275,5.862061,
-34.99066,11.89575,4.0
-36.918556,1.1578201,1.0
4.775189,32.585285,1.0
-64.61474,23.10982,5.0
9.484698,37.09399,3.0
-55.145695,15.209205,5.0
8.771494,14.242703,3.0
-36.865574,-14.450324,3.0
-40.15402,-20.677792,4.0
22.761972,0.8967985,1.0
-72.024124,20.941572,1.0
20.694157,-80.18451,
-35.55652,-68.262726,4.0
-6.5058265,-81.91203,
-42.163815,-31.665941,
8.658092,-29.682884,1.0
-22.064787,-27.902227,4.0
-45.93321,-53.489605,1.0
30.172052,-63.72157,4.0
-54.029434,-19.130354,4.0
38.772705,-21.160997,1.0
68.50546,42.59517,4.0
12.609644,1.9661407,1.0
26.681335,26.165325,5.0
4.765951,-11.108471,1.0
-57.19598,-8.461974,4.0
-12.1195135,12.09811,1.0
-42.137756,1.6588415,1.0
-21.863155,-10.385567,1.0
1.1366844,-16.342436,4.0
-28.999933,-20.91683,4.0
-21.68815,16.046501,4.0
55.91278,-16.503565,1.0
-57.212364,-2.8863215,4.0
-23.972937,-18.616055,1.0
-40.56939,-32.529083,4.0
-19.463104,9.64384,4.0
-37.76677,-7.3266807,4.0
-19.930285,13.298719,1.0
-39.605644,-33.78369,
-1.3551747,11.868449,4.0
-8.401044,14.323652,
-15.105291,-36.611767,
-76.59061,21.937883,4.0
1.3682438,22.577858,1.0
-78.22883,30.18419,5.0
-72.04776,21.127573,1.0
-77.33692,29.531027,1.0
-63.717335,10.543912,1.0
-76.19476,22.402105,5.0
-68.38411,11.738217,1.0
-14.965705,-15.943051,1.0
-70.28953,15.083684,4.0
-59.468784,-12.444842,1.0
-76.71225,21.656569,4.0
-63.451115,10.700553,4.0
-74.299446,23.659346,4.0
-56.769455,-9.077245,4.0
-77.918076,30.293343,5.0
-41.392723,-8.064897,1.0
-45.2251,0.27395487,3.0
-76.943245,22.06811,4.0
-78.05193,21.86802,3.0
-55.188614,12.10758,1.0
-53.56911,-14.732169,1.0
-56.657784,-16.783524,4.0
-18.214638,2.3739166,4.0
-73.536316,18.45984,3.0
-66.7281,24.2377,1.0
-75.78845,22.968508,4.0
-75.8022,20.655548,4.0
8.911917,-30.481968,1.0
-23.972973,-3.1145906,4.0
-67.70171,8.748433,4.0
-37.113003,-7.9082656,4.0
-59.35677,-13.2678385,4.0
-61.397743,7.3264365,4.0
-67.06273,17.790905,1.0
-57.485134,-13.508035,4.0
-54.819096,-13.18561,3.0
-57.149395,-6.789577,4.0
-64.80719,14.425367,1.0
-42.950386,1.8504918,1.0
-22.147102,-27.822401,1.0
-29.548592,-18.432817,4.0
-16.676983,-10.457078,1.0
-77.5428,21.489029,5.0
-18.439959,3.018791,1.0
-53.749874,5.99124,4.0
-21.825745,-2.8735452,1.0
-48.330376,5.3464165,1.0
-44.62838,-9.532146,4.0
-76.35947,24.407904,4.0
-65.82486,16.642284,1.0
-28.934895,-18.91791,3.0
-52.26214,5.255504,3.0
-56.988506,-7.660043,1.0
-46.382717,-9.69068,1.0
-63.66652,10.605429,3.0
-42.33427,2.6374602,3.0
-41.72959,-7.795255,1.0
7.3594785,31.746761,1.0
-10.246344,-1.0798575,1.0
-21.125154,16.085995,1.0
-78.13967,22.663141,3.0
-70.23425,18.554968,1.0
-45.734802,-1.2309434,3.0
-48.07091,4.710907,1.0
-57.31387,-7.9788866,1.0
-58.094643,-8.287843,4.0
-11.584001,-22.731756,3.0
-72.5376,21.319046,1.0
-60.192104,6.5321455,4.0
-46.040752,-8.576401,3.0
-12.346088,-11.394356,1.0
-50.77484,3.0902998,3.0
-78.59677,29.810677,1.0
-55.310497,-0.8292186,4.0
-56.23601,-7.5397267,4.0
-30.353167,-15.660173,1.0
-60.697453,8.495959,1.0
-54.004356,12.800882,1.0
-63.228012,10.838801,4.0
-36.204723,-31.830061,1.0
-65.551575,16.305119,1.0
-38.90226,-10.366049,1.0
-37.34024,-32.311543,4.0
-34.51054,-18.286312,1.0
-64.974754,12.401556,1.0
-28.690317,-18.948257,4.0
-31.566668,-13.463391,3.0
-47.46507,12.96655,1.0
-12.357277,9.058066,4.0
-59.3826,-12.2675,1.0
-65.28893,18.662912,1.0
-21.810095,-16.61533,
-0.60539824,14.743058,4.0
-73.73443,29.77525,1.0
-44.740498,-7.340107,1.0
-57.919197,-12.793543,4.0
-53.63998,-11.354686,4.0
-36.445984,-1.6625273,4.0
-35.44442,0.3848298,1.0
-44.870506,2.0380766,4.0
-53.569965,-7.409554,4.0
-19.063305,-14.143866,1.0
-22.22367,-3.7738154,4.0
-53.694565,13.217029,1.0
-44.592022,-10.826055,1.0
-64.481834,15.608747,5.0
-47.35485,-15.494204,4.0
-29.909575,10.863597,1.0
-68.03325,18.538662,1.0
-44.148552,-54.87086,
31.640675,32.00834,4.0
80.86436,20.681479,1.0
-56.899876,32.174088,3.0
-43.569565,7.804344,3.0
34.230198,45.36767,3.0
36.77886,45.18122,3.0
34.983994,45.500526,3.0
33.403187,46.812794,3.0
35.125694,39.790134,3.0
0.008104828,32.385277,3.0
54.132404,52.76004,3.0
13.751027,28.918507,3.0
33.84002,38.866547,3.0
57.14654,16.026903,3.0
10.492294,1.5451103,3.0
-60.08356,9.065664,3.0
6.901606,33.42995,3.0
60.345554,51.220497,3.0
66.05828,48.718464,3.0
-34.717926,-53.67695,3.0
-52.638504,36.08084,3.0
4.9336963,-24.683916,3.0
-17.935387,-1.7759007,3.0
9.913769,36.500156,3.0
-37.441452,14.423114,3.0
-22.271053,4.632348,4.0
-55.310658,15.11786,3.0
0.39571813,33.124443,1.0
-38.854557,23.761522,3.0
-41.12963,3.0464225,3.0
-39.17316,-66.622116,3.0
-42.7854,-1.2330462,3.0
33.06422,25.516146,4.0
35.444485,16.940865,3.0
-10.500615,35.770077,1.0
-53.36381,-13.520607,3.0
20.191694,41.473778,3.0
-67.66609,23.24511,5.0
-41.397064,0.24420618,4.0
-54.02611,4.333605,4.0
-24.054995,53.977135,1.0
-35.88795,-31.98872,
-11.792919,38.624805,4.0
-6.4804616,-17.805206,4.0
-25.925777,7.64177,4.0
-55.219498,27.945145,1.0
-60.120434,30.435102,1.0
-49.50263,26.083618,1.0
-49.437656,18.12589,5.0
-11.424036,45.743652,5.0
-63.682587,15.274791,5.0
-50.559513,15.061759,5.0
-50.132454,18.14226,1.0
-59.534763,30.411697,4.0
-19.063349,18.739697,1.0
1.9442247,33.389233,5.0
-68.1086,32.519108,1.0
24.887236,40.309402,1.0
32.914875,37.952484,4.0
-13.778954,46.464092,3.0
-69.13104,32.521637,3.0
-21.867685,34.62257,3.0
39.682114,46.759422,3.0
1.8936136,44.897392,1.0
-62.98301,26.335266,5.0
-14.925357,-7.4764457,1.0
-67.57062,25.507597,4.0
-54.666206,12.050554,1.0
13.238537,13.341336,1.0
-49.640965,20.226341,4.0
-7.053045,-74.04255,4.0
71.06945,2.0814106,
4.282577,9.131708,4.0
-28.230854,10.317094,4.0
-8.270437,27.153877,1.0
-37.58549,-17.52486,3.0
-61.03882,21.983631,3.0
-57.868385,12.400083,5.0
-12.0846815,46.76464,1.0
-60.668617,-15.640747,4.0
29.02788,-48.078087,4.0
-23.945612,-31.075035,4.0
-1.3279511,12.55352,1.0
11.0414095,67.0953,4.0
-29.91957,45.38663,4.0
27.551401,-7.012361,4.0
-20.130373,-33.036396,1.0
-2.6058166,50.748005,3.0
77.49528,-20.831299,4.0
26.432848,5.1352425,1.0
62.150383,48.799866,1.0
53.117977,33.445473,3.0
51.46457,-22.70497,4.0
-2.16127,-0.94440013,1.0
16.885225,-5.288204,1.0
5.7400146,43.093212,1.0
-5.910972,55.242893,4.0
-14.831008,-5.018528,4.0
-34.09736,56.82666,3.0
27.816486,48.989834,1.0
34.54074,41.532413,1.0
-21.56725,11.70841,1.0
-11.249762,-8.010612,4.0
28.923967,48.78576,1.0
-38.655624,-33.854954,1.0
0.26679334,-7.019715,4.0
-46.16658,7.322133,1.0
12.070402,48.540398,1.0
-18.590643,-5.178265,1.0
79.334,18.589045,1.0
-9.12892,19.403687,1.0
15.6019,-77.883545,1.0
-27.962416,43.32514,3.0
17.276577,-5.505968,1.0
10.384493,41.172146,1.0
-42.160736,-6.402487,4.0
-28.372715,10.134468,4.0
-60.46204,3.2363749,4.0
15.693489,56.72871,1.0
20.030949,-79.08981,4.0
21.150928,45.296154,1.0
14.661519,-71.98843,
-43.559772,17.279373,1.0
-7.6182313,-66.5173,
-27.9384,47.615734,5.0
9.807783,5.5689545,3.0
3.7894626,36.07683,3.0
7.071512,-9.77895,1.0
-60.219944,24.895592,1.0
-12.266708,31.136038,4.0
-30.72613,55.61913,3.0
-4.342835,22.36781,1.0
34.358475,42.665836,1.0
47.9167,-50.30471,
65.10526,22.120296,1.0
12.049703,-65.16407,4.0
9.594675,23.010149,5.0
13.382299,13.531341,4.0
-18.647789,50.25582,1.0
-53.297447,12.167206,1.0
23.548195,27.119698,4.0
17.09932,58.298225,1.0
30.832407,-42.751175,4.0
-7.1422763,28.458387,1.0
41.68047,-21.772583,
-18.441883,59.165546,3.0
58.620865,-14.496498,1.0
-69.24557,20.798172,1.0
-21.448275,27.083387,3.0
63.03634,49.675312,4.0
-11.093228,64.3761,1.0
-71.738556,30.172598,1.0
-0.81137496,-6.0647607,1.0
-20.399822,-28.931606,4.0
-43.40267,-11.916639,1.0
12.3197155,32.223064,1.0
-41.527225,-33.051067,1.0
-60.59208,53.97668,5.0
-23.674952,-24.280754,4.0
37.747517,-48.580345,1.0
18.331497,-5.6003838,1.0
15.761431,-76.36495,4.0
23.697449,46.062977,1.0
32.84557,29.882992,1.0
-60.175194,29.826689,1.0
-2.226981,32.555218,4.0
-41.17629,63.49532,3.0
-40.95404,60.81257,1.0
1.4015943,25.856764,1.0
9.811061,-82.06359,1.0
-49.724247,47.348213,1.0
-55.918213,25.456474,1.0
-18.337406,-26.613028,1.0
-1.233314,11.406081,4.0
-60.714287,31.008596,4.0
67.3109,47.35972,
-76.64018,30.844297,5.0
26.410814,35.584553,1.0
16.089094,30.160564,1.0
46.87626,-5.7230453,1.0
-60.93933,31.56243,4.0
56.188072,-17.802576,1.0
-27.983908,43.448307,4.0
-40.301647,18.16046,1.0
-22.809946,50.105446,1.0
-20.55385,19.83846,4.0
-23.376045,54.75358,3.0
-10.97986,46.809612,5.0
22.017076,39.62731,1.0
17.429665,32.36406,1.0
-13.959318,-4.1226225,1.0
-19.018625,-26.049276,4.0
-50.309776,27.445166,3.0
-11.661613,54.4714,4.0
27.275082,51.03804,5.0
13.768273,2.4038658,4.0
28.89082,17.452047,4.0
36.617603,41.245567,1.0
19.339201,33.328705,3.0
16.07922,3.441706,1.0
12.483487,30.55199,1.0
18.000628,54.722313,1.0
-60.556637,29.826096,3.0
24.712177,16.943092,3.0
-67.22511,24.535992,1.0
-18.328987,-13.8951,4.0
70.682014,-18.885647,1.0
20.49554,-79.42816,4.0
3.6180809,42.212044,1.0
-12.662016,16.882547,1.0
-28.988047,44.969902,3.0
-66.93043,24.468874,3.0
-34.69125,44.786415,1.0
-9.421385,34.839516,3.0
7.1789966,60.436676,4.0
34.97592,15.32026,3.0
20.343071,43.66504,4.0
-65.86541,27.345015,3.0
-6.5579066,53.69257,3.0
-6.342165,35.04372,4.0
5.6803927,21.32515,1.0
-52.585598,-53.067173,3.0
-16.109213,-8.517774,4.0
-34.7841,-1.6020957,4.0
-52.660625,11.26237,1.0
-57.294415,22.835823,1.0
38.152348,44.672974,1.0
-12.960875,-8.627876,4.0
-44.04286,22.781475,3.0
-57.323185,32.57443,3.0
24.118704,47.037888,1.0
29.611921,26.029312,4.0
-0.40714368,5.9699006,1.0
12.486623,43.62615,
13.109789,-9.597859,4.0
-25.13896,-57.096962,
-69.5473,17.928617,3.0
36.757908,-50.864834,1.0
16.709417,-79.12307,3.0
2.5137925,-64.55781,4.0
2.499017,32.55815,3.0
20.465668,-79.43901,4.0
50.145924,-21.228943,4.0
47.11138,-8.923546,3.0
48.575104,-20.964497,4.0
-50.153248,10.895045,1.0
-21.746794,36.306488,1.0
56.17815,23.331121,4.0
10.610086,28.625498,4.0
54.23655,-17.30083,4.0
-25.24508,12.33629,4.0
-57.042847,-6.9626813,4.0
-55.201817,9.616596,3.0
38.322727,-44.148384,3.0
-61.03862,31.437943,5.0
61.430878,12.712255,1.0
-31.948648,2.7545526,4.0
81.40263,21.21792,1.0
-21.428204,17.167114,4.0
28.929798,50.95095,1.0
-78.73965,23.200344,1.0
-20.062687,-26.62942,4.0
5.0967107,25.008018,4.0
69.83752,-18.647009,4.0
-10.991031,36.52289,3.0
-30.33027,46.492977,3.0
-32.67799,32.87207,1.0
12.509433,40.695652,1.0
-52.57097,28.385248,5.0
-54.36297,-5.0574455,3.0
-8.944062,12.892415,4.0
10.750565,-80.32145,4.0
6.5669565,64.03867,4.0
-16.121954,3.3634007,1.0
-19.085468,7.1763673,1.0
-22.127832,53.380043,1.0
-8.576586,49.850098,1.0
-77.02688,22.316525,4.0
19.665287,47.48585,1.0
-30.323717,10.217772,4.0
-21.66772,39.61426,1.0
-45.67356,32.202072,3.0
6.1020617,62.429466,3.0
-19.007534,-9.583928,4.0
-67.87943,66.450165,4.0
-52.182213,49.21003,1.0
-34.77652,47.129597,5.0
-35.924374,45.118904,4.0
-65.3582,8.95531,4.0
-28.441828,8.800231,4.0
28.87415,50.6901,1.0
-76.10906,20.80844,1.0
-20.215162,-29.421831,4.0
-7.577131,-5.1650777,1.0
-9.198922,19.571417,4.0
21.429756,-78.24255,1.0
65.74883,15.159533,1.0
-46.15625,10.368201,1.0
-55.26561,13.044339,1.0
-12.3327265,55.85685,3.0
1.1359966,18.300423,1.0
-32.95238,13.622757,4.0
-16.122435,-8.0613985,1.0
61.95231,7.84056,4.0
-48.236557,-50.31805,4.0
32.062893,45.423195,1.0
-3.7221165,52.283016,5.0
17.196636,59.7177,4.0
2.9932373,6.8503785,3.0
25.555193,25.27806,3.0
9.98259,-81.655945,3.0
-3.9242244,55.262596,1.0
-52.600075,14.872311,1.0
-32.04359,53.632576,3.0
14.403431,30.725595,3.0
-67.95996,25.788677,1.0
-15.571062,-9.964563,3.0
33.973286,25.121468,4.0
-30.446878,46.200634,3.0
12.832237,-75.23819,1.0
58.518085,-25.585485,1.0
5.8509398,-30.442724,
16.762989,51.910656,3.0
4.501142,-8.308844,3.0
-47.627087,35.69386,1.0
8.873062,59.2181,4.0
-44.5344,19.766537,3.0
15.216007,39.940742,1.0
60.473156,-18.162199,4.0
-30.103533,-14.425289,4.0
-33.048595,46.879337,1.0
15.78916,-0.2546861,1.0
24.868053,48.790096,1.0
32.22215,22.273016,1.0
63.58464,48.153374,1.0
35.17822,-47.50293,1.0
76.14606,17.57872,1.0
0.27653477,-7.067822,1.0
18.83215,-5.000641,4.0
-32.10482,55.32641,5.0
-27.274086,46.870472,3.0
-18.137604,-11.079895,3.0
-26.083458,48.308174,1.0
-21.672998,-30.474876,1.0
18.238474,39.13298,1.0
58.783184,-13.741763,1.0
-28.410686,8.322781,4.0
48.70699,-8.9505,3.0
-14.117758,-15.4803295,4.0
-17.572334,-6.118389,3.0
3.1614518,6.8087153,1.0
30.2572,32.510727,1.0
10.139661,-80.67896,
42.116077,-44.153305,1.0
28.76669,11.363238,1.0
-3.1781714,-25.718977,4.0
23.92731,17.272337,4.0
21.606117,46.325832,3.0
31.866966,28.556868,1.0
11.360624,57.189274,1.0
81.23788,19.05216,1.0
50.79277,-30.626068,1.0
-31.866678,2.8079214,4.0
6.0149055,-1.0413257,1.0
-52.906433,48.366383,3.0
9.736545,45.55424,1.0
-41.94169,59.576736,5.0
-8.513382,21.52876,1.0
-59.50043,10.207734,1.0
6.15801,30.54961,1.0
33.530487,27.977049,1.0
-0.8103187,47.73209,1.0
-7.316716,-16.353456,3.0
67.20747,17.143408,3.0
-26.252628,47.719738,3.0
-14.029509,-51.695354,4.0
-22.246935,53.199097,1.0
2.1217034,16.78529,1.0
10.219132,-3.489915,4.0
-14.846995,-54.259727,1.0
20.697609,-78.90221,4.0
-3.9134445,35.780212,1.0
26.582048,22.981243,1.0
-49.98455,47.40987,1.0
-49.989586,27.996098,3.0
59.246277,15.3872595,4.0
-43.062233,47.24732,1.0
-38.22766,16.006624,4.0
-8.488005,-68.1166,3.0
-0.55739164,17.764091,1.0
-16.478462,6.4158034,4.0
-61.4403,55.040325,5.0
-42.13964,58.040462,1.0
12.081829,40.21253,1.0
-27.230486,42.911934,1.0
-50.871803,8.986435,3.0
13.758817,-2.9000635,4.0
-69.73718,26.214487,1.0
22.44898,60.07811,3.0
59.29653,-13.371484,
-41.358204,-18.109581,4.0
37.97509,-41.749825,4.0
-2.9493008,-64.0011,4.0
-40.624798,-20.942768,1.0
-57.401993,-22.710379,4.0
45.770393,-23.076447,4.0
-38.289654,-9.4329,1.0
-39.860283,-10.495605,4.0
26.558985,-8.44192,1.0
-14.856019,-74.53446,4.0
-54.96149,-13.972496,4.0
-3.2851436,-62.476284,4.0
-51.964565,-15.399961,4.0
-39.2624,-32.58616,4.0
-28.360258,-7.776531,4.0
-45.372772,0.32240224,4.0
-1.8125168,-24.586918,4.0
-55.56148,-7.238178,4.0
13.397252,-8.456139,1.0
-37.679184,-15.929618,4.0
-31.15117,-17.622208,3.0
-51.37121,-13.783226,4.0
-44.089767,0.12631756,4.0
-50.48361,5.2470727,3.0
-69.495575,15.457561,4.0
-42.224403,-2.1208615,4.0
-38.509228,-11.937167,4.0
-30.029484,-3.4121459,4.0
-36.49176,10.545759,1.0
-55.806282,-3.385613,4.0
-55.726154,-6.4933834,4.0
-70.21222,28.748545,4.0
-43.94642,10.812936,4.0
-4.2146635,-3.2824404,1.0
-16.636297,-10.379514,3.0
-20.348999,15.915924,1.0
-13.75307,6.309567,1.0
-55.27437,13.051332,1.0
-71.88118,19.41503,1.0
13.486069,35.91816,3.0
-12.755711,25.254978,3.0
15.271736,34.9473,3.0
18.64796,52.022633,3.0
37.401466,17.85863,3.0
-17.439226,27.506374,3.0
10.955376,35.46558,3.0
15.703946,46.90697,3.0
13.222832,35.488113,3.0
28.497875,30.588627,3.0
-0.2685923,21.720505,3.0
72.2548,18.132534,3.0
27.32991,47.585476,3.0
-56.176723,18.016193,3.0
29.334652,11.866202,3.0
37.36521,17.491806,3.0
64.61005,16.56832,3.0
34.60012,41.9774,3.0
25.975824,25.48784,3.0
21.710701,-78.10139,3.0
-12.115746,25.699312,3.0
21.483376,29.11967,3.0
23.887423,43.56995,3.0
-56.62913,10.060652,3.0
33.498886,37.354454,3.0
25.684517,46.546745,3.0
-67.99863,33.31279,3.0
38.93657,45.01472,3.0
10.256041,67.800095,3.0
-66.894035,16.887499,4.0
-56.25627,25.130083,4.0
-56.274292,26.044865,4.0
-59.78006,20.870823,1.0
-25.853212,43.548595,1.0
-67.796295,15.49971,1.0
-60.49628,30.412148,1.0
13.288926,63.109943,1.0
59.613922,-12.737602,4.0
-3.9426126,-7.864573,3.0
-55.23659,-8.486682,4.0
-70.34782,32.122204,1.0
-70.21924,30.874062,1.0
-17.741137,18.148396,1.0
22.880545,23.503351,1.0
20.487574,-10.662972,1.0
29.609184,9.014051,1.0
16.551893,60.073032,1.0
-58.4641,19.126566,1.0
-59.45303,-12.23176,1.0
-43.881363,-4.223557,4.0
-41.017506,17.302921,1.0
-52.84135,-15.842259,4.0
-57.46917,32.982895,3.0
14.570969,-3.092832,3.0
-31.123444,13.610274,4.0
63.149563,21.698061,3.0
31.415514,42.21954,1.0
-78.17929,30.412865,4.0
70.27273,20.484005,1.0
0.6767175,-1.6811731,1.0
2.4326591,45.33487,1.0
-17.105043,-0.5184493,1.0
13.040407,40.317146,1.0
-4.790411,-72.32785,1.0
20.52818,40.69392,1.0
21.192995,23.326632,1.0
10.817754,24.914034,1.0
24.445679,22.699556,1.0
29.142662,10.191318,1.0
25.489391,24.865944,1.0
-19.74457,17.32485,1.0
1.1193978,-3.4862528,1.0
17.308857,58.72838,1.0
13.809298,50.21405,1.0
-20.898985,24.863337,1.0
21.303785,46.471832,1.0
-58.21199,22.354914,1.0
63.18976,-20.105215,1.0
54.16906,-25.34879,1.0
-0.43067056,-5.7735624,1.0
-40.345837,16.163828,3.0
-35.534985,20.549223,1.0
6.235462,11.039664,1.0
-47.317463,8.5401125,
-42.87813,-31.338694,1.0
-24.71692,-20.805607,
-58.569607,-14.085274,4.0
11.791407,71.04216,1.0
-21.501858,-8.337012,4.0
-0.025996964,24.241241,4.0
12.20168,-37.94974,4.0
-14.422365,24.645227,1.0
-3.0165217,-4.827208,1.0
-11.437529,-17.648046,4.0
-51.800976,-44.875843,4.0
-60.41474,9.327889,3.0
-0.6390165,-9.879987,1.0
-58.924107,19.203377,1.0
-58.33383,17.131723,1.0
-60.362682,24.015093,1.0
-8.904212,29.159771,1.0
-41.866898,5.2953935,1.0
-2.9582534,34.33059,1.0
-58.838367,19.026909,1.0
-56.45457,16.394522,1.0
18.459206,34.761303,1.0
3.5384943,3.6382115,1.0
-15.963095,30.013103,1.0
19.671526,39.66956,1.0
11.501725,35.829742,1.0
-11.4135275,16.045843,1.0
-48.598408,21.850452,5.0
20.398886,23.582798,1.0
-41.70432,9.462757,1.0
4.106604,13.403111,1.0
24.669819,23.660038,1.0
3.0309994,-7.2197647,1.0
-50.224003,13.069918,1.0
11.494291,-29.492405,1.0
7.3226647,49.808533,1.0
9.963163,-76.30028,4.0
-52.36575,14.252461,5.0
-17.582718,-2.3529344,4.0
20.131575,5.738942,3.0
-20.300064,15.9801655,1.0
-45.085068,9.802876,1.0
0.78818464,16.515339,1.0
7.487288,-5.2570095,1.0
-8.27674,11.73022,4.0
-41.855713,5.9185514,4.0
-71.07006,29.655024,1.0
-10.130585,13.252256,1.0
-34.78091,-0.65430105,4.0
-38.088276,-1.2060118,3.0
34.70394,39.4821,3.0
58.476753,13.390827,3.0
33.023937,12.176343,3.0
16.701141,42.913094,3.0
-10.148249,26.009,1.0
-55.161808,23.816511,1.0
-36.903492,12.097024,1.0
-22.62409,54.228134,3.0
-12.05652,-9.8338995,4.0
-25.987581,-24.09423,4.0
-38.358723,-13.810389,4.0
-19.465837,18.374691,1.0
-19.699125,17.59706,1.0
-50.25975,-12.622431,1.0
13.908324,32.668137,1.0
-20.57817,15.828427,1.0
-20.849434,-21.185478,1.0
-41.316143,5.084999,1.0
-45.8739,9.614616,1.0
-8.671373,26.650797,1.0
13.867237,10.41997,1.0
6.4015684,10.437282,1.0
-52.186226,12.842439,1.0
-47.330784,13.25536,1.0
5.1409554,17.2389,4.0
30.447227,25.493277,1.0
6.7619243,31.374508,1.0
18.181738,50.977062,1.0
-43.957787,10.882155,1.0
-14.0638275,-2.161275,1.0
77.90549,18.351702,1.0
-10.294379,62.84685,1.0
51.67616,19.300837,4.0
5.6507115,-2.6695397,1.0
-8.716598,-70.99389,1.0
-6.8106556,-4.7863045,3.0
-61.25711,6.0568466,3.0
-55.886467,13.890928,1.0
9.675986,40.935734,1.0
29.799582,33.090878,1.0
55.911186,53.495007,1.0
13.758318,-0.54125243,1.0
16.593674,29.640661,4.0
-55.551064,30.227053,3.0
23.739403,45.708244,1.0
16.803295,40.715992,1.0
6.2508235,19.166376,1.0
56.34529,-23.586647,1.0
-70.92183,18.13197,1.0
-26.379526,-67.79109,4.0
-25.839935,-16.309286,4.0
26.27748,-8.579375,1.0
-9.861981,-12.762882,3.0
46.8632,-18.615023,3.0
26.333376,-43.406776,3.0
-11.373141,-18.943121,3.0
-11.75965,9.471203,3.0
-34.411865,-9.946202,3.0
-14.07572,8.492033,1.0
-7.584526,-77.50687,3.0
-44.83713,1.006549,4.0
27.603853,-48.78572,3.0
26.592293,35.453,4.0
58.24396,12.80187,4.0
-49.106747,18.44493,1.0
-68.025,15.803784,4.0
-1.7799144,21.640537,1.0
-30.814249,-65.89783,5.0
11.973787,-5.6592054,4.0
-24.7857,-21.028395,4.0
-30.506483,-15.772232,4.0
-15.287846,-11.882461,3.0
28.857166,7.933764,1.0
-18.634323,-13.62175,3.0
55.978176,-20.821142,4.0
-23.640505,-17.900108,3.0
19.508165,-13.261126,3.0
63.35604,-27.577744,3.0
0.9593212,-12.8871155,3.0
66.29485,44.457283,4.0
-0.5320617,-19.256805,4.0
-52.825916,5.8398604,4.0
-38.87609,23.781094,3.0
-11.030986,17.748093,4.0
-38.53059,-18.384327,1.0
-1.5684704,3.617362,4.0
4.340909,24.446543,1.0
-38.05894,9.40766,1.0
34.4678,44.7293,1.0
-26.502604,41.696945,1.0
11.234165,17.779213,1.0
-51.5102,7.5075355,1.0
11.18849,17.815765,1.0
-3.6293488,52.418602,1.0
-5.25904,53.936188,1.0
34.43307,42.57553,1.0
29.86416,32.139748,3.0
16.084276,-75.751335,1.0
9.536597,21.286577,1.0
26.993015,22.028877,4.0
11.50213,57.042892,1.0
22.238567,-1.5005468,1.0
21.690609,23.841917,1.0
27.30169,4.5401673,1.0
34.155766,27.227898,1.0
14.523777,16.058403,1.0
27.208778,24.024086,3.0
-57.78627,27.84959,4.0
-22.63026,37.820587,4.0
64.09947,-21.890287,4.0
28.54271,-9.157525,4.0
-55.87319,24.341358,1.0
2.2707813,24.059793,5.0
-49.778584,27.367851,3.0
24.765533,30.200634,3.0
53.27561,-19.021923,4.0
79.35017,1.2315208,4.0
3.5660944,27.27266,1.0
-27.056711,7.067618,4.0
77.98553,22.334799,1.0
1.7962476,-0.05145449,3.0
-68.33808,14.714143,3.0
-53.08211,5.29906,4.0
-12.263499,3.470592,1.0
-74.84862,19.694357,1.0
81.40377,-0.063692406,1.0
-53.354534,27.086374,1.0
-17.8242,-27.355112,1.0
13.154191,41.112137,1.0
-34.67086,53.32316,1.0
20.757675,-79.43284,3.0
-47.316956,8.479136,1.0
-1.5481789,-0.11238004,1.0
-62.391502,14.269009,1.0
-52.252483,-14.570419,4.0
9.911547,-82.102356,4.0
-10.334242,54.19173,1.0
73.57685,-19.445467,4.0
-2.9776175,-19.771778,4.0
-33.008575,6.967005,5.0
-6.027122,-5.651929,4.0
-34.477715,-18.284897,4.0
-36.45038,46.880054,4.0
9.125885,43.47078,3.0
-28.64843,53.123272,1.0
-42.98379,-9.208014,1.0
4.323005,11.036433,3.0
-51.00933,24.411837,1.0
-27.932257,52.689976,5.0
-9.027722,-3.15704,
-76.611275,24.280155,1.0
6.1508627,30.685469,1.0
1.8020409,26.704817,3.0
5.5745068,49.876114,3.0
-77.02818,21.409937,4.0
-23.956825,-24.239195,1.0
9.586614,20.5771,1.0
36.352276,38.823975,4.0
-16.46677,-17.7091,4.0
-27.2252,50.32554,3.0
-19.83946,36.5517,1.0
-37.02595,12.091205,4.0
-10.074553,-16.311937,4.0
20.711018,47.079933,3.0
58.140564,34.912205,1.0
-58.63801,34.74071,
1.7167395,25.649939,1.0
-8.615399,-10.948267,1.0
-5.6883492,10.4007225,3.0
-2.1499777,32.581398,4.0
-9.923223,-9.149856,4.0
-13.826688,6.1493006,1.0
14.052341,-0.6178576,1.0
-38.840458,-34.26585,4.0
-36.916374,1.6240264,1.0
-60.559086,30.61023,3.0
7.792853,40.926613,1.0
-68.99169,30.330635,1.0
16.713972,31.478825,1.0
-34.15297,-20.640139,4.0
-5.200909,-70.63324,4.0
-46.004883,7.9645944,1.0
-39.109352,-34.30087,4.0
7.2360516,32.579002,1.0
22.083208,-80.73848,4.0
10.261419,47.686462,3.0
32.418503,38.1773,3.0
23.431065,20.367918,5.0
-44.722897,1.5940816,1.0
-4.424058,31.786936,1.0
68.4197,23.760015,1.0
-8.0411625,29.46158,1.0
47.55759,-22.80548,1.0
-19.088654,18.753757,1.0
14.807374,46.622673,1.0
23.132,45.592575,1.0
5.6070876,12.307943,1.0
-8.448066,27.512833,1.0
-31.248867,41.03714,1.0
1.4161315,46.06491,3.0
-20.735994,23.2404,1.0
5.927942,44.24293,1.0
6.081594,44.42661,1.0
15.165462,52.028862,1.0
18.099457,55.335506,1.0
31.875628,44.084507,1.0
-21.882162,56.811966,1.0
31.627022,28.735266,1.0
-4.9690895,24.224281,1.0
0.60391104,-80.16171,4.0
21.364447,45.55235,3.0
-42.307632,-33.445263,1.0
-38.880314,-3.3853083,4.0
24.108871,34.873837,1.0
-24.016346,48.54348,5.0
-46.521244,43.406605,1.0
-54.41625,13.121063,1.0
-68.572266,24.598078,1.0
-42.282867,1.2959287,1.0
-11.832843,54.401993,1.0
56.51325,-19.113483,1.0
-30.918102,-8.654333,
-23.499588,37.232426,1.0
-56.304363,18.64957,1.0
-17.309513,55.500336,1.0
-18.150862,36.574795,1.0
-52.38094,14.426658,1.0
-49.18329,19.993933,1.0
22.071417,34.08072,1.0
-36.34929,21.106176,4.0
-21.671078,24.11938,4.0
-23.976427,37.023144,4.0
-16.829914,53.139828,4.0
-41.14023,6.219316,3.0
6.730363,4.592004,1.0
70.772415,-18.7714,4.0
-11.053136,28.281446,1.0
66.60044,43.8194,1.0
16.022284,31.690382,1.0
11.392302,-14.322198,3.0
-58.72921,8.948904,4.0
-44.186024,20.44082,1.0
24.51516,34.95293,1.0
-44.05507,15.0440445,1.0
-55.15905,28.100763,1.0
-0.6027411,-59.945343,4.0
-57.72783,-4.561733,4.0
-9.074865,29.250671,3.0
-30.787458,52.32803,1.0
10.261649,13.598453,1.0
-46.378983,33.52362,1.0
-29.865034,39.036835,4.0
-32.04431,50.32786,4.0
15.099327,-71.77055,4.0
-17.593815,-8.003805,1.0
-4.4271674,11.231705,4.0
-34.35459,-34.671677,4.0
-11.679698,14.549258,4.0
28.144497,19.143204,4.0
57.876736,24.948046,3.0
5.4273653,18.454876,1.0
-13.365447,59.50556,3.0
-2.439464,53.831215,1.0
62.803467,-25.17277,3.0
26.524899,37.000893,1.0
-4.036395,-7.333149,3.0
-56.083904,15.042105,3.0
19.333128,33.980915,3.0
6.1660604,18.67229,1.0
18.908648,24.736387,1.0
-18.044382,22.84922,3.0
21.854542,41.33972,3.0
71.75118,-18.426609,3.0
1.5757066,15.517663,1.0
34.005848,38.699097,3.0
-48.04105,-6.1143384,3.0
20.100609,32.773857,1.0
-4.249324,25.267664,1.0
-57.3399,23.479992,1.0
-20.84536,35.069496,1.0
9.373564,20.339308,1.0
30.049109,23.664263,1.0
-33.688362,5.917906,4.0
0.34635153,28.514622,3.0
-31.187496,2.923901,5.0
16.10683,60.16071,1.0
-44.548267,18.099663,1.0
-8.308261,-69.71258,4.0
55.529514,-30.249123,1.0
25.78265,-57.43553,1.0
-44.268486,21.406387,1.0
6.235309,65.61407,3.0
-50.447357,29.327606,3.0
9.418976,23.909597,1.0
19.531166,58.61319,1.0
0.4330438,-79.35589,4.0
-11.398186,-79.8097,
-9.871685,0.37789568,1.0
-44.31932,17.115076,1.0
-30.393661,50.73121,
-12.850145,57.83098,1.0
14.666562,41.363377,1.0
-49.43762,3.716228,4.0
-69.46354,19.679295,1.0
6.503857,-84.71574,4.0
14.769155,16.392365,1.0
-27.25009,42.897556,3.0
-28.139572,10.311642,1.0
-38.383842,-18.162155,4.0
-49.62321,-48.537094,4.0
-14.158889,25.156815,3.0
26.184546,45.382412,1.0
38.02508,44.444176,3.0
59.53429,51.64214,3.0
-14.576218,23.281458,3.0
8.951566,20.04124,1.0
-3.4088867,31.82251,4.0
12.105553,-2.4118662,3.0
8.578894,18.643322,4.0
27.754776,20.238344,3.0
-53.464878,-11.231212,1.0
18.705566,39.909313,5.0
25.483139,43.72554,5.0
-3.8362136,-7.8704357,5.0
-15.786739,15.95486,5.0
-60.726036,11.12917,5.0
6.241656,32.01529,5.0
8.086291,33.295517,5.0
7.938004,32.566517,5.0
6.0796657,31.285948,5.0
22.961187,56.812023,5.0
27.771067,17.684101,3.0
23.872276,41.505924,1.0
58.023502,51.10258,
-50.659668,29.18333,1.0
33.210453,22.528013,4.0
-55.01469,15.456625,4.0
-69.26241,15.972602,1.0
58.102287,-12.890721,4.0
-9.8825655,37.423965,4.0
40.530163,28.011095,3.0
19.285751,17.006638,5.0
-18.09534,-16.140923,3.0
-33.79768,-3.7841005,3.0
33.794003,40.45115,1.0
-5.8279176,-0.6139682,3.0
9.809605,26.86623,3.0
37.303127,45.67165,1.0
-32.704796,-51.083717,3.0
-15.45196,59.094513,1.0
46.959515,-5.8048315,1.0
-0.4050377,13.26791,3.0
-15.770546,41.58021,3.0
-21.047928,-7.585783,4.0
-43.01942,-13.461993,4.0
18.73803,50.98413,1.0
-32.256115,51.328613,1.0
-5.9483104,60.605854,4.0
22.537424,-3.430215,4.0
-80.01682,30.400501,5.0
-68.04767,14.509136,1.0
68.69529,43.35454,4.0
-12.978911,58.042473,1.0
-17.52423,-2.428024,4.0
61.45653,-18.630816,1.0
0.5352064,-27.755875,3.0
-51.328224,7.608655,1.0
-47.030163,14.640686,1.0
5.4487553,60.585045,1.0
-17.93322,-5.5619802,1.0
-26.522066,-30.5009,4.0
15.847926,53.5404,1.0
-28.348383,52.875076,4.0
43.755188,-43.411945,1.0
78.50783,-2.3568485,4.0
-9.787983,-17.539936,1.0
-33.71341,-11.251133,3.0
-13.093012,-11.025454,1.0
34.95366,4.0399804,1.0
-11.557269,44.11477,1.0
-53.493748,12.846722,1.0
-43.56059,6.7822165,5.0
-50.9321,28.55449,3.0
10.347539,39.986298,1.0
-16.233011,-13.296339,4.0
-9.463306,-70.41983,4.0
50.117462,-25.587772,4.0
-11.069829,-64.92978,4.0
5.678305,33.31888,1.0
66.900406,50.661366,5.0
7.7120028,31.754005,1.0
-13.657871,47.167976,4.0
-69.0651,30.552734,1.0
0.5164057,-19.996319,1.0
57.200012,-12.250038,4.0
-6.0259094,10.931996,1.0
60.362988,50.75769,1.0
-21.408493,-7.559882,1.0
9.859926,50.658752,5.0
-69.655045,57.424633,5.0
29.552723,31.660288,1.0
0.486691,-7.9898906,4.0
-58.610184,-20.48434,1.0
-6.838237,0.97594327,3.0
1.3008776,-9.57928,3.0
-7.7660723,10.11879,4.0
-58.766678,29.682974,5.0
-51.194557,26.86486,5.0
-2.0860465,55.12235,5.0
36.773495,46.449703,5.0
-2.253897,-15.582748,3.0
-43.14749,-31.169353,3.0
67.82113,49.67384,3.0
59.891254,-31.647072,3.0
-7.394151,0.5462806,1.0
77.45977,19.622036,3.0
61.749966,-29.98312,3.0
-63.522057,16.75377,1.0
75.18804,17.339346,1.0
2.4104981,-20.09277,3.0
62.348667,-28.859325,5.0
1.0401074,12.645993,5.0
-21.221706,-17.988544,3.0
67.21608,48.84307,5.0
18.770214,22.431263,3.0
0.3835614,-8.489691,
-3.289494,-5.0148993,
-57.98629,29.579279,1.0
-13.248555,23.02194,3.0
22.085924,40.68116,1.0
-30.865604,51.68664,3.0
-38.795185,-34.095295,
20.367495,-2.7131746,1.0
1.0327992,-59.762157,4.0
-70.470314,24.816542,1.0
-44.593742,-12.706043,3.0
-53.855156,63.05184,1.0
-26.714426,50.080994,3.0
0.09090271,0.696515,1.0
-54.914413,-13.218939,4.0
-65.44566,18.597462,4.0
3.094129,28.268064,
-56.01354,24.398106,1.0
66.03538,11.906001,4.0
-20.100872,-20.06233,1.0
47.790848,-47.929916,1.0
73.45673,20.03827,5.0
-47.081245,22.465187,1.0
-64.53418,17.927547,1.0
-41.205162,61.37941,5.0
-29.694078,9.526843,4.0
-71.2383,23.952501,1.0
-39.667667,13.365467,3.0
-5.088212,-66.38736,
-2.9881296,23.421844,1.0
-58.868286,23.790895,3.0
-57.815327,32.913525,3.0
7.757093,40.70833,3.0
-71.40531,29.407455,5.0
-55.362972,24.920029,1.0
2.5806124,13.815122,1.0
-17.7722,58.484707,3.0
-11.646325,62.567066,1.0
-24.503405,50.10787,3.0
-12.705404,43.627777,1.0
-52.69756,47.870514,1.0
60.613586,10.156076,4.0
-21.406889,-19.547523,4.0
62.51483,-33.104836,4.0
-56.439568,-13.56879,4.0
-51.847504,-16.719547,4.0
-56.191822,-13.0408745,4.0
-29.0397,-17.31821,4.0
-25.288902,-25.918406,4.0
68.15886,20.229677,1.0
9.866497,5.5224724,1.0
6.5074816,41.486317,1.0
8.461503,-9.8337755,1.0
15.465669,-77.606415,3.0
11.841144,-65.86316,1.0
-55.661407,-4.811477,4.0
66.420006,48.23447,3.0
58.388252,18.185587,3.0
68.77495,47.310303,1.0
58.613853,-12.306321,4.0
2.7807107,-62.399246,4.0
-31.331299,5.195491,4.0
-50.232048,15.046766,1.0
18.178782,-15.8907585,1.0
28.642904,47.193985,1.0
11.923272,-76.189095,3.0
3.0343094,-3.6050003,1.0
13.464931,-73.52052,1.0
21.712164,23.287157,1.0
60.507553,50.787384,3.0
24.579742,-43.402737,4.0
14.735712,2.2541785,1.0
-39.671177,33.44385,1.0
-76.72109,30.533106,3.0
-49.978996,22.873236,3.0
-16.133646,-16.975473,4.0
41.00971,-57.360683,1.0
17.023962,-4.936799,1.0
-7.1802917,33.969017,4.0
-47.770676,23.818426,1.0
9.827587,59.231285,4.0
4.891898,34.836338,1.0
56.03952,-18.087141,1.0
66.695984,45.365818,4.0
6.313848,4.8796897,1.0
-7.12435,1.3270203,3.0
20.204735,-12.271639,3.0
36.624775,41.250607,1.0
32.975056,12.135019,3.0
-46.21455,6.9425755,1.0
1.2205232,34.616074,3.0
14.312087,49.7069,3.0
-69.41982,19.217865,1.0
-2.337145,22.601967,1.0
19.403887,33.665062,3.0
26.686235,12.138651,1.0
-44.67598,8.614212,1.0
1.93086,44.98799,1.0
-68.74675,20.97289,1.0
31.877043,39.513977,1.0
32.597515,40.28058,1.0
71.629944,-7.7898574,1.0
-20.795837,-51.374634,4.0
23.05569,1.2311264,3.0
-31.535051,42.212975,3.0
-53.88749,11.540115,1.0
-21.503195,55.817783,1.0
17.863295,52.848656,1.0
12.792194,55.17618,5.0
7.029911,44.82019,5.0
-22.18372,-14.45109,3.0
57.879864,-27.101114,3.0
65.412224,52.13768,
29.067266,20.540638,5.0
28.965199,47.72067,5.0
29.049494,48.866535,5.0
55.309853,52.54753,5.0
-36.63143,-1.8011813,3.0
-58.085854,-22.450027,4.0
-4.0703473,47.20643,1.0
-42.251225,-62.93171,4.0
-34.943474,56.64789,1.0
-14.715322,58.191154,3.0
-10.005694,63.952496,1.0
13.332923,26.129307,1.0
52.689037,34.539505,1.0
4.55203,24.67482,1.0
58.803932,-19.89702,1.0
-4.7426376,-69.15261,4.0
-12.527207,45.444824,3.0
-21.335878,18.09681,3.0
-40.01631,-8.743542,1.0
16.807884,59.092293,3.0
-0.61863106,-4.300845,1.0
42.91823,-26.783527,1.0
-8.896709,-77.57615,4.0
76.3368,-62.894173,1.0
-0.041784283,-71.761345,4.0
62.639565,-27.813843,3.0
-4.592355,-4.0912695,1.0
-77.324875,29.412115,4.0
-22.264168,-15.871019,
-14.158704,54.74079,1.0
-27.02519,9.6891165,1.0
69.100365,40.9706,4.0
-4.771054,-3.9500885,1.0
22.394062,-77.769394,1.0
-9.629336,-19.091228,4.0
-16.327114,8.860932,3.0
13.005826,48.676094,3.0
-5.8066297,-18.168873,1.0
-50.632023,5.2026553,1.0
-34.310143,3.7935615,1.0
9.159925,-8.768632,1.0
-23.294973,39.521347,3.0
61.609646,21.070862,1.0
-8.012542,17.090508,
69.55944,21.360376,3.0
0.33679968,39.536095,1.0
-4.5461693,20.522411,1.0
-26.221245,50.37187,4.0
29.5362,16.93448,4.0
23.908691,-6.3801847,1.0
72.98173,19.6177,1.0
59.404644,16.662838,4.0
31.81463,38.62022,1.0
52.97129,54.714302,1.0
14.598064,41.212425,1.0
-24.37011,6.876493,1.0
-49.305588,28.561678,1.0
-3.1684196,5.729493,1.0
61.98881,50.114906,4.0
55.2084,-19.015835,1.0
8.004226,-44.97488,4.0
47.880173,-18.742815,
-5.826501,-58.242424,1.0
55.103817,17.504738,3.0
10.406135,63.874893,1.0
26.605204,20.103813,3.0
5.88904,33.565548,3.0
25.923468,18.187063,3.0
27.778118,27.158922,3.0
-39.186123,-34.578876,1.0
-6.2003293,56.54412,4.0
10.018277,24.112011,1.0
-52.1108,3.945662,4.0
-0.7495802,-0.2361827,4.0
-51.17052,12.846081,1.0
-68.38833,29.210236,5.0
-29.223764,-7.2348595,3.0
-70.620544,20.078814,1.0
-14.447388,-8.98523,4.0
-26.447613,-19.386263,
-10.97131,-17.497452,4.0
-31.403341,-13.359735,1.0
-30.39585,-14.37968,4.0
-0.24213508,14.374735,1.0
-3.4701822,-13.580031,4.0
-8.899954,8.800032,4.0
-56.376205,-20.68639,4.0
30.729204,-52.11455,
-42.758884,-20.9944,1.0
-4.8441467,-16.112188,4.0
-14.108637,2.5957155,1.0
-23.25822,-17.978271,1.0
-8.210759,-5.0924063,1.0
75.29662,45.346695,3.0
-10.9950485,-65.82834,3.0
-50.170845,-13.780237,
-21.462715,35.713757,4.0
-50.319748,-15.729051,4.0
-47.659344,-8.649486,4.0
21.276283,-11.552819,1.0
-57.614258,10.282843,1.0
-57.60919,8.950116,1.0
-57.557304,8.723296,1.0
15.55417,34.826935,1.0
-56.08049,7.4425282,5.0
-3.9439483,-7.6298795,4.0
-58.893196,46.37382,1.0
15.313281,16.579231,3.0
-79.89763,29.644842,4.0
-12.807533,56.99458,1.0
52.437798,-23.351755,1.0
69.477715,44.981224,4.0
79.52694,20.944855,5.0
-31.141623,-23.551556,1.0
-5.3606405,-58.04463,3.0
-51.23179,10.511708,1.0
-46.610634,-52.94167,4.0
-52.443924,-15.191757,1.0
-38.139362,-13.858545,1.0
-45.466278,-54.730225,4.0
-40.113667,-1.1940658,4.0
82.28136,6.2414517,3.0
44.162174,-20.851355,1.0
-12.854173,15.1733885,4.0
0.94567806,35.59531,1.0
15.604526,18.86128,1.0
59.316666,-12.231421,4.0
69.30813,18.548565,3.0
-1.4106803,-70.16691,3.0
-29.502897,-54.278893,
-67.16669,16.565582,4.0
-11.591484,44.999043,5.0
-68.69165,29.196175,1.0
4.022273,-79.9961,4.0
-31.493383,40.885426,1.0
-31.286932,40.995842,1.0
-34.978653,8.165186,1.0
47.167194,-48.46797,3.0
-34.974606,8.202038,1.0
9.421711,40.98753,3.0
-12.000128,15.250268,4.0
-69.76138,19.804062,1.0
-61.65064,37.35651,1.0
-8.6234255,-76.0504,
-28.41539,-49.712368,1.0
-7.2579317,59.04478,1.0
-31.153418,45.96851,3.0
-37.330868,45.98326,3.0
-40.003082,-33.787624,
0.41232997,-79.81356,4.0
-7.894881,-76.01164,4.0
-36.3464,-7.9956193,4.0
2.488367,-82.380486,1.0
63.330765,20.28034,1.0
-11.437248,-17.298475,3.0
-14.738337,16.150263,3.0
10.235472,14.272622,3.0
-14.913265,8.681317,1.0
-19.31751,-12.397621,4.0
-35.906357,21.453636,4.0
66.41633,17.740145,3.0
-9.702247,-0.35161635,1.0
11.116422,32.455517,3.0
24.070625,17.587738,1.0
10.863281,11.862205,4.0
-45.44902,-0.62954324,1.0
23.731537,49.95847,1.0
8.625715,-1.9721668,5.0
-53.430584,14.234231,1.0
-56.19262,15.999251,1.0
-31.805254,-6.9361744,1.0
-18.705566,7.9784884,1.0
-54.46677,-7.383274,
-40.217014,-19.497438,4.0
-57.828144,9.510291,1.0
4.9941387,28.676975,1.0
26.169645,53.658062,1.0
30.993357,32.969944,1.0
58.165474,52.8188,1.0
0.79104215,2.1385326,3.0
-12.019251,-7.9483314,1.0
-18.356283,-26.780296,1.0
24.748192,47.08537,1.0
26.451027,19.114279,1.0
-63.027103,15.202021,1.0
-36.163067,46.45653,4.0
8.426058,45.001743,1.0
12.84613,-5.995888,3.0
9.78953,-82.10354,4.0
16.479643,-75.735886,1.0
-38.325603,-31.667732,1.0
-14.065587,6.15745,1.0
-56.358166,-18.510557,4.0
22.357964,40.424953,3.0
30.537231,32.41647,3.0
-26.981028,5.0048604,4.0
-12.169148,0.4965709,1.0
-38.72541,-14.308748,3.0
-7.7558064,22.048813,1.0
-6.2675195,-13.080471,1.0
-43.78351,14.174932,1.0
-52.692333,-53.12138,4.0
-21.883484,-9.088802,
-21.878529,-9.556555,3.0
-51.43389,-15.304644,1.0
-11.184208,-52.26309,
-0.25732523,-59.579094,4.0
-5.2966676,11.442334,1.0
-62.106304,30.775217,3.0
-42.478893,57.99352,1.0
-43.855934,0.01177856,4.0
-43.96482,-64.49411,1.0
-43.987988,15.105938,1.0
-18.081345,2.4398274,1.0
-22.256927,-14.132586,4.0
-40.92462,-14.120458,4.0
-56.378284,-17.491652,4.0
-32.56301,-7.9515867,4.0
-7.667398,-56.83536,4.0
-40.756416,-19.719398,4.0
-42.3098,-63.486183,1.0
-14.130199,1.2876486,1.0
-37.930508,11.673645,4.0
7.3117085,58.06144,1.0
-37.14072,0.48093528,4.0
-55.618965,26.29274,3.0
11.354823,3.0936935,3.0
0.22592129,45.0681,4.0
-37.66909,11.961981,1.0
-45.787693,-3.0061572,3.0
68.55915,42.29346,4.0
-31.174055,46.502666,4.0
-54.66382,3.9703727,1.0
-9.015635,7.6994424,4.0
-25.118483,-28.449547,4.0
54.61314,-34.683273,4.0
-30.953043,56.50947,3.0
-71.035515,32.767548,1.0
-16.293367,-7.549063,4.0
-26.472643,6.5322123,4.0
-13.371097,40.531673,1.0
3.2103193,-74.91223,4.0
16.289148,16.69264,1.0
2.4456472,-0.052044578,1.0
-5.0631757,54.663548,4.0
66.26177,11.443297,1.0
-33.010643,-9.273687,4.0
-11.516509,-17.446453,4.0
55.740475,-22.926584,4.0
52.11899,19.620102,4.0
0.8322567,39.47158,
49.034786,-28.578104,4.0
-26.756147,9.597004,4.0
6.2044263,43.950317,1.0
-78.6456,24.718342,4.0
-37.145084,11.471949,4.0
-3.3524878,15.346988,3.0
-37.534184,-19.262587,4.0
-20.820368,-24.676367,1.0
-35.57301,45.978016,4.0
-35.997528,54.724396,4.0
-44.9361,61.728497,1.0
-53.15282,-17.100851,4.0
-23.249683,44.697315,1.0
-58.260696,-8.102856,4.0
2.2914891,35.1553,4.0
59.16128,-11.890949,1.0
-52.179245,-13.555917,1.0
19.461163,58.47601,4.0
5.728091,-8.132381,1.0
-44.97423,8.699695,1.0
-8.080704,9.708458,4.0
-2.6266487,-63.43518,4.0
-33.797176,45.749016,4.0
-49.142487,28.747864,1.0
-66.622444,21.36405,1.0
-53.64382,29.657644,3.0
3.0259118,15.454666,1.0
-31.929337,11.953334,4.0
-30.1968,12.541595,4.0
-51.19557,-12.580655,4.0
0.3866528,-16.231306,
52.49196,-16.851137,4.0
9.68619,4.9078436,4.0
-37.6341,19.763515,4.0
3.9599168,-9.099919,1.0
-12.534236,61.79213,1.0
19.650295,-53.13201,4.0
-10.556932,-18.481417,4.0
-9.330064,-21.5961,4.0
21.293959,23.396526,3.0
-49.53764,-8.90928,4.0
-23.761545,-28.463364,1.0
-22.539494,-25.168385,4.0
2.0884752,14.293238,3.0
-27.130491,0.89787453,3.0
28.542639,20.04167,
13.102972,40.49512,1.0
-47.442818,13.138129,1.0
-14.491439,-23.692347,4.0
-21.42788,-17.464941,1.0
7.796848,63.25865,4.0
-9.256251,-18.870699,4.0
5.348923,12.841115,3.0
-12.150465,-11.928332,4.0
7.7768273,65.80984,4.0
-37.1523,-20.317165,4.0
24.202381,48.603363,1.0
-19.207361,-4.546447,3.0
4.2135944,24.260056,1.0
33.481407,44.446205,3.0
11.251974,25.33225,1.0
-19.232695,-26.215534,1.0
14.406918,37.1,1.0
-35.97714,2.1161988,1.0
-58.7542,-14.381905,4.0
-55.82598,24.651041,1.0
0.8635738,54.781586,1.0
6.2285357,4.002248,3.0
-25.219257,12.297899,4.0
9.648629,-13.05992,3.0
-56.956753,-4.3923874,4.0
-57.538353,22.172348,1.0
-24.978191,44.92549,1.0
-49.905037,20.496761,1.0
-47.079105,27.870567,4.0
-44.914967,39.334396,3.0
-24.475805,51.88387,1.0
-33.752094,45.76454,1.0
-44.25648,-13.218738,4.0
3.4353876,16.95366,1.0
-31.984032,0.58091426,3.0
-26.798521,41.996708,1.0
15.232694,37.603527,1.0
-39.31064,-9.749738,4.0
-22.639141,-24.20757,4.0
-2.612185,-1.9057479,3.0
31.025896,42.58486,1.0
-18.26034,36.48441,4.0
-6.652053,17.134861,1.0
-39.201107,0.15713066,4.0
-14.12141,7.5838976,4.0
-45.708076,31.57631,3.0
5.5005527,11.86703,3.0
-51.048447,6.2462063,4.0
61.3644,48.960335,1.0
59.85782,39.63033,3.0
66.89845,14.9990015,
5.7829227,61.023724,5.0
50.69403,-30.524113,1.0
-46.28852,32.114513,1.0
23.372013,47.708683,1.0
-3.9807146,22.647406,1.0
-28.056126,-48.84308,4.0
57.692272,39.782,3.0
-4.7081084,-80.89248,4.0
-29.635138,-15.361098,4.0
-33.279636,1.9869555,4.0
-6.1609507,59.424995,1.0
-58.480766,11.1662855,3.0
-49.69543,22.374569,1.0
-22.488,-32.13624,1.0
-42.31492,-59.480453,
-14.22496,-36.438965,1.0
-22.272997,-14.329851,1.0
4.8343987,32.65415,1.0
-11.708055,-35.97301,1.0
35.32511,44.254093,1.0
-26.225464,-61.64498,
-5.5143986,52.905888,3.0
-39.23167,13.364443,1.0
12.768164,-66.70607,1.0
35.107433,41.611988,1.0
-62.32771,-13.978357,1.0
-5.0702367,59.43937,1.0
-4.3973775,-23.055859,
-42.14778,0.16742142,4.0
-4.953175,-69.155716,4.0
-27.881224,-31.984901,4.0
77.10133,21.897541,4.0
-25.77088,-20.519255,4.0
75.73179,45.774586,
-23.831593,-27.429775,1.0
-33.71826,-4.3575125,4.0
22.084873,-80.80731,3.0
65.80955,-23.774778,1.0
-16.889431,-18.124573,1.0
-44.078197,-20.987932,4.0
-29.710726,-68.62979,1.0
-31.500568,55.479187,5.0
-27.933735,38.09053,3.0
4.1133084,-61.483135,4.0
-34.27147,-2.279623,1.0
-20.824371,-21.457127,1.0
-37.00676,0.79240495,4.0
-50.224133,11.035959,1.0
-60.919704,6.9240627,4.0
-54.879345,9.604525,1.0
-7.665727,-25.503975,4.0
-36.076378,-14.544721,4.0
-53.029346,-18.375725,
28.30476,18.325686,3.0
-1.9860495,-63.599297,5.0
2.499914,-64.53306,4.0
2.5830455,-64.44261,4.0
-21.190113,-50.677418,4.0
-24.944653,-25.962889,4.0
14.56096,28.411003,1.0
-59.14178,-11.103965,3.0
10.468256,31.855139,1.0
16.501955,33.953377,1.0
60.92048,14.446306,1.0
80.96926,19.056402,4.0
29.14846,27.936382,1.0
7.303701,49.311104,1.0
34.682392,37.76782,1.0
20.593348,32.434235,1.0
66.40364,-18.908165,1.0
-45.654053,9.485635,1.0
-0.45853204,1.2472281,1.0
1.1538767,16.28996,1.0
65.503845,-24.826664,1.0
24.272367,49.16697,1.0
6.2794023,-79.898476,1.0
13.271271,-65.408966,3.0
6.228308,63.235703,4.0
42.23355,-28.261362,4.0
-10.570026,11.788982,1.0
-65.09907,25.198603,4.0
-36.66992,30.109602,3.0
76.16052,-21.841413,1.0
-24.705591,24.100311,1.0
11.046038,-76.59933,4.0
-28.378727,-30.170343,4.0
48.172127,-28.90601,1.0
-60.394154,8.870897,4.0
-28.734867,2.13381,3.0
-63.60137,16.24565,1.0
-0.51709634,-5.7344646,1.0
28.376785,20.708733,4.0
-46.032692,-4.905174,4.0
-8.9543705,10.801914,4.0
-8.011331,10.5547285,4.0
44.009403,-25.00489,4.0
9.118143,-33.514263,1.0
7.6308413,12.994075,4.0
33.190666,38.179913,4.0
33.68927,38.703682,4.0
64.33907,48.13071,4.0
64.0667,48.753418,4.0
-30.026237,-18.41954,4.0
-14.726444,19.886345,4.0
-21.374708,35.920807,1.0
7.394763,40.80262,1.0
21.06832,46.923138,1.0
-8.360277,20.476349,4.0
66.94805,44.47622,4.0
-12.665083,25.333755,5.0
12.822575,-3.2169204,3.0
6.3366036,59.7219,1.0
2.147595,-57.68236,4.0
-56.93657,9.652948,1.0
14.114701,-74.09577,4.0
-44.93804,16.894552,1.0
-31.508795,-18.456455,4.0
-26.136421,41.293686,3.0
11.497621,56.833595,4.0
35.10669,16.070839,1.0
81.13398,7.167625,3.0
75.62828,45.608738,4.0
11.9575,-84.392006,3.0
1.053736,13.436254,1.0
-47.54278,3.2479732,1.0
-6.6260457,17.026964,1.0
-7.6493955,-25.092405,4.0
-45.585117,-9.585414,4.0
-38.230057,-10.984892,4.0
-42.16308,-18.30517,1.0
-58.230576,28.498753,1.0
-51.73473,-52.58788,1.0
8.143613,-82.65006,3.0
-38.431168,-17.205566,4.0
-40.443924,13.545095,3.0
0.3912545,16.904247,1.0
5.730385,2.4188702,4.0
-33.111927,5.665906,1.0
-4.877969,15.440062,4.0
-65.56664,20.922693,1.0
-34.829327,53.725483,1.0
17.191753,32.57318,3.0
-58.994823,30.46229,1.0
7.361456,-88.029625,1.0
-38.921463,-11.0360565,1.0
-51.50046,-49.833347,4.0
23.897308,21.463434,1.0
-37.923397,-31.414131,4.0
-58.69835,10.173457,3.0
-8.893131,50.1527,1.0
19.421597,41.397633,1.0
-6.8708715,32.385517,4.0
-54.764576,-13.297948,3.0
-45.210712,-5.4892263,1.0
-34.07359,-2.4487624,3.0
-10.140907,12.0617,1.0
-39.551865,-33.39886,1.0
-45.36083,-9.681875,1.0
-49.125908,17.991617,3.0
21.596083,49.30691,1.0
-24.543547,2.6044679,4.0
-31.16871,49.85785,3.0
55.407795,-17.027609,4.0
13.541863,-3.761795,1.0
9.846709,-8.923441,1.0
22.148006,-1.6841446,4.0
-15.548154,6.7423224,1.0
-11.38474,28.058811,1.0
7.2587237,58.266037,1.0
-35.054165,10.159468,1.0
-69.09695,14.52647,5.0
-27.818739,8.410996,4.0
-9.76736,-8.801832,3.0
-40.22939,-68.12051,1.0
-25.27262,44.64937,4.0
-59.999752,39.92482,3.0
-27.15943,40.125885,1.0
3.7965999,27.600672,1.0
-0.21476085,23.31115,1.0
-4.339631,14.96746,
-35.12523,-0.2393973,1.0
23.49637,49.881294,1.0
-22.701405,0.21270874,4.0
-40.97454,-18.098816,3.0
-49.56402,-13.159433,1.0
-50.088802,-13.644687,1.0
-5.440174,18.54541,3.0
-31.39876,1.4441558,4.0
-52.832355,10.872235,1.0
29.077793,26.455486,3.0
-23.686455,0.4414929,4.0
-48.381504,28.355787,3.0
-43.46758,7.6692467,4.0
18.739521,12.753838,3.0
-36.390186,-32.88282,1.0
30.120007,24.119204,3.0
-10.576961,64.160126,1.0
-25.2137,-0.38552794,1.0
5.0397105,34.885345,1.0
-38.31958,-68.27915,1.0
20.69346,-78.90074,1.0
-16.379217,-8.6204815,1.0
17.855524,59.338802,1.0
30.453928,48.893696,3.0
35.83582,45.46269,3.0
55.86533,53.204227,3.0
0.15139778,-10.506521,5.0
13.694804,49.34402,4.0
-78.32331,30.891455,1.0
15.506636,-2.5854027,4.0
-1.0955276,-9.572086,1.0
26.616703,35.78022,3.0
15.403008,-72.31932,4.0
9.113477,49.85548,3.0
69.542114,16.282467,1.0
-10.918293,28.217257,1.0
-35.187653,-52.976147,1.0
29.927153,52.42617,5.0
3.792847,60.71955,4.0
65.601006,51.354923,1.0
26.21882,53.710808,1.0
20.38899,-2.661602,4.0
-37.48872,-6.5211143,1.0
69.456375,41.535843,
-13.243674,-11.971601,1.0
-8.232002,27.587698,1.0
31.639748,-65.01157,
15.081945,20.489502,1.0
-45.36638,61.405323,1.0
10.866578,24.728619,1.0
-44.937756,21.434761,1.0
2.23614,8.808789,1.0
69.2124,18.103628,1.0
57.747982,-25.020084,1.0
-60.765743,54.81023,1.0
-48.7181,24.173649,1.0
73.81834,17.837048,
16.03649,-2.883211,1.0
-6.6249495,-4.7274933,3.0
1.829602,35.480198,4.0
-27.700998,-20.902988,1.0
-37.100407,-14.317139,1.0
-32.11008,8.635564,1.0
-9.730377,-67.5719,3.0
-34.668793,9.429942,1.0
-47.875587,-51.456776,4.0
-31.506872,40.8701,5.0
-34.901825,8.132773,1.0
-1.0972443,-68.61123,1.0
-0.03882644,-14.361827,4.0
10.400512,-3.6363475,4.0
-16.213896,50.788918,1.0
7.324637,-85.340576,3.0
-1.2190245,32.162388,4.0
57.60964,-25.912876,3.0
-13.638817,-4.167397,
-51.12933,-15.920837,1.0
-39.799866,-10.338559,4.0
54.143826,-26.4823,3.0
18.454578,50.919273,3.0
62.915,-21.609413,3.0
61.988983,-27.900135,3.0
73.79746,16.67603,3.0
75.50758,17.964897,3.0
58.844044,51.563564,1.0
-43.434067,-11.789111,4.0
82.600006,-3.2376251,1.0
-64.05231,17.478401,1.0
2.2617686,24.623915,1.0
-19.16682,-26.009672,1.0
11.800009,-84.76281,1.0
-39.40185,-22.057686,1.0
-24.54697,-14.822188,3.0
-22.7408,-15.873873,
-50.394135,-49.413063,4.0
-2.9904447,-23.220598,
55.357395,-30.19787,
-61.099358,6.571724,3.0
-38.133686,-7.6576767,4.0
-30.124166,-23.95283,4.0
24.576347,-3.2263398,4.0
-18.735498,-4.7458506,1.0
-26.122856,41.240368,3.0
-42.562588,-59.32242,1.0
7.036439,45.39871,1.0
26.906168,43.87547,1.0
24.523964,46.54517,1.0
63.75721,-19.802937,1.0
65.21554,-19.705658,1.0
15.093199,40.95918,1.0
17.71806,52.210136,1.0
21.010653,53.725254,1.0
-1.6367062,17.964214,3.0
-28.807,36.455868,5.0
-45.41151,18.34191,5.0
-12.896777,16.889162,1.0
69.59816,-1.9047469,4.0
-2.564475,23.227535,4.0
-56.09707,16.382208,5.0
-56.244007,7.9394846,5.0
-22.28643,20.634113,5.0
36.234043,22.353836,1.0
-3.262665,38.829094,3.0
16.656754,14.327607,4.0
4.870791,11.6642275,3.0
62.945534,20.902073,3.0
34.955357,41.36006,1.0
2.515682,-63.037827,4.0
28.909075,4.5949397,1.0
-13.202221,-76.44689,4.0
75.65441,2.6518414,4.0
16.48076,58.03315,1.0
63.220654,48.09452,4.0
-60.440536,29.94434,4.0
18.153456,59.149624,1.0
-58.081448,-23.096077,4.0
-23.82636,-2.9767091,4.0
-29.133154,1.6150298,4.0
-0.9038667,-9.285627,1.0
-2.4688015,-15.862761,3.0
-19.970587,-24.340038,3.0
8.130384,-10.428406,4.0
-2.4900131,3.9404545,4.0
-31.324148,-17.070107,3.0
50.000614,-21.858727,3.0
0.25110653,35.10326,3.0
-11.343968,-23.622885,4.0
-45.284576,-7.368577,4.0
43.40303,-29.394016,4.0
-10.088968,-67.9189,4.0
1.2495644,35.38685,4.0
30.290203,-63.411472,1.0
-43.95143,7.615588,1.0
-22.932987,-18.440054,4.0
-9.876214,0.13959119,4.0
20.074387,42.007133,1.0
-13.207606,47.04961,3.0
-27.549366,48.9075,1.0
-13.444409,2.5025606,4.0
12.035434,-5.5112534,4.0
-60.396805,24.604156,1.0
-52.095547,27.991507,1.0
-60.601803,31.869982,4.0
-11.733763,62.14573,1.0
-42.378952,57.880978,3.0
3.4753385,-59.26565,4.0
14.746034,-1.3453306,3.0
2.4713488,24.234905,1.0
-58.04843,-19.652458,4.0
6.7356234,5.7473044,3.0
33.399937,19.779184,3.0
45.882645,-19.3151,4.0
26.645864,35.523235,5.0
34.62857,40.047577,5.0
36.566784,39.078636,5.0
-10.264373,-15.933758,5.0
22.591707,23.645597,3.0
-14.669925,-5.446678,1.0
12.920527,48.62386,1.0
58.42864,48.252754,1.0
1.3850238,-16.531895,4.0
-26.089334,51.5373,1.0
-58.704296,24.253117,1.0
8.526857,37.825176,1.0
-14.044281,3.2004771,1.0
-10.638356,-19.995626,3.0
24.730598,-47.74335,4.0
6.828812,-84.529915,4.0
-20.510237,20.165148,4.0
-53.090706,-53.06489,4.0
-72.157906,30.065807,5.0
25.087954,24.5547,1.0
-37.5043,-66.77505,4.0
20.374865,56.94548,3.0
-41.48253,55.93993,3.0
9.652233,44.93762,1.0
-8.512399,-56.23896,3.0
57.69348,24.99594,5.0
42.1622,-21.372974,
47.7332,-21.842112,1.0
-14.653694,-75.24503,4.0
-45.423367,17.096432,1.0
48.172882,-10.587582,3.0
-15.165612,-16.259699,4.0
0.6649466,17.640217,1.0
-19.430824,-24.166815,4.0
-22.365213,-17.430555,1.0
-10.091818,-64.909134,4.0
-31.00144,-11.217336,1.0
-16.398966,58.999195,1.0
0.0781256,-15.975962,4.0
2.503928,-66.75729,4.0
-15.160785,62.103935,4.0
-13.966045,46.733963,1.0
-33.265423,56.561993,3.0
-30.419039,47.070885,1.0
17.838614,50.194527,3.0
-0.6953445,-0.04135374,1.0
-8.124576,-77.09009,3.0
35.621967,44.901005,3.0
47.35814,-19.75226,1.0
14.914709,40.71577,3.0
-44.57168,-12.845159,1.0
9.591186,66.37818,3.0
68.15923,17.578373,3.0
35.536823,42.26385,3.0
13.840339,42.08036,3.0
-2.6589086,50.52209,1.0
13.550856,43.382244,3.0
-29.50956,4.0501623,4.0
8.627579,-80.52262,4.0
4.075222,24.171148,1.0
66.24025,17.283741,3.0
-7.7072806,-82.94989,3.0
-44.338387,-52.81157,1.0
2.558954,19.446852,1.0
-14.858194,-31.697891,4.0
13.469597,-65.48207,3.0
1.3849925,23.903643,1.0
12.570007,-15.783081,
-27.925022,43.339252,1.0
16.957157,-3.7683232,1.0
-47.184402,22.801931,3.0
11.721474,48.517323,5.0
-7.000293,14.81544,1.0
-56.21737,16.596605,1.0
-31.223047,29.257374,1.0
63.6428,-20.348223,4.0
-9.100662,-25.988218,4.0
24.213097,-48.04536,4.0
10.930763,12.190348,1.0
-1.9720387,54.460308,1.0
-1.3936502,52.345642,3.0
-44.469357,21.742212,1.0
35.96758,42.240818,1.0
10.634095,-77.78707,4.0
32.768143,29.878382,1.0
8.691512,6.0396714,4.0
-5.0048885,-72.13908,4.0
54.03183,35.677765,3.0
-7.3966937,13.441167,3.0
-64.82681,22.124939,4.0
-1.409517,52.089565,1.0
60.338562,50.654236,4.0
13.944305,-76.3864,1.0
19.050245,-3.7860382,1.0
25.974455,19.465977,3.0
33.28127,44.678967,3.0
27.868607,36.68408,1.0
-44.42248,-7.414844,4.0
-52.082558,12.75469,1.0
11.148422,67.13549,1.0
5.880537,-80.56928,4.0
-12.860618,-8.02307,4.0
-57.52658,12.325725,4.0
-19.433664,22.840977,3.0
0.0514827,23.018736,3.0
80.332855,-0.12016635,3.0
-5.9281645,-55.667713,1.0
63.422585,48.533817,1.0
-13.438691,2.7725782,1.0
57.471207,-15.049001,1.0
23.059084,20.271212,1.0
-6.369301,-4.7870865,1.0
23.405203,27.39514,1.0
23.28656,28.015736,1.0
-2.462229,-15.550495,3.0
56.967503,56.869873,3.0
14.021987,28.403261,3.0
15.910741,26.24269,3.0
-37.8484,-70.743614,3.0
-37.304752,-70.85194,3.0
-37.249012,-71.84098,3.0
-38.72259,-70.85003,3.0
-3.4709847,33.859383,1.0
60.414284,-28.756989,1.0
-12.550292,59.93229,3.0
-8.707283,-11.60916,4.0
-68.4179,28.949993,1.0
-73.49752,18.746681,4.0
5.0207014,-6.961591,4.0
-38.061283,-63.841633,4.0
-11.870487,14.486006,3.0
34.472157,29.31768,1.0
33.00873,42.400944,1.0
27.362293,21.274385,4.0
53.061035,12.015678,4.0
-6.4824634,-12.897507,5.0
57.660038,39.939198,1.0
13.73731,-8.996279,
18.553905,-15.936495,1.0
24.944195,-48.060318,4.0
33.819584,-64.27682,4.0
-57.986706,9.266653,4.0
-24.784664,45.50759,1.0
-40.24676,14.654206,4.0
29.726866,8.261183,1.0
-42.717533,0.9142077,1.0
33.44985,46.29728,3.0
43.160065,-13.450375,1.0
-60.294605,27.542917,1.0
-31.193401,51.477547,4.0
-21.693777,56.618217,1.0
-35.847492,18.631088,4.0
-15.058837,58.630905,5.0
-23.226284,-6.146491,4.0
-34.955093,8.0900545,1.0
26.971622,-8.243805,4.0
-31.739408,55.144463,5.0
-2.8577616,51.46177,4.0
-51.587463,52.42158,1.0
-23.257486,-19.936872,
9.694406,45.343826,1.0
-19.92239,58.316788,1.0
-27.303095,-11.665856,4.0
-3.5760875,37.373814,4.0
-67.777306,30.239887,4.0
-69.10588,24.03028,4.0
29.551697,51.664898,1.0
-30.897297,49.409615,4.0
-31.784853,48.23432,1.0
39.90274,-17.214003,1.0
-44.259945,8.057967,1.0
13.1083145,2.0938842,1.0
-31.296238,41.660393,1.0
-7.4067554,1.4467359,1.0
-29.832115,-4.985118,4.0
-55.092216,-2.8723812,4.0
47.225693,-27.395557,4.0
6.7847853,8.64103,1.0
-66.47361,30.11195,1.0
29.677994,19.74706,1.0
-52.99426,21.601847,4.0
4.7233167,40.454407,1.0
-49.6236,47.452423,1.0
-30.882637,2.1867056,4.0
-53.520996,48.61444,1.0
-37.758106,12.3147745,4.0
4.316128,10.983065,3.0
-42.106968,-15.209172,4.0
-71.77844,30.89489,4.0
-30.635822,46.1582,1.0
-3.3439233,31.974716,
-59.328156,25.836065,1.0
-69.16304,20.14801,1.0
-16.81486,-6.535534,1.0
36.786774,29.760937,3.0
-10.587946,54.166588,4.0
12.106362,-75.9561,1.0
-36.854553,46.15243,3.0
-65.34714,23.931152,4.0
23.785303,-1.8686489,
2.0430732,13.66398,3.0
-12.935912,-10.934385,3.0
-10.069703,35.050797,1.0
16.682589,34.224117,1.0
-35.05267,10.719737,4.0
-53.58743,-17.760277,4.0
-10.142146,-16.052866,4.0
-4.2015615,-56.5083,4.0
-61.110184,-16.094215,4.0
71.25944,-69.793236,3.0
13.059387,4.1272655,4.0
29.398493,28.180153,1.0
-20.775314,33.95474,4.0
2.2196724,25.597593,4.0
-10.134107,35.39604,3.0
-15.088139,2.8294892,4.0
4.971404,20.545408,1.0
22.23435,39.732647,1.0
35.60058,-56.991688,3.0
74.91309,-4.7601185,4.0
9.742115,14.39545,1.0
-2.555556,13.763583,4.0
11.79253,38.983597,1.0
-12.852401,46.477978,1.0
56.61431,-16.882944,4.0
-21.00273,-28.532223,3.0
15.017613,-72.36569,4.0
-14.504111,-30.805609,1.0
24.48268,-4.5805774,1.0
42.62744,29.174316,1.0
6.421604,64.15382,1.0
10.435968,-80.50408,3.0
-22.873083,37.058525,1.0
-56.61689,24.811472,4.0
7.982051,-7.567911,3.0
69.670235,16.012068,1.0
-3.284703,-5.0065594,1.0
22.237562,-11.888463,1.0
34.99699,16.802727,5.0
62.785767,34.612564,3.0
-12.87559,3.775634,1.0
-54.285583,-5.048607,1.0
36.504993,42.31176,1.0
-42.45335,7.854243,3.0
11.647753,33.35767,3.0
46.796806,-19.808796,3.0
50.51855,-19.062243,4.0
-3.5525544,35.072437,4.0
68.41898,19.90069,1.0
-43.616734,-63.791443,1.0
-39.10314,-32.650196,4.0
-12.841256,16.53869,1.0
56.736843,26.387949,1.0
40.03151,46.958405,3.0
52.09807,54.00554,1.0
6.3209586,-7.5199757,4.0
42.29147,29.202082,1.0
-44.12579,7.99902,3.0
67.94297,44.961678,1.0
42.63993,29.159935,1.0
32.931786,43.09271,1.0
9.326808,36.957928,1.0
18.353094,33.066322,1.0
-42.853573,-60.738327,1.0
62.06585,50.35526,1.0
53.93105,-16.416142,4.0
28.490458,27.795885,1.0
8.253328,24.901712,1.0
43.622368,-46.870274,3.0
-28.302671,-17.947021,4.0
7.4554267,59.9506,3.0
10.694871,-82.53552,1.0
-52.808903,49.6627,3.0
31.931452,24.490978,1.0
-22.897133,-31.914913,4.0
8.793711,40.998466,1.0
0.2310401,-84.71084,1.0
-10.1898985,35.50596,4.0
78.379616,18.278048,1.0
-30.095339,-68.459045,1.0
-12.531537,61.70577,1.0
-6.4294324,55.493603,3.0
-18.963434,-9.535542,4.0
-28.79644,47.027996,1.0
12.980545,0.6107299,4.0
23.933067,26.555237,4.0
-5.812886,56.109394,3.0
14.792,21.177315,1.0
6.385877,-81.36447,
38.490425,-27.296534,4.0
0.55358446,-5.401128,1.0
-7.707833,-14.165321,4.0
-38.724964,-68.082924,4.0
73.307396,20.24504,1.0
-3.1215346,-67.41652,1.0
-1.9102867,-23.850985,4.0
-55.68562,-21.832844,4.0
-7.113531,-55.319603,4.0
-3.6083443,11.572684,1.0
15.385433,-73.55732,
75.382706,45.405666,4.0
-13.477116,-2.8865345,3.0
54.499775,-25.452505,1.0
58.898552,-13.681561,5.0
10.211431,59.35968,5.0
64.93429,-17.727997,4.0
3.9391193,13.484907,4.0
60.37037,50.0664,1.0
4.3142605,8.473771,1.0
76.08753,-64.32689,1.0
-36.890522,57.215096,3.0
-13.237672,-8.001272,4.0
38.522957,-22.778078,3.0
8.42659,15.007466,1.0
21.560036,39.05869,1.0
-20.238607,-33.01008,
19.777071,-53.20446,4.0
9.142126,-5.0658517,1.0
-29.258368,2.0229964,1.0
29.999636,23.393076,1.0
-51.980427,32.498367,4.0
30.214611,3.7383423,3.0
-14.55643,-19.360012,1.0
-78.271194,21.700075,3.0
-0.18710846,54.91828,1.0
27.24288,50.205517,1.0
15.662808,3.2731178,1.0
-20.964901,49.52673,1.0
23.286926,48.622337,1.0
23.059767,-3.0819392,3.0
-55.533756,-8.007785,3.0
41.961967,-51.828865,
-12.224852,-79.63033,
-26.40938,47.42651,3.0
-54.291393,31.572258,4.0
57.714737,26.700626,1.0
10.274389,44.66063,1.0
72.86842,16.713142,4.0
1.4863191,-62.213604,4.0
-59.565033,24.05041,1.0
15.126096,37.56422,1.0
16.218363,52.573566,1.0
64.26135,10.667922,3.0
21.729122,-11.819597,4.0
22.21413,48.00017,1.0
26.799055,50.46006,1.0
9.462728,24.32486,4.0
12.7599125,-5.397752,4.0
61.882664,8.038348,4.0
-62.286175,36.66403,4.0
-9.880252,-63.49175,4.0
-16.761497,60.316616,3.0
15.240651,2.7877097,1.0
-9.689384,62.80078,1.0
-53.158905,50.63194,1.0
-19.580883,-25.937729,4.0
18.535625,12.811979,1.0
8.511811,66.79578,1.0
-16.531948,-11.508463,
-30.657757,2.8862295,1.0
25.433014,-43.01066,1.0
64.81765,-20.643814,1.0
-10.652892,33.29843,1.0
-3.504757,36.213146,1.0
54.111076,19.38627,1.0
-11.774862,19.189049,1.0
-8.898585,-12.592446,4.0
13.631362,43.856594,1.0
2.3633542,25.61283,1.0
-6.9476604,31.653267,4.0
-53.683075,-18.780027,4.0
-29.179115,-28.668598,3.0
-50.16754,27.705473,1.0
3.0927866,-64.49986,4.0
8.436704,-9.841012,
18.988995,43.664284,3.0
-77.41679,30.686289,1.0
-27.262154,-60.65754,1.0
-55.664783,31.486856,4.0
-58.097435,57.21473,4.0
-41.16517,-33.501297,1.0
34.46439,-37.847847,4.0
23.647686,18.411455,4.0
13.598021,44.02965,1.0
-46.142185,27.417269,1.0
-12.205743,-17.95734,4.0
-3.476125,-62.164547,1.0
-10.627661,-61.28365,4.0
-27.50896,-4.290026,4.0
-42.70447,-7.083655,1.0
-47.08928,-15.678227,
-2.4491534,23.054169,1.0
-57.160545,-17.24802,4.0
-55.125057,-15.73814,4.0
-23.109335,-50.039726,4.0
-9.885533,-25.415485,1.0
33.671265,30.436169,1.0
-23.017286,-55.37834,4.0
-24.283567,56.179424,1.0
-34.18905,56.52061,4.0
-4.0700107,6.850724,4.0
-10.568395,-25.961927,1.0
-27.025887,1.004679,1.0
-12.891032,-37.99724,1.0
-35.825867,20.483685,3.0
48.84597,-12.644585,5.0
61.83053,0.18817824,3.0
59.018658,13.880001,4.0
-42.031277,-32.07267,1.0
-30.362907,-54.38377,1.0
-3.4120028,-13.3692465,1.0
-50.485157,18.015835,1.0
-44.108974,60.036427,1.0
-51.032665,51.515923,1.0
-19.695059,58.82323,1.0
-60.732094,41.007412,3.0
-59.71107,32.296158,1.0
70.565956,41.790356,4.0
-4.2336946,18.955559,4.0
19.975021,59.13648,1.0
-32.66216,-71.09721,1.0
-4.432671,-6.2118235,4.0
-40.5625,-11.325976,4.0
-0.5779867,20.43839,1.0
-5.9204307,-10.050629,3.0
45.342995,-24.053232,4.0
-21.24976,52.636337,1.0
5.320602,-16.866491,5.0
-20.069187,49.592648,1.0
-13.503762,5.8083463,4.0
17.70247,20.885815,4.0
20.234943,-0.24320365,1.0
-34.166164,-54.088913,4.0
60.64524,38.10849,1.0
-13.711652,-64.87202,1.0
4.6518846,44.948055,1.0
29.175373,28.488344,1.0
-2.3037152,-23.213335,1.0
-37.87209,-70.231094,1.0
60.49001,-31.34734,3.0
-14.255215,-53.737816,1.0
-36.822475,-18.524124,4.0
-23.2367,-50.46177,3.0
42.938923,-55.856262,4.0
20.783346,-13.124371,3.0
4.198286,-63.888794,4.0
58.1565,48.31134,1.0
-23.315279,-22.011087,4.0
41.752815,-22.418756,4.0
-14.221639,-77.688324,4.0
-0.5100543,-18.076786,4.0
-15.907315,3.0079522,
-42.993908,-11.907902,4.0
-11.410364,11.800515,1.0
-38.234142,-17.181131,4.0
-24.651115,-20.78285,4.0
-14.196075,-4.526614,4.0
-0.6954625,-81.19064,5.0
53.90281,-26.406286,3.0
-18.675646,3.2778046,3.0
-20.606838,0.0086197425,3.0
-10.332362,-27.291111,4.0
3.917616,63.198624,3.0
4.596924,-0.28138793,5.0
7.2923393,58.672256,1.0
27.315952,2.7960312,5.0
-24.658573,-19.248491,4.0
22.988781,-81.450424,1.0
-35.126755,56.743847,1.0
-58.330826,22.022322,1.0
-35.37035,42.152668,4.0
65.10273,11.219148,4.0
-15.629803,4.6342325,4.0
37.498608,-50.720592,1.0
19.861752,24.440998,1.0
11.6580715,-43.276676,
3.7044044,-36.21955,1.0
9.846573,-44.993683,
9.965389,-44.91535,
34.315216,40.898052,1.0
69.501945,19.623514,4.0
13.19817,-8.068589,1.0
-7.495329,-24.542887,4.0
24.587008,23.683224,4.0
-32.440582,13.466249,1.0
-7.6547804,2.2357206,4.0
26.083582,44.515842,1.0
54.84062,-22.560581,4.0
-9.714391,33.61014,1.0
-4.835123,-69.155876,4.0
12.601574,46.466118,1.0
26.690275,49.703606,1.0
11.772846,3.2794168,1.0
8.729229,13.439055,3.0
9.320749,58.60359,4.0
37.43627,45.23121,1.0
11.02004,-13.812263,4.0
-21.519262,34.65263,4.0
-10.61637,-15.051009,4.0
-47.335297,39.46866,1.0
70.25656,20.846027,1.0
60.03866,-29.250404,1.0
-39.568058,-66.70854,1.0
37.301903,-51.042927,3.0
62.37913,-25.59233,5.0
4.247532,13.620275,3.0
-28.237997,-8.08371,1.0
-4.0506587,-62.66573,1.0
26.460562,45.702698,1.0
59.680634,39.872456,1.0
54.64977,-25.392384,4.0
25.77186,-5.4948883,3.0
-25.207663,-0.15249747,4.0
10.605448,57.314606,1.0
64.54949,21.936964,1.0
20.407427,57.959263,1.0
11.994072,67.88602,3.0
-1.9364179,5.7045336,1.0
1.1816397,-3.5518794,1.0
34.24793,14.091548,1.0
48.51725,-11.818325,4.0
64.431305,49.0717,3.0
-9.167245,7.519284,1.0
48.23448,-10.402231,1.0
10.1729,56.236828,1.0
29.838865,31.797115,1.0
-14.840711,-15.810947,1.0
24.300058,14.384608,5.0
-25.11675,-14.051107,1.0
24.210405,17.995203,1.0
-15.146401,5.4203057,4.0
-26.947998,-30.51079,4.0
5.9068403,-7.123166,3.0
15.766181,14.261927,1.0
-20.381111,18.939802,1.0
-6.691035,-25.033653,3.0
35.227776,-63.46813,3.0
-25.588202,-13.530939,5.0
43.29338,-15.274348,4.0
-23.230526,34.331028,1.0
-0.15589064,-69.05776,1.0
38.83307,29.406477,1.0
-9.8407955,34.04585,1.0
24.933176,24.458065,1.0
70.55473,-68.25044,5.0
-51.401264,10.54689,1.0
-29.79466,40.099514,4.0
57.927467,13.15199,1.0
20.735376,-13.141187,3.0
-32.203453,-3.1479666,4.0
8.516212,50.434227,1.0
71.87057,48.439877,5.0
4.806363,-61.767002,4.0
16.147411,-75.95241,1.0
57.2076,15.953776,1.0
11.156613,2.6375747,1.0
27.052662,34.587715,1.0
12.659798,47.42653,3.0
20.499683,-3.470387,1.0
35.00514,17.927656,1.0
47.5553,-15.9089155,5.0
28.758814,-42.63857,4.0
58.646214,17.848484,3.0
26.13999,19.611313,4.0
8.111347,20.54193,1.0
46.06235,-9.764792,1.0
79.90741,2.3941295,1.0
3.4215915,21.297049,1.0
34.621433,17.96841,4.0
77.39306,21.756315,3.0
3.3106756,-75.12966,4.0
-23.625044,-51.14933,4.0
61.247818,24.199581,1.0
70.853806,-5.241283,5.0
2.0432727,-69.95653,4.0
-9.0625925,-12.4961815,4.0
8.761344,63.648144,1.0
20.84032,40.682148,1.0
-21.648626,36.155235,1.0
24.625164,23.714987,1.0
-36.513798,1.8839974,1.0
58.426403,-25.3556,1.0
68.77151,22.675646,3.0
-1.0928313,-6.9564724,4.0
-7.639569,14.070694,1.0
40.712837,27.771492,3.0
59.627617,51.29349,5.0
15.837017,13.756738,3.0
4.5086985,26.292158,1.0
65.78806,43.676113,1.0
28.907675,26.515621,5.0
-50.93777,51.749996,5.0
-20.908815,54.66927,1.0
-33.728317,-4.1176033,3.0
-52.303875,3.2025309,1.0
-20.800827,-11.612769,1.0
-52.395252,49.209587,5.0
-10.7400465,-12.005658,1.0
-26.70356,-48.340775,3.0
63.688972,37.89706,1.0
3.333939,21.124432,1.0
54.63021,-20.261408,1.0
-12.102861,17.76004,4.0
24.112492,-45.97899,3.0
16.926908,-77.11602,1.0
44.902912,-10.128468,4.0
26.124687,-3.7076633,1.0
17.22902,58.25898,1.0
49.309303,-12.826185,1.0
73.84041,-5.440902,3.0
38.06087,-46.965122,4.0
13.490068,27.666103,1.0
-15.900687,55.027092,1.0
68.387924,45.735886,1.0
20.704418,43.543095,1.0
6.4657254,9.28168,1.0
-3.0697498,19.610516,1.0
-14.009327,25.110243,1.0
-28.686201,15.337124,1.0
6.272081,21.02984,1.0
36.4533,42.783257,1.0
31.644625,-54.41994,1.0
-42.463116,-33.86016,1.0
28.345104,-48.066475,3.0
-15.632762,39.207798,4.0
0.29753116,-59.83916,4.0
11.445534,33.231487,1.0
-3.731145,51.31401,3.0
-46.47746,32.526318,1.0
-49.08522,50.033543,1.0
5.081933,62.51636,4.0
-55.03991,-23.50137,1.0
49.396515,-27.950958,1.0
-20.233921,-29.127497,4.0
38.365227,-20.382143,1.0
28.42631,-56.696255,4.0
12.087678,-85.12078,
-5.445525,18.79525,4.0
61.686695,23.317802,1.0
58.085224,-14.358315,3.0
11.24427,-79.971794,1.0
-57.712944,25.027924,1.0
-13.712001,55.91794,1.0
-60.680874,21.833649,3.0
12.267336,53.57214,1.0
61.76989,-18.217405,1.0
27.10751,37.00122,4.0
9.193492,-2.047766,3.0
-15.654882,39.986343,4.0
-27.60194,44.80603,1.0
30.141579,36.530796,1.0
10.396171,53.967148,1.0
-45.491344,18.499762,1.0
18.011362,54.887405,3.0
-5.015245,50.732986,1.0
-12.54664,-22.77867,5.0
42.141357,-44.261303,1.0
-7.225922,-17.347282,1.0
22.470633,-6.790952,1.0
4.954734,47.336327,3.0
8.549319,-2.0759375,4.0
17.413685,51.70159,1.0
28.464907,43.975674,1.0
61.684673,56.632595,1.0
-2.2198386,-27.124678,3.0
37.313583,31.175543,1.0
-12.315055,54.204094,1.0
3.1414027,-75.60003,1.0
-20.663006,-26.232702,4.0
-7.797765,-71.87513,4.0
42.7625,-27.48459,
29.797781,3.4520946,3.0
-0.5944624,48.014526,4.0
29.75565,-56.148296,4.0
9.8679285,14.061803,1.0
34.191814,25.420511,1.0
59.189903,55.20914,4.0
-54.626575,31.735348,4.0
72.62277,-5.7897353,1.0
66.60883,14.990935,4.0
26.577017,22.455784,1.0
31.188763,-56.05854,
42.41721,-21.37315,4.0
-10.698584,-68.86899,4.0
68.48582,46.423607,3.0
2.0702174,14.136646,4.0
-51.84789,-43.612366,4.0
-21.108757,-10.2675085,1.0
11.727474,25.593967,3.0
8.020278,65.0288,3.0
-11.409545,-18.46072,1.0
22.699549,-6.6392336,1.0
31.37739,-49.192814,1.0
-56.13613,-14.713644,1.0
82.883675,1.1979234,1.0
-9.864464,-63.4033,4.0
-2.8674598,37.059036,1.0
8.151172,-10.409923,3.0
22.719816,-43.598713,1.0
32.94485,18.145506,3.0
-40.69515,-13.793398,4.0
67.32485,18.855846,4.0
-2.7329295,37.018734,4.0
26.299404,34.32839,1.0
-43.57212,-64.35898,5.0
-7.309945,53.02485,3.0
-11.998597,21.957197,4.0
-52.87354,16.790016,1.0
76.89454,20.945637,1.0
10.169001,59.174843,1.0
32.20069,26.133383,1.0
-20.468655,25.240301,1.0
49.90938,-29.88,1.0
-24.640263,-31.315004,1.0
70.247314,-19.095922,3.0
29.42903,-47.121292,1.0
-4.2194633,-57.416515,4.0
57.21229,-11.974306,1.0
-7.6311746,-10.9401865,3.0
-29.566595,3.7680695,4.0
13.371307,-9.295195,4.0
-6.020842,-57.587734,4.0
-30.26865,51.407265,1.0
27.02193,53.97371,1.0
-12.451963,-0.16449623,1.0
11.15489,13.325973,4.0
-65.29842,9.101783,3.0
10.437429,-7.7586465,1.0
7.094692,-2.6327527,5.0
28.087372,47.44023,3.0
-42.52681,-0.97810876,3.0
-54.775433,-12.441118,4.0
77.896095,23.045815,1.0
26.782425,37.653156,4.0
5.3154697,62.71676,1.0
76.94017,-1.2922715,
-35.143288,13.711949,3.0
-31.464441,50.85316,5.0
-15.17095,41.31688,1.0
33.90678,-47.286137,4.0
-44.21333,1.8939497,1.0
-41.08721,15.021431,1.0
-13.642074,53.165123,3.0
44.843792,-52.46379,1.0
-76.55874,20.903522,3.0
62.3002,-24.816044,4.0
-34.946342,-3.9713242,4.0
-31.173235,-23.556364,4.0
1.3925343,-58.574398,4.0
43.401966,0.28996426,3.0
-68.999626,56.98098,1.0
-6.6644955,47.389874,5.0
0.32447413,-16.338524,4.0
9.871893,6.134773,4.0
-45.92038,31.27977,1.0
24.307558,23.437359,3.0
-68.28915,59.360573,1.0
30.070118,7.735809,3.0
-10.320686,59.002014,1.0
13.8174925,22.038635,1.0
-38.28906,56.310265,4.0
-15.9011,7.351679,3.0
-10.877264,12.638741,4.0
73.58633,18.951645,1.0
37.312634,-45.79251,1.0
-51.600887,-13.93856,4.0
-23.654472,-15.758255,4.0
0.5945253,34.248783,1.0
-10.828476,-14.834141,4.0
1.8921695,-59.312183,4.0
32.59847,-48.70299,4.0
-33.56876,-7.6280336,4.0
-16.61553,-11.586117,4.0
58.899258,-25.244276,1.0
70.445694,21.020462,1.0
49.47177,-25.508457,3.0
-12.2940445,9.127438,4.0
33.709652,22.66901,1.0
69.749626,44.16347,3.0
-9.019445,13.032105,4.0
44.961887,-13.432527,5.0
-7.8284817,34.644516,5.0
-30.32132,-68.155365,5.0
0.75952744,-76.01221,4.0
16.694328,-74.64738,3.0
-9.635577,-9.580155,5.0
5.8407273,-2.8724523,1.0
78.09902,20.35768,1.0
80.74414,2.7855072,1.0
-8.784431,14.195093,1.0
-42.127064,-15.322315,1.0
3.2302117,60.77097,3.0
-25.521957,43.688347,4.0
19.877615,2.1543787,4.0
80.10698,-5.8089304,
59.95973,22.767551,1.0
-72.0967,30.809214,3.0
27.01362,-60.15508,1.0
15.870109,-0.15548448,3.0
56.21809,-35.620678,3.0
-25.995678,-20.557709,4.0
-42.017345,-32.94526,3.0
-9.934686,-68.0541,4.0
21.865522,-1.3428434,1.0
-76.681046,22.059422,1.0
6.4021163,42.881615,1.0
-56.685852,31.831137,3.0
-1.3636069,3.10323,4.0
39.710056,-56.438663,4.0
-18.707027,-4.5188727,3.0
-67.2132,17.728086,1.0
5.846143,9.517808,1.0
6.267163,-80.204094,1.0
36.904053,35.553505,1.0
18.779665,52.359947,5.0
66.50413,14.760801,1.0
5.110344,34.153248,1.0
19.227037,5.8453026,1.0
23.960316,5.6273446,1.0
-28.030138,44.701157,1.0
-79.12171,32.75575,1.0
-35.55619,46.39156,1.0
-71.98642,29.88215,4.0
28.591846,-57.89176,4.0
-5.2468224,-17.863813,1.0
68.61284,-0.07412166,1.0
-34.501377,-20.70547,3.0
-35.493084,47.958942,4.0
-58.89584,32.931183,4.0
13.131551,-9.572667,4.0
-3.241809,-56.82271,4.0
-36.991444,10.755357,1.0
-36.35848,12.428234,4.0
-17.720514,18.249113,4.0
-9.699428,37.6287,4.0
23.237797,-12.511539,3.0
11.922182,-75.36172,4.0
14.131705,37.055603,1.0
-54.171978,-5.0699735,3.0
-20.971857,40.806004,4.0
60.105152,10.16464,4.0
28.23902,18.266863,3.0
-15.7591,3.9872224,4.0
-16.287405,-20.814451,1.0
8.836942,9.124987,1.0
64.53926,37.940807,1.0
25.075449,5.472014,5.0
-1.6629121,21.646482,1.0
12.119047,54.09935,1.0
-25.221617,23.719461,4.0
46.64053,-20.63115,1.0
56.57535,40.460323,1.0
33.81918,-39.08801,3.0
-11.73927,18.310478,4.0
-42.02662,-56.14246,
-53.676086,9.937965,1.0
-8.086019,-12.999986,3.0
39.45755,-21.833385,
-37.467106,14.185201,1.0
-26.097006,41.09553,3.0
-33.49569,24.539028,4.0
-1.8675268,-64.797646,4.0
76.01828,-62.90357,1.0
6.922437,-84.33053,4.0
-29.514198,-6.963517,1.0
-14.582724,-14.004706,4.0
-1.4115504,18.314907,1.0
4.4386616,26.794786,1.0
32.7576,19.040083,1.0
47.546997,-16.180885,1.0
19.09698,55.56414,1.0
19.114761,24.601109,4.0
14.8319645,-1.2331704,1.0
-51.606503,-52.745342,4.0
13.277042,22.76916,1.0
-17.206182,60.044174,3.0
-10.050353,63.71787,5.0
-25.098028,-59.24733,1.0
55.088257,30.445946,1.0
14.863805,39.81385,1.0
0.40489843,46.531876,1.0
-44.606323,2.6207345,1.0
71.49031,43.75527,3.0
22.83235,48.3424,1.0
-31.308697,50.670467,4.0
-30.715593,35.85175,4.0
7.0286746,-71.88484,1.0
-21.310928,16.729649,1.0
63.66591,32.411026,3.0
52.955116,-17.363014,4.0
20.927696,-3.2832258,1.0
-8.406634,-63.002155,4.0
26.195915,-43.22595,1.0
-35.60564,-33.023506,3.0
-9.545045,-67.56306,1.0
-22.023949,43.79078,3.0
34.073704,23.886345,1.0
8.733879,60.289223,1.0
11.619599,12.617433,1.0
-18.77266,-0.9742752,1.0
20.463669,56.30341,3.0
-13.368075,-0.5786852,
-1.2105463,13.992893,1.0
-12.418676,8.984824,1.0
-22.330357,-15.305297,4.0
5.9877605,40.992237,1.0
-34.3525,45.142185,4.0
-28.988802,-67.64053,5.0
78.62087,1.103473,5.0
2.4748385,5.983934,1.0
-1.1336689,-80.765,3.0
57.22297,-25.324793,1.0
27.822834,26.81966,1.0
-22.908443,53.748104,5.0
-4.7242885,-14.325215,4.0
15.449095,-75.29201,4.0
-16.686304,-27.75876,5.0
-5.7075715,-72.237404,1.0
59.783978,39.97543,3.0
64.48258,11.542124,4.0
24.637287,-47.98702,3.0
-11.4395075,11.789268,4.0
13.732482,28.905853,1.0
70.95605,-69.03829,1.0
59.16029,-12.470073,5.0
56.359516,40.251137,1.0
12.603355,44.922794,1.0
-70.70162,32.688457,1.0
-36.65689,30.255747,3.0
-14.957731,59.09564,1.0
41.759335,-21.594893,4.0
8.740656,63.298176,1.0
-38.63284,-34.226467,
-42.402405,0.1335544,4.0
35.588566,15.947536,4.0
35.00914,-60.08635,1.0
-3.06971,-57.086155,4.0
19.7999,-53.211533,4.0
0.6398285,-60.06944,4.0
22.423973,-77.65301,4.0
-39.44321,-63.92325,1.0
-43.42853,-60.692413,1.0
16.054832,50.395985,1.0
-11.696618,27.7117,1.0
36.091393,45.475376,1.0
-15.0857,19.599644,1.0
-47.21785,31.840939,3.0
28.56334,26.725023,1.0
29.712635,8.507081,4.0
65.04286,11.0624895,4.0
33.975677,27.514774,5.0
-12.637016,41.339394,4.0
-47.110252,32.621346,3.0
-29.524385,7.194487,4.0
77.4893,-3.433079,1.0
-5.9968057,-59.798214,4.0
41.02024,-21.977283,4.0
59.55036,39.220444,4.0
61.411076,50.266262,1.0
-3.9506605,5.7540293,1.0
-10.158721,37.30704,3.0
-7.6123905,29.12306,1.0
73.75944,2.1265845,1.0
9.935016,-75.75324,1.0
-21.701426,-23.994558,
-42.52323,-29.631294,4.0
-19.35885,-2.394038,1.0
-20.724138,42.092846,3.0
3.3856432,-12.902315,4.0
-4.690926,48.86302,1.0
27.528257,21.325737,3.0
10.0844145,-4.583769,1.0
-57.430397,23.483295,1.0
-8.567952,-77.78986,1.0
-4.204368,25.485765,1.0
-14.478277,-53.953243,4.0
48.33961,-12.522506,1.0
-21.543177,35.56326,1.0
15.55366,34.139217,1.0
65.28194,-22.697556,3.0
-15.980386,41.41167,3.0
-19.02271,50.13984,1.0
21.97475,-0.702502,3.0
-33.14489,-9.20748,3.0
58.45727,14.474509,1.0
22.960611,-77.269966,4.0
33.295174,45.458244,3.0
-4.8056693,50.740917,1.0
0.35142383,-18.34518,
-38.56099,-68.76292,4.0
5.2930155,-6.0895705,4.0
-6.8544436,-14.761,4.0
34.033737,40.16659,1.0
29.97823,6.016613,1.0
61.403458,15.463766,4.0
-14.886106,-16.680025,1.0
-7.6308036,-25.11477,4.0
45.00619,-22.165094,4.0
26.484781,45.231304,4.0
27.757772,26.478926,4.0
5.698551,-64.27956,1.0
-69.030846,57.633022,5.0
48.161697,-25.455544,1.0
56.28232,55.94818,3.0
-9.676328,-10.028808,1.0
40.04868,-19.5477,1.0
45.818916,23.165663,1.0
14.154632,37.06422,1.0
-35.0308,40.20271,3.0
0.72297263,-59.287743,4.0
28.212471,-56.22355,
-14.689561,-75.68493,4.0
52.310165,-24.861305,1.0
-52.63837,20.496666,1.0
-62.584305,55.66386,5.0
-23.704,-29.014648,4.0
0.31188482,-0.010895972,1.0
9.430362,19.037895,1.0
44.369034,-24.189884,4.0
-26.351439,-47.727905,
-11.580743,36.183167,3.0
-49.925236,33.354374,3.0
-39.932293,47.56665,1.0
61.813915,-20.819052,4.0
-2.2034628,4.269198,4.0
12.396302,45.340813,1.0
-8.471934,-81.77017,4.0
-30.989536,47.506306,3.0
30.597086,39.676937,1.0
-24.266672,-26.495298,4.0
9.745818,-15.31997,5.0
13.413687,43.479317,4.0
-7.4126363,55.595238,1.0
-9.575717,39.84438,1.0
-39.583836,-65.4793,1.0
-52.49976,-13.506547,1.0
-71.22431,29.803144,3.0
-45.520138,51.202316,1.0
-36.198513,57.92394,4.0
5.20311,-6.7657886,4.0
0.044578668,-68.80815,1.0
10.517109,28.638918,3.0
71.92636,-18.167439,4.0
-24.690058,-30.970957,4.0
12.827252,44.456703,1.0
35.461517,44.140827,1.0
28.827618,11.150975,3.0
1.4002969,-18.469183,3.0
46.787945,-27.114803,
46.590008,-16.037828,1.0
30.130558,24.635643,1.0
48.649853,-28.416899,
78.98719,19.879988,1.0
34.189102,43.365803,1.0
-49.66552,47.46343,1.0
-71.95637,30.139467,3.0
-14.641841,-23.642223,1.0
-29.801617,-1.4059296,4.0
68.32163,11.571837,1.0
-22.87101,49.99628,1.0
5.1957526,29.127968,1.0
14.536407,30.176182,1.0
27.704195,44.408554,1.0
23.366766,46.91372,1.0
54.94793,40.59552,1.0
78.01232,23.163065,1.0
61.48379,0.5845501,1.0
-60.027676,55.49193,5.0
0.95483774,-13.194987,1.0
70.119156,-1.8283983,1.0
29.113298,28.32599,1.0
-23.12817,54.509895,1.0
-52.2792,31.062561,4.0
38.260197,-22.910942,4.0
-2.4373403,4.987276,1.0
-43.536793,-64.64647,5.0
-20.389263,-33.829254,1.0
51.6281,19.247442,4.0
-30.290195,-0.9041202,1.0
-36.03718,-33.40776,3.0
27.766365,50.32803,3.0
-18.992012,-2.6160877,4.0
-2.694574,48.475315,5.0
-34.128056,50.666756,1.0
-17.595856,65.08849,1.0
-59.721737,26.381817,1.0
2.3612242,-16.800613,
4.2904344,27.325542,1.0
80.3284,-0.08365692,1.0
-8.910368,-67.652794,3.0
-38.33027,-70.58016,1.0
2.711192,-63.46668,1.0
9.626809,-8.962207,1.0
-59.566208,-19.915941,4.0
22.871952,-6.0768404,1.0
-20.174717,-22.485083,1.0
26.511814,53.290775,1.0
-54.32013,48.56944,3.0
2.4669905,-64.136375,1.0
1.4273913,49.765434,1.0
4.5838966,15.240316,1.0
-14.018935,40.62199,3.0
-45.44116,47.993076,3.0
-10.755054,-17.84817,1.0
19.605915,-4.2465453,1.0
-35.95214,-67.59417,1.0
29.467402,-56.50646,4.0
-6.049079,15.490519,4.0
-8.438755,14.199167,5.0
-9.324335,62.91207,1.0
18.057793,32.53491,1.0
29.98509,-49.95607,1.0
13.129669,4.0314827,4.0
-20.989271,18.91187,3.0
12.136997,21.41813,1.0
14.960477,49.29295,1.0
28.666952,5.5530777,4.0
21.611458,-78.62726,1.0
-39.767998,-64.948364,4.0
32.40218,38.984665,1.0
32.188522,38.635925,1.0
-33.834713,-3.2260835,1.0
-27.56521,30.508095,1.0
31.467407,20.759106,5.0
-11.231328,-23.66193,3.0
9.853203,19.72341,1.0
41.259754,-53.293808,
-6.7231364,11.935656,1.0
40.205326,46.62843,3.0
69.48811,47.027172,1.0
72.22913,1.4258513,3.0
-8.741832,50.325054,4.0
14.962238,56.051884,3.0
9.522385,15.173748,1.0
18.224104,-9.044522,3.0
-38.206715,-10.637452,3.0
25.781439,12.052925,1.0
32.87811,29.208374,1.0
-37.347847,27.812805,4.0
60.74289,14.916669,4.0
-7.0162606,6.085494,1.0
38.00635,-43.391663,5.0
69.010414,18.786684,1.0
32.041954,24.380863,1.0
48.244713,-48.53797,1.0
23.974707,49.24597,1.0
40.677948,-54.970963,3.0
9.981908,27.868853,1.0
69.897644,-1.2807724,4.0
64.45331,48.369156,1.0
53.41014,42.92082,1.0
28.18066,47.89102,1.0
-1.6274549,-59.289303,1.0
28.763899,-61.35201,1.0
-21.438448,-23.57283,1.0
34.842762,-59.768684,1.0
-49.84935,-48.291077,1.0
-33.254234,-11.572386,3.0
-10.003306,62.892406,3.0
65.08083,22.418915,1.0
-10.801929,33.3265,1.0
57.812244,21.78297,3.0
7.0491996,-17.60013,1.0
-26.5768,-49.315826,4.0
28.739351,-42.601543,4.0
-37.95803,1.6058395,1.0
-77.560745,24.163351,1.0
-6.5127144,-84.05356,
-45.735596,27.456007,1.0
-15.14679,62.076206,1.0
9.764576,2.3041735,4.0
1.6146512,-1.5149122,4.0
62.16564,20.405031,1.0
-48.08536,44.428642,3.0
-7.7136173,-18.25902,4.0
9.661945,-15.349294,4.0
53.995544,-16.546564,4.0
24.176014,26.505001,1.0
-20.175812,-26.265032,4.0
64.9216,10.0697565,1.0
61.565773,-30.02366,3.0
-6.3645287,-12.803082,
-36.06167,-8.385253,4.0
-26.317797,6.696185,4.0
56.443424,-35.280556,3.0
2.7487097,20.041891,1.0
55.598988,-21.473743,1.0
-24.84073,-57.04175,1.0
32.12805,-34.470978,3.0
62.91491,34.00957,
28.656199,26.52941,1.0
0.4146141,28.57917,1.0
20.89876,-13.061695,1.0
7.869336,51.30171,4.0
-62.718533,12.677565,
60.627354,-30.677391,1.0
71.043724,48.39209,1.0
-44.792152,12.699566,1.0
59.73602,51.765457,1.0
29.330238,5.0760713,1.0
-56.537716,29.950342,3.0
23.199757,-5.7179036,4.0
-3.7039862,16.086018,4.0
61.619286,-24.834467,
-14.684145,-31.009405,1.0
12.190824,30.299505,4.0
57.78457,23.700886,4.0
-47.82021,1.7532574,1.0
-34.471638,9.304004,1.0
19.298477,44.683434,1.0
27.711475,17.62719,4.0
4.8128886,-80.41299,
53.396904,54.936195,1.0
73.79705,19.379688,3.0
58.638435,13.435948,1.0
25.124954,-5.3566327,4.0
29.27342,9.587559,1.0
-3.710546,-27.373436,3.0
69.33993,-5.107034,1.0
75.18819,44.92687,4.0
-39.36654,-64.79966,1.0
14.387582,-74.56899,3.0
38.332302,44.735817,3.0
53.35638,47.950493,3.0
-5.069186,-69.166664,4.0
9.838623,-78.930016,1.0
-39.31272,-63.824745,1.0
-38.665295,-70.79112,3.0
-33.428467,-24.545073,4.0
51.49403,-18.013725,3.0
55.77041,-29.861692,1.0
58.71337,14.551604,3.0
-27.40404,-61.08045,3.0
22.7317,-58.838882,1.0
66.04769,-18.04586,1.0
71.6307,46.97898,3.0
-28.891916,-28.769781,4.0
62.781456,-16.322863,1.0
80.291405,20.960127,3.0
55.177784,-32.68213,1.0
-39.864346,0.22857387,3.0
1.8281306,48.813477,3.0
1.4720516,17.947168,1.0
-28.874212,-54.1292,4.0
81.37175,6.2395444,3.0
-33.85457,-4.8811445,4.0
-27.670187,-4.470915,4.0
8.901927,-1.0314143,1.0
29.207676,19.923367,1.0
65.02171,14.407607,1.0
-57.559704,-21.789612,4.0
68.627045,0.6571966,1.0
12.622702,-75.30958,1.0
-13.521852,58.49403,1.0
-19.477814,54.09257,1.0
11.077391,6.41288,3.0
-56.55866,30.113699,4.0
-29.47086,-6.9993944,4.0
-68.227875,58.87709,1.0
-23.734608,-56.86702,4.0
-23.24023,-52.137413,4.0
-9.745138,-17.694548,
27.761051,-48.947968,
80.632805,2.6100502,3.0
16.890436,-75.24543,1.0
-21.661953,-28.28631,3.0
60.22539,13.190282,1.0
-57.027363,-25.942348,4.0
-9.379731,-66.62748,1.0
-7.853779,-74.44701,1.0
33.994003,38.320854,1.0
17.002445,29.50954,4.0
-54.981457,-25.149147,4.0
-27.916922,-48.210728,1.0
22.556652,-9.281321,3.0
-10.075552,-67.58586,1.0
62.31131,48.963337,1.0
-38.792194,-16.852173,4.0
-42.796593,58.634876,1.0
-14.446948,-17.667204,4.0
12.201919,40.483097,1.0
79.65831,-5.1827354,4.0
2.119087,0.30257636,3.0
-27.430277,-7.6414175,4.0
31.806433,43.85535,1.0
38.19298,29.495565,1.0
-8.260642,47.107662,4.0
-43.51058,60.915638,1.0
54.418118,36.828224,3.0
57.02796,52.939674,1.0
-45.339394,-53.475105,4.0
-51.584644,-45.143486,4.0
-21.492298,-24.575636,1.0
12.052517,31.559872,3.0
-4.2161098,15.136269,4.0
1.2632577,-79.5662,1.0
-39.584763,-8.979577,4.0
-13.323093,57.474785,1.0
-26.391905,-60.341736,4.0
-59.94612,9.853041,1.0
-58.98924,10.824661,5.0
3.07963,28.521826,1.0
-28.381952,-48.3136,1.0
-25.822721,-33.862286,4.0
-16.651323,-27.770063,5.0
76.20976,-1.5878881,5.0
70.25744,21.080168,3.0
45.834915,-9.958744,1.0
50.541912,-22.099293,1.0
-2.58598,-24.738512,
-20.935472,-28.75446,3.0
-11.773711,17.870373,1.0
-18.739706,39.75402,1.0
-25.197027,50.807354,1.0
-27.641727,46.3218,5.0
-40.229683,18.185123,1.0
58.567776,-26.131615,4.0
-14.995547,-5.1193047,3.0
-1.5796965,18.845678,4.0
-79.07683,32.729687,1.0
-9.966426,-59.185913,4.0
-46.26176,-7.2433934,4.0
-26.090012,0.9210453,4.0
-59.06924,33.357685,4.0
-25.388657,48.801704,1.0
3.6773844,-8.854698,4.0
60.96469,37.999897,3.0
52.727013,34.588993,3.0
23.797472,-59.14787,4.0
-20.064608,-33.22346,5.0
10.08866,-79.354935,4.0
75.173904,-1.1453787,1.0
-16.787306,12.645185,1.0
-59.4901,15.760797,1.0
47.5178,-28.97894,1.0
-57.552635,-21.724771,4.0
68.2962,-22.620165,3.0
-1.7602501,-9.668015,3.0
14.488975,-1.6774306,4.0
-6.2750373,-72.34924,4.0
30.142044,23.743063,4.0
-78.50604,24.553253,4.0
31.96702,-34.20681,1.0
-57.510044,27.52519,4.0
-35.51627,12.186408,4.0
15.619847,14.06964,4.0
-3.8098304,-56.762043,4.0
-61.284733,36.943943,4.0
34.93256,15.468436,1.0
-32.927425,-17.2036,1.0
19.832054,-11.761501,4.0
-32.800297,7.018927,4.0
13.997764,15.592729,1.0
4.8016596,45.002945,1.0
55.06434,-19.241882,4.0
32.73851,22.539162,1.0
-10.222412,60.092915,1.0
13.252258,35.580822,1.0
-68.48161,12.117767,4.0
32.670746,-53.681103,1.0
-51.13716,-47.904377,3.0
-2.1387718,37.70881,4.0
-5.207123,-14.259766,4.0
6.9103756,33.771378,1.0
-14.725334,-52.050423,4.0
72.281685,20.486464,1.0
-35.57507,-8.794471,4.0
60.41672,-18.118114,1.0
-13.265872,8.714675,4.0
55.92469,-29.866884,1.0
34.36979,14.599831,1.0
30.048496,36.21043,3.0
-34.425945,-34.515114,4.0
59.221264,-26.49368,
80.506165,21.90755,3.0
15.831629,-76.59245,4.0
-14.202564,-4.67546,4.0
12.000049,67.54879,4.0
57.93264,21.515625,4.0
-29.105375,29.772514,3.0
-26.899818,44.571617,3.0
18.605247,58.957905,1.0
1.2921124,-10.366942,
0.47680384,-6.7547812,3.0
-7.4002495,-69.352875,4.0
7.8868017,-82.313515,1.0
2.8124552,-57.7947,4.0
-4.1686907,31.905642,5.0
-37.281193,-66.15856,4.0
39.14159,-46.23302,1.0
-12.768496,3.9472044,1.0
33.788414,-48.96419,5.0
1.2727302,-83.873184,1.0
-5.7661905,-61.195896,3.0
-18.007313,-34.279305,1.0
-0.63946074,-66.77606,4.0
37.742416,-46.419662,1.0
19.662497,56.604305,1.0
-9.761471,-78.10269,1.0
-12.715194,2.1584384,1.0
-10.522335,-69.17003,
11.405489,29.872814,1.0
41.949177,-52.818676,1.0
8.638459,66.641525,3.0
69.93878,-18.908644,1.0
18.377722,58.962875,1.0
69.73754,19.187359,3.0
9.283756,13.666301,3.0
54.90284,40.608055,1.0
-46.611652,32.783073,1.0
-26.570572,44.81381,1.0
-25.018251,56.312496,4.0
32.66824,-27.10004,1.0
-4.5242896,5.758016,4.0
19.31377,-1.3738029,1.0
-29.709253,-55.013706,3.0
19.2755,45.654278,1.0
23.988197,21.975094,1.0
-10.434497,-18.262226,1.0
-10.836036,-68.9121,4.0
6.9294486,-88.65721,4.0
47.24192,-28.267363,1.0
-15.145824,-12.681178,1.0
-42.35178,-15.263565,4.0
23.400267,-2.1000595,4.0
-56.59073,-21.22139,4.0
-31.205076,13.640136,4.0
-52.17995,16.720045,1.0
-49.86921,-50.551117,
8.629372,-12.149359,1.0
-0.53886175,-59.55493,
16.07497,3.533105,4.0
21.802767,-9.185133,3.0
-52.061535,-45.16666,4.0
38.13133,-47.02997,1.0
57.961178,36.625195,1.0
80.68042,-2.0831962,1.0
47.18053,-18.424158,1.0
24.262917,33.741405,1.0
-29.115261,51.426037,3.0
-25.605007,-12.930254,3.0
55.361362,-17.780321,4.0
-44.445797,-22.047604,4.0
7.7054925,63.162098,4.0
-50.18211,12.585567,1.0
42.935436,-2.4669187,3.0
7.3855276,49.61952,3.0
59.25386,-25.56247,4.0
-1.6325096,18.131165,4.0
-55.392357,-23.216253,4.0
-12.888638,-52.202442,1.0
-4.4191904,-77.41137,1.0
23.346352,-43.29447,3.0
-33.445972,-24.536478,4.0
-2.8582907,-63.878433,4.0
1.2146254,33.276707,1.0
28.566128,-9.226445,1.0
-5.317687,-80.53186,1.0
-4.854774,-8.138736,3.0
-41.022713,-33.651825,4.0
25.064936,-43.79151,1.0
6.1559525,-82.139694,4.0
30.391674,28.887772,1.0
-7.2831345,56.104836,3.0
60.839283,21.640326,1.0
32.808582,26.57218,1.0
-24.017712,-36.13558,1.0
12.776953,-19.446531,3.0
-6.924981,56.38121,5.0
12.543654,54.05797,1.0
8.676929,8.757777,1.0
56.561893,15.890158,3.0
-2.842196,-19.857197,1.0
-42.76701,-22.703304,
-36.740005,-16.202015,1.0
61.821114,7.8815823,1.0
27.287125,-61.46593,3.0
11.953704,-65.225685,4.0
34.687477,20.793726,4.0
-55.44086,16.455856,3.0
-33.288475,-11.053391,5.0
9.911176,-77.51931,4.0
-2.6657622,-25.058865,4.0
-25.065748,49.735725,1.0
8.988424,-12.735083,4.0
14.023455,-45.541508,
10.255858,34.93416,3.0
-8.51449,-20.68734,4.0
-5.772259,53.24729,5.0
67.42967,11.114088,1.0
-1.0755116,-0.31168798,1.0
-34.055763,6.3530817,1.0
30.075459,28.624857,1.0
-21.973173,2.1231487,
-24.658031,-27.620531,1.0
-9.245617,-26.24409,3.0
56.097637,53.982464,5.0
-30.727213,1.0795159,3.0
-31.039688,-8.086767,4.0
-23.561623,-20.49593,
-8.169566,51.80815,1.0
76.81999,3.4844832,1.0
30.217094,28.89235,1.0
66.66941,15.174921,1.0
26.870054,37.17278,1.0
54.29621,18.809574,1.0
21.973803,40.639477,1.0
34.753353,43.046215,1.0
4.7120767,34.142693,3.0
-29.28629,26.006165,3.0
72.83722,0.9403798,1.0
22.659128,-59.00304,
49.764614,-29.62446,4.0
18.533854,17.963037,4.0
-19.594828,-14.74503,
-13.906927,27.926388,1.0
-59.636868,54.44755,5.0
7.264594,-2.4912994,4.0
-19.485182,-5.033687,4.0
47.94474,-26.679289,4.0
7.1228623,-11.340167,4.0
-19.754185,53.79819,1.0
1.4393355,-17.948303,1.0
9.05816,-4.6156483,4.0
65.56397,15.543542,1.0
41.125656,-54.173717,1.0
-21.007128,-29.585476,1.0
69.40595,43.926926,4.0
28.370647,47.123264,
14.912584,41.022194,4.0
-48.31631,-3.3994617,1.0
47.055313,-25.951538,1.0
31.89319,-46.9821,1.0
-62.581615,55.88278,5.0
-3.517798,46.833103,1.0
0.0833216,-14.740584,
-34.55094,-5.7862425,1.0
71.71546,46.091946,1.0
-59.8416,53.092884,1.0
34.32965,26.702082,1.0
-41.30864,-31.462034,
0.73311377,24.981728,1.0
-69.55949,57.387917,1.0
-55.393097,30.222185,4.0
9.66448,9.903779,3.0
-16.25996,-2.088539,
45.07254,-24.398094,4.0
-47.72484,53.402775,3.0
-18.961525,8.705774,4.0
-1.6007891,-61.946133,
-10.900215,-10.618122,1.0
26.64485,-46.95127,
37.183414,-46.275463,3.0
23.600264,-56.34706,
-40.10553,-67.36967,1.0
21.805246,-10.369322,1.0
59.1715,11.981276,1.0
-45.292538,-54.017788,1.0
-2.1656952,5.873846,1.0
-1.8943968,-23.640959,1.0
-2.1034236,-64.810936,1.0
20.025593,-79.756,5.0
-0.64556295,-66.86337,4.0
58.566246,32.63605,1.0
34.81353,38.87701,1.0
-0.65358704,-69.951744,1.0
46.00403,-26.047096,1.0
-8.721583,-77.75151,
-9.1618595,2.173283,
39.28863,-22.06909,
-12.051881,11.012525,4.0
-29.79886,-5.131205,3.0
-50.88698,-53.692608,1.0
-6.423384,-56.13151,1.0
38.909454,-21.53437,4.0
-13.286474,-52.117607,4.0
33.20773,-63.678772,
24.262777,-45.343563,4.0
-48.738052,-48.048424,4.0
-18.743525,-5.0904803,4.0
9.89528,67.4539,1.0
54.657227,-16.947483,4.0
-3.0574012,28.764631,4.0
48.262535,-11.547866,3.0
-55.13955,-23.45936,4.0
38.572144,-21.941666,1.0
26.319366,53.334717,1.0
51.787304,53.581657,
-16.928516,60.288006,4.0
58.19159,26.228035,1.0
-68.814545,15.366437,5.0
-38.346516,61.211964,1.0
32.14824,-56.18762,3.0
-13.848554,-76.65848,4.0
61.6726,-18.13054,4.0
52.52115,55.58496,3.0
-32.529884,-52.731483,4.0
19.933142,-53.35996,4.0
23.039558,41.100586,4.0
26.933767,22.4306,1.0
46.956528,-27.442184,1.0
69.044,17.105694,1.0
-41.018356,-20.835957,3.0
-31.490057,-49.812336,1.0
-41.296707,59.756218,5.0
-13.945081,49.56976,1.0
13.326963,-19.763308,1.0
-51.63884,65.39887,5.0
5.4110765,-7.2424088,3.0
-68.90077,57.367775,1.0
-26.572144,56.12596,5.0
29.812113,-56.13156,1.0
-26.364107,-54.616863,4.0
35.164585,17.292479,1.0
-40.520466,58.73895,1.0
5.251466,25.709734,1.0
-19.856329,47.13106,1.0
21.518658,-77.45857,1.0
-4.011549,-6.921203,4.0
-7.801007,-71.60109,4.0
27.092999,44.660686,1.0
61.564087,54.700943,1.0
18.093075,38.895664,1.0
-3.7363982,31.86894,1.0
78.14122,18.445873,1.0
62.25248,-28.624228,1.0
76.29154,3.594616,1.0
-31.391932,57.318398,1.0
-36.76223,45.86109,4.0
-17.935081,49.41092,1.0
7.195376,-7.285353,4.0
13.787755,61.035088,1.0
-8.505216,-65.3292,4.0
15.545361,-0.1332559,1.0
-5.1154327,-56.423218,1.0
58.279884,50.869667,5.0
15.743597,-0.2033543,4.0
24.814318,-44.490383,1.0
-29.945229,-14.996811,1.0
24.6487,17.326483,1.0
-3.6937413,52.339466,1.0
12.842698,-76.58032,5.0
17.921925,21.677723,1.0
-44.789074,49.43573,1.0
51.721428,32.36641,1.0
3.329376,-57.786877,3.0
-37.231953,-22.77966,4.0
13.286529,-75.60132,4.0
-30.151993,30.533096,1.0
-37.78089,50.78044,3.0
43.00894,-42.545258,1.0
62.984756,-18.744852,5.0
30.633255,-61.444267,
71.53005,-1.8783774,4.0
-8.522892,-78.27913,1.0
22.455574,-43.726776,4.0
-43.984146,-53.123096,4.0
-23.831163,-30.15081,
23.37417,22.34551,1.0
-14.412481,51.041107,3.0
8.246157,58.607662,1.0
-26.88344,4.7712364,
-42.193394,6.0827084,1.0
-4.7027063,20.878979,1.0
-41.509876,1.3804933,1.0
20.528566,45.256626,1.0
15.301211,43.350903,1.0
78.2956,21.472187,1.0
-0.15358905,-19.230663,3.0
59.68446,38.771828,3.0
9.673703,-15.238307,1.0
35.250042,16.987507,1.0
-15.778946,6.401823,3.0
-2.1402173,38.262028,4.0
-12.04709,-76.86382,4.0
4.4482117,-2.3233843,5.0
4.899257,64.90425,1.0
34.522152,-54.680756,1.0
21.037193,-80.19934,3.0
8.59411,18.581638,1.0
-19.695436,23.308563,1.0
20.692951,-45.19617,1.0
-10.44282,-17.385965,1.0
6.7115746,-11.735647,1.0
-25.242796,27.303759,1.0
-24.79101,-56.779205,3.0
-24.984709,-20.116072,1.0
22.204548,-44.096897,
75.56462,45.550762,4.0
-40.9178,-7.868192,4.0
37.024902,16.410343,1.0
-56.67414,-26.10713,4.0
34.354996,-40.22493,4.0
-6.2291803,-82.3189,
-5.953466,-57.88586,4.0
12.571765,55.011955,1.0
19.211267,52.548996,1.0
31.296759,-56.420193,1.0
11.895879,-85.47447,1.0
70.70723,3.6883156,4.0
69.33296,15.120945,
23.899366,34.820423,3.0
76.39122,1.5801419,1.0
54.168446,-19.878494,4.0
23.56317,47.843056,1.0
77.126816,-0.3068798,4.0
33.84789,-38.967014,4.0
10.145909,31.984568,3.0
-48.325623,28.87909,4.0
-24.645823,40.647007,1.0
11.58355,-13.035426,1.0
-69.97135,16.688604,1.0
-42.06943,-31.475002,1.0
73.88724,-20.761261,3.0
75.571846,-0.38063306,1.0
27.20604,24.14903,1.0
-30.55431,0.112864755,1.0
66.92993,-4.058614,5.0
1.4677504,35.383743,5.0
-40.107925,-34.25999,4.0
-15.919319,8.7582855,3.0
-5.5925894,36.898396,1.0
58.63063,23.356594,1.0
20.03573,39.702057,1.0
77.59979,20.666267,3.0
55.411694,-29.460093,3.0
16.060083,13.886653,1.0
49.008816,-2.179733,3.0
35.809685,-41.301666,4.0
-5.918509,-21.70159,1.0
-56.695724,19.925936,1.0
2.9565234,1.9315853,1.0
61.14403,-25.693005,1.0
1.8254516,48.625435,1.0
-27.802214,49.285107,1.0
-13.083413,17.143436,1.0
6.069819,-61.396046,4.0
61.897785,-21.064728,1.0
36.101643,-45.59817,4.0
48.539165,-30.983725,
-41.207222,5.049143,1.0
-25.128016,-14.152234,3.0
-8.436643,-80.99165,
-60.134842,-17.521511,1.0
-55.437286,-14.824654,4.0
4.581027,-24.128464,
-6.790569,-84.14303,1.0
-8.723677,-20.634401,1.0
-13.203012,-12.089861,1.0
-38.729702,-32.5366,4.0
-47.854797,-8.598719,3.0
57.99879,16.137098,1.0
-1.8276141,-63.916306,3.0
-5.4994173,15.706238,1.0
-23.610569,-25.76531,4.0
17.458061,46.218876,1.0
17.870821,46.239098,1.0
-42.84801,-1.419651,4.0
38.890903,-17.89839,4.0
29.382612,9.445684,1.0
9.122692,43.258614,4.0
29.10104,-49.90158,3.0
73.49236,17.029236,1.0
-51.682888,6.768945,1.0
-52.97496,-15.5626135,1.0
48.29176,-19.315626,3.0
-19.41219,34.379406,3.0
13.0696,38.22098,1.0
34.5729,18.96979,1.0
46.677708,-6.174839,1.0
-0.72313553,-78.44148,1.0
44.093018,-15.406366,1.0
-49.452724,-45.0753,4.0
-15.170775,-17.436247,3.0
58.387074,-12.586527,1.0
51.78238,53.597176,1.0
7.6491547,3.678679,4.0
-37.538624,-69.14665,5.0
74.53588,-21.715595,5.0
56.165066,-32.634346,1.0
72.71298,43.936016,1.0
32.58698,21.364902,1.0
11.820439,30.320875,4.0
-44.924316,-20.453043,4.0
55.282177,52.72356,1.0
-3.6951413,-59.258503,4.0
-22.31916,-12.705697,1.0
-1.9458312,-23.900705,4.0
58.1454,21.529547,4.0
31.40463,-33.977127,4.0
-62.235252,20.874477,1.0
-4.8868227,-4.2858696,1.0
10.738781,-3.1536431,3.0
-34.075317,-12.402037,4.0
-61.196117,36.22335,4.0
51.70584,53.52824,3.0
-23.359913,49.8107,1.0
-78.42193,22.687086,3.0
-35.576427,42.010475,3.0
7.3078833,45.89337,3.0
6.4928355,34.819942,1.0
68.80068,-0.42146763,5.0
53.489582,-16.04996,4.0
4.4781766,9.258723,4.0
18.29429,18.368595,3.0
27.934067,-35.178265,4.0
-22.31331,4.404622,4.0
-19.10833,49.41279,1.0
-36.181458,66.43156,1.0
-1.4456353,-3.2254758,4.0
-13.062512,-11.23128,1.0
-8.115968,-11.452621,4.0
75.44083,-20.97064,5.0
-8.721499,-64.36638,1.0
-2.7141092,17.806087,3.0
26.28514,-43.32239,
37.21101,-57.808216,1.0
-5.614876,-25.945698,4.0
-46.56379,-13.370335,3.0
11.904707,-65.43271,3.0
-13.204311,7.249269,4.0
-60.562572,55.05084,5.0
-11.296869,-84.69729,
-54.93011,22.622633,1.0
-14.583448,-77.40901,
-10.976436,-64.10105,4.0
-57.83329,30.206278,1.0
-9.998979,20.46278,1.0
-20.662992,-7.0476584,
-16.259853,64.10645,1.0
-41.12169,57.571926,1.0
-11.947217,-63.88782,
41.61114,-51.90065,1.0
-15.66683,38.826176,1.0
-19.51808,60.309475,1.0
-20.278957,45.83501,3.0
-36.27263,20.357214,3.0
-15.170366,-18.293873,4.0
-20.275393,25.26762,1.0
-19.96309,59.12463,1.0
-14.498679,63.804123,5.0
5.170908,-64.11868,4.0
47.927883,-50.60838,
-15.597076,-31.86933,
36.984093,-60.64405,
10.076058,-17.595793,5.0
72.0572,44.230858,3.0
-27.844442,-59.812523,4.0
-3.3280525,-23.161718,1.0
-9.492623,-65.41596,3.0
49.732002,-2.2303474,3.0
20.163416,-0.20250346,1.0
-1.9959358,40.13368,3.0
-1.8778741,12.737273,1.0
-49.335682,-1.2264613,3.0
-38.004704,-23.738678,4.0
30.29227,-64.511055,4.0
-48.33586,-54.401363,4.0
-2.5709343,-59.207138,4.0
-21.704988,-15.999327,4.0
38.442497,-22.850306,1.0
-21.557913,-15.922769,1.0
28.326048,-42.700695,4.0
28.736008,-48.183453,1.0
1.2437313,45.31278,1.0
-23.300129,-6.096882,1.0
8.159927,64.44526,1.0
29.586851,51.50731,5.0
38.773098,-18.102835,4.0
59.320576,13.730147,4.0
36.078392,22.276262,1.0
-5.24197,59.3148,1.0
-31.162518,-8.801321,3.0
-22.068851,34.669827,1.0
55.12531,36.005787,1.0
-22.014563,31.202375,4.0
-40.23994,-15.830741,4.0
-24.504255,-0.1746443,4.0
-10.259384,-17.764154,4.0
48.24542,-11.8020315,1.0
-27.698294,-21.40772,3.0
13.4430485,14.893541,1.0
14.321543,47.979977,4.0
3.159992,27.168047,3.0
-34.39168,10.655663,4.0
0.2662211,45.088596,1.0
72.490265,46.327488,1.0
-57.931072,7.761387,3.0
-14.09936,-51.720306,1.0
-4.3734565,-10.891705,4.0
-3.0164857,28.766073,4.0
24.023396,22.822758,1.0
-28.564585,8.322512,5.0
1.789501,-1.9264369,1.0
27.869915,1.6687366,4.0
12.766866,-66.37509,4.0
0.4944301,-60.500355,3.0
6.266742,3.8160772,1.0
-5.960919,-5.2909737,4.0
6.2008724,15.027832,1.0
-25.305279,-50.33368,1.0
12.921697,-74.69239,4.0
65.85676,-3.097354,4.0
73.735214,1.9843608,1.0
-35.03958,-6.3990893,3.0
21.886324,-12.970301,1.0
5.153548,50.02229,1.0
36.833534,-19.111853,4.0
2.077632,9.676083,1.0
63.303738,-27.675259,1.0
-11.154696,-23.397182,1.0
11.753504,-3.7298534,1.0
46.181503,-19.369047,4.0
-2.7156801,-68.25369,1.0
23.236027,-46.801495,4.0
-1.7574852,-70.411354,1.0
-18.436018,-34.025047,4.0
27.23486,-42.720646,1.0
26.861948,-46.963715,1.0
-9.766707,-25.96237,1.0
-14.822279,-17.802568,4.0
-2.5275776,-69.86861,4.0
-7.5070877,-56.17382,4.0
-23.968529,-18.692965,1.0
-5.1622195,-13.764596,1.0
-55.34425,-21.916845,4.0
-36.90067,-7.29354,1.0
-34.301872,-34.374893,4.0
-6.570824,-59.18478,1.0
-53.46106,-43.211502,4.0
-4.7951956,-16.73105,4.0
66.274124,-3.153484,1.0
33.81063,-64.133255,1.0
27.332993,-57.60839,1.0
-28.462555,-8.028722,4.0
-16.420025,2.0240757,4.0
-16.23552,5.3007717,4.0
-8.050412,-5.211735,4.0
9.588202,-14.353177,1.0
47.174923,-21.581812,4.0
-2.9511585,-16.07076,1.0
22.803543,-10.207737,1.0
29.25342,-57.782955,1.0
-57.06955,-25.486029,1.0
-13.651491,-52.18578,4.0
-10.503972,-60.564953,1.0
-53.680138,19.19383,1.0
-0.4841774,-13.505544,1.0
34.01697,-54.08639,4.0
-5.1532426,-24.14858,1.0
-45.289585,-54.432613,
-46.93059,-0.5549116,1.0
8.045914,8.617406,1.0
21.31685,31.201939,4.0
46.80491,-48.663555,1.0
-8.629485,51.55794,1.0
-1.1987654,32.22365,1.0
23.464975,-9.559111,4.0
51.077206,-18.550959,4.0
71.732086,42.93426,3.0
10.089892,47.669865,3.0
4.103229,64.45993,3.0
20.212635,50.50723,1.0
-11.14001,-24.783718,1.0
-24.370924,-26.716337,1.0
-48.949505,-53.995224,1.0
-33.26213,-3.1904466,1.0
18.206888,-14.694123,
59.5566,12.52708,4.0
43.507328,-54.96397,3.0
41.897636,-21.57383,4.0
-30.041695,-23.954786,1.0
2.754221,-69.4607,3.0
4.104601,-9.197891,1.0
-15.109167,-15.468402,4.0
-14.971273,-54.398525,
20.399048,5.707186,4.0
-58.810028,56.237,1.0
-55.214325,33.12204,1.0
-37.79633,49.70686,1.0
-6.4929852,55.051025,1.0
5.457564,5.973887,4.0
-79.12965,32.90659,1.0
-28.954426,51.1987,4.0
6.8885984,56.731007,1.0
-26.824238,-22.699697,
-26.97077,-2.0613098,4.0
-36.867157,4.5684505,4.0
-16.665411,52.313747,1.0
-34.363163,45.203674,4.0
-28.156311,46.73651,5.0
-36.010277,54.560654,1.0
58.474606,-11.504029,4.0
50.820908,-20.894318,4.0
12.884496,5.099624,1.0
0.16221018,-7.8154306,
-21.944399,49.626118,1.0
35.544342,27.305742,4.0
31.444304,-56.207993,4.0
33.650085,-62.004173,4.0
39.124073,-20.881605,4.0
70.25576,-3.5179288,4.0
-54.883396,-26.18334,4.0
-24.737598,-56.48769,4.0
25.552877,-48.973785,4.0
74.630295,17.002712,1.0
50.382496,-30.287024,5.0
-4.4075093,58.879086,1.0
59.77346,-19.8667,3.0
45.515495,-21.360659,1.0
-8.353099,-25.935661,1.0
-11.292167,-23.266146,3.0
-3.1227229,-5.0947785,1.0
25.205912,-48.965595,1.0
-23.604788,-29.989908,1.0
-6.030527,-13.396779,1.0
-23.218832,-27.16141,4.0
-9.824087,-68.260445,4.0
-15.280433,-54.616756,4.0
-3.9330215,-79.226585,4.0
22.453028,60.096916,1.0
71.67501,-7.985217,3.0
-0.81659925,-17.24208,
33.05031,25.351374,1.0
-27.551357,-20.89594,4.0
-30.32759,0.2721772,3.0
8.4224205,-13.317334,5.0
-10.433928,-69.50665,4.0
-55.5485,-24.345732,4.0
65.01938,52.543816,3.0
-50.320267,-12.881469,1.0
29.014574,-40.184483,1.0
9.868632,-78.368996,4.0
-68.834015,14.109672,3.0
14.432217,21.829285,1.0
-29.641054,-15.909402,1.0
22.001995,51.473934,1.0
19.995842,24.164047,1.0
14.370449,46.530773,4.0
29.420935,-49.97572,1.0
15.65322,49.594444,1.0
63.53198,22.442755,1.0
-29.073956,7.5375953,4.0
15.966043,-77.07221,1.0
-29.019306,18.93123,4.0
6.9572372,-83.1537,1.0
52.522686,55.476093,3.0
-3.0011435,-19.72359,4.0
82.40489,7.002061,1.0
-49.881058,46.207855,1.0
18.944384,16.851828,1.0
-0.7388577,-22.434721,1.0
-0.42024222,-22.422955,4.0
-15.869831,-69.41193,4.0
-54.356754,-25.252512,1.0
-56.260788,-18.660303,4.0
-7.291728,-82.25611,1.0
78.34507,-2.0141013,3.0
42.248806,-28.658422,1.0
-7.5115976,10.253091,1.0
81.02063,1.5924491,1.0
14.030961,0.8149504,5.0
-7.8740544,-25.505787,4.0
69.73544,41.89666,1.0
57.19942,25.778063,1.0
27.811527,28.296566,1.0
-19.304354,25.030771,1.0
-53.408363,57.600582,4.0
29.12183,33.995026,1.0
2.440582,5.792626,
-5.507496,50.145668,3.0
-49.314503,-1.2398021,1.0
-35.491673,48.667175,1.0
-23.333872,49.85036,1.0
32.03849,-46.013092,4.0
-22.271854,-14.981479,4.0
25.771023,-58.888298,4.0
-18.87861,-33.772354,4.0
-9.584183,-82.99906,
-54.478268,-25.238522,4.0
11.268391,28.90725,1.0
34.366997,-54.77603,1.0
12.785647,-66.18621,1.0
-35.445328,23.700062,1.0
-32.33511,31.501856,3.0
33.87811,-38.527905,3.0
58.05808,-33.33804,4.0
2.1429775,-65.38614,1.0
19.270313,-8.2857485,1.0
-55.621098,-24.603662,4.0
-31.090456,24.891031,3.0
-77.87339,21.734333,4.0
31.202385,-2.3407476,4.0
9.59723,-75.54874,4.0
-3.4787517,46.277313,1.0
-0.96478605,49.40846,1.0
47.00314,-49.905094,4.0
-20.518845,59.386696,1.0
-56.599857,-12.69658,3.0
51.214394,-18.308952,4.0
-54.08221,33.093136,1.0
13.5416,13.373595,1.0
-6.279888,46.842083,5.0
32.192554,-47.892975,4.0
-34.32913,51.082485,4.0
16.068857,-11.584187,1.0
-4.8394713,47.952595,1.0
-27.826303,-32.01154,3.0
-59.392574,-15.162977,1.0
-44.048855,-1.3122827,3.0
53.31128,42.490078,4.0
36.465324,-19.682775,1.0
10.625927,63.47458,1.0
-56.68771,-17.81128,4.0
54.63294,43.68095,1.0
69.61534,-5.5499415,1.0
-2.673904,-27.065716,1.0
-77.278694,23.013163,3.0
-26.583944,37.509853,3.0
-3.1610022,16.455027,
48.38175,-47.093426,
-33.76999,30.917747,1.0
-57.282383,33.198917,3.0
34.985584,3.9287112,1.0
80.36137,5.91562,3.0
12.413603,55.970806,1.0
-58.87314,38.083424,1.0
-45.997528,63.948624,1.0
56.22243,-27.98396,4.0
43.17109,-55.400764,1.0
-58.250313,57.223316,1.0
-50.20844,-42.57657,4.0
5.2135262,-19.034435,1.0
43.700756,-1.1684339,3.0
-0.61498547,-66.70898,4.0
-22.438189,4.2637386,1.0
-26.477968,-18.64753,4.0
-24.069757,-35.45851,4.0
2.5169623,-57.75039,4.0
-1.4120077,-79.669754,3.0
-8.328847,-78.09395,4.0
18.287062,-5.1718335,1.0
-14.255465,-76.18411,3.0
35.85441,-55.760445,3.0
70.613,-2.9794896,4.0
11.795699,71.04566,3.0
-7.178925,-57.103756,
-34.935585,7.882179,5.0
-30.888319,41.22223,1.0
-29.305168,-50.485798,4.0
-30.279942,41.267525,1.0
-17.375294,0.9780832,1.0
25.008623,-9.166157,4.0
-3.0237985,-62.549828,1.0
-30.320707,-14.477753,4.0
-42.611313,-15.33018,
-31.060062,-52.980095,4.0
64.4222,-1.6960976,3.0
-10.536428,-51.715736,4.0
-4.5279484,-25.886955,4.0
7.0697865,-84.33817,1.0
27.406523,3.9069905,4.0
71.58027,47.44221,3.0
76.687485,-63.332333,3.0
-4.622886,-23.83833,1.0
1.6819288,39.166443,1.0
12.959073,47.024178,3.0
13.167808,-9.5347395,1.0
76.85964,-62.66489,4.0
-9.657731,-25.287655,3.0
-39.800896,-6.904257,1.0
17.788614,46.19267,1.0
25.736965,-44.01823,4.0
55.08603,17.136919,5.0
5.3464155,-79.73105,1.0
-19.961523,-34.23212,1.0
54.97898,17.393108,1.0
60.65953,14.344624,1.0
-7.905242,-84.70179,3.0
-58.197235,-23.64027,4.0
40.68582,-53.658806,1.0
6.5841017,57.837887,1.0
63.002632,-16.224087,1.0
-12.087567,-19.093658,4.0
45.006596,-13.3991785,1.0
71.21065,48.20935,3.0
-7.103026,33.69326,1.0
-6.2742567,-72.391304,4.0
-38.7723,-32.76067,4.0
-2.181613,-69.50683,4.0
30.051777,-61.54331,4.0
-16.283503,3.044673,4.0
-7.645375,-14.246782,1.0
73.13938,-62.774925,3.0
-13.418619,-64.69538,3.0
-62.305832,-17.105173,4.0
37.44351,-43.952015,3.0
-7.182556,-81.22522,4.0
57.419533,39.58499,1.0
9.218401,64.52705,4.0
33.97594,-59.235428,
0.9405186,-58.65469,4.0
75.19261,45.050205,3.0
-25.425306,-16.161934,1.0
0.9310867,-9.938445,1.0
4.1274304,-80.795296,4.0
0.7797154,-21.74242,4.0
-43.37911,-61.640144,1.0
-2.3041534,-25.355442,4.0
46.65418,-21.346113,1.0
29.2621,-52.67871,1.0
27.675781,-56.64317,4.0
28.111559,-57.09154,1.0
29.0646,-57.596016,1.0
6.087797,65.896484,1.0
35.58243,-59.098015,4.0
31.82713,-53.987785,1.0
-4.406464,11.033225,1.0
75.82666,-62.18929,1.0
75.305885,-61.298855,1.0
-30.297035,-53.633957,1.0
-1.019398,-9.258667,1.0
11.574187,31.952469,1.0
20.21437,-2.3729527,1.0
46.244316,-48.10044,1.0
62.334908,-27.95721,3.0
8.53456,67.71039,3.0
-3.9244032,15.066918,1.0
-20.638113,-6.8728437,1.0
-9.812024,-26.002928,
60.616405,-29.670927,3.0
-52.55809,-15.015707,5.0
25.117453,-48.476784,4.0
29.385618,-59.150005,1.0
-29.390541,-55.469536,5.0
54.874134,-21.811335,3.0
42.080654,-51.377087,1.0
36.44795,-55.477306,1.0
-12.040262,-52.08498,3.0
-42.72508,-20.347015,1.0
-10.803441,-52.707813,4.0
9.1768875,-15.808401,3.0
-1.457646,-17.195862,
-8.592893,-33.892864,1.0
-10.788132,-69.39177,4.0
-5.2825665,-14.203875,4.0
30.214222,-64.740074,4.0
-33.722294,-49.592396,4.0
-28.884531,-49.645126,4.0
-10.42325,-69.99588,4.0
42.781425,-26.53098,3.0
61.8783,13.039928,1.0
-27.864468,-61.86977,4.0
32.67135,-63.229763,
-55.729565,-18.817703,4.0
-27.852442,-20.295845,4.0
4.1798353,61.02869,3.0
-18.986248,-37.20628,1.0
1.0827963,-84.22746,3.0
65.01613,50.63219,5.0
74.286026,-8.594432,3.0
63.914173,23.396736,1.0
3.0332518,26.709372,5.0
74.1089,-10.447713,1.0
-14.880008,-7.5145025,1.0
-6.75187,-59.852737,4.0
-18.710594,-60.440296,
-9.237689,-20.985758,1.0
-39.180008,-34.203594,4.0
34.596516,-58.167133,1.0
-39.992702,-13.557219,4.0
-2.9843097,-72.22525,3.0
10.611743,2.0687954,1.0
-30.003439,-52.63386,4.0
-37.217316,-33.08082,1.0
11.535875,67.39358,3.0
-28.54679,-10.850218,4.0
62.889668,35.94438,1.0
-4.69583,-14.475588,4.0
59.68034,11.584331,4.0
44.73698,-23.355612,4.0
65.42902,-22.092525,3.0
30.448114,-43.399765,3.0
16.353117,-52.30805,3.0
-9.8907385,-78.84158,1.0
15.124673,-72.15839,1.0
0.89285946,39.326527,4.0
11.832876,48.23695,1.0
-14.38023,-78.89466,4.0
28.258997,-55.856564,4.0
-20.272053,-32.123745,4.0
48.201836,-47.056072,1.0
-26.524014,-20.261646,4.0
56.778313,56.5911,3.0
56.945034,57.11582,3.0
15.796933,63.71944,3.0
-14.810718,-5.050193,4.0
27.204355,-48.139828,4.0
2.4053006,-69.96095,4.0
66.21259,-2.5216107,4.0
-54.918697,-13.537474,4.0
-6.2975917,-13.131874,1.0
4.607911,-61.63062,4.0
-10.263819,-71.581566,1.0
6.9649863,4.3743634,1.0
-41.779633,-34.206905,1.0
20.10384,-58.046978,4.0
55.855503,-28.96634,1.0
-13.393631,-52.002228,1.0
-6.449619,-55.843212,4.0
-7.493503,-57.338913,3.0
36.674717,-46.076313,1.0
-14.732624,-54.085423,4.0
6.3700733,66.958435,3.0
-42.9251,-21.050167,3.0
-0.804941,-77.2751,3.0
1.1639756,19.345964,3.0
27.9851,-57.75946,1.0
-9.908198,0.62945735,1.0
71.91265,44.844254,4.0
-50.59015,-53.244648,1.0
-13.547119,-77.27591,1.0
16.311577,-74.83976,1.0
-15.107636,7.4442053,1.0
-43.932304,-14.209054,1.0
-26.494656,-31.413696,4.0
28.365362,-60.23813,
-11.637255,19.133715,4.0
-23.105618,-31.852367,3.0
2.1560307,-21.428734,1.0
16.469177,-52.419632,1.0
52.89258,53.739227,4.0
38.301064,-42.894432,1.0
33.04828,-53.312405,1.0
-30.53535,-11.22742,4.0
-2.8769085,-64.027985,1.0
28.080067,-61.760944,4.0
28.147736,-56.304565,1.0
-5.051475,-61.629616,4.0
-15.819011,-69.45071,4.0
-26.931456,-11.679943,3.0
-9.302399,-21.198294,4.0
-63.438076,56.39262,1.0
-60.2029,55.23715,5.0
-15.877539,41.412468,1.0
9.406205,23.61165,1.0
10.436193,-7.6638284,4.0
3.421924,-12.881136,1.0
-68.02693,58.77222,1.0
24.196257,14.748678,3.0
-28.162767,-7.8071895,4.0
-38.523113,55.791183,5.0
-16.159723,67.52887,1.0
-18.437689,59.199455,1.0
80.3726,0.9407445,
-47.447308,13.201758,1.0
4.1007943,-61.096153,4.0
38.48913,-27.309101,4.0
77.634674,-0.23950127,1.0
78.59078,0.13283215,1.0
62.530224,50.14574,1.0
47.71129,-28.06661,1.0
57.76498,48.22059,1.0
43.94205,-23.500029,1.0
74.03202,17.234766,1.0
-32.580456,-51.050316,3.0
37.92037,-59.962124,4.0
7.3714857,-85.674866,4.0
73.22268,19.4783,1.0
-0.8205907,-81.43607,1.0
53.356094,47.955524,1.0
72.04736,-2.7473528,4.0
66.80394,48.572487,5.0
42.118603,-19.347773,1.0
23.549032,-10.066904,4.0
34.65803,-47.04577,1.0
-13.552697,-64.65784,4.0
25.826637,-44.943226,4.0
22.383469,-58.332745,4.0
-54.833347,-26.269209,4.0
48.12164,-29.011871,4.0
-1.5676917,-70.59714,4.0
-52.00386,12.715954,1.0
36.733116,-45.1918,4.0
7.3775854,-33.41849,5.0
45.531967,-21.723385,1.0
7.8130136,67.6383,1.0
-59.710934,-18.788258,4.0
11.283198,-3.8308187,1.0
-9.162634,-21.09718,4.0
4.6055574,-24.189573,1.0
-10.52909,17.611757,4.0
71.868515,44.555958,4.0
74.566864,-4.3294034,4.0
71.481834,-7.919932,5.0
4.674644,-18.546625,3.0
51.72878,-19.231892,4.0
35.518005,15.9399,3.0
5.04753,-24.860537,4.0
5.5217595,-38.90635,1.0
37.269295,-56.161457,1.0
41.29212,-53.10086,4.0
7.856127,67.5505,3.0
-35.26729,58.989765,1.0
-54.071983,21.982464,1.0
-57.087727,31.459173,1.0
-2.9234433,-23.00867,4.0
-30.482742,33.808697,1.0
71.66863,1.0454739,4.0
-59.45058,41.138023,4.0
26.794083,-32.467155,1.0
3.6598375,-59.93537,4.0
-15.607674,-12.195129,1.0
35.452427,-47.060356,1.0
11.58394,-29.509668,1.0
59.21597,-26.479519,1.0
2.8135073,-79.36479,
18.217007,-4.1689982,5.0
-53.481583,-43.20474,1.0
-2.1768854,-22.323282,4.0
-56.82967,-18.04065,
32.25021,-56.339172,
12.8480835,-66.32542,3.0
36.55107,-46.844524,1.0
-7.5893865,-74.97198,4.0
25.419851,-4.2413,1.0
-2.0368872,-24.660395,4.0
9.976452,-44.927547,1.0
-17.056707,24.430487,1.0
11.268288,59.287235,1.0
-41.785797,-31.376013,1.0
16.099342,-52.056114,1.0
12.629459,44.975517,1.0
28.646168,-57.78952,1.0
-11.412275,16.136272,1.0
50.88944,-19.617115,4.0
10.915747,47.72481,1.0
-54.82233,8.750211,
6.815286,5.5109067,1.0
62.957756,36.051132,3.0
54.18405,54.87968,1.0
0.35579982,1.439926,1.0
-63.09737,57.146503,5.0
-22.5637,-14.019906,4.0
-38.4944,58.58791,1.0
-52.950516,16.767944,1.0
-25.531498,27.878126,1.0
-59.33787,54.912563,5.0
-6.7343273,-29.710873,4.0
-55.96576,-23.837711,4.0
-12.746014,-0.660256,4.0
-68.13725,29.911871,3.0
-10.796592,64.69515,1.0
37.098873,-51.36655,4.0
-9.792058,-62.081127,3.0
-62.312046,-14.027613,5.0
23.767912,-59.755947,1.0
28.777042,-61.211502,1.0
2.3975675,-70.738464,1.0
7.2242503,15.921876,1.0
54.264748,-31.981821,1.0
56.149147,-32.614742,1.0
57.996365,-17.67989,1.0
70.20266,2.902865,4.0
-8.444654,-12.780247,4.0
62.604443,21.522175,1.0
-56.890034,-17.981552,4.0
53.099083,12.040402,4.0
-16.11552,-7.9860764,4.0
-44.935844,-54.67339,1.0
18.817047,21.775003,1.0
-36.253647,-14.217589,1.0
12.093091,-43.73054,
14.627359,-57.686302,4.0
-61.172253,-17.073357,
75.44578,45.655907,3.0
62.381035,-33.433205,3.0
71.85064,43.98119,3.0
62.447777,-33.189747,3.0
13.369884,-45.25798,3.0
12.507138,-45.89323,3.0
-34.171368,48.87976,3.0
35.041584,3.7552707,1.0
-44.62766,48.658794,3.0
-52.144455,11.743537,1.0
-28.96401,-60.725433,1.0
5.7465544,29.838388,1.0
-56.060936,31.726738,4.0
34.789345,28.887863,1.0
-27.718819,-61.203777,5.0
-48.383717,-51.0405,4.0
-47.109116,10.640696,1.0
-30.070087,34.512596,1.0
6.337648,21.488443,1.0
-25.3375,54.894108,3.0
12.30513,-1.1483978,4.0
19.84106,45.305046,1.0
-15.778235,59.548347,3.0
-29.530737,-14.889126,1.0
40.41123,29.020111,3.0
35.88758,-36.90024,3.0
23.900015,-4.7412186,1.0
29.004333,-40.068058,4.0
23.269588,47.373703,3.0
-12.498335,15.276097,3.0
-39.328495,-32.25092,4.0
66.93432,48.120586,4.0
43.74475,-28.67202,4.0
-5.874367,-13.9577,4.0
-13.235696,27.266403,3.0
-32.040417,31.479445,3.0
20.095737,18.307707,1.0
-21.165337,55.70006,5.0
-3.5887423,46.26023,1.0
-7.4478874,34.182087,1.0
-14.532699,52.570683,3.0
-44.919632,-6.564815,1.0
-70.2729,16.949265,1.0
-10.015648,-71.694664,4.0
-29.9384,0.7072831,3.0
-29.44117,3.0597389,4.0
59.483547,35.680927,3.0
37.764656,-17.802732,1.0
20.972542,27.918476,3.0
-48.79988,56.030197,1.0
-34.63905,40.24684,3.0
-7.9211326,21.90804,1.0
-51.71259,-55.814713,
40.389072,29.044584,1.0
-2.7600415,-2.0621428,4.0
30.094059,-48.01833,4.0
-19.188726,42.44039,1.0
-45.216377,16.623493,1.0
58.377075,-27.271627,4.0
-14.149266,-30.482494,1.0
14.682636,-57.668907,4.0
26.359331,-47.361546,4.0
-11.208341,-17.060013,1.0
0.177463,-71.45554,1.0
67.09571,50.584526,1.0
-24.353165,2.8501492,4.0
-2.711062,-81.06907,
8.386439,-2.0598948,3.0
19.561811,42.82445,1.0
31.490225,4.103339,1.0
-23.526306,34.114594,3.0
-11.393785,54.46686,1.0
-55.585033,9.381486,1.0
-59.905922,11.346698,3.0
-3.0770178,37.154716,4.0
38.23296,-43.99401,4.0
-8.660672,-70.48164,
52.75905,-17.729591,4.0
-58.271343,39.34942,3.0
-55.639515,-4.1357756,4.0
20.712313,32.153347,3.0
-69.15584,56.98781,1.0
49.855606,-20.109581,4.0
-46.726513,64.43834,1.0
-8.174517,16.935467,4.0
24.012585,43.69469,1.0
-21.972734,43.749577,1.0
-22.99698,37.278934,1.0
-53.81112,19.379347,4.0
-52.66095,50.59192,3.0
-32.58904,-4.7072845,3.0
-17.775427,32.33217,1.0
-39.301758,58.991,1.0
43.47703,-1.3435555,1.0
6.4208546,-83.561935,
-28.973743,26.173296,4.0
55.770885,-30.441154,4.0
-34.647034,6.3845067,4.0
-52.773857,50.86865,1.0
-25.22613,54.859386,3.0
58.84216,-33.461224,
31.80747,-46.800358,1.0
-11.144136,-52.18474,
62.012833,13.033382,1.0
61.04192,11.831264,3.0
74.76419,-7.9202156,3.0
-21.413681,-11.274541,4.0
-22.516098,-22.822073,
46.63845,-22.241667,3.0
-8.704361,2.4946506,1.0
-7.9452524,-84.348785,1.0
-10.41393,-71.306854,4.0
7.5724883,-85.30482,4.0
-36.80453,-53.093388,1.0
8.299483,-34.18517,1.0
-7.680486,-84.12975,4.0
72.00829,45.31116,1.0
-1.9349151,-24.46979,4.0
27.39497,-48.178074,1.0
28.29905,-58.04904,
-33.047173,-50.7157,1.0
5.3525896,64.3391,4.0
27.903927,-58.206493,1.0
22.592018,-58.062645,1.0
-2.5625336,-67.51544,4.0
-9.76378,-63.574306,1.0
-18.988985,-37.21351,4.0
6.248843,65.58264,1.0
75.32146,44.992382,4.0
23.695545,-10.588241,4.0
-14.224422,-52.89405,4.0
29.737913,-57.974464,1.0
-39.863754,-13.533522,4.0
-52.847336,-53.088425,1.0
-14.774189,-75.85109,4.0
31.622837,-54.30527,1.0
-52.207256,-45.03995,4.0
23.874912,-47.503624,4.0
53.447998,-32.72877,3.0
23.812231,-10.142865,
29.373203,-62.545547,3.0
26.032343,-43.78263,1.0
-48.11911,-52.105396,1.0
-13.897713,-52.494305,1.0
69.4925,-2.6536744,1.0
52.439743,-24.884401,1.0
-14.431774,-78.54334,4.0
-56.801716,-22.814224,4.0
37.436115,-59.732723,4.0
31.73479,-57.393467,3.0
5.928127,-40.45162,4.0
-2.2125485,-62.04943,1.0
-59.161938,-19.74787,4.0
5.329941,67.28548,4.0
-27.429987,-47.271694,4.0
-59.6001,-19.279472,4.0
-51.703835,-45.427273,4.0
-41.936626,-19.45676,4.0
-51.150307,-15.657213,1.0
70.02247,41.049427,1.0
70.88197,48.55914,1.0
-39.591553,-16.909327,3.0
-28.520164,-48.121056,3.0
59.47101,13.300894,5.0
-37.43296,-32.188614,4.0
8.793834,-32.02003,1.0
58.857903,10.7681675,1.0
-50.525284,-49.770638,1.0
-50.25137,-42.862072,4.0
27.143044,-61.038895,4.0
22.118893,-5.819997,1.0
-8.283057,-77.83959,1.0
0.60735947,-22.88787,4.0
-45.50687,-54.64433,4.0
5.415358,65.610916,1.0
54.93138,-32.41554,4.0
71.02317,-7.9470644,4.0
-8.72568,-3.1684847,1.0
-13.720693,1.6777685,1.0
54.996136,-21.54889,
25.914371,1.9104263,1.0
-28.109583,-49.981884,1.0
-0.6531977,-70.72458,4.0
-8.663088,-82.42566,1.0
-4.3081384,-70.27278,4.0
16.079891,-52.029964,3.0
3.1876593,63.45942,1.0
-38.29642,-7.8443174,1.0
-28.617485,-60.411457,1.0
44.290985,-28.650232,4.0
79.17502,-5.9040647,1.0
-0.9990696,-80.60997,3.0
-1.395528,-69.836876,4.0
0.5331524,-68.32575,1.0
43.01143,-52.9685,4.0
13.263627,14.850275,4.0
-37.31296,-17.713146,4.0
-2.5274136,-16.055323,1.0
44.426884,-23.699934,4.0
-58.379726,-21.595757,1.0
-50.772114,-48.06527,4.0
7.2414637,-87.91042,3.0
-62.09698,-17.063341,4.0
73.83464,0.87695855,3.0
-47.704784,-51.02082,
-11.733184,-16.690378,1.0
36.650932,-53.344334,1.0
37.88559,-20.644083,4.0
0.7463925,-62.000675,4.0
32.26052,-54.54708,5.0
-49.05046,-53.055927,4.0
15.292008,63.641155,3.0
23.21015,-11.570173,1.0
26.677767,-9.489133,1.0
9.301554,-79.78367,1.0
-58.772038,-15.894555,1.0
69.30948,-61.81941,3.0
46.07005,-10.300949,4.0
41.424114,-22.380018,4.0
-12.959332,-35.818333,1.0
22.96935,-43.281025,1.0
3.7013474,15.34016,3.0
53.267437,-26.36234,4.0
22.461346,-6.889483,1.0
19.691154,40.113342,1.0
42.059536,-56.579826,3.0
-31.984333,-51.856472,
-6.8084145,-72.020676,1.0
-59.261074,-17.500854,1.0
41.374046,-22.586748,4.0
18.978321,21.985134,1.0
-21.739952,-9.842651,1.0
-16.30741,-32.010677,3.0
0.25348446,45.921253,1.0
40.429565,-21.995682,4.0
24.214336,-44.88353,4.0
78.13287,18.331944,1.0
-43.083008,-20.564415,4.0
-23.326038,-19.2166,4.0
70.641426,-57.829372,4.0
64.77215,11.519828,1.0
73.464,16.992758,5.0
-6.9103746,-72.34115,1.0
-26.815739,-53.993816,3.0
-19.975271,-33.118137,1.0
-15.810019,3.124386,4.0
76.33951,-62.6355,3.0
47.59394,-25.624804,4.0
33.24581,14.2018385,1.0
43.052563,-13.2074175,
-12.685689,-0.78579825,1.0
-1.4649214,-80.88916,1.0
72.7352,-62.65809,1.0
-48.312386,-3.378786,1.0
81.122826,-2.2020369,1.0
0.47812417,-2.1598039,1.0
-39.652042,-8.029847,4.0
31.937021,44.184956,1.0
68.70176,-62.364677,3.0
28.91959,-59.852886,4.0
29.663502,-42.70079,4.0
71.08885,44.140186,5.0
35.711113,15.804836,1.0
50.076176,-30.102829,3.0
-4.501321,-56.599934,4.0
-10.501916,-63.73324,
-28.947872,-50.517544,4.0
70.91239,49.241203,3.0
63.73685,0.20540543,1.0
-3.1350808,-25.682262,
-8.883391,-64.48496,1.0
-30.502565,-53.756035,3.0
58.151886,36.466072,1.0
66.11228,-3.1751156,1.0
73.83105,-0.7263801,1.0
26.132511,-8.465234,1.0
70.309906,-67.04655,3.0
33.34515,46.71521,5.0
11.251661,29.909353,1.0
-42.11772,-30.473059,1.0
-10.7042055,-63.99824,4.0
14.006017,21.765274,1.0
60.515213,13.760584,4.0
54.09061,20.937216,3.0
54.73327,39.732563,1.0
25.688868,-57.127,4.0
54.75577,-32.43699,
-25.319778,-34.82968,4.0
25.941904,1.9774513,4.0
77.67577,-5.1492405,5.0
56.38108,41.819817,1.0
59.200512,-26.457832,1.0
-45.07746,-53.587234,4.0
70.29012,-57.690052,1.0
79.66732,0.7470519,3.0
43.223984,-55.403984,1.0
4.416343,63.575027,4.0
20.226307,18.649036,1.0
36.967525,16.35327,1.0
-9.795597,-65.43526,3.0
70.63367,-66.98724,3.0
62.926247,-19.383997,1.0
68.12863,-0.62071216,1.0
-33.625484,-14.780804,1.0
64.58801,34.074093,1.0
-49.22778,-50.113464,1.0
74.309265,-4.257093,1.0
66.98835,-3.6361706,3.0
31.89261,-49.10983,
-9.781814,-10.017517,3.0
8.709418,12.731409,4.0
-24.207691,-55.874676,5.0
39.927288,-11.918819,1.0
69.979904,-65.000534,3.0
72.788704,-17.721367,5.0
39.18108,-56.863777,4.0
59.143673,51.82773,1.0
-6.7341533,-29.767551,4.0
-6.3068066,-83.05457,3.0
-7.8646936,-12.091514,1.0
70.633736,-66.98722,1.0
57.637188,40.365467,5.0
70.82442,-18.824081,1.0
69.0189,-6.58466,1.0
63.70959,10.815928,3.0
10.714074,-81.691734,1.0
71.845474,-18.561636,3.0
68.88012,9.910655,1.0
-16.394009,-36.451336,1.0
-36.58226,-53.516453,
-7.7908497,-71.906425,1.0
-10.234038,-85.25197,1.0
-15.849783,20.482924,1.0
2.495772,-79.94501,4.0
77.800156,-63.69584,1.0
24.446161,-46.717762,4.0
-41.100758,-22.075533,1.0
59.438526,39.707016,1.0
-12.456053,3.1592252,5.0
-11.086768,-19.730139,3.0
-43.185753,-62.065414,1.0
-28.785421,-53.45517,1.0
-5.8509765,-57.96159,
-39.25483,36.619156,1.0
-9.927811,-84.30133,1.0
-28.139885,-60.71352,1.0
-51.40538,-47.93125,4.0
-30.601412,-11.95401,3.0
11.184628,6.4580684,3.0
11.364458,-14.405904,1.0
80.56576,20.152834,1.0
82.564674,-3.0826828,1.0
27.173681,44.276886,3.0
-5.854281,0.9912279,1.0
48.658173,-2.0876553,1.0
82.52101,6.561357,3.0
10.391314,15.130978,1.0
-29.317791,-53.703945,3.0
8.615061,23.587948,3.0
42.8437,-15.820278,3.0
45.260143,-21.579878,4.0
-50.891033,-45.79736,1.0
43.551426,-51.92148,1.0
77.3966,-3.2739737,1.0
58.258728,39.68968,4.0
-0.78786635,5.630393,1.0
-25.003141,-31.061941,1.0
1.2200936,-5.675124,3.0
-34.911552,-11.044113,4.0
61.554775,56.747517,1.0
22.395891,-7.7235055,3.0
76.497444,-61.997593,4.0
-12.960638,60.164036,5.0
-32.374985,-60.09449,1.0
-49.207794,-42.710136,4.0
37.63289,-41.649937,1.0
-43.012714,4.045515,5.0
17.923204,-5.596481,4.0
60.97117,-33.614384,3.0
1.1035478,-17.740633,3.0
66.83843,19.059937,3.0
42.623055,29.215391,1.0
74.87919,-1.2468286,3.0
29.068937,-48.047234,1.0
56.20346,-28.000614,1.0
-35.54659,-67.71309,3.0
62.64268,33.201534,3.0
-43.93479,60.11132,1.0
69.08396,-61.5477,1.0
-28.87574,-51.78303,4.0
-31.104193,13.39531,3.0
-16.52457,-13.275449,4.0
10.922808,47.827618,5.0
-43.364388,-31.098324,1.0
-37.023483,-32.84326,4.0
-28.362156,-52.78732,4.0
57.562687,-26.128109,3.0
70.61465,-57.86091,3.0
74.629,1.2433113,1.0
-2.8861597,6.930551,4.0
51.57542,-23.420322,4.0
28.961454,11.063387,3.0
-57.11521,38.33652,3.0
-27.067719,-67.719185,4.0
59.39198,-20.811504,1.0
62.847176,34.65438,3.0
-12.21426,22.027779,3.0
3.4574788,-12.832226,1.0
35.952236,45.468178,5.0
-28.15332,-8.631663,3.0
43.595325,-28.027378,4.0
-38.087482,-13.4548645,4.0
-32.747837,50.73775,1.0
-42.170513,-2.2117841,4.0
74.86676,-4.8774467,1.0
-4.472273,-77.4477,4.0
-36.497612,50.17378,3.0
16.233292,56.651443,3.0
9.314813,-82.52925,1.0
38.360306,-57.093235,
69.51872,2.7363136,4.0
-38.416634,2.6194232,4.0
-26.565622,-30.528442,4.0
30.094875,2.2833889,1.0
-12.410225,-2.0817525,3.0
-17.821259,54.105003,3.0
-46.701893,-16.439503,
0.08208293,-22.01482,
-10.830363,12.256681,1.0
24.591408,-44.75898,4.0
-49.549236,-43.032917,4.0
-30.512165,-0.8914858,
0.79723984,-15.729321,
-24.03952,-30.973421,
-29.543306,-15.154711,
30.102423,23.17174,1.0
-21.554245,17.673407,3.0
28.994211,-40.23618,5.0
-7.476114,1.7982055,
-62.180363,38.894188,4.0
-26.412045,-33.73672,3.0
-60.38643,9.629371,4.0
-61.338966,57.49419,1.0
-25.482285,-23.077612,4.0
-50.801826,19.480013,1.0
-58.951977,34.237434,4.0
-34.24087,45.116413,4.0
56.27272,20.464117,4.0
0.49885163,-16.970718,4.0
12.037095,-2.678334,1.0
-53.54971,50.04649,1.0
36.303173,-52.55657,4.0
-9.960066,-15.742045,4.0
-23.877554,-2.859169,4.0
53.594097,34.025948,1.0
51.409145,-22.984644,4.0
72.98867,46.4982,1.0
25.018675,30.052406,3.0
24.28203,-4.7266064,1.0
1.4240786,-69.94308,1.0
76.25301,3.0688548,1.0
-5.6646056,-57.318382,1.0
5.9517913,-82.53795,4.0
79.11213,-5.0878367,1.0
57.796886,26.48357,1.0
27.018593,-58.390858,4.0
10.613157,2.1090128,4.0
-4.7164817,11.416782,1.0
-40.88954,-12.49687,4.0
82.98338,-3.7200186,1.0
68.19428,13.40265,1.0
44.674545,-21.854856,1.0
-12.618021,-9.623662,1.0
69.979904,-65.000534,1.0
19.833157,47.60838,4.0
60.66977,24.44067,1.0
5.565035,-14.564232,4.0
31.849897,-54.444878,4.0
34.250675,-53.950287,1.0
-58.29642,-20.789686,4.0
-34.80392,-18.988115,3.0
62.652008,21.934408,1.0
-56.354263,-5.929088,4.0
9.89164,6.7980075,4.0
63.357166,43.384575,1.0
53.89541,54.738457,3.0
-14.14429,51.436466,3.0
33.27702,30.270374,3.0
1.6737448,14.928122,1.0
-28.28654,-49.264606,4.0
-42.805084,-20.365524,4.0
35.69041,16.8292,1.0
-49.83983,-48.808052,4.0
-10.074543,-59.359333,4.0
58.52397,52.461216,5.0
53.78124,-32.672745,4.0
-0.20627908,-59.57484,4.0
-55.46057,-23.070335,1.0
-62.02062,39.473537,1.0
40.112835,-16.88628,5.0
29.572529,-43.77068,1.0
-53.515354,49.09769,1.0
72.24848,43.495865,1.0
24.301805,-5.130361,1.0
-48.879005,46.279846,3.0
51.79487,32.654472,1.0
24.911364,-4.466647,1.0
-13.651814,-75.16041,4.0
25.752968,-56.325504,3.0
-7.0640793,14.897614,3.0
60.26375,-34.787,1.0
45.79941,-5.5041046,1.0
-32.91459,24.208313,1.0
-56.55213,-26.58407,4.0
16.068178,-77.47745,1.0
70.58088,0.5386236,1.0
-13.701007,-52.107334,1.0
12.776157,-76.12878,1.0
25.760798,-56.890186,4.0
31.135895,-64.5122,4.0
-1.1899873,32.310986,1.0
34.41365,27.127998,3.0
-22.926876,59.868973,1.0
-6.6508713,54.95102,1.0
1.9123913,-5.703436,
-17.609722,41.939053,4.0
-45.98033,50.785786,1.0
59.31605,13.140661,4.0
56.435856,-32.420948,3.0
78.15111,1.2204062,1.0
-5.463361,-56.130783,4.0
75.30225,45.376,1.0
-13.356525,-77.87721,4.0
13.533857,28.632446,3.0
4.0062666,-62.581352,4.0
37.469738,-44.36672,1.0
-4.3061237,24.59788,1.0
10.977674,9.933565,1.0
77.23431,-20.735125,4.0
23.319845,32.02003,1.0
-13.71031,51.523666,1.0
9.507336,13.807695,1.0
5.4513927,-81.56558,
43.24654,-51.139828,1.0
75.09216,44.826576,4.0
-30.710989,-11.244706,4.0
70.18657,2.6243086,4.0
67.05033,14.930542,1.0
71.062294,0.7341115,1.0
-26.49689,-30.95233,1.0
-24.133059,-21.477493,4.0
-27.955341,-50.172813,4.0
-58.967216,-20.01474,1.0
74.17026,-4.3143287,1.0
-33.74112,-12.76225,1.0
-23.979843,-36.381577,
19.36987,-1.2485986,4.0
-66.80453,27.906246,3.0
57.9629,21.642767,1.0
-36.346554,58.68633,1.0
-3.3152614,46.383385,1.0
69.979904,-65.000534,4.0
38.43825,-42.835243,1.0
26.76551,-47.894085,4.0
-13.653625,-64.837975,4.0
7.4981494,-34.022247,1.0
74.70516,-0.32014447,1.0
53.580944,54.192574,1.0
-5.2759304,-80.19469,3.0
57.3515,-18.710447,3.0
-24.388807,-30.949244,4.0
31.143333,-59.817066,4.0
5.2968636,-79.97809,1.0
56.18971,-32.89856,1.0
7.5909357,66.02647,4.0
8.681077,-32.446712,1.0
22.643902,-58.820496,4.0
42.11441,-20.172823,3.0
-56.52833,-26.580719,1.0
-52.049595,27.785843,1.0
8.318485,43.71796,3.0
2.3919046,25.54347,1.0
28.702652,-50.933258,4.0
70.23546,1.8183962,1.0
58.488663,38.849716,4.0
-39.85998,-64.867714,1.0
-12.159147,22.003597,1.0
81.235405,5.8811064,1.0
-16.206202,-14.220089,
38.15826,25.09242,3.0
-40.410496,57.86956,4.0
0.9880651,54.73613,3.0
-57.770626,10.1415205,4.0
7.318638,67.57645,3.0
70.56319,-3.677496,1.0
-26.448544,-67.78256,3.0
0.27358493,-62.687546,4.0
73.41218,-8.348277,1.0
-28.641935,-60.48613,4.0
33.90303,-53.937656,1.0
12.917324,-3.6043727,4.0
-56.163998,-23.45808,
-22.957378,29.17906,4.0
-63.057907,55.899544,5.0
-5.3508544,49.806953,1.0
-14.944095,52.720764,1.0
49.37257,-29.444033,1.0
-32.654297,-20.397392,1.0
-57.89722,51.915405,1.0
78.34025,-4.3731403,1.0
23.253744,-9.363178,1.0
49.880344,-2.4429798,3.0
-38.29102,51.630646,1.0
-46.308743,-53.76653,1.0
-38.375088,44.68345,4.0
-9.383278,34.71238,1.0
-12.2376585,21.927206,1.0
41.305267,-52.091496,
-59.983685,54.820335,1.0
-10.144311,60.05327,1.0
6.4542203,-18.996475,3.0
-1.5307906,18.156748,1.0
-37.109936,-17.81845,1.0
-53.81709,-16.54955,4.0
-68.00903,57.154522,4.0
40.35593,-16.94175,1.0
59.90964,-23.40744,1.0
69.34348,-6.115895,1.0
-20.266987,45.728294,1.0
10.78275,58.980755,3.0
-18.105738,59.088875,1.0
35.130646,-58.399353,
-0.26882845,-16.714128,1.0
-26.791832,-54.59442,1.0
-29.54574,0.30328986,3.0
-40.38041,-21.224428,4.0
53.209587,43.800724,1.0
62.53415,-28.511496,1.0
-60.248142,55.404625,5.0
-43.669758,9.991253,
45.860928,-5.317651,1.0
19.809288,45.109936,3.0
48.05012,-27.281725,4.0
-51.234066,52.18345,5.0
-0.32355714,-22.72748,
-57.403633,26.450129,1.0
37.755665,-41.55445,1.0
-9.717251,-25.39459,4.0
60.427116,37.70112,5.0
-38.944004,-69.146034,1.0
-40.373108,57.377186,5.0
47.335785,-9.2171135,1.0
-6.0087214,-9.891615,3.0
17.818686,59.3701,4.0
49.237724,-29.705791,3.0
-5.4021106,42.04875,1.0
-35.995514,59.187855,5.0
19.56408,44.6912,1.0
4.959207,28.487799,1.0
7.2624846,-78.98719,1.0
47.09383,-5.762456,1.0
-58.594646,12.1776905,5.0
-40.101254,-29.405798,1.0
-23.367668,-50.122704,4.0
75.59943,45.548546,4.0
-16.814798,54.18562,1.0
61.84542,12.811431,1.0
8.324847,-9.933197,1.0
17.85778,56.144596,1.0
-18.654856,42.28118,3.0
-29.271011,16.035141,4.0
-31.886099,50.607883,4.0
56.00349,-16.376411,1.0
-5.8308167,-21.899637,
59.515057,39.973892,1.0
68.80228,-6.4214883,4.0
20.472973,-53.88532,1.0
69.52104,47.691914,1.0
2.08589,-61.313023,1.0
-61.607513,22.657343,1.0
16.438389,-11.4442005,3.0
-1.9638145,37.683033,3.0
24.887632,-31.711254,1.0
-44.12966,-20.954683,1.0
56.19772,33.567207,1.0
-31.719828,55.51876,1.0
9.569838,-82.501595,1.0
20.097227,18.257824,3.0
-30.983181,6.104195,3.0
-29.271095,29.847942,3.0
-25.01534,52.234783,1.0
5.8792424,-6.2794285,4.0
-51.906345,33.961246,4.0
18.788807,40.296925,3.0
-40.566597,-32.771965,1.0
8.676872,-3.4122746,1.0
0.36620325,-18.008879,1.0
-14.367686,-1.9950418,1.0
28.087366,-37.692646,4.0
61.875206,-29.955376,1.0
-41.91751,-32.669052,
-11.660725,60.46614,5.0
-15.717964,40.783474,4.0
2.0374534,18.396189,1.0
-22.219288,55.50051,5.0
15.749253,-76.335335,1.0
43.19739,-14.930102,4.0
82.529015,-2.8898,1.0
23.989439,-46.40946,3.0
19.723404,-12.919298,4.0
-26.06386,34.05827,3.0
-22.930506,51.56408,3.0
-59.153843,38.386585,1.0
-28.128447,-11.149584,4.0
-45.75266,4.8773994,4.0
26.930342,-33.89508,4.0
-24.0152,0.61552906,4.0
-38.138054,1.975371,4.0
-15.320828,8.691207,1.0
60.962498,10.659627,1.0
-11.184306,53.8702,1.0
4.920441,-7.397264,1.0
-31.421108,29.065578,1.0
-49.835857,6.6702933,3.0
-36.318058,-14.945137,4.0
-34.19418,-50.118385,4.0
-6.7063236,-56.328194,4.0
69.11912,-62.36569,
75.79719,1.8348442,1.0
-59.504276,-17.50786,
-20.7124,-6.6434507,4.0
74.35522,-4.5889373,3.0
-8.103212,11.949121,1.0
-2.6580188,-3.8180556,1.0
28.45423,-35.274433,4.0
-55.483025,37.401787,4.0
-15.556503,39.250084,1.0
-25.223694,12.20653,4.0
-40.106857,-29.154343,4.0
67.55925,-4.2268786,1.0
-6.855726,-17.645033,4.0
27.504396,50.565804,3.0
15.44389,16.63386,1.0
-3.1518357,59.599545,3.0
-33.07938,48.699024,1.0
-4.3906446,24.96317,1.0
-18.633501,28.533644,3.0
20.976133,31.473013,1.0
-23.056725,-50.450626,4.0
23.067257,43.727062,1.0
-1.7101346,32.36221,1.0
-4.3099513,-55.25381,4.0
-7.5456104,34.307602,4.0
-36.262512,42.03333,4.0
-43.179565,64.42597,1.0
-24.148191,-36.131535,3.0
-26.266039,-1.6452386,4.0
82.75976,6.412979,3.0
-41.44515,-56.638184,1.0
55.517273,-35.333153,4.0
9.333361,34.1683,1.0
-25.235126,12.690473,3.0
67.464676,15.298162,1.0
9.376682,7.3818603,3.0
55.349686,-18.161842,3.0
-55.5849,38.22168,4.0
77.80753,-63.734695,5.0
0.18596472,21.827274,3.0
-29.276348,20.80808,3.0
-66.70383,60.893433,1.0
-57.30131,-2.0231447,4.0
-27.474789,9.190895,4.0
-33.94218,38.375507,1.0
22.401134,-45.21271,4.0
23.410032,27.995445,1.0
-9.770937,-26.37724,1.0
14.686283,2.319456,1.0
-6.1890697,46.702763,1.0
35.524647,-41.285244,4.0
-8.133751,-73.56175,3.0
-35.987545,20.776266,4.0
-5.367376,-81.9201,4.0
-62.43281,56.67444,1.0
-58.177967,57.62697,1.0
-38.156624,44.141094,4.0
-13.700151,28.05406,1.0
33.30527,7.387409,4.0
20.581106,-45.273724,4.0
-4.7424703,-81.00681,1.0
3.1140242,15.7338505,1.0
-26.914948,-60.034473,
77.74039,-3.58471,1.0
-49.126434,-43.22527,1.0
-27.143766,-2.3402758,4.0
-35.911503,44.459675,4.0
-25.227087,12.647447,1.0
-6.6438503,-17.711452,1.0
42.532322,-1.3456467,1.0
-16.365202,55.21141,1.0
-20.254526,59.575253,1.0
19.806787,24.116974,1.0
24.554098,-2.2279367,1.0
9.717145,67.82002,1.0
-8.14284,-75.97593,3.0
9.71222,-32.374,1.0
64.20663,-18.094738,3.0
-53.544624,-11.209934,1.0
2.0872407,-40.118946,1.0
-48.73166,-54.181286,1.0
42.851894,-26.979992,1.0
32.640724,-61.779804,
-34.78294,-13.579065,3.0
79.32063,-4.9939575,1.0
8.787242,-18.646542,5.0
-17.392904,27.923834,3.0
11.479816,33.821888,1.0
-26.946802,8.327101,4.0
3.2703402,63.343307,4.0
-23.114487,3.2132578,1.0
-16.496237,29.399986,1.0
-33.454,32.274372,1.0
47.01648,-46.4842,1.0
-27.545645,-62.134655,1.0
49.741707,-2.2847996,1.0
-15.85058,3.0529792,1.0
-5.224586,-62.62789,1.0
27.161314,-46.28683,4.0
-25.171446,-34.96862,4.0
-26.608776,-3.5416195,4.0
57.931324,32.839222,1.0
9.223162,-4.9609003,1.0
29.0642,-40.356762,4.0
27.769585,1.7825291,4.0
60.494083,25.056404,1.0
-27.921167,29.647264,1.0
61.558132,9.267703,4.0
-25.199493,31.068005,3.0
-27.601572,-56.652992,1.0
23.091614,-9.453403,1.0
26.499815,-61.612614,1.0
-21.794634,52.881294,1.0
-22.323788,43.72614,1.0
-11.210816,50.572353,4.0
32.74761,40.26836,3.0
61.137974,-19.96709,4.0
57.362507,25.432425,4.0
10.470467,-78.42794,4.0
-30.818527,36.03466,1.0
40.488415,47.41861,1.0
-25.52081,1.1765798,3.0
21.507063,46.4644,5.0
42.92879,-9.471984,1.0
38.292873,29.458454,3.0
-17.86476,42.063347,3.0
-21.287931,41.484478,1.0
19.597925,-16.577518,1.0
-54.685783,58.148056,1.0
15.323589,-72.28742,4.0
-77.57314,23.43607,5.0
-27.44016,21.145565,1.0
-49.808815,6.5690017,1.0
43.839336,-20.271812,4.0
-55.72223,32.174084,4.0
22.26043,-11.771335,4.0
12.741017,48.756134,1.0
81.90498,0.8576331,1.0
67.51848,17.72009,1.0
60.24664,55.948254,1.0
36.59151,-61.14237,4.0
-16.444479,27.093725,3.0
51.31204,33.772472,1.0
37.287796,-56.81311,
-60.98662,6.529783,3.0
-4.3274417,-80.152664,3.0
3.4183056,60.714005,4.0
-27.564388,-47.828827,
56.160645,-35.492947,4.0
-60.155865,11.30003,4.0
-36.07489,-12.365265,1.0
-13.575361,-17.360903,4.0
68.49928,-9.749396,4.0
32.92201,40.22117,3.0
-12.617137,60.33575,3.0
-34.726025,-0.6106767,4.0
71.21579,-18.669607,1.0
-31.24203,-69.6558,1.0
-5.0202355,-18.504929,
3.8838155,14.494178,1.0
7.8091574,40.518616,1.0
63.75039,0.26114872,5.0
-42.745426,-64.846504,1.0
18.272429,21.17819,1.0
-24.845675,-33.419987,1.0
-26.162434,-30.88116,4.0
-32.490376,-61.477543,4.0
-7.087912,-74.6724,4.0
-47.929455,-49.666134,
-18.293621,49.38453,1.0
-17.023193,22.774837,3.0
9.715172,-11.6402,1.0
-7.2978983,53.446808,4.0
43.306652,0.016058216,1.0
-29.919413,37.500454,3.0
58.69101,-11.531489,1.0
7.647901,-10.818153,1.0
52.256153,-32.31559,1.0
-49.38542,62.83309,1.0
-16.151924,54.72657,1.0
-26.617842,-9.038188,4.0
23.015596,19.930899,1.0
33.883457,41.46348,3.0
7.8005652,20.461445,4.0
-47.36775,50.785557,1.0
6.0963726,19.411423,1.0
-42.929913,62.90379,1.0
-58.703358,60.53877,3.0
-51.870926,65.36829,5.0
-21.956844,51.72782,1.0
-49.657677,-48.742107,4.0
-60.36634,56.920498,1.0
59.638943,-25.36092,4.0
82.725586,6.279316,1.0
60.433556,13.183877,4.0
36.533546,22.519186,3.0
7.6212473,44.583607,1.0
-17.85715,32.378613,1.0
-47.871555,52.934612,1.0
-60.740227,41.820045,1.0
-65.0072,64.735825,1.0
-17.959017,54.3052,1.0
-13.028367,-14.190188,1.0
-19.967484,56.439686,1.0
26.77376,45.953262,1.0
-27.668396,38.024582,4.0
-0.78729486,-21.262997,
-4.588514,-7.700419,
71.63082,-8.127457,1.0
4.567455,47.88895,1.0
-29.01263,-68.06672,1.0
76.73049,21.889172,4.0
-7.6176953,-8.116343,4.0
-47.281868,53.88644,4.0
7.965681,71.308205,1.0
-23.684942,-20.15567,
62.904552,19.268597,3.0
-47.638454,66.74897,5.0
31.983679,-56.265953,4.0
3.5494573,26.980925,3.0
81.33457,3.1417282,1.0
-69.96521,16.89784,1.0
69.08877,-6.5851626,3.0
-57.340096,-1.4982581,3.0
81.65235,0.5023562,1.0
-2.7996218,-79.75677,
-49.563633,-42.995,3.0
36.616657,-61.771374,4.0
54.5895,32.385746,1.0
-25.128172,53.59582,1.0
-2.5176325,48.99713,3.0
2.4731603,-1.4575876,1.0
-25.924547,48.82167,1.0
-55.15409,58.02641,1.0
-32.391754,48.448624,4.0
-55.453922,13.15245,1.0
-38.27873,58.690372,4.0
-62.072926,39.80083,4.0
4.828335,44.92824,1.0
32.677498,0.18219012,1.0
-19.583155,23.621836,3.0
-3.7211392,-65.42542,4.0
33.244213,-37.12295,4.0
33.3239,7.3689528,3.0
-32.52807,24.830603,4.0
43.419144,0.049288895,1.0
-21.801939,-9.546628,1.0
-15.562212,-9.872855,4.0
41.46267,-54.638424,3.0
-1.1787467,34.974655,1.0
-19.50387,-33.284714,1.0
64.67827,23.499802,1.0
-12.7981615,27.028944,1.0
67.28709,-3.8271291,1.0
-1.2224119,-81.1773,4.0
-58.580734,10.495415,1.0
-25.260117,23.796623,4.0
12.490902,2.3352928,1.0
-12.173488,21.917017,4.0
14.936031,-72.24175,4.0
10.587356,-41.41868,1.0
4.3026032,-16.924206,1.0
-41.067272,-58.44759,1.0
54.724995,-34.478867,1.0
78.837975,-5.801615,4.0
40.382523,46.646793,3.0
-10.061174,-26.719332,4.0
59.533577,-24.603735,3.0
27.365013,-6.880277,3.0
46.021652,-6.904851,3.0
13.235012,3.881341,1.0
76.15592,-2.6349213,4.0
-19.454714,25.095158,1.0
0.033834435,-15.885543,4.0
-4.5814867,-81.10655,4.0
7.9644837,-62.105946,1.0
-23.159842,28.949287,1.0
-11.303924,-74.28083,1.0
-14.504488,-18.85179,1.0
-13.282209,40.145203,3.0
63.292355,-19.03195,3.0
39.974815,-16.687243,4.0
29.25738,-42.66283,4.0
-1.7858093,-79.88512,
-51.836517,36.549267,1.0
53.45773,22.044704,1.0
1.0472608,22.828115,1.0
-15.64175,40.286697,4.0
2.2827,25.512054,1.0
-59.459713,23.905952,1.0
-74.55538,19.40483,1.0
5.5641966,-14.555496,1.0
-23.877483,61.01611,1.0
81.03427,-1.51463,1.0
-78.57069,24.7356,4.0
21.557617,29.406015,3.0
16.616697,16.94046,1.0
70.944145,2.4078276,1.0
32.4229,20.745174,1.0
29.40358,5.200529,3.0
-11.719885,-24.752237,4.0
25.283743,-44.995808,4.0
-26.331223,-62.231018,4.0
29.761486,8.497071,3.0
-26.927168,5.1250434,4.0
-22.173721,-25.148613,
-44.721756,-6.5283227,3.0
0.8650752,-78.932144,
8.792779,-12.6978655,1.0
-54.85873,33.1215,5.0
-77.741806,23.519642,3.0
-34.045555,50.433056,4.0
-30.61826,-53.01521,3.0
-27.662281,34.990814,3.0
6.292245,20.790186,3.0
18.140232,-5.74902,3.0
-43.730415,61.87599,1.0
-38.75286,42.086582,4.0
15.238153,33.101944,1.0
78.595,18.513193,1.0
-24.351662,3.6623645,1.0
8.682279,13.771204,
27.132717,28.13634,1.0
58.4732,-25.798477,1.0
-10.197138,-64.40635,4.0
-62.049255,55.849686,1.0
-46.763542,57.38192,1.0
17.810724,50.11203,1.0
-47.68156,44.53644,5.0
-15.791428,-8.746271,4.0
12.221299,30.737547,1.0
-47.982582,44.52172,1.0
47.636223,-21.271358,4.0
-3.8267221,7.1607203,4.0
11.597792,-29.071804,4.0
4.2876062,-4.7284355,1.0
32.215996,-35.931602,4.0
-59.138977,32.947662,4.0
-36.836052,52.030174,1.0
-38.13669,61.489067,1.0
-29.196926,32.199387,4.0
46.44506,-16.148115,1.0
-2.9759748,-59.677944,4.0
42.256496,-51.744926,1.0
-35.635708,-4.755668,4.0
-15.734439,38.59869,4.0
-35.322403,47.17024,3.0
-33.720844,48.14293,4.0
-37.216446,-4.6651983,4.0
68.8908,-61.514065,
-53.921917,-11.608961,3.0
48.884743,-23.527603,1.0
4.694971,-17.009932,4.0
19.107494,52.532825,1.0
-16.338387,42.547283,4.0
47.597824,-9.367226,3.0
-49.079445,-8.136916,4.0
75.423775,17.101,3.0
63.816414,-2.9041626,4.0
11.789148,-18.849228,4.0
35.35289,40.423443,1.0
0.47359213,-8.079585,4.0
47.60378,-29.335148,1.0
44.007477,-29.373758,1.0
65.97905,15.850545,3.0
-13.123287,17.797306,4.0
78.78491,-6.941352,3.0
24.332409,-46.20904,4.0
-25.393253,52.930157,1.0
20.442707,-79.422874,1.0
-31.482801,-71.27661,3.0
-6.5611787,-57.20441,
-12.470058,-22.380909,1.0
11.548324,-44.79423,
34.409706,20.780787,1.0
-13.352415,18.006315,4.0
64.65161,22.903498,1.0
40.180626,47.146503,1.0
27.796883,28.426865,3.0
20.236784,-1.3155332,1.0
-28.940104,53.744377,3.0
57.66824,31.594166,1.0
-28.032507,-55.409657,1.0
-37.99577,-17.37418,
-62.55637,58.003323,1.0
-5.7855473,11.655391,
33.93441,18.924105,4.0
42.014305,-52.04707,1.0
68.122696,45.740463,1.0
-39.45895,-69.43676,1.0
76.020775,-62.996964,1.0
10.573829,13.928837,3.0
-39.358536,62.53696,1.0
-7.630463,19.765024,3.0
64.155876,9.987547,1.0
-21.730453,39.593292,1.0
-25.604885,30.937752,3.0
12.890806,57.25251,1.0
-25.456255,1.1854289,4.0
-25.961998,-48.433285,4.0
42.68377,-53.93912,4.0
-68.909,15.325537,1.0
-23.174252,-54.631283,1.0
-7.663416,-70.95525,4.0
-23.700527,54.522125,5.0
44.54801,-24.983835,4.0
17.895237,-5.7892385,1.0
-60.364807,36.767338,4.0
66.970474,-4.03332,3.0
3.8248298,-80.450356,5.0
11.254219,-40.1283,1.0
-22.645983,59.824154,1.0
-70.690636,32.736824,1.0
69.78723,21.355019,3.0
37.325188,-51.2333,4.0
10.578504,13.630214,1.0
-23.329285,-31.74658,1.0
-35.873264,-12.277391,3.0
-11.810795,17.188822,4.0
-26.361643,0.3797702,4.0
81.41102,2.3654053,1.0
32.169857,-30.57868,3.0
16.421314,-11.455608,3.0
-35.62475,-4.5872993,4.0
63.741932,0.3748323,4.0
-51.550236,34.513523,3.0
27.84145,28.679495,3.0
19.21288,5.8994765,1.0
36.38506,-20.931684,3.0
3.751503,9.715041,4.0
-23.2736,49.756702,1.0
59.576675,37.901604,1.0
76.735565,-62.116962,3.0
34.33674,24.292809,3.0
-43.54476,61.472015,1.0
30.763065,-52.411377,
1.3807205,26.6324,1.0
-37.728176,34.156685,1.0
31.885237,-40.790203,4.0
8.956069,-31.597286,1.0
-27.669895,29.750584,3.0
60.419266,-28.448442,1.0
5.555966,-14.560516,4.0
-29.298397,21.193317,3.0
10.781303,-18.059029,3.0
12.254728,-79.366135,1.0
-21.747509,36.789318,1.0
10.788227,53.488045,3.0
78.26159,23.160526,1.0
-62.908993,64.88637,5.0
47.936604,-2.7445312,1.0
17.820015,50.114975,1.0
-10.38356,-70.51184,
-11.963824,-78.55917,
41.52177,-54.96755,3.0
19.699553,-79.04196,1.0
-23.966597,-15.272449,1.0
27.935236,18.38718,3.0
-26.289637,-18.878923,4.0
-10.629819,-11.619407,4.0
-57.230553,26.323711,1.0
-35.858414,42.094746,1.0
-37.24689,27.789106,3.0
-16.723673,-1.5214626,1.0
-0.16919968,-16.448578,
-57.34937,63.514366,1.0
-21.813337,-18.45439,4.0
-63.37751,65.085335,1.0
8.135621,56.936905,3.0
-27.52555,-2.460174,4.0
37.871872,-51.026287,1.0
9.3264675,-14.007143,1.0
56.553226,16.027788,3.0
48.767193,-29.68418,1.0
-38.669514,-69.85448,3.0
-13.944471,7.921858,1.0
-52.27338,50.28622,3.0
68.4738,12.62402,3.0
-43.21961,-61.24581,1.0
15.827227,47.281757,3.0
0.89952356,-84.48402,4.0
64.172615,34.392117,1.0
56.11939,55.32953,1.0
-39.805496,50.46529,1.0
-40.69226,62.61441,5.0
29.060505,4.615495,1.0
7.275971,-5.495739,3.0
-35.413036,24.161238,3.0
-29.270327,0.5656412,1.0
9.315314,-85.34332,1.0
-42.68103,-65.84607,1.0
63.28805,10.65185,1.0
69.79882,-59.181633,
-27.532888,-4.211947,4.0
33.648773,-38.319252,3.0
-36.106163,29.966692,3.0
3.0544586,-3.7086031,1.0
-52.613922,50.90156,1.0
8.746574,42.443577,1.0
-43.824753,64.60883,1.0
-58.964508,61.22848,5.0
-66.21645,61.446293,1.0
-29.248753,55.05279,1.0
27.181627,-6.7803183,3.0
55.51831,-29.306349,4.0
-0.48616683,-22.491692,
-31.266283,13.590614,1.0
-3.4288995,23.208282,1.0
-52.080673,33.026768,1.0
-57.57498,51.810596,1.0
59.43221,55.278126,4.0
26.773066,-3.0917387,1.0
5.004003,-6.599773,1.0
-68.86285,30.387815,3.0
12.175564,-84.841446,
-10.287312,-27.114828,3.0
-61.74681,21.10633,1.0
43.290756,-46.67147,1.0
-42.71972,65.34396,1.0
43.4895,-2.0756304,1.0
19.05173,22.628456,1.0
8.676175,50.57472,1.0
-34.98618,40.794872,3.0
22.329498,-6.7472,1.0
61.561073,56.078598,1.0
-16.431946,63.104656,3.0
26.146927,-3.6177385,1.0
27.818747,-4.1082225,3.0
30.910067,-37.132782,3.0
37.4011,-50.391296,1.0
-21.42506,-18.135622,
62.25253,24.070772,1.0
2.5410833,-82.65527,3.0
61.294598,55.777493,1.0
75.675575,-1.1086231,3.0
-35.06371,22.813974,5.0
-51.419273,34.359943,4.0
-21.95808,27.515785,1.0
-31.920551,-69.997086,1.0
68.9749,-0.28156734,4.0
-35.31597,19.265211,4.0
69.32407,47.832664,4.0
35.380615,-56.384758,3.0
-9.851355,-64.68784,4.0
-13.854512,-74.55147,
-30.840029,51.109135,4.0
-24.891502,1.9189777,3.0
54.17169,-17.354343,4.0
12.224268,-75.27446,1.0
27.360527,3.5176728,1.0
-38.720078,34.89698,4.0
-10.5822315,-61.820858,
-26.041437,-27.384897,1.0
61.81851,-20.160416,1.0
74.6241,-7.548364,4.0
70.63371,-66.98721,1.0
-31.665916,31.716007,3.0
14.969443,56.756104,1.0
16.063122,11.069974,1.0
-61.082806,36.943275,1.0
-25.866741,34.0146,1.0
-54.062603,-19.164951,3.0
53.253952,33.587902,1.0
-18.345568,54.466377,1.0
2.1304095,9.332897,1.0
-42.13313,7.7967615,1.0
-25.208443,3.331687,4.0
-16.44714,42.5324,4.0
-35.511124,12.411976,3.0
-15.104856,-31.333147,3.0
-16.983078,9.885244,1.0
-24.932817,40.42441,3.0
-36.10125,21.677282,4.0
58.730423,48.283787,1.0
78.59753,-4.7174153,4.0
-53.976242,-5.1675096,4.0
-24.757156,-58.94559,4.0
-27.931084,-20.273233,1.0
-36.420975,-14.989769,4.0
32.637684,-47.885387,1.0
16.515556,-75.7188,3.0
17.397116,41.00115,1.0
23.776546,-45.88223,4.0
-25.688026,29.436823,3.0
22.663507,-11.025184,
-34.126205,-53.762836,
-34.897167,-18.875313,4.0
58.21958,-27.423037,1.0
-58.916424,33.632908,4.0
-45.358963,62.245438,1.0
41.680332,-16.992374,4.0
-32.93755,-17.02986,4.0
-61.88476,40.53709,4.0
5.047115,6.3738127,1.0
46.71029,-49.51325,1.0
56.703785,-19.870157,4.0
-29.768782,18.23974,4.0
-25.286978,-16.32511,4.0
-1.0555873,25.754837,3.0
-23.785294,58.64412,1.0
51.59917,-4.716433,1.0
-60.98937,-15.533026,1.0
63.56663,10.778172,4.0
-23.683224,-51.764973,1.0
-35.066647,24.433945,3.0
-48.764244,51.560474,1.0
-25.592234,28.847353,3.0
26.239906,-30.66765,3.0
-47.599415,64.73313,1.0
-61.99666,58.001717,3.0
-31.511292,63.34232,1.0
-21.855972,-18.789707,1.0
61.604153,-20.284431,4.0
-27.172964,6.9997473,4.0
27.899725,-47.20364,1.0
5.2544355,36.21329,3.0
-26.663187,-11.466218,3.0
-60.191185,22.822166,1.0
8.81832,12.888199,
2.3790042,-75.63666,4.0
-1.5428122,-6.998358,
-32.365322,32.589382,1.0
-29.78542,4.6210947,4.0
64.63753,-19.36902,3.0
0.057320047,-15.869358,1.0
-51.99295,34.670845,3.0
-48.293137,59.71575,1.0
-58.69986,-5.903524,4.0
-28.778553,53.527992,1.0
-16.853971,48.89412,5.0
3.5710044,8.293352,1.0
46.414497,-18.16112,1.0
-5.0449967,-65.78437,1.0
4.2652144,-80.83576,1.0
24.739344,-31.871962,1.0
-12.625483,-1.10472,5.0
-29.90329,38.485313,1.0
-29.270075,32.301476,1.0
5.82722,-64.222626,4.0
-57.134815,-16.842712,4.0
0.13397619,-19.571123,1.0
-40.35603,7.8423533,3.0
52.332302,32.445377,1.0
-37.484272,30.297005,3.0
11.419191,-85.09501,1.0
54.179947,-19.978117,1.0
9.392158,-43.94709,1.0
-29.181421,-17.172913,1.0
35.81704,-37.12847,1.0
43.56149,-9.005129,3.0
-31.957176,31.924,3.0
23.245476,56.41505,1.0
19.621717,15.479931,1.0
38.13925,-45.983887,3.0
-46.028793,45.898727,1.0
-58.889954,10.870291,4.0
72.7352,-62.65809,4.0
-23.024628,-55.16561,4.0
71.16368,21.442942,1.0
-15.205303,64.47342,1.0
-46.489147,50.932014,5.0
-36.444115,4.7279863,1.0
58.32654,-24.32732,4.0
-20.679771,42.171425,3.0
-37.416203,52.03826,1.0
-21.88916,31.451002,4.0
-29.326681,15.85508,4.0
-9.74898,53.14691,1.0
5.637283,13.78041,1.0
-3.954565,-68.958,
56.474525,50.673172,3.0
-30.603441,-65.94816,1.0
-38.26177,61.112247,1.0
-27.400698,20.483328,3.0
11.651074,-64.734604,5.0
-40.917652,50.754654,1.0
-17.363697,-9.388742,3.0
0.28408647,40.05687,4.0
63.03225,-2.1297395,4.0
-27.762049,-50.392117,
-11.645503,62.04549,1.0
19.56687,22.93504,3.0
-5.616994,18.879677,1.0
-4.7285223,-66.21989,4.0
-33.826015,-5.011018,
19.597902,-16.574165,1.0
-23.750162,-20.463406,
50.8535,-22.497192,4.0
5.7598195,64.54102,4.0
-68.83036,59.96241,4.0
30.612616,-36.816704,5.0
9.68695,60.72556,1.0
69.95785,2.0234103,4.0
-47.888683,35.728416,4.0
30.015654,7.509859,1.0
77.87429,-2.9232335,3.0
-7.176002,54.092243,1.0
-22.195059,-51.457455,4.0
12.155563,-5.788517,1.0
23.498041,-3.2963488,4.0
25.633057,-45.19654,
-0.9178549,-84.48655,3.0
-20.362906,40.700043,1.0
41.614456,-49.95503,3.0
-53.345802,20.937378,1.0
14.672156,52.2053,5.0
62.699623,-0.78914,4.0
-27.710022,-50.911087,4.0
5.349785,6.239503,1.0
1.9002278,-75.41666,1.0
-36.365986,58.163578,5.0
-34.998775,40.394234,1.0
29.862307,-44.497585,1.0
-13.942154,-15.9301605,1.0
29.022747,36.597515,3.0
75.06143,-21.033136,3.0
-24.776855,-36.064255,1.0
-14.362472,-30.658903,1.0
33.672504,-48.983044,1.0
-3.7632425,47.086914,1.0
55.401253,52.952957,
57.902496,48.16721,3.0
-67.674355,58.51032,5.0
-18.75285,42.34167,1.0
54.61393,-24.172945,4.0
-60.62315,41.222492,4.0
-36.295933,-4.284849,1.0
-20.478333,46.965145,1.0
30.792412,5.9026704,1.0
39.49436,-53.546833,4.0
-48.408108,66.70623,1.0
-13.936364,-75.42224,4.0
2.5953188,-21.113398,3.0
-58.63349,63.93495,1.0
0.80258316,-80.083374,1.0
-44.67822,39.875443,1.0
-16.68027,29.06298,3.0
29.642345,-50.581913,
59.7944,-15.273968,3.0
-61.037514,57.75537,1.0
28.896961,-48.43067,4.0
-49.255302,-54.55236,4.0
-31.018627,56.99836,1.0
39.418438,-51.700497,3.0
66.96393,15.926656,1.0
5.714028,-84.45728,1.0
-7.317232,-72.51249,4.0
-28.057415,-61.13924,3.0
-19.95392,52.23069,3.0
-55.98386,55.48644,5.0
27.804783,-35.00513,4.0
-68.069885,57.2625,1.0
-49.026657,52.685104,3.0
-56.550415,62.74244,1.0
-38.108295,50.84118,1.0
16.063007,55.31603,1.0
79.75762,-2.3150764,1.0
0.33745143,-19.741064,1.0
2.1080983,35.258526,1.0
-11.071238,-23.940918,
-2.518418,3.9697986,1.0
-8.70418,-66.86066,3.0
-24.791443,-25.816078,
61.11829,56.188236,1.0
15.634411,-39.079185,1.0
6.600798,-81.818756,
-53.539257,57.944454,1.0
-28.868649,23.97733,1.0
33.947796,-37.832634,3.0
8.854067,-31.861702,1.0
-18.115921,46.838406,5.0
-5.3476276,59.700165,1.0
19.29701,39.958744,1.0
48.192924,-47.827415,3.0
63.664707,-0.36378795,4.0
68.3887,-5.817882,5.0
-59.477215,34.052315,3.0
69.95277,-6.4391217,3.0
-41.617153,-63.701637,1.0
-7.4435425,-11.930756,4.0
-25.200954,47.748962,1.0
30.132282,3.5709705,3.0
-13.26981,2.9148586,
14.284321,-39.584328,1.0
-58.101467,-22.57155,1.0
15.541752,-79.03047,3.0
65.23781,-24.285194,4.0
37.14921,-50.99295,3.0
50.863155,-18.675783,4.0
-8.826188,-57.972782,1.0
-47.099216,62.546375,1.0
10.8660965,9.82438,3.0
-28.422764,-55.396145,4.0
-20.7177,23.85717,1.0
-1.6915613,-4.576835,1.0
68.40161,23.724977,3.0
-53.615044,20.570612,1.0
-36.418007,45.05634,1.0
61.622677,-0.9215253,1.0
75.53518,18.334162,3.0
63.17534,16.769379,1.0
-48.912086,46.08904,1.0
15.248741,35.0532,1.0
10.582578,-81.3275,3.0
41.810734,-43.398087,5.0
-4.5323396,-13.109797,1.0
-44.224136,-1.7726213,1.0
65.51585,19.46666,1.0
-34.13052,35.984768,5.0
7.028081,42.565567,1.0
8.32875,58.589115,1.0
-6.245821,-82.23263,
59.419193,31.021555,3.0
-8.038208,14.396457,5.0
35.684452,-62.43483,4.0
-54.248177,23.171103,4.0
52.088898,53.879173,1.0
-15.243492,64.42766,5.0
-24.62834,1.9981664,4.0
7.984847,-86.42267,1.0
44.99518,-1.2063007,1.0
69.29995,-62.171616,4.0
32.682064,0.8172846,3.0
55.0669,16.14779,4.0
65.97492,-18.397165,3.0
43.064087,-2.4132903,3.0
16.512558,12.977665,3.0
9.817776,67.84499,1.0
54.712433,54.77871,1.0
43.051083,-15.718814,
72.40513,-19.489094,1.0
-37.944736,51.308056,3.0
-2.3147202,50.494755,1.0
1.4108847,17.916424,1.0
-31.564627,-51.18133,4.0
-38.107574,-7.4636517,4.0
-17.009932,10.098349,4.0
75.230675,-20.945936,3.0
75.11887,-60.78773,1.0
7.510629,58.901592,4.0
-36.3691,42.107887,3.0
-13.14189,53.949966,1.0
11.577786,-14.627762,5.0
37.94723,24.126041,4.0
-22.705421,19.590544,1.0
61.571163,-0.95018417,4.0
13.9868,4.5067625,1.0
-12.187525,31.133223,1.0
-7.6098027,-65.87838,4.0
80.72757,18.916653,1.0
-26.87891,-11.877731,4.0
54.598648,-32.909424,
71.164635,-3.5925772,1.0
-26.259773,9.747075,4.0
39.64092,-16.601059,4.0
9.956961,-82.771355,5.0
6.511761,-87.886314,5.0
-29.031275,19.028429,4.0
-2.6773067,-6.421315,1.0
76.129875,-64.180046,1.0
-55.34604,63.353584,1.0
28.67041,-36.48825,3.0
-38.61987,42.125774,4.0
-30.211285,17.767769,1.0
-68.64939,32.770542,4.0
-51.9323,65.27792,1.0
-26.502321,24.864983,1.0
29.362505,-50.740604,4.0
-2.3104668,17.79391,3.0
59.964527,-28.072138,1.0
-40.483433,-13.461774,5.0
55.510303,16.954145,1.0
67.56114,46.41734,1.0
75.853004,-62.54282,5.0
-17.356436,28.645773,3.0
-6.984245,19.62848,1.0
-3.0593467,-65.28771,3.0
18.333923,45.756863,1.0
56.17345,-32.994793,4.0
28.554007,-9.229861,4.0
6.753075,-86.15336,3.0
-39.237576,58.478855,1.0
-45.975285,61.5544,1.0
-31.345278,5.4158487,4.0
-59.43743,46.75556,1.0
41.914246,-55.072903,3.0
-25.354824,32.697933,1.0
-20.240755,58.678345,1.0
-34.839058,25.892065,4.0
72.052,42.120975,4.0
43.86926,-56.040657,1.0
72.45573,-63.775223,1.0
-24.378996,-35.37261,4.0
16.494326,12.79988,4.0
12.173609,-30.875608,1.0
-54.466576,-25.208277,
9.119531,-31.479044,1.0
-23.507915,60.567116,3.0
-17.889507,-47.657646,4.0
-17.889467,-47.65822,4.0
-16.723547,12.608957,3.0
-62.00986,39.783447,4.0
-26.48895,-3.462174,4.0
-35.44739,19.2504,4.0
-13.339872,-73.98783,1.0
-52.17401,38.6224,4.0
-58.035484,8.831194,4.0
-57.47182,55.87107,1.0
-49.719383,46.058117,1.0
-38.44592,50.395924,3.0
-7.4870033,-0.4082268,1.0
19.090977,21.409603,5.0
33.381393,-58.57978,4.0
-37.87404,51.024925,1.0
9.530194,-5.642248,1.0
-33.707535,17.954248,4.0
8.588123,-31.40961,1.0
70.63365,-66.98726,1.0
-14.036848,-0.15306997,
42.299255,-11.8291855,4.0
-26.516272,4.768608,3.0
-23.684435,-49.87113,
-46.67311,42.907787,1.0
-30.806528,24.248713,1.0
71.672844,46.575825,1.0
70.633644,-66.98727,1.0
-27.418612,-14.4998,4.0
42.746227,-2.4506032,1.0
30.52887,-29.09166,1.0
68.195175,-4.300721,1.0
-7.0847416,-65.14514,4.0
61.919518,24.23101,3.0
4.2229695,-76.13987,4.0
-20.093515,-23.834694,3.0
75.62889,18.46712,1.0
-28.292126,26.545221,3.0
-34.181347,39.254623,1.0
21.944017,-77.98571,1.0
21.973078,-78.02281,1.0
-17.475058,48.588005,1.0
44.82158,-25.428858,4.0
38.056545,-54.79237,3.0
-14.3046465,40.663162,5.0
-0.40283617,-76.40999,3.0
-50.946484,45.536354,1.0
-18.86527,39.79906,3.0
43.207794,-6.965703,3.0
-30.004774,37.930347,1.0
40.02041,-55.591022,1.0
0.27531505,-19.797508,1.0
36.801918,-46.846046,3.0
0.061750207,-79.70114,
69.296486,-4.8374324,1.0
-39.83175,-9.368479,4.0
64.29874,-21.473043,1.0
24.29175,-33.621918,1.0
-14.924017,-4.9735403,1.0
68.90625,-62.41996,4.0
5.122335,-6.3365517,1.0
-11.687936,-66.57793,4.0
41.390427,-8.946389,3.0
-27.081032,-2.0320017,1.0
-13.831197,59.062687,1.0
62.024208,20.40509,1.0
76.37171,-61.66604,1.0
-3.177406,4.9136033,3.0
-25.036713,43.152824,1.0
44.463074,-52.206528,1.0
21.750092,30.05133,3.0
46.883686,-1.9383509,3.0
-34.60447,36.115585,3.0
-56.252903,-5.9457803,3.0
-1.2832226,16.982498,1.0
11.161239,-30.202656,1.0
61.3381,14.6623955,3.0
-47.39251,64.348495,1.0
-4.4674335,-54.486137,4.0
26.803654,2.699537,1.0
-39.64739,-65.17831,1.0
0.3954015,-24.208403,
15.119429,56.646275,1.0
-22.16253,20.651768,1.0
-21.091167,31.343056,1.0
61.76846,54.487377,1.0
-32.7462,-61.445965,1.0
-49.241226,52.918102,4.0
-23.968369,-28.838,1.0
-6.8724136,37.1429,1.0
-29.39739,28.293594,1.0
-66.43474,56.837772,4.0
25.684578,-32.879932,4.0
-19.741798,-33.038887,4.0
-15.86893,27.498877,1.0
-56.782585,6.3683934,3.0
-22.201454,4.3726115,4.0
-55.66775,55.7485,5.0
-13.108764,-75.347374,4.0
-58.76462,55.65845,5.0
42.45765,-52.767803,1.0
62.814053,34.9922,1.0
-36.228905,45.641712,4.0
26.412426,-64.13585,
-7.109993,-56.519592,
57.088924,20.91134,4.0
-49.74116,63.117184,3.0
2.613202,-63.550465,3.0
75.59817,18.928751,1.0
59.930454,14.6224985,4.0
7.2417865,32.809822,1.0
-48.208263,65.16895,5.0
-48.834393,63.359352,1.0
37.666397,-50.53821,1.0
-16.72416,-21.14102,1.0
-7.42424,-59.35127,4.0
2.8326585,-82.90101,1.0
26.866562,-33.186028,4.0
-23.260195,-19.802605,5.0
-28.39657,26.657927,1.0
-68.28518,57.658016,1.0
-11.607434,9.590439,1.0
-0.67360497,25.342003,1.0
62.253296,35.948723,3.0
-70.672676,33.181396,1.0
77.5851,-0.36197424,4.0
-24.653072,-10.493691,1.0
6.003604,-83.15426,3.0
-37.381733,-71.50102,1.0
-0.64216167,-69.43539,1.0
56.587734,51.502502,1.0
40.304115,-56.872887,1.0
-14.727177,-30.593384,1.0
-17.58299,62.11548,1.0
12.703354,-64.091934,1.0
-38.468227,51.810513,4.0
-26.544512,-47.87668,4.0
-50.245663,42.06046,1.0
-11.908693,59.10793,1.0
34.09845,40.657246,1.0
-40.121956,-70.69434,1.0
-59.356747,7.8333488,3.0
38.35207,-51.123745,4.0
21.077454,-3.180608,4.0
72.29132,-60.36295,1.0
-60.747593,64.2065,5.0
-37.074867,-18.014528,
42.52435,-12.693407,1.0
-14.2761545,50.484127,1.0
-39.5165,54.851288,4.0
-55.12408,60.206192,1.0
28.593203,-62.34211,3.0
69.60393,47.982384,1.0
-3.7171836,-48.39856,4.0
-31.41956,-70.744316,1.0
12.455989,-40.288082,1.0
-59.63093,39.878895,1.0
-21.68586,41.489788,1.0
10.015464,-14.402667,1.0
-64.50896,64.344925,1.0
73.68884,-63.244083,4.0
-39.40436,-65.39384,4.0
79.45058,2.011732,3.0
-34.62462,14.031938,1.0
38.16987,-43.31316,
79.88326,2.692845,1.0
65.95382,38.181915,4.0
-34.77712,20.990608,3.0
-43.10737,44.248028,1.0
37.800373,-54.673683,3.0
2.1263874,-75.49357,3.0
-65.58421,33.80749,3.0
-29.790426,38.912067,1.0
35.76655,-38.09917,4.0
30.073017,-30.12706,1.0
30.731195,-28.994339,1.0
-46.439587,64.01402,5.0
47.657547,-9.998192,3.0
-50.38341,-49.765503,4.0
49.369595,-51.776478,
73.48086,-62.668015,1.0
-3.1336648,-26.81421,5.0
74.005325,18.274004,1.0
15.458215,0.39728937,1.0
-29.264732,16.066006,4.0
-11.726885,-79.6785,4.0
10.5728655,64.48365,1.0
79.90917,-2.4057605,1.0
9.956709,65.536575,1.0
-37.72244,67.213455,1.0
56.745255,26.075748,1.0
-21.197046,-51.373672,3.0
-0.4115864,-27.535063,1.0
-13.971903,-1.9401953,
62.744133,20.895357,1.0
14.919028,63.47259,1.0
-9.416113,39.8504,1.0
70.93036,-4.0749583,4.0
12.974434,59.417282,3.0
-40.928997,-6.7796197,3.0
-28.388927,25.981302,1.0
-1.9630423,-4.670405,1.0
-50.61654,-41.22809,3.0
34.15063,-62.36037,1.0
-12.933993,-35.89509,
-21.914017,29.1956,3.0
56.5573,-33.436954,4.0
18.426794,6.1218624,1.0
70.309975,-67.04652,1.0
36.73166,36.650406,3.0
12.499787,3.6484573,4.0
17.39431,51.444405,1.0
-19.408562,52.131676,3.0
32.36891,-0.06992992,5.0
-47.859802,51.4439,1.0
-52.16373,-55.73927,1.0
-5.540591,-15.952251,
-31.101542,-72.06908,1.0
-39.84808,-11.453718,3.0
30.304865,-43.8439,4.0
65.382935,-18.052374,3.0
-18.458336,29.049786,3.0
8.453615,64.726006,1.0
72.13881,42.18457,4.0
8.718668,-39.417152,4.0
-25.503572,-22.783379,
-15.767099,23.609047,1.0
-4.109849,-70.61515,1.0
33.59425,-47.51453,5.0
78.30362,-5.895781,1.0
42.89187,-56.42734,1.0
70.5747,-8.841826,3.0
-1.4062427,34.761654,1.0
9.782881,52.508965,1.0
-24.397638,54.088776,5.0
-60.073475,40.10213,1.0
65.0437,48.363293,1.0
-13.06888,-14.15669,4.0
-3.9641442,-66.40145,4.0
32.223503,-62.00155,
-27.827147,54.87524,1.0
13.875749,44.178402,1.0
-30.709494,55.46138,1.0
63.6304,43.679184,1.0
13.392443,2.7864,4.0
-32.2259,33.19468,3.0
55.32244,-34.041267,4.0
-27.83634,-19.829166,1.0
43.264225,-46.62546,4.0
77.79499,-4.293381,5.0
-3.9484043,-79.36649,1.0
-24.073895,-58.23836,1.0
-53.69794,20.10471,4.0
6.1974425,-37.678112,3.0
-25.218096,27.71622,3.0
-60.202866,-18.049599,1.0
57.71842,23.360928,1.0
7.647226,60.351612,4.0
6.0857654,64.40692,1.0
-48.970726,-42.273705,1.0
15.92741,55.31207,1.0
-39.294876,33.59947,1.0
-47.35063,64.80718,1.0
-24.576626,-31.12495,5.0
43.16419,-51.418694,4.0
7.4377685,-36.386597,1.0
-61.092613,63.971233,5.0
-7.801029,-20.342157,4.0
34.342033,20.241854,4.0
-53.856167,58.93207,3.0
61.922565,55.990414,3.0
28.762316,-47.40825,4.0
12.573178,-19.50492,4.0
-26.379684,-48.73642,4.0
35.98244,-36.76598,3.0
57.502495,-35.06924,1.0
13.303911,-40.095833,1.0
-29.725153,18.390755,3.0
35.65969,-56.716236,4.0
-53.14837,36.464172,4.0
-41.26539,-57.738094,1.0
61.750904,14.681189,4.0
63.243694,43.4144,1.0
-16.36036,62.818058,1.0
-14.845018,-76.23828,
-2.6612978,-27.143883,4.0
-38.852215,41.65351,3.0
-37.3317,41.927677,4.0
-48.210636,51.473553,1.0
59.3206,50.71221,5.0
43.644684,-2.2115963,4.0
49.018673,-51.851513,1.0
69.33632,-62.116188,1.0
-67.936035,66.47615,5.0
-30.250002,56.12827,1.0
-60.314312,52.78272,3.0
-26.98821,-8.681128,4.0
-17.253958,67.276695,1.0
27.857672,31.310137,1.0
83.11047,5.8361163,1.0
9.6132,-14.755433,3.0
11.022706,57.48699,1.0
15.850893,-11.492504,3.0
-2.318906,43.212696,4.0
5.7902746,48.15168,1.0
-46.92878,45.632256,1.0
-44.817398,-15.3514,3.0
-56.05081,-17.130188,4.0
60.798183,37.448196,4.0
82.16381,-1.957413,1.0
59.015022,23.349804,3.0
38.237873,-52.05087,1.0
48.197845,-50.783028,1.0
47.504787,-50.69247,1.0
4.0466475,63.215084,1.0
40.40649,-22.55673,1.0
43.033924,-27.296442,1.0
63.35292,-25.03654,4.0
-36.717102,69.267426,1.0
41.76546,-28.230734,4.0
-49.71028,-54.51355,1.0
7.533447,-31.13206,1.0
58.866253,40.16936,1.0
-13.321308,-71.71854,4.0
-57.107647,-17.026068,1.0
-24.955257,32.49335,3.0
56.61567,52.564102,1.0
31.872442,-53.331627,1.0
72.91695,-8.273995,1.0
-5.916199,49.707005,1.0
-51.51225,-45.60389,4.0
-24.826136,-11.009625,3.0
14.29482,48.00317,1.0
-60.049957,-17.786798,1.0
-28.266245,-30.178246,4.0
-23.061605,-52.84464,1.0
4.2331333,-82.44915,3.0
-23.970154,58.520367,1.0
-17.941696,65.75635,3.0
-66.32014,56.97133,3.0
-12.462606,11.640452,4.0
-40.083275,-15.589956,3.0
-47.135498,54.74304,1.0
12.046349,54.319305,1.0
-30.800505,15.379671,3.0
-20.135944,-18.950014,1.0
61.088135,24.087841,1.0
26.184578,-32.842506,1.0
60.970757,51.082443,1.0
9.897962,-17.464949,5.0
-6.5183573,-81.50001,
-5.8543897,-81.1004,1.0
-4.594999,41.319836,3.0
28.960943,-27.082876,4.0
55.44769,-35.120056,4.0
38.030064,24.135622,1.0
-15.421551,-36.750065,4.0
0.15025221,-2.4980874,3.0
14.822053,63.380592,1.0
-64.31128,65.98434,1.0
0.7422043,-24.348677,1.0
-36.163094,50.601177,3.0
-13.441731,53.794937,4.0
21.410221,-5.178001,3.0
34.474422,20.78242,1.0
-4.5530286,41.342392,1.0
-0.4101157,-76.64248,4.0
-4.708994,-46.922943,4.0
59.4195,-18.70776,3.0
18.112444,-9.04954,3.0
53.444607,45.782173,5.0
72.58286,1.5737547,4.0
57.269608,36.569942,1.0
-18.619776,43.53676,1.0
22.462675,-4.841474,4.0
76.14916,20.50755,1.0
59.603405,13.428552,
-21.475348,29.288328,5.0
66.2694,42.55219,3.0
-11.442202,-68.87333,4.0
4.6770477,25.22832,1.0
-24.277742,40.971134,1.0
-50.170807,-46.433025,3.0
-61.127502,58.442505,1.0
-24.213692,-49.410244,3.0
-6.7049828,19.691147,1.0
-49.389637,59.986935,1.0
-59.28958,40.66917,1.0
-20.824621,42.43602,1.0
-32.57556,-60.64485,1.0
33.33702,-62.24026,
41.263042,-44.60524,1.0
45.083458,-23.753796,4.0
32.600517,-47.600594,4.0
69.178955,-62.335693,
13.106146,22.598734,1.0
77.00308,-5.1178904,4.0
32.25052,-30.65752,1.0
25.72672,-57.315254,1.0
32.50512,-45.616642,4.0
20.707996,5.6938887,3.0
-3.782817,-46.42508,4.0
78.072784,-4.1139703,1.0
62.61897,55.379044,3.0
-21.772114,-18.575895,1.0
-64.75899,60.876286,5.0
63.68876,-16.43687,1.0
-25.156576,-56.99847,1.0
68.129395,-0.72942513,1.0
37.468163,-43.48502,5.0
18.97835,46.83991,3.0
-19.099054,-12.292417,1.0
65.28418,22.345152,1.0
-48.76667,-49.110172,4.0
-47.302937,66.35637,1.0
43.316185,-42.218388,4.0
2.1009755,-67.89566,4.0
10.330917,-47.224598,1.0
30.918406,-46.230045,1.0
-3.0049717,39.76112,4.0
-14.650394,59.358265,1.0
8.01768,-19.992685,3.0
65.58893,-3.2335334,4.0
-47.67761,65.27574,1.0
40.584103,-53.865364,1.0
-50.70031,-41.061737,1.0
33.859962,-63.14375,1.0
-34.98251,64.07006,1.0
-22.986067,41.66664,1.0
42.661205,-12.332664,3.0
43.32203,-8.293755,1.0
29.627281,-1.4707916,3.0
-5.7463484,41.115112,4.0
7.6306067,-18.865974,3.0
38.0413,29.191315,3.0
-39.160473,55.670914,1.0
-64.992485,65.1113,1.0
58.626587,-33.835773,1.0
-5.5221996,-9.082312,3.0
-25.693182,-57.062553,1.0
29.616594,-50.086372,1.0
-56.7367,63.53834,1.0
9.78933,-14.111726,1.0
-7.261576,-76.115944,
-53.990303,59.068687,1.0
-51.966434,-43.421288,4.0
-41.322704,63.902786,1.0
48.14865,-9.861481,4.0
-50.433147,-42.72588,
-13.6707945,-37.023853,1.0
-34.179466,35.842342,5.0
-10.044824,-79.23523,
-59.498337,51.21623,1.0
-68.77014,59.967262,3.0
-47.64575,51.744686,1.0
-44.129078,62.23339,1.0
-45.360924,58.077686,1.0
-45.22404,40.819916,1.0
-12.9143095,24.541288,1.0
10.524244,66.45676,3.0
81.78263,0.9079412,3.0
-9.854893,0.37142932,1.0
-45.886444,57.29004,3.0
70.63381,-66.98718,1.0
-13.176224,-76.58736,1.0
-32.172447,16.917082,1.0
-27.71157,54.640003,1.0
2.630978,-79.9516,4.0
41.142555,-21.079245,4.0
-2.4731238,39.9232,5.0
63.589634,0.15141499,1.0
72.31799,-4.5597444,1.0
-38.669506,55.703068,1.0
26.106922,-58.14754,4.0
2.7863367,-65.25435,1.0
-48.24814,52.964226,1.0
-54.43246,33.238808,1.0
-5.37791,-14.380963,4.0
72.4239,1.7263172,3.0
14.864659,52.032585,3.0
62.075294,0.016989104,1.0
-49.53676,-54.751984,1.0
39.30237,-50.396313,1.0
10.073737,-45.422226,1.0
12.512958,-83.42387,3.0
-43.159374,-60.937702,4.0
9.901112,52.9813,3.0
-4.3186197,3.1464427,1.0
76.1201,-1.7273264,3.0
-14.009762,27.63939,1.0
-22.360275,21.042336,1.0
16.101873,11.174576,1.0
-44.755505,49.686024,3.0
75.21294,1.2033643,4.0
-61.965725,40.59088,4.0
-1.4058397,-59.098442,3.0
-48.65903,35.644253,4.0
-37.912655,27.39434,1.0
24.565397,-33.09064,4.0
38.664032,-57.05345,4.0
11.217232,-74.967316,1.0
-0.28820217,-69.91755,1.0
-26.015749,-15.734335,1.0
-30.496803,49.663647,4.0
25.792616,-30.325249,1.0
-16.334415,23.100195,1.0
-4.4532585,17.681608,4.0
7.443947,-87.70482,1.0
-33.23021,-2.4347632,3.0
10.270952,-39.64092,1.0
63.024445,-3.3902638,1.0
16.97196,-10.930474,3.0
33.034187,-37.91606,1.0
-6.033658,41.082993,1.0
-1.7390586,-6.0996914,3.0
35.332413,-37.417404,1.0
12.059133,21.400969,3.0
-32.136158,-14.414928,
40.400124,-49.125816,4.0
-0.29814088,-74.24342,4.0
-5.684784,-0.6296672,1.0
-52.804344,-40.647434,4.0
12.2667055,-14.281925,3.0
-25.311266,23.754822,1.0
22.917244,-12.000454,
-3.4031017,-65.54284,
-49.3585,42.22234,1.0
28.032717,-37.83358,4.0
63.291,-0.9558277,1.0
-25.441235,29.285286,3.0
52.165348,-32.272106,4.0
24.983704,-32.666996,1.0
-13.342736,-71.75028,4.0
24.33266,-28.827507,3.0
-45.902264,50.34714,1.0
-37.849594,27.057379,1.0
-46.08863,60.33047,1.0
-61.11058,42.99823,3.0
67.96719,13.257657,4.0
-39.0793,51.516163,3.0
-18.571892,39.78369,1.0
-4.208241,-70.42674,4.0
-33.06548,16.855703,4.0
57.58855,-18.710985,4.0
-42.53903,-21.72637,4.0
-8.987961,-65.85198,1.0
-64.43277,64.414474,1.0
-68.06706,33.308273,4.0
-60.16366,65.00505,1.0
-4.488523,-72.13096,
-40.485157,25.886635,4.0
70.65378,-18.007526,1.0
-16.101643,-31.996222,3.0
-0.18073991,28.008675,1.0
54.967297,-27.643686,4.0
59.22135,33.749653,4.0
62.590385,55.196495,3.0
32.678604,-30.77966,1.0
-30.726357,33.563187,1.0
-48.6013,63.095955,1.0
-46.235477,57.16598,3.0
-3.644684,3.9124339,1.0
-30.210968,-68.33279,3.0
7.5727425,60.93758,3.0
-48.677044,38.06909,
-49.268818,64.115395,5.0
-35.572887,59.041607,1.0
-3.9294546,-53.51211,4.0
63.732178,-0.6336021,4.0
47.189514,-26.055876,4.0
-47.253307,-14.9437275,3.0
62.276302,57.049076,4.0
-51.582893,-56.680595,4.0
32.400024,-36.22369,1.0
34.308243,-56.64836,4.0
10.250967,-40.799618,1.0
-37.00804,62.23807,1.0
-19.727177,60.4741,1.0
-28.419859,-54.038227,1.0
41.297024,-3.606591,4.0
-26.941648,26.911179,1.0
-43.144398,5.7643423,1.0
-19.386723,61.004948,1.0
60.24795,10.978768,1.0
-38.693184,60.163155,1.0
-3.8588965,-53.17184,4.0
32.235786,-35.326008,1.0
30.040632,-30.076067,1.0
71.592255,47.509014,3.0
-44.043476,63.465767,5.0
69.27556,-5.829005,4.0
9.102522,-32.83477,1.0
-9.163136,-3.3955452,
44.92138,-1.3741854,1.0
-42.62581,-64.32296,1.0
-0.8863401,-65.235405,1.0
-58.327686,40.831787,3.0
-32.19985,-51.53237,
-8.118835,-20.609835,5.0
7.840422,-18.622395,3.0
-4.4797873,-70.740135,4.0
-24.372705,-50.47257,1.0
-52.135628,-43.785812,
-28.183912,34.400906,1.0
-34.14708,18.314676,4.0
-8.766345,-3.3535101,1.0
-43.88867,-64.374435,1.0
45.716877,-25.013718,1.0
20.621737,-80.08594,1.0
-28.941854,33.169594,3.0
35.408035,16.703651,1.0
32.545597,-27.31051,1.0
9.463155,-83.956985,1.0
-11.189035,-62.134594,1.0
-35.379143,31.344013,1.0
-26.20276,-60.909927,3.0
-23.514795,-50.22861,4.0
77.840996,-63.727856,1.0
31.927082,-0.42092097,1.0
-45.543915,60.208744,1.0
80.00669,-2.3833256,1.0
-11.833546,-67.1387,3.0
-33.783554,32.190563,3.0
-22.872406,28.140816,3.0
-20.144138,40.546467,1.0
57.378674,21.261263,1.0
-34.393684,36.016487,5.0
-28.649511,57.049446,5.0
-33.88212,-12.755747,1.0
-9.480904,-79.05698,4.0
8.702441,-39.521233,1.0
-37.72846,67.924095,1.0
-43.149193,-64.98186,1.0
10.36195,-40.727867,1.0
61.256588,55.417885,1.0
-35.745316,-19.234224,4.0
-6.385607,35.972378,4.0
-44.95187,53.722084,1.0
54.980473,-33.43284,
-22.539915,40.81936,3.0
57.399387,31.701595,1.0
8.318523,14.262818,1.0
7.656663,-18.374012,1.0
-58.93553,38.482162,3.0
41.644936,-17.132643,4.0
-38.15018,52.835747,1.0
70.99284,44.520905,1.0
8.4622555,-34.1607,1.0
-14.698757,0.8008427,
75.79395,-62.3855,1.0
-34.34564,28.264683,3.0
35.299595,15.058367,1.0
-12.220406,-9.687568,1.0
8.60861,65.72598,4.0
-10.057888,-79.66678,1.0
31.496431,-36.46774,1.0
58.315517,18.049109,1.0
-16.11332,65.491325,1.0
3.6230924,-80.07946,1.0
70.92876,48.733116,3.0
-38.65186,-10.717385,5.0
-27.633596,36.66751,3.0
70.633606,-57.84137,
33.674847,-62.933304,
68.20562,11.175118,1.0
-21.920002,-9.916012,1.0
-8.893667,50.202,1.0
-30.024853,34.00837,3.0
-50.801113,56.192593,1.0
-2.2543378,42.433865,4.0
-64.36617,58.885056,1.0
-12.31531,1.7089775,1.0
-9.055526,2.3675795,1.0
64.29787,23.332996,3.0
-9.551618,1.2180104,1.0
69.79881,-59.182632,4.0
-8.175169,-3.9725559,
-28.298391,15.943358,4.0
68.99833,-7.6140766,1.0
-1.5171928,-68.73784,4.0
-57.46808,61.64096,4.0
-39.97965,-56.501163,
-42.575897,-59.771057,1.0
-34.99706,-18.81758,3.0
31.00189,-36.903584,4.0
-10.111477,37.403282,1.0
-47.30863,39.459087,1.0
33.094837,0.122686826,3.0
48.527245,-30.02458,1.0
-62.834064,65.98733,1.0
-56.27351,18.837946,1.0
-36.225662,-19.241476,3.0
-26.143988,16.548822,4.0
-54.74211,58.00877,1.0
10.897894,-65.86857,1.0
67.18556,17.177557,3.0
63.289875,23.943432,3.0
0.95226634,-1.8559161,5.0
24.095812,-45.711,1.0
40.914837,-28.56979,1.0
-56.061417,63.28321,1.0
-57.982433,55.89629,5.0
-24.645615,-19.163889,1.0
-4.6118293,-83.75451,
11.957832,31.484123,1.0
7.0955286,-17.760395,4.0
-49.696907,42.043835,3.0
12.815514,47.226692,1.0
-45.139652,65.63432,5.0
20.370092,56.387634,1.0
-21.921907,51.661594,1.0
-18.41647,47.837963,1.0
-63.750175,67.3439,5.0
11.382409,54.606678,1.0
-4.5219584,48.806488,1.0
-29.99349,-53.22768,4.0
-0.9007444,46.974884,3.0
-42.21385,-58.672977,1.0
-16.040493,65.33508,1.0
-37.51908,30.66271,1.0
-50.425446,65.26541,1.0
60.19937,-37.39723,
-5.6425323,-71.47648,1.0
50.54325,-29.510607,
41.56843,-12.085105,1.0
-66.28338,66.177055,1.0
-59.254578,41.113007,4.0
-64.44009,58.717327,5.0
-54.18994,39.1745,1.0
-4.169605,-46.12451,4.0
-6.2095537,-10.097019,1.0
61.882538,-35.395035,1.0
37.757706,-46.53407,3.0
54.572666,-31.301138,4.0
9.838588,-37.937946,1.0
-49.711704,59.439304,1.0
-36.479935,31.143549,1.0
-52.048393,-52.7076,1.0
43.07195,-10.837687,3.0
36.743702,-21.678347,4.0
18.379318,-9.012021,1.0
82.40444,0.8644165,4.0
13.093708,-2.2170522,5.0
-57.250294,53.645935,5.0
7.7101483,63.533,1.0
-27.451014,45.3015,1.0
-55.160328,41.202187,4.0
26.62194,29.48252,1.0
58.324753,-33.575226,1.0
24.599335,-28.91441,3.0
18.98471,-8.555437,1.0
16.337204,11.726149,3.0
29.473185,-1.706907,1.0
-30.802444,-55.25723,4.0
-3.3903258,-70.67025,4.0
4.371892,-82.516075,3.0
62.64922,-1.5562198,3.0
-0.37380052,49.291435,1.0
-34.118797,-50.895054,
-2.2420015,42.638496,4.0
-15.0283,64.82693,1.0
48.17192,-47.132236,3.0
76.738846,-20.603802,3.0
10.183101,-16.602142,1.0
62.67983,-23.191202,3.0
72.00609,42.575813,
54.55882,36.214283,1.0
54.23998,36.079624,3.0
-39.024776,38.087673,3.0
-51.71083,34.761265,4.0
-0.82330644,-59.979004,4.0
-52.62346,-40.86141,3.0
33.69702,-62.616734,1.0
-1.8442293,-79.80059,4.0
-67.360344,65.465004,5.0
-26.226542,16.555902,3.0
-35.96189,-18.94815,4.0
9.602373,9.524979,3.0
-51.02941,-5.01669,4.0
-25.994228,27.678047,4.0
-28.54715,-61.613842,3.0
-29.429283,52.00994,3.0
38.287037,-44.80665,4.0
-41.448654,7.5162635,1.0
32.077927,-45.51256,1.0
-32.533203,24.155691,1.0
-0.8229823,5.6567397,1.0
12.402715,-39.295322,3.0
-34.40017,-5.705902,4.0
28.270794,-61.001446,4.0
-9.733372,-84.59697,
-53.69106,54.491043,5.0
27.685053,1.2220143,1.0
-20.470291,30.902117,3.0
10.8083105,-77.76971,4.0
29.836039,-61.127632,4.0
-11.905728,5.682346,3.0
24.41469,-61.54259,3.0
77.6917,21.570986,3.0
-36.641872,51.642513,1.0
-57.669044,41.611862,3.0
38.894924,-20.663574,4.0
-26.30217,21.698055,1.0
-24.610905,-8.394905,3.0
30.809256,-27.390282,3.0
10.129389,12.409742,4.0
-20.727674,46.271812,1.0
30.142027,-29.93791,3.0
28.54907,-37.302055,4.0
-24.965118,-11.125025,4.0
-20.668995,-53.10711,1.0
-4.944249,-19.107883,3.0
-8.118385,0.05345539,1.0
33.931343,-59.730362,
75.870285,-62.387455,1.0
-37.11121,51.580856,1.0
37.448833,-16.733881,4.0
58.12805,35.857742,3.0
-46.700546,61.032997,1.0
0.27791333,-69.830864,
56.830635,-35.307667,4.0
69.30948,-61.81941,
-45.395138,63.082428,1.0
-16.554882,66.567566,1.0
-12.422896,62.628742,1.0
-49.57921,-53.85815,
70.30996,-67.04653,4.0
-28.819712,24.10251,1.0
9.424918,66.33789,4.0
-20.873095,48.270382,1.0
-54.35198,59.905365,1.0
-33.293835,43.777287,4.0
-13.193919,40.129745,1.0
8.759876,-37.945576,1.0
31.046547,-43.08598,4.0
69.809586,-8.624646,1.0
53.754463,20.132906,1.0
13.627638,23.085146,1.0
-12.396864,33.27331,4.0
12.773392,-75.38697,1.0
11.662004,-14.523302,1.0
-43.561417,-65.713005,1.0
-37.355038,68.79869,1.0
70.499825,45.168198,1.0
9.879266,64.42361,4.0
54.081615,33.273415,4.0
-48.822994,52.473095,1.0
9.537969,-35.68683,1.0
-66.05746,58.927074,5.0
-65.50183,64.34214,1.0
-40.78276,58.793106,1.0
-56.816204,54.91659,1.0
70.32252,2.5210028,3.0
10.213643,66.45318,1.0
-17.073786,54.579975,1.0
-58.813187,61.92628,1.0
-35.34448,39.78167,1.0
-58.64046,33.45562,3.0
28.459694,29.172728,3.0
-7.6749754,-79.645676,1.0
-32.280575,66.071724,1.0
55.694263,39.809666,1.0
-3.1431088,7.223045,1.0
-30.573137,-69.8293,1.0
-5.4397993,41.885784,4.0
3.2766697,-57.133385,
33.029354,-62.477455,
54.131203,20.816744,1.0
42.188858,-9.664788,4.0
78.402115,-4.742035,4.0
-24.341002,-57.540295,1.0
-40.28193,49.796963,1.0
-27.460672,36.13873,4.0
-20.722559,30.808828,3.0
69.81408,2.6480856,4.0
30.210783,4.9766393,3.0
54.72569,-25.426254,1.0
-4.6984262,14.979533,3.0
33.78449,-58.244064,4.0
72.49779,18.067389,3.0
58.55563,20.338999,3.0
53.71863,22.482105,1.0
-38.77168,44.99019,4.0
-61.109135,44.0215,1.0
14.433022,52.397697,1.0
16.188349,57.88964,3.0
-7.17745,-82.9445,1.0
0.6287809,20.921534,3.0
-18.64562,28.968409,5.0
-29.301983,27.874302,3.0
66.14406,45.1129,1.0
5.4509635,35.82962,4.0
72.45998,-60.545715,
-44.13459,-53.584114,1.0
-38.25911,51.376915,3.0
-31.157352,34.57218,4.0
-9.463227,-0.6523918,1.0
28.54258,-60.75814,4.0
-21.895754,-24.783094,1.0
79.08732,-5.0260687,1.0
69.901215,0.104013935,4.0
-32.227978,66.06721,1.0
-16.766245,-32.214848,4.0
64.80513,11.185346,1.0
74.81979,-21.479092,3.0
-16.823812,56.63978,1.0
29.563692,-65.0728,4.0
72.45998,-60.545715,1.0
70.2902,-57.689472,1.0
-37.773876,-69.95098,1.0
68.45582,-62.153038,
42.926796,-26.71745,1.0
29.582912,-50.135387,1.0
53.39463,46.273575,1.0
59.159565,-20.342834,3.0
15.179544,-39.297462,1.0
61.65336,36.81318,3.0
4.169942,48.084415,1.0
-45.109142,51.28802,1.0
16.083046,5.1359634,1.0
-15.026263,19.895658,3.0
-41.435196,-58.043762,1.0
-22.660841,52.485703,1.0
-47.657894,66.808464,5.0
-0.52346444,22.01191,1.0
78.290665,-2.1303396,3.0
-57.971416,41.21325,1.0
5.9311953,-86.06569,1.0
10.922327,59.333073,5.0
69.53051,0.6160102,4.0
40.79287,-19.879015,1.0
-21.710484,-17.309439,
23.232983,41.188465,1.0
61.573627,32.81059,1.0
-43.408745,64.25944,1.0
-11.214766,-74.39608,4.0
13.08021,-14.171805,5.0
44.20408,-52.40691,3.0
-21.438873,47.053288,1.0
-27.19153,-15.237286,4.0
-38.074825,27.311779,3.0
-28.26427,-52.96891,1.0
40.716805,29.49256,1.0
57.333885,21.334387,3.0
69.79881,-59.182632,4.0
54.996872,38.136093,3.0
-16.292166,65.61369,1.0
-46.04717,66.53843,5.0
-34.728195,10.5669,1.0
65.12413,10.4893055,
30.064005,-60.791553,
-0.9240493,-75.38843,1.0
55.34375,-33.294365,1.0
68.08888,-22.52888,3.0
-0.88942665,51.70678,1.0
26.633718,17.001678,1.0
-3.8980036,-47.462715,4.0
-22.770483,28.13601,3.0
-44.931793,64.16282,1.0
78.55093,0.2465032,3.0
7.756814,-2.0776558,1.0
-56.715355,-26.177044,1.0
-46.101807,50.134983,1.0
-8.142821,-80.85894,
-59.867428,64.454636,5.0
-48.320267,63.98222,1.0
39.755104,-56.279182,3.0
-41.768433,-63.355793,1.0
-22.49673,43.76418,1.0
-55.973984,54.992527,5.0
45.2401,-50.63971,3.0
-3.212039,-10.068447,4.0
78.3171,-2.1842053,3.0
31.103863,-45.26046,4.0
-4.0461917,48.612793,1.0
-56.014854,18.273962,1.0
11.954859,-19.01919,4.0
-6.3427644,-85.28299,1.0
31.152193,4.165649,1.0
6.3685794,-19.07961,1.0
-56.353462,63.420975,1.0
2.4766345,-82.8685,1.0
12.282953,-43.997585,1.0
12.836427,-44.59955,1.0
-41.203583,-57.79699,1.0
12.359596,-44.08728,1.0
10.253735,-47.13553,1.0
-60.94376,60.02084,1.0
5.0985146,-84.82622,1.0
4.5837655,-36.71493,4.0
-7.1044874,2.4646494,1.0
74.05671,15.967481,1.0
43.241314,-7.8941703,1.0
41.911873,-8.562675,1.0
-23.369608,58.965656,3.0
30.223326,-61.228947,
-30.418076,51.275665,1.0
8.8990345,-18.839033,1.0
4.5345416,-36.805183,1.0
6.3488197,-37.532883,1.0
9.389263,-32.915222,1.0
-58.77492,50.85906,1.0
-22.181034,34.223408,4.0
9.486821,-45.75848,1.0
10.451184,-45.504642,1.0
11.917698,-45.03302,1.0
-10.251103,-85.42496,1.0
39.315025,-43.916424,4.0
-62.88504,63.448536,5.0
10.547415,-45.193954,1.0
-55.10949,60.172047,1.0
-2.3758047,-8.413026,1.0
-16.3835,43.2115,4.0
63.438374,-19.243595,4.0
-32.558243,-70.62494,3.0
8.982617,-33.25076,1.0
-26.739136,-60.81002,1.0
70.82154,-69.07245,1.0
-22.615665,55.591305,1.0
70.30998,-67.04651,1.0
80.54421,0.20428018,1.0
-26.223064,-54.183323,3.0
10.271157,-45.972446,1.0
8.117043,-46.035995,1.0
60.205364,55.910854,3.0
50.821262,-30.630924,1.0
-37.07782,-65.86513,1.0
8.987182,-37.05073,1.0
-15.514874,9.025565,1.0
-40.533176,59.131546,5.0
-3.986483,-72.32684,1.0
35.357937,-46.25617,1.0
10.560267,-43.97473,1.0
-8.887243,2.404015,1.0
73.545815,-12.242458,1.0
-4.786044,-16.07152,4.0
-64.94739,65.0957,1.0
-18.750675,-60.386475,4.0
-36.584316,52.116547,1.0
69.124954,16.289837,3.0
58.202583,32.048668,1.0
63.189423,10.257125,
-23.072714,43.896843,1.0
42.610184,-10.050087,1.0
-30.790483,-53.86491,4.0
10.521298,-43.89068,
-22.404118,27.876268,3.0
-51.526043,-56.489166,1.0
-29.888107,17.788364,4.0
26.962887,51.594036,1.0
70.309814,-67.04661,4.0
-15.733073,-36.445263,
70.309944,-67.04654,3.0
70.82154,-69.07245,3.0
83.2729,6.0406046,1.0
-7.6522083,-62.214195,
0.0747161,-75.78095,4.0
-39.854515,26.554237,1.0
-14.615509,0.60970324,
1.8722903,-37.828606,1.0
-58.67199,40.371944,5.0
-14.6539755,63.7576,1.0
8.293769,13.555286,1.0
-40.60208,49.731552,5.0
55.92065,42.442135,1.0
-33.017082,16.75607,4.0
-37.53875,33.92775,5.0
-26.786554,-11.894015,4.0
14.483232,31.024729,3.0
-57.234417,39.973663,4.0
-34.54956,-18.782911,4.0
-50.78382,-50.521446,1.0
-43.767014,51.66151,4.0
12.667784,-79.31248,3.0
-40.131527,-65.0187,1.0
43.682953,-50.78685,1.0
59.75823,33.568714,4.0
41.145542,-48.01934,1.0
71.26847,42.93811,4.0
-39.686447,-7.441294,
-27.497047,32.274635,1.0
-5.4804816,-46.005642,3.0
69.66095,46.87222,
-49.55846,53.082035,1.0
49.93521,-31.580992,
41.506077,-56.964073,3.0
-51.78029,41.80404,3.0
-29.085983,20.31932,1.0
52.61896,-23.34232,1.0
36.95233,42.440723,3.0
66.92565,-19.187418,3.0
44.95244,-1.3392811,1.0
32.593246,-26.704645,3.0
53.570232,33.956753,3.0
-58.85541,34.661285,4.0
-6.6391735,-56.068798,1.0
45.817333,-6.9588914,3.0
-0.97201765,49.500877,1.0
56.760025,16.038126,1.0
-15.710236,27.554811,4.0
-24.319063,-35.40324,
-1.7794404,-78.62958,4.0
1.406544,-84.98862,1.0
-60.721302,59.8907,1.0
-59.94494,41.681618,1.0
-50.752884,39.55864,4.0
37.43252,-16.24378,4.0
-59.426865,59.44318,1.0
81.01168,-1.1317806,1.0
79.79204,-4.3973036,3.0
24.133753,-44.428383,4.0
2.2479544,25.51576,1.0
52.792828,-35.00793,
-20.679499,-18.834856,5.0
-36.996685,44.168438,4.0
53.567616,46.440014,1.0
55.13327,37.276722,1.0
-54.48718,60.121544,1.0
38.75324,-46.071606,1.0
42.306385,0.43373063,5.0
-46.04084,60.482918,1.0
0.56925666,27.560167,1.0
59.356403,36.406868,4.0
4.866154,-63.12194,1.0
8.708287,-33.3792,1.0
55.79215,-29.480494,1.0
56.122948,-22.065804,1.0
9.875442,-17.901491,4.0
-31.726908,-49.031303,1.0
-28.575918,-48.890507,5.0
47.79662,-26.747456,1.0
32.53116,-51.400715,1.0
68.11131,-0.44640025,1.0
78.99577,-5.718856,1.0
-64.3024,64.571846,1.0
73.89122,20.655184,1.0
53.54431,45.285625,1.0
-35.38681,16.555033,3.0
57.781605,35.710052,4.0
-34.422222,30.50411,1.0
4.8200655,-81.86108,1.0
47.352837,-8.988579,1.0
-5.364717,50.52842,1.0
-49.792866,41.368153,3.0
-66.389114,57.257915,4.0
-29.681648,41.202938,4.0
42.52748,-44.4303,1.0
46.978676,-49.38104,1.0
-48.21433,41.489643,3.0
-44.170635,39.804794,4.0
11.547987,-84.13256,3.0
60.8664,24.544533,1.0
5.215418,-0.8043817,1.0
76.12988,-64.18005,4.0
47.84003,-12.685377,4.0
-51.248528,-46.262558,1.0
45.96247,-27.48144,1.0
56.686493,34.673393,3.0
-33.62172,38.11849,4.0
32.506042,-37.663548,4.0
75.79537,-61.018322,1.0
-21.253777,-16.647753,1.0
50.295094,-30.978785,
21.874123,-80.440674,1.0
29.572142,-1.5584884,3.0
22.025969,-7.5899196,3.0
57.67746,-18.138477,4.0
68.424324,-61.825523,
40.53874,-53.95442,1.0
19.840181,60.05537,1.0
22.713797,-44.51625,
-28.678833,-61.051525,1.0
-43.585625,51.877625,1.0
-37.73815,-54.129593,1.0
57.50634,40.309788,1.0
-4.400914,-62.62506,4.0
42.934437,-3.4898217,4.0
64.468864,-19.997625,3.0
32.8918,-61.868546,3.0
79.666016,-2.4030523,1.0
-27.73865,21.493647,3.0
-20.500198,46.645382,1.0
42.998013,-43.011017,3.0
53.454845,23.396776,1.0
-39.04484,62.585575,3.0
14.909999,2.3433669,1.0
-3.9140396,-48.916203,3.0
69.79966,-59.182983,
-51.83678,-43.47215,
10.510534,-66.44531,5.0
15.822366,6.064954,1.0
2.811362,63.51527,4.0
30.879686,-33.327435,3.0
5.119551,36.291447,3.0
30.599365,-61.404438,1.0
-28.635002,-36.352596,1.0
-40.46867,-67.173294,3.0
-45.07229,66.15863,1.0
68.603455,-6.2430525,4.0
67.21466,-2.5465026,1.0
15.422758,-39.555847,1.0
-47.215958,62.07998,5.0
9.032577,-18.618387,3.0
-49.2544,65.44487,1.0
-55.127472,63.37812,1.0
30.23283,4.1608896,1.0
64.24759,32.139366,3.0
-46.54618,53.800198,3.0
64.83407,32.886993,1.0
62.365623,-33.46613,1.0
-32.569714,17.993868,4.0
59.929432,14.633648,1.0
68.758064,19.174099,4.0
9.1127405,70.34517,1.0
16.064459,16.741018,1.0
-28.709585,28.984707,3.0
9.80188,-18.385536,3.0
-3.596105,5.5127106,1.0
-54.928623,54.581497,5.0
52.70285,36.65308,1.0
-3.657299,-50.66448,4.0
-34.072025,-15.195037,1.0
66.07795,33.126266,3.0
63.043026,-25.995129,1.0
61.59126,57.17461,1.0
-27.782764,36.16813,1.0
12.750989,-41.36673,1.0
4.167817,-82.057434,3.0
59.265045,-21.253693,1.0
-42.135376,-56.455887,1.0
54.720333,21.57715,4.0
-35.493824,31.22263,1.0
-66.22969,65.485,5.0
71.02882,18.97611,1.0
-39.919903,-15.734335,4.0
-41.307243,-55.27349,1.0
43.431038,0.30501682,3.0
-22.578331,-55.099495,1.0
15.990872,57.470123,1.0
-55.49756,54.198547,4.0
-51.60305,64.51286,5.0
-32.221535,37.604446,1.0
56.214573,-27.961218,1.0
-13.015864,-76.035965,1.0
-33.782063,-49.38528,1.0
13.149558,-14.188006,3.0
-49.95816,53.4256,1.0
-58.927326,62.597267,3.0
-39.038303,51.875595,1.0
55.37504,54.967907,4.0
-63.15497,-17.345634,
12.486761,-40.159668,1.0
55.524677,55.535202,4.0
6.6015816,-81.81428,4.0
69.87061,-8.658101,1.0
79.35794,2.1137784,3.0
42.89315,-15.832334,4.0
-61.668564,-16.956001,
59.288204,-33.171284,
-38.742367,63.626446,5.0
-60.433746,49.925465,3.0
-29.581871,-68.42183,3.0
-15.563478,12.3405285,1.0
48.33603,-25.254967,1.0
-62.005306,63.674366,1.0
-2.0372314,-9.534462,1.0
-35.081493,28.127293,3.0
69.27118,-18.854515,1.0
-19.144487,-33.39065,
27.642506,31.355373,4.0
-59.60751,64.0524,1.0
66.18485,44.96911,1.0
60.63033,10.4260435,1.0
41.488323,-50.321014,3.0
79.53679,2.7124264,1.0
-60.42096,60.663654,5.0
61.60773,-33.04643,1.0
-35.363388,-16.80111,3.0
83.20401,7.512319,1.0
-61.482132,61.292377,3.0
-50.618057,53.473705,5.0
-55.732727,60.187344,1.0
-40.28007,59.234486,3.0
-35.185566,24.386627,5.0
58.756557,20.544397,3.0
-47.09415,41.193443,1.0
-46.99124,66.635216,1.0
60.95934,48.616573,3.0
-28.690502,-61.887928,3.0
53.39862,45.853382,1.0
-17.048061,24.046343,1.0
12.931481,63.232025,1.0
26.848711,52.25142,5.0
-43.177135,-65.37936,1.0
-10.980752,-74.44441,1.0
62.254574,36.342503,1.0
-10.972226,-80.96345,4.0
-34.23891,60.53717,1.0
-28.295628,-61.054935,1.0
-55.816307,42.632347,3.0
-35.669487,66.20886,1.0
-55.028366,54.73139,1.0
16.246727,54.866554,1.0
-38.15731,52.23417,1.0
14.776228,41.26274,1.0
79.56785,19.112679,1.0
-39.42803,37.78239,1.0
-26.80223,27.686165,4.0
-40.74145,-6.4472404,1.0
56.7558,56.02028,5.0
-12.330726,-35.794514,1.0
-16.067114,66.94149,1.0
-36.99985,62.242924,1.0
0.45532718,-82.38177,1.0
8.948151,59.54353,5.0
60.83093,-32.954296,1.0
-51.176434,41.89191,1.0
-45.19115,51.747364,1.0
-34.28961,30.249563,1.0
-34.329456,35.876656,5.0
-20.858784,51.862473,1.0
-9.966289,2.9956422,
-34.912834,17.885628,1.0
0.14526491,51.672195,4.0
60.15773,29.770853,4.0
5.1506286,-0.84700036,1.0
-56.070385,39.786602,1.0
-6.180774,-0.40639707,5.0
-16.618944,20.895779,3.0
70.211655,49.646404,1.0
61.382717,51.62086,4.0
-38.958385,-56.73928,1.0
69.87221,18.97727,4.0
-62.66282,59.822014,5.0
10.605853,61.790985,1.0
0.8751639,-14.921503,1.0
-57.115566,43.262714,3.0
10.989646,12.153869,1.0
29.8457,-26.285696,3.0
-53.183315,39.242443,4.0
-19.677961,31.196358,1.0
-2.961047,-26.124079,4.0
52.68084,44.89587,1.0
26.163294,23.598925,1.0
62.19352,50.0232,4.0
-35.26841,-13.883105,1.0
8.683918,12.958262,1.0
-23.40665,25.731134,1.0
30.92807,-42.150616,1.0
72.7352,-62.65809,
9.77358,-2.9541702,1.0
66.647545,50.981815,1.0
8.856479,42.47862,4.0
-55.687992,-11.524644,4.0
-22.991472,60.541645,1.0
-52.01471,38.15814,1.0
-29.507383,-61.297783,1.0
-0.5517808,27.878452,3.0
-20.057825,-24.569164,4.0
25.64358,-27.357819,3.0
44.870113,-22.950647,4.0
-25.301052,32.60376,3.0
-30.527563,-69.3995,
57.13257,31.108799,4.0
70.91769,-18.573486,1.0
2.562362,-82.24999,1.0
-56.19853,41.78349,4.0
-4.8977404,-10.251118,1.0
-39.11571,55.644886,5.0
-16.819794,29.798508,1.0
-62.405975,61.14806,1.0
-56.37139,39.57422,4.0
29.836016,-61.20884,4.0
60.47332,25.413794,1.0
-0.30236685,40.78671,1.0
36.142353,-15.971344,1.0
-63.98124,61.205986,5.0
-63.0993,65.125534,1.0
-44.75754,66.20692,1.0
29.243917,3.4369977,1.0
62.93208,34.92083,1.0
-32.122955,-71.12789,1.0
72.658554,-59.84989,1.0
39.065968,-22.250189,4.0
-65.659195,66.38604,1.0
-25.638245,19.769098,4.0
-66.23513,57.2389,4.0
40.89326,-11.621213,3.0
-26.30348,4.844952,4.0
27.822626,11.17502,1.0
54.102226,39.429516,1.0
-9.38297,-83.32406,
-50.447563,40.2033,4.0
-47.88479,46.125813,1.0
-59.007668,41.937656,4.0
58.83643,-14.23981,5.0
70.24644,49.481094,1.0
-31.236393,33.601433,3.0
-34.362495,18.152208,1.0
-6.924669,-83.18969,4.0
16.52697,12.038715,3.0
71.60424,-7.42963,1.0
-25.227135,47.00073,1.0
-53.76412,40.23286,5.0
-33.835037,-49.425594,1.0
-62.1175,-17.06233,1.0
-34.596107,-50.810173,1.0
58.81529,-21.09623,3.0
8.417741,-85.860985,1.0
72.57865,33.204243,1.0
-29.377531,-56.939224,3.0
4.9338593,59.76983,1.0
-28.390432,-65.159454,1.0
-1.3391464,51.480537,1.0
55.798637,-34.053352,1.0
-51.155403,-48.7598,3.0
68.79199,-62.404736,
42.014626,-52.018116,1.0
79.722885,20.186361,3.0
-38.71932,-65.22019,1.0
-5.021359,-63.771423,1.0
74.64339,17.596676,3.0
21.462528,40.52645,3.0
9.838149,-46.14647,1.0
-51.783245,-53.3842,1.0
23.389095,-46.666454,1.0
-27.199883,30.167631,1.0
-16.969925,55.069138,3.0
-54.87056,53.693916,1.0
11.365269,-38.913082,4.0
-35.194824,-50.679,1.0
57.68736,17.57469,4.0
8.038287,71.24366,5.0
60.181404,37.414116,1.0
72.45998,-60.545715,4.0
-36.89237,26.281157,3.0
-41.969368,-57.38801,1.0
-28.722357,56.938713,4.0
-57.232635,51.555935,1.0
-39.55993,62.42501,5.0
6.8968334,-2.8939614,4.0
-19.971062,-52.94691,3.0
36.400665,15.828455,1.0
-31.761145,-51.675438,4.0
68.09512,17.526083,1.0
15.044732,14.2997,1.0
53.713024,22.812643,1.0
-38.637444,-67.60701,1.0
60.855854,-32.89748,
72.6467,19.186441,4.0
16.385172,-75.005135,1.0
81.59026,0.6601682,1.0
19.510963,41.630188,1.0
-60.804173,42.60048,1.0
47.18333,-49.60461,1.0
62.865276,10.589158,1.0
21.412851,29.353764,1.0
-68.42676,60.036148,5.0
36.797756,36.448162,4.0
29.9515,33.879177,1.0
-47.487545,41.64656,3.0
-12.059173,-78.725494,1.0
-38.68795,-56.3346,1.0
-46.841244,57.28152,4.0
-47.520454,-53.974537,
42.018505,-43.809242,4.0
-42.704727,65.39771,1.0
11.086432,60.779953,3.0
-40.0861,39.24394,4.0
5.351785,35.577946,1.0
45.819275,23.164995,4.0
13.845132,46.61838,1.0
70.25784,41.49906,4.0
12.660885,-39.28004,1.0
-21.72364,-7.8834143,4.0
-29.35382,-56.93182,1.0
-64.37948,61.48711,5.0
-47.56314,57.710934,1.0
15.853787,6.1754823,1.0
-10.653126,-79.18258,1.0
40.184578,-49.80879,3.0
31.287094,-2.401384,1.0
-27.040627,-60.332893,4.0
-34.687336,-53.8987,
-0.17404845,-70.10232,
-47.52792,-14.253136,3.0
81.470535,3.80558,1.0
-61.143623,63.560097,5.0
-7.812665,-72.99867,1.0
-25.040884,-53.750587,3.0
66.38602,42.79265,4.0
69.120605,-1.602839,3.0
-49.71504,59.35709,1.0
-0.4636552,-22.449993,1.0
11.692261,-83.29159,1.0
-31.911177,58.857227,4.0
11.772758,-85.34066,1.0
-20.922112,46.56988,1.0
71.66089,47.81499,1.0
73.582375,-9.114375,1.0
58.42222,31.501528,4.0
-0.261565,-2.6051862,4.0
-38.81622,31.06416,1.0
7.6587157,-46.088543,1.0
58.069572,38.63861,1.0
-60.07728,47.15196,5.0
-62.413933,64.28539,5.0
-50.372513,63.54278,5.0
76.919044,-4.993552,1.0
-0.6510328,-76.91675,3.0
31.735313,-10.857099,1.0
39.23003,-56.551937,3.0
-34.057564,18.444408,1.0
-4.7218866,-46.68043,1.0
-59.67627,63.005028,1.0
19.947422,55.77413,1.0
62.529755,35.733658,1.0
23.514984,-44.43556,1.0
-28.747421,36.463478,1.0
-60.668167,58.61554,5.0
-58.535522,62.023865,1.0
60.479668,55.53871,1.0
40.1974,-16.850983,1.0
60.721188,-19.991594,1.0
38.36526,-42.451717,4.0
42.14642,-53.824673,4.0
-30.693853,-53.597065,4.0
-55.653904,42.299984,4.0
9.429179,-36.91425,1.0
33.989437,-40.15727,4.0
-50.50095,42.17411,1.0
-52.2333,40.428467,3.0
-55.823853,63.2232,1.0
-59.178482,41.41899,1.0
-56.15704,-9.625438,4.0
60.807816,32.18625,1.0
37.681,-17.225214,4.0
56.51785,50.127,5.0
-28.440948,-47.60571,
-63.483017,67.47817,5.0
-17.162104,-32.367607,1.0
73.27549,16.833092,1.0
32.100567,-51.372654,4.0
-14.97056,52.905037,1.0
15.31347,51.57226,1.0
-50.943367,-47.69825,1.0
-6.375174,-46.105095,3.0
-59.744793,42.466923,4.0
-60.657032,50.078754,3.0
11.869073,-85.17831,1.0
-59.317078,62.287403,5.0
42.73434,-8.125288,3.0
62.84255,21.10094,1.0
-19.152088,52.133312,1.0
2.3236365,63.58351,4.0
-34.79863,27.08017,3.0
-67.31337,59.957817,5.0
-28.667345,-62.80291,3.0
-39.60849,54.34114,1.0
-36.87733,62.26643,1.0
-20.814983,-52.941063,3.0
46.072487,-49.517544,1.0
62.624622,-18.618818,3.0
27.159883,-35.144352,4.0
42.10858,-11.089136,1.0
-24.205854,-31.427868,3.0
-4.602788,-49.944324,1.0
57.434685,-35.54568,1.0
11.535701,-81.83074,4.0
41.75218,-56.863754,3.0
-44.9342,64.87459,5.0
-49.222965,60.424408,1.0
60.85059,37.377674,3.0
11.331582,-40.496574,1.0
4.101261,48.12759,4.0
8.645162,-82.93838,1.0
55.70385,40.276768,4.0
-27.298254,29.905933,1.0
36.71437,-49.55544,1.0
10.726225,-78.33278,3.0
-34.157246,38.34019,3.0
64.9279,31.266495,4.0
33.067722,-56.94376,4.0
-10.581118,-74.648155,3.0
40.354362,-11.829485,3.0
-44.03991,-61.0215,1.0
73.22763,-0.63930833,4.0
-0.07017937,-75.23052,3.0
-11.325185,-62.094795,1.0
46.535465,-49.451363,3.0
-14.843965,13.714231,4.0
-6.54455,-74.22043,4.0
1.4483914,-9.255326,4.0
74.31558,-5.1588902,
-60.252937,46.368458,5.0
29.022476,-47.02687,4.0
42.55872,-8.295964,3.0
-40.093956,-64.732254,1.0
13.263886,-39.640236,
62.34494,35.23241,4.0
65.81456,33.009808,3.0
71.06759,39.592255,1.0
-12.280886,23.551395,1.0
4.9740605,-24.878298,1.0
-59.13666,50.835674,5.0
42.737953,-46.287296,1.0
-25.10076,-31.585403,1.0
45.126915,-19.702871,3.0
-38.871094,31.08262,3.0
9.833567,34.982887,1.0
-46.482224,49.9795,1.0
18.542217,39.758698,1.0
52.48133,-15.77187,3.0
58.22255,15.884636,4.0
-37.079353,26.303627,3.0
62.721874,21.655764,1.0
10.385022,-39.954166,1.0
-22.27813,-37.021027,1.0
-59.99139,43.719124,3.0
60.787315,15.676936,4.0
36.291557,-16.036104,4.0
42.864967,-27.693584,
-57.305977,43.174286,4.0
58.92801,-28.189053,4.0
-16.042446,11.863622,1.0
37.130276,-45.513763,1.0
-56.601627,40.52844,4.0
-62.079056,59.15265,1.0
-38.97157,35.796,1.0
-5.0330305,-44.62503,1.0
7.7914743,-17.936005,4.0
-59.14827,41.484016,3.0
-49.486973,-53.540344,1.0
12.167819,-39.298607,1.0
-28.280102,-55.456367,1.0
9.653036,-32.79095,1.0
69.02156,-61.534885,4.0
53.943398,43.543484,1.0
36.077568,-20.865774,4.0
64.856476,-2.2305288,5.0
62.57693,33.323135,4.0
-34.072342,-50.497677,4.0
61.28766,-18.52897,1.0
52.85846,44.669273,1.0
64.87941,-24.594528,1.0
38.954292,-17.71687,4.0
-14.680112,-10.152173,1.0
29.44085,-52.936726,1.0
-9.760126,-66.02427,1.0
46.97286,-47.59352,1.0
-60.768333,43.154125,3.0
-27.958029,6.412698,4.0
-27.680126,-50.691483,1.0
-63.207474,60.737694,1.0
80.756935,2.9188328,1.0
-39.929554,59.0052,1.0
-34.760822,-17.409103,1.0
68.51311,14.238649,1.0
55.94371,41.652367,1.0
-17.889946,53.691143,1.0
55.768223,41.69461,1.0
79.021385,-5.026483,4.0
11.587358,-28.986961,1.0
37.967712,-46.146217,3.0
-56.383625,40.48831,4.0
-13.636655,-37.3328,1.0
-14.201204,-75.06767,
11.359967,-38.831894,1.0
52.325718,-35.683434,1.0
-36.778774,54.561638,1.0
60.62325,-28.305008,1.0
-66.60851,66.436005,5.0
-42.452675,-62.8511,
-33.853443,-13.786181,
11.7218275,-18.822472,1.0
82.36079,5.8973784,1.0
-33.11456,34.813335,1.0
58.900078,52.68088,1.0
-30.326767,-68.74678,1.0
-29.121521,-51.911686,1.0
-46.01175,61.233284,1.0
0.22741881,-75.47793,3.0
49.7825,-31.068174,1.0
-26.613039,-12.102017,4.0
-42.96793,44.312912,1.0
-48.307888,54.81326,3.0
12.568542,-40.262115,1.0
40.298504,-48.684547,1.0
29.907036,-61.83373,1.0
68.32056,-5.782857,3.0
52.625927,43.315586,3.0
-38.56679,-69.90218,3.0
80.25416,20.098972,5.0
80.18016,22.16822,4.0
48.266006,-22.61941,3.0
62.909653,35.992878,1.0
-26.191116,-67.73266,1.0
10.250642,-3.6130702,4.0
-63.05697,65.06189,1.0
-13.100652,32.72676,4.0
-38.98719,41.895992,4.0
5.0563817,-63.496677,3.0
33.215218,-65.96283,
66.78432,17.829178,1.0
-34.308884,-70.53075,1.0
4.137811,-64.08421,1.0
-2.0995307,-9.843919,3.0
-13.292064,-37.62364,1.0
-41.54741,-55.81063,1.0
-10.627297,-59.29942,4.0
-3.1444573,39.506897,4.0
48.702667,-12.561698,1.0
-34.905212,-50.915867,1.0
8.704492,-21.092411,4.0
-21.611708,47.016262,1.0
56.05038,19.965984,1.0
-35.50536,32.644604,1.0
-60.49472,50.407734,1.0
-37.008495,-53.489727,1.0
-46.698643,61.19895,1.0
73.74294,-20.879385,3.0
70.555176,-68.25034,4.0
-15.604861,65.03959,1.0
42.6829,-54.307613,1.0
55.754753,-25.960564,3.0
74.12813,17.100618,1.0
-38.694393,-55.95277,1.0
-51.76179,-42.917297,1.0
-52.726402,40.08179,3.0
-32.958115,-20.186213,
-26.595028,-47.48346,4.0
-17.045046,68.17877,3.0
-8.798896,56.07433,3.0
37.51491,-59.44608,4.0
63.84256,-0.18318127,4.0
-49.77005,63.545803,5.0
-12.26752,-85.58522,1.0
-36.95963,-54.379753,1.0
48.94089,-30.511772,3.0
42.494453,-23.02772,1.0
10.726036,-85.18263,1.0
70.82154,-69.07245,4.0
9.175968,65.77699,1.0
75.201515,-9.48194,1.0
83.22777,7.187903,1.0
33.635372,-47.461346,4.0
-9.894798,-84.17212,
-36.95299,26.164188,3.0
63.029575,-19.621264,3.0
-28.537712,-59.877365,1.0
41.27094,-53.30364,1.0
-37.510803,-53.743626,1.0
-37.902428,-54.35361,1.0
-29.293135,-67.77594,3.0
31.692358,-64.79567,1.0
-38.85976,-71.383156,1.0
-34.75468,-70.122856,1.0
61.32872,56.116154,1.0
70.8259,-68.197754,4.0
57.276993,53.16109,3.0
57.431984,39.45907,3.0
56.52245,55.823616,5.0
-64.603065,58.541374,5.0
-24.517199,32.89481,3.0
-67.4453,66.43274,1.0
52.34129,31.260965,
-49.08401,63.555725,1.0
-66.51124,65.61642,5.0
-61.287045,64.49411,
-61.2824,65.36181,5.0
-64.41501,59.06537,5.0
-39.10195,63.166958,1.0
-67.10192,59.257996,1.0
-66.37598,65.75409,5.0
-67.555466,66.26518,5.0
-64.7932,62.097492,5.0
-64.86846,62.304398,5.0
-66.06935,65.114136,5.0
-64.78229,61.3173,5.0
-60.461903,61.89588,1.0
73.88844,-61.055325,1.0
64.701836,19.553318,1.0
-37.21283,-54.531666,1.0
72.48465,16.463192,5.0
57.470448,-15.712348,4.0
55.685726,53.197773,1.0
27.021109,3.3073394,4.0
-58.42882,-22.308945,1.0
-38.078777,-70.448555,1.0
55.7222,-30.469177,1.0
-38.441093,-58.53013,1.0
9.114196,-44.381638,1.0
57.51456,21.290295,4.0
56.615555,56.002884,3.0
43.647465,-2.5470147,1.0
-53.010918,59.22866,4.0
34.46475,-59.544132,1.0
2.6260142,-21.217142,1.0
-41.726433,-58.918846,1.0
6.1236715,-37.83802,1.0
-58.091354,-22.238913,1.0
52.934856,41.698254,5.0
2.529345,-57.502415,4.0
72.18248,-59.316944,1.0
27.08207,-31.923471,1.0
-18.017637,24.21159,1.0
-7.252577,-80.787346,1.0
-43.86386,-66.43261,1.0
-14.075181,2.2161043,1.0
-25.834965,20.37912,3.0
-8.78313,-2.5562432,1.0
-32.46754,23.94313,4.0
-4.5445704,-68.59675,4.0
-27.970242,-56.07258,4.0
1.2576156,-84.628525,1.0
69.35944,21.79663,3.0
36.07992,-47.216854,1.0
0.6649692,20.96863,3.0
41.299587,-27.977268,
-27.219587,-30.349205,
25.504223,-58.199707,
25.840994,-55.493576,
69.30948,-61.81941,
3.2304301,-58.016144,4.0
77.65509,22.496843,1.0
-6.140575,-10.020913,1.0
-25.555407,-14.165931,4.0
-0.7896399,5.622783,1.0
-23.105974,-51.37819,3.0
-14.604733,-10.526422,1.0
61.920757,33.06206,3.0
57.57266,51.32571,5.0
69.028046,-61.539745,1.0
-34.52207,-70.30363,1.0
-37.129345,-54.320877,1.0
9.716847,-47.82999,1.0
-35.3394,-51.93792,1.0
70.20441,20.214382,1.0
-57.09909,43.62892,
-6.76272,-85.37591,1.0
45.78016,-6.632134,4.0
9.3672085,69.98568,3.0
-14.903622,20.00956,1.0
38.26418,-48.12993,5.0
61.19631,52.60769,3.0
0.6585281,-79.836136,1.0
-46.791332,-15.630935,4.0
65.70931,-2.8322575,
11.297969,-41.66055,4.0
43.15141,-51.16354,1.0
25.90763,-27.143066,3.0
16.375092,-76.628075,1.0
-8.237776,-0.63785017,1.0
-35.28295,-53.384987,
15.492495,-72.861565,
5.144372,-81.56908,1.0
-41.8052,-56.194485,1.0
48.032837,-50.682106,1.0
-5.1981316,3.0647228,1.0
20.551786,17.12609,1.0
6.236836,-37.607044,1.0
28.98504,-56.69668,1.0
70.458565,21.224821,1.0
62.273384,54.271683,
-7.1282163,-81.13858,1.0
54.159927,42.710056,3.0
-49.27183,39.7984,4.0
11.264464,-30.437662,5.0
-7.147304,11.919266,1.0
-41.024685,-55.517574,1.0
66.25158,47.338276,5.0
22.259634,-45.30546,4.0
35.32085,27.185024,1.0
73.71935,-11.388888,5.0
-15.766596,54.41978,4.0
65.38561,-18.402245,3.0
42.44527,-46.79371,3.0
-52.13643,58.07394,1.0
65.90524,16.384573,4.0
8.182276,23.305618,1.0
-5.01097,-63.906666,1.0
-42.55845,63.012814,1.0
12.393505,-79.369446,1.0
-1.5025798,-71.165794,3.0
-53.371586,54.577003,5.0
36.267258,-48.64435,1.0
9.755526,-31.381195,1.0
-45.550766,61.212948,1.0
33.882225,19.999477,4.0
12.390029,-64.44484,3.0
-64.88616,67.27873,3.0
59.49313,-24.18058,1.0
-25.498827,-54.833508,3.0
68.70176,-62.364677,5.0
-41.824642,-56.293407,1.0
-21.241592,-50.726826,4.0
-47.85011,-50.60837,1.0
-20.317173,45.641117,1.0
-29.040375,-54.14429,
-38.20252,-70.99018,1.0
-25.422234,-49.338326,1.0
-38.62002,-57.684498,1.0
-45.926605,-54.337612,1.0
64.016815,-18.840223,3.0
59.793163,15.774303,3.0
81.241486,7.2319517,1.0
-38.052044,-70.450584,1.0
-9.355447,24.434103,1.0
-8.09526,35.11115,1.0
70.2902,-57.689472,
57.166573,-35.35862,1.0
56.992493,-27.03802,1.0
-7.328639,-65.7665,4.0
2.8921587,-22.372765,1.0
-28.582378,-53.508183,1.0
55.521717,52.191673,1.0
-45.706577,66.34687,1.0
81.64001,4.155742,
-37.560585,-68.61044,1.0
-16.303019,48.9284,1.0
-51.53114,-49.282745,4.0
69.48174,46.151897,4.0
23.705427,-47.37263,5.0
14.234638,61.10856,1.0
-12.904011,33.134598,4.0
44.57148,-52.617107,4.0
59.15488,52.648457,1.0
76.004265,18.669786,1.0
-26.459875,-54.451458,1.0
43.344982,-51.26078,1.0
53.60143,45.27633,3.0
2.9262238,-20.91673,1.0
-49.638065,60.01144,3.0
10.149702,64.445335,1.0
59.583755,-35.0325,1.0
6.7751565,-87.77997,
58.610966,30.88325,3.0
46.902172,-48.12525,1.0
62.247158,23.257961,1.0
65.68853,15.438104,3.0
53.905476,40.070915,3.0
-47.377647,40.073784,1.0
68.100365,47.135708,1.0
-4.836181,-46.794262,4.0
-54.003296,-13.535728,1.0
5.702246,-38.60575,1.0
-31.626804,20.091108,1.0
43.75579,-28.828827,1.0
71.5449,21.648174,3.0
56.453217,33.424328,1.0
-16.119017,-31.998262,3.0
42.54034,-46.755756,3.0
-28.672678,-64.7695,1.0
-0.7194573,-81.466,1.0
-37.16673,-68.802025,1.0
23.33388,-58.998936,1.0
68.74391,-6.018654,1.0
-14.02847,-76.79041,1.0
2.9251914,-39.22991,1.0
-46.599594,-53.77669,1.0
-65.41405,59.08186,1.0
61.59102,36.785725,3.0
8.16461,-31.595469,1.0
-23.532692,-50.2046,1.0
-25.40645,1.3186502,4.0
63.682003,43.991165,3.0
63.75736,-24.384047,
-49.826725,-42.499004,1.0
-28.125835,-50.710377,1.0
-52.668755,-40.810326,1.0
-49.279785,42.182877,1.0
-29.636637,41.16854,1.0
64.50449,-18.109716,4.0
51.80918,-34.66192,
63.76665,43.051052,1.0
53.497105,22.523785,1.0
57.948467,21.956245,1.0
-50.91974,-46.038242,
77.18897,20.97907,1.0
-49.57664,-55.072063,1.0
7.8756385,-38.29933,1.0
-65.39223,61.80618,1.0
34.156277,-58.027397,
73.690735,-11.023426,
-38.86042,-16.496471,4.0
-59.722088,61.857788,1.0
-47.071163,54.764465,5.0
-64.26937,61.960255,1.0
10.237809,-75.32687,1.0
55.075752,55.90732,1.0
42.174164,-11.386879,3.0
-55.16121,60.070526,1.0
-52.926292,-18.403616,5.0
-27.120064,36.0786,3.0
-29.14281,55.05899,1.0
32.258038,-30.662746,1.0
-63.7365,61.92169,5.0
-47.08109,63.516155,5.0
-48.135464,64.73804,5.0
-52.72203,-40.757904,1.0
26.221766,-58.1617,
28.4508,-49.874577,5.0
-2.7278402,-69.09334,4.0
-45.3655,53.905403,1.0
63.027843,-23.05272,1.0
-55.700287,60.32188,1.0
70.37456,-19.166319,1.0
57.74785,39.87141,3.0
-46.26481,64.95003,1.0
-16.593138,43.48807,4.0
-62.125286,65.09664,1.0
60.328407,-25.119308,1.0
56.67409,57.4427,1.0
58.67574,52.825565,3.0
-41.760677,-55.747475,1.0
-41.65077,-56.98485,1.0
-42.561996,-55.233345,1.0
-39.071873,-56.438225,1.0
66.71539,38.23247,1.0
-39.909035,-56.035717,1.0
-40.427826,-55.80441,1.0
0.29536936,-24.028936,5.0
-39.840164,-56.29782,1.0
30.664305,-60.921116,1.0
-42.15949,-58.846703,1.0
67.989525,13.89621,1.0
-31.106329,-70.452644,1.0
1.9705677,-39.52529,1.0
-33.336735,17.795246,4.0
63.34041,-0.7537801,4.0
-20.104156,31.383335,1.0
5.860983,35.753914,3.0
54.31612,40.843502,4.0
59.679787,50.42581,4.0
15.488173,55.30419,1.0
76.96443,21.338882,1.0
60.295956,36.80963,3.0
54.075516,36.719196,5.0
78.664085,-5.9243536,1.0
-38.057095,-71.12269,3.0
76.36181,2.0442126,1.0
35.746567,-49.28109,1.0
-39.917343,-65.224174,4.0
52.58413,36.642868,5.0
-62.805305,64.423996,1.0
69.76895,21.67867,1.0
74.16443,19.9976,3.0
76.599075,1.0198753,4.0
-35.313595,-9.174803,
57.310173,16.08954,3.0
53.13872,55.109753,1.0
4.7202234,-59.908188,1.0
-58.12029,63.91952,1.0
68.49818,-62.223373,1.0
0.021146992,-76.32035,1.0
-47.16745,45.39152,1.0
59.87324,56.210964,4.0
9.464444,-45.522602,1.0
-27.65746,32.115585,1.0
-33.153618,43.52698,4.0
33.303402,-46.521244,1.0
53.44318,43.85567,1.0
56.04837,42.861404,3.0
-52.06306,-53.06027,4.0
11.134266,-40.03443,1.0
60.473473,55.095577,1.0
-47.858627,-50.587105,1.0
-38.737003,-57.26288,1.0
57.497345,20.52558,3.0
70.8261,-68.19771,1.0
3.4458756,-56.619156,3.0
-64.7649,59.262115,1.0
41.96296,-11.423875,4.0
53.510338,-17.132614,3.0
-43.04699,-63.150368,1.0
-32.638294,26.865383,4.0
-53.955822,39.77003,4.0
52.082874,-26.692253,3.0
33.402172,46.760406,3.0
34.382515,-56.445137,
22.03886,-13.120962,1.0
65.977974,33.046005,3.0
73.716324,-11.418999,5.0
35.852566,16.939789,1.0
8.004735,-84.149605,1.0
75.2096,20.165426,3.0
-27.54967,-55.293564,1.0
-50.794174,39.91039,1.0
-40.355114,-70.237686,1.0
-19.661493,-52.695576,4.0
-56.32627,39.7462,4.0
78.27595,19.977571,4.0
-3.4229755,41.06754,3.0
-39.81351,-55.762188,1.0
-5.8502264,-45.754463,3.0
1.9616549,-68.870674,1.0
62.66251,-22.381775,1.0
-12.379472,-36.01248,1.0
69.798805,-59.1819,1.0
29.940435,-26.270681,1.0
61.233597,32.55567,4.0
10.731933,-37.71162,1.0
10.557566,-45.4316,1.0
-49.861515,-49.29413,4.0
2.0451605,48.727165,5.0
-35.54206,16.615927,4.0
7.6728945,-2.5752993,3.0
69.979904,-65.000534,1.0
-31.25494,-54.21386,1.0
65.799866,15.37927,3.0
65.37038,47.84187,3.0
-33.301884,38.087105,1.0
-61.563694,61.600445,5.0
9.705455,60.05913,3.0
81.6848,3.8509572,
4.003859,-79.479,5.0
9.652594,-18.3447,1.0
65.55488,-4.569773,4.0
15.831043,-77.72059,1.0
1.1386149,-6.6087346,5.0
46.963665,-48.893642,1.0
71.950165,42.36016,4.0
-32.964256,17.707712,3.0
-43.007793,-64.22352,1.0
-31.860342,19.922617,4.0
43.744984,-52.569412,1.0
-7.4027214,-80.12628,1.0
70.575424,-57.545696,1.0
-49.56065,-42.353947,1.0
-8.40258,-77.80937,1.0
4.860183,63.088985,1.0
-31.884104,-51.382713,1.0
-50.5628,-42.69545,1.0
-0.093176685,-59.31204,
7.95007,-20.202002,
37.91409,-23.896725,4.0
-39.163868,-69.889244,1.0
52.56174,55.53238,1.0
-44.205845,-55.144432,1.0
65.57237,-24.441034,1.0
56.71384,34.703384,3.0
72.182465,-59.316914,
-32.4246,-71.13201,1.0
-16.113743,23.615038,4.0
60.19429,-36.835785,3.0
-3.9980962,50.54458,1.0
18.98563,9.732168,5.0
15.173733,5.604441,1.0
60.843998,16.485664,4.0
-38.175846,-67.427055,3.0
-47.083668,41.520096,1.0
-16.540846,-9.480853,
-55.59404,39.86279,3.0
63.73884,-1.3937953,4.0
-16.561512,20.860765,5.0
30.771624,14.178339,4.0
-22.633041,-55.12711,1.0
56.219864,-15.993594,1.0
4.8206353,-83.94564,3.0
68.346054,43.027267,1.0
2.8903027,-56.790718,1.0
66.24846,-2.306163,1.0
-50.658627,56.269,1.0
53.460373,39.809914,4.0
-43.176853,-63.79531,1.0
-25.567547,52.369156,1.0
53.60869,43.489185,3.0
11.797545,12.717465,1.0
-64.1966,61.611248,1.0
41.126442,-8.282388,3.0
-53.44961,-4.979391,3.0
-50.716606,39.664204,3.0
59.578278,10.406858,
1.0252368,-69.34087,3.0
55.9617,38.738396,3.0
-59.60892,-19.244127,
2.456018,-67.88197,1.0
-37.065952,-71.10788,1.0
-24.85069,31.196508,1.0
-26.655962,-50.40526,
5.0700088,59.823128,1.0
-6.734359,-84.9806,
61.954002,-24.99994,1.0
67.38835,18.239817,1.0
70.26219,41.84798,4.0
-24.34082,-57.555496,1.0
57.551044,12.860151,3.0
8.0183735,-62.15017,4.0
-17.120241,55.250843,1.0
57.165012,36.534424,3.0
64.73786,23.380438,1.0
-28.021322,-61.579514,1.0
-19.68063,-52.682343,3.0
74.31215,-9.272155,3.0
41.72382,-17.07035,1.0
25.689222,-58.04406,
-5.8190207,-59.840534,4.0
41.984394,-53.61469,1.0
61.739582,57.072746,5.0
76.49939,-19.941116,4.0
-12.627331,33.184284,4.0
-33.387604,66.03214,1.0
60.30479,55.618896,3.0
-44.903847,-54.037174,1.0
-6.84326,-72.6887,1.0
-10.009029,-84.40261,3.0
64.06127,-18.815647,1.0
-58.021473,-22.703932,1.0
-11.556383,-61.836018,1.0
-52.21338,39.223087,4.0
3.2470765,-38.902477,1.0
-10.111437,-79.29043,
1.681782,-37.68156,1.0
63.22209,16.648748,3.0
66.95862,17.384514,3.0
10.030924,-80.40311,1.0
13.411743,-75.19539,4.0
47.74931,-31.533098,1.0
-45.583736,-53.387676,1.0
70.29031,-57.688736,
3.679559,-80.7483,1.0
-51.719677,-43.95328,3.0
-51.911404,-44.551678,3.0
-40.20783,-56.1086,3.0
70.61927,-57.85722,4.0
70.29019,-57.68952,4.0
-8.380948,-0.7067752,1.0
-8.558319,-2.2298439,1.0
-13.879037,-37.615982,5.0
-8.40404,2.4438987,1.0
-8.2229185,2.4748392,1.0
-14.499011,-36.674385,5.0
-12.367142,-35.9869,5.0
-50.468018,-54.306004,1.0
-4.206621,-80.351364,5.0
51.05043,-24.822323,1.0
-25.461792,-58.104763,1.0
32.904,-62.3599,
-18.401175,46.43281,1.0
68.60787,-22.709013,1.0
-4.4860463,7.5137215,1.0
43.3532,-20.624237,4.0
64.95514,-19.731936,1.0
-55.1842,39.784904,4.0
-27.458858,-62.131207,1.0
35.112434,0.29159874,1.0
32.649837,-65.56476,1.0
8.947069,-33.66374,3.0
70.95604,-69.03829,1.0
76.82115,20.94776,3.0
-10.89772,-74.50511,1.0
8.235739,-34.037228,1.0
38.12727,25.049082,1.0
-28.57783,34.720543,1.0
-9.577948,-79.94672,1.0
5.2572536,-80.1991,3.0
37.926235,-50.15464,1.0
-7.0069866,-74.692726,3.0
-4.7026153,-62.9611,3.0
7.683686,-45.279305,
-4.5483694,-43.47501,3.0
-36.001522,-68.39936,1.0
-20.33484,47.76659,1.0
-0.7890777,51.02895,1.0
59.556633,39.8727,
-54.55657,63.278442,1.0
-48.79261,-49.70145,1.0
-37.657005,-67.18065,1.0
78.51898,-6.454935,3.0
77.09822,20.910347,3.0
10.18445,-63.781727,3.0
79.13953,20.690063,5.0
68.23079,12.760241,3.0
61.189926,-28.69973,4.0
76.219055,-62.058456,3.0
-39.9014,-69.11654,1.0
-13.505929,-37.441254,1.0
75.79139,-2.8458736,1.0
-26.435352,-47.506477,
15.4602375,-78.25367,1.0
63.93214,-18.902092,1.0
11.460045,53.740158,1.0
68.43027,18.241833,1.0
-12.505353,22.427223,1.0
63.891434,37.66997,5.0
54.192,42.125008,4.0
69.683235,2.7190437,4.0
73.25887,19.046242,3.0
53.776527,39.827496,1.0
66.4059,42.734886,1.0
9.573221,-75.30721,3.0
-24.938768,31.312653,1.0
54.7507,54.962906,3.0
68.52188,-9.937659,
69.29995,-62.171616,3.0
3.46926,-38.239674,1.0
42.56685,-4.1418395,3.0
24.735514,-58.324154,5.0
-1.3687606,37.294132,
-34.95081,64.66569,1.0
22.028109,-45.38465,1.0
66.24207,33.11324,4.0
-39.050877,27.044695,3.0
-16.314638,67.351974,3.0
-65.44359,63.70047,1.0
10.000916,6.7716956,1.0
75.43319,-3.662458,4.0
18.822205,6.3337817,1.0
-31.683867,-69.82015,1.0
7.832023,-38.38918,3.0
37.274334,-49.11824,4.0
69.979904,-65.000534,4.0
43.661957,-52.467644,3.0
-3.464232,-48.476017,5.0
57.162285,40.09944,1.0
77.5868,-21.112946,
-21.907373,-35.95112,1.0
12.281978,-43.95663,1.0
52.126434,-23.698679,1.0
56.453712,-33.502163,1.0
8.992797,-84.8143,1.0
77.26772,22.30001,1.0
-10.809918,-79.04396,
-9.769167,-81.61386,1.0
-14.947544,13.817792,3.0
-5.178663,-82.075005,1.0
-13.099012,23.253134,3.0
78.029755,22.788914,1.0
0.5176798,23.289686,1.0
57.25531,-19.869003,
8.08527,-62.175617,1.0
61.34893,24.243681,1.0
31.374786,-51.519737,1.0
10.832752,24.72861,1.0
9.287193,51.102337,1.0
77.90064,21.799644,1.0
1.9248346,-39.599983,1.0
-16.926107,-8.662398,1.0
-3.304647,-27.52164,4.0
77.03442,-0.8574636,1.0
-25.011175,-51.5163,
-35.014828,64.41596,1.0
-18.166077,46.795437,1.0
69.35792,20.187006,3.0
81.39328,3.0500457,3.0
10.816247,62.11479,3.0
-11.15763,-78.89998,1.0
66.16021,-3.6835468,1.0
-27.751913,-62.46111,1.0
-28.157774,-60.36179,1.0
47.260826,-31.349617,4.0
57.142265,16.056799,3.0
52.735207,55.39626,1.0
30.771908,14.171684,3.0
62.05348,-0.1461212,1.0
-64.25598,66.12721,1.0
7.691178,42.371803,1.0
-23.407703,60.87677,1.0
1.5051358,-62.261253,1.0
57.929424,35.824974,4.0
61.488358,51.436275,4.0
-32.69337,17.127468,3.0
-39.992313,-65.81865,1.0
57.952927,35.690853,1.0
53.357136,47.93403,1.0
-51.83586,-52.50395,4.0
22.638006,-59.08868,1.0
-53.222084,39.604195,3.0
53.883884,42.06154,1.0
78.26005,-5.035143,5.0
2.9453027,-38.36614,1.0
36.535362,-19.774328,5.0
30.234987,-25.38449,3.0
41.495766,-43.17708,1.0
-2.171591,42.179626,3.0
-45.409584,64.57768,1.0
-35.414017,66.18805,1.0
32.47619,-51.334953,
-18.82802,29.33668,1.0
61.170338,-29.13112,4.0
-38.400284,-66.893906,1.0
26.247622,24.658209,5.0
-6.2779484,-44.576077,4.0
-54.007744,-19.123835,4.0
37.721317,-23.394258,3.0
-31.535944,-71.33149,1.0
74.59964,-0.030724013,1.0
-55.083233,54.506374,1.0
-37.118717,-54.48426,
41.7406,-10.500022,1.0
13.643769,-43.139668,1.0
-17.226868,23.983648,1.0
1.0403913,28.737413,1.0
69.2768,16.674145,3.0
-35.245113,66.01741,1.0
-1.5869256,-27.327229,4.0
10.685405,61.51874,1.0
20.226294,-79.016266,
2.7447944,-38.76434,1.0
75.34321,-61.418396,
60.229755,-37.79005,1.0
-16.945454,68.749916,3.0
-27.180202,-49.217907,4.0
-44.16683,63.255867,5.0
-47.68161,41.604656,1.0
-63.032883,-17.310785,
70.04871,-3.7032058,3.0
52.163414,-23.15091,4.0
50.002083,-28.134964,4.0
-48.446182,59.47359,5.0
53.59763,43.14599,3.0
-31.124096,-52.388004,4.0
-47.60581,64.3751,1.0
9.387187,69.93763,5.0
-19.97277,31.410328,1.0
-32.43351,66.0551,1.0
30.25969,-25.686966,3.0
42.1588,-3.0598228,1.0
-51.643406,-53.76529,4.0
79.476204,2.3774133,4.0
35.3297,-41.030876,5.0
6.5242586,-36.878696,1.0
74.11007,18.631416,3.0
51.530853,-24.12774,3.0
-34.532528,-51.512157,1.0
56.978584,55.853848,3.0
-34.27993,28.355148,3.0
63.04381,49.193687,3.0
-48.13786,42.364883,4.0
75.89966,-2.2736046,
-32.902035,-51.734337,1.0
14.403755,-39.713272,4.0
60.472885,-18.15986,5.0
-25.517878,3.7988074,4.0
-38.81925,37.911484,1.0
56.38633,52.888496,5.0
61.217377,-31.709225,4.0
-29.223595,27.716993,1.0
-33.649086,24.742413,4.0
28.585726,-46.94237,1.0
-34.998943,28.184002,3.0
65.757416,51.8591,3.0
54.07376,44.87265,5.0
8.760009,-21.338142,1.0
-2.2668335,-57.136696,3.0
-4.8430333,-43.923935,3.0
-42.03578,-58.375435,1.0
-39.787415,54.1261,5.0
-6.2818165,-45.236774,4.0
15.307383,5.573276,1.0
-38.950886,35.72703,1.0
59.92921,29.912992,1.0
-35.770058,67.56257,4.0
-53.688805,54.513134,1.0
25.524221,-27.610996,3.0
-50.169094,39.6367,4.0
68.984825,-1.7195511,4.0
-11.751376,-85.352036,1.0
53.40944,-35.182495,1.0
-4.4441323,-49.916885,1.0
3.3381658,-37.65623,1.0
3.561174,-37.50393,1.0
-55.62292,42.714382,1.0
3.8260891,-38.53762,1.0
-6.8696594,-85.32745,1.0
8.155174,-87.60851,1.0
-57.370285,43.132084,4.0
61.22255,-33.049515,1.0
70.554276,-68.250534,1.0
2.282248,-37.386826,1.0
44.232243,-47.02494,3.0
42.413677,-45.146233,3.0
-28.729427,-62.074417,3.0
-59.705666,43.92719,5.0
-39.98536,49.52968,1.0
-31.252201,-70.106575,1.0
22.50323,-45.004337,1.0
-51.7326,-54.75569,3.0
55.39255,42.190414,1.0
34.620937,-56.56716,
79.73118,-5.142091,1.0
60.94153,10.250557,
9.635903,-82.1334,1.0
61.326756,15.583229,
53.89239,43.397495,5.0
-60.5717,48.081684,1.0
-29.1882,-47.667324,
76.45519,-3.6688616,4.0
-45.087254,53.906208,3.0
31.216406,-0.92295253,1.0
65.086525,15.12604,1.0
54.47932,36.713837,3.0
53.169407,23.95905,3.0
10.454537,-47.346848,1.0
68.68678,-7.178081,
70.06792,18.77872,4.0
-32.59917,26.83068,4.0
-5.991216,-44.732883,4.0
68.884796,47.22323,3.0
9.331475,-36.97392,1.0
63.49296,43.8836,1.0
-27.099236,-50.3962,
0.011750503,-83.27694,
-4.943823,47.848194,1.0
1.9504441,-37.30538,1.0
-53.69644,-15.542827,
33.253876,-56.70825,1.0
7.1943483,-34.98137,
2.620061,-38.685062,1.0
-5.2838063,-64.039406,1.0
-40.957798,-6.5830483,1.0
-59.560043,62.182343,1.0
-22.724913,41.690464,1.0
70.858864,39.582516,1.0
-64.74559,65.32249,1.0
-60.294254,45.368187,3.0
40.890446,-9.102383,3.0
-39.57225,-16.004328,3.0
-55.563263,53.920345,1.0
-55.516716,41.857014,4.0
36.996384,-16.229473,4.0
-31.418127,19.610445,4.0
-28.690968,34.613583,1.0
-52.91459,58.040447,1.0
-44.11295,-53.31702,
62.94398,57.187767,4.0
-47.329777,57.17091,5.0
-3.3769276,-48.04652,1.0
57.35306,53.540375,3.0
68.60672,-61.58801,
-28.976204,-64.59005,1.0
81.89474,5.761157,
23.666855,-60.329983,1.0
-45.31525,52.245686,1.0
15.717039,-38.852406,1.0
46.15464,-48.1168,1.0
-32.875763,-61.252117,1.0
9.235238,-38.332397,1.0
-12.087692,-85.47182,1.0
10.121639,-47.16547,1.0
60.087692,-33.908577,1.0
-34.77261,-50.241714,1.0
-57.941875,43.103786,3.0
-60.194023,44.555904,3.0
-65.22712,59.18238,5.0
-59.95002,62.519886,1.0
-29.908533,17.54935,4.0
-35.755333,-12.570497,1.0
76.726036,-3.1466992,4.0
81.031586,2.1374376,3.0
-65.31387,66.73376,1.0
-54.573517,63.227917,1.0
78.283325,22.659212,1.0
-56.588226,40.75358,4.0
41.75295,-27.395924,4.0
-41.427578,54.086033,5.0
-6.6978054,-84.699875,1.0
-31.881235,66.07268,4.0
-36.850483,-54.265255,1.0
5.8338957,-41.10618,
76.402176,-2.144609,3.0
61.407124,36.90564,3.0
55.840504,16.010933,5.0
18.289808,-16.105913,1.0
66.66787,46.843414,3.0
-35.678528,67.53199,5.0
-47.304382,54.70237,3.0
40.397064,-49.961544,4.0
62.229946,47.435966,5.0
68.13987,11.090345,5.0
75.82666,-62.18929,3.0
-11.459292,-85.17513,1.0
11.367474,-65.3217,1.0
62.892498,-22.96462,1.0
-11.542803,-85.22139,1.0
68.84325,-5.7205114,1.0
3.164163,-37.507122,1.0
-5.601725,-44.67817,4.0
75.47741,-61.432556,4.0
4.547019,-37.015877,1.0
-46.51847,53.941086,1.0
13.881238,-65.604454,1.0
-48.084534,61.374252,1.0
4.169012,-75.969696,1.0
-63.91342,67.11693,4.0
55.347347,15.821371,1.0
-5.4355345,-69.57333,
64.111206,-19.461872,1.0
31.006046,-29.433315,1.0
41.428627,-47.847507,3.0
-47.478703,63.17202,1.0
16.043137,-78.83891,4.0
75.343185,-61.43985,
8.598923,-81.98981,4.0
10.101992,-81.045395,
74.46042,-60.797173,
65.69324,52.331394,
51.893753,-35.029568,1.0
32.554237,-48.70965,4.0
70.29031,-57.688736,
36.80963,-21.653519,1.0
43.474026,-10.750195,3.0
-58.696426,43.616253,3.0
-31.19261,17.329601,5.0
16.514097,-74.94052,1.0
11.125485,59.461,1.0
29.717838,-50.36387,
-28.498884,-60.54575,3.0
49.61998,-23.712687,4.0
29.694115,8.469982,1.0
58.90406,-17.907433,3.0
76.50318,-0.9470659,4.0
61.30087,-24.663675,1.0
68.69407,11.097019,1.0
49.83198,-30.21105,
68.41489,-62.07023,
-55.25129,60.627434,1.0
3.2543683,-38.628345,1.0
2.4287198,-38.962296,1.0
2.7822585,-38.754673,1.0
3.8562872,-38.204144,1.0
4.0700088,-37.880424,1.0
-63.175125,-17.348866,
-50.212025,-47.272594,1.0
-48.18299,-50.003956,
3.2768276,-38.523376,1.0
5.978923,-38.689114,1.0
3.01562,-37.599796,1.0
11.272565,-38.784283,5.0
12.002388,-39.55465,1.0
70.6617,-57.68918,1.0
-57.22197,61.406414,5.0
-42.59552,-22.265673,4.0
5.4593215,-63.9871,1.0
12.789879,-63.887165,1.0
8.989122,-47.05128,
35.575333,-62.76444,1.0
73.77569,-11.218309,1.0
-45.974445,66.22039,5.0
60.545586,55.903988,5.0
-31.881573,-50.810577,
4.635677,-36.863647,1.0
2.5038188,-37.68416,1.0
69.79881,-59.182632,
-43.64343,-61.251408,1.0
79.74282,20.686071,3.0
70.82154,-69.07245,1.0
-31.50516,19.659256,3.0
28.381617,-26.017607,3.0
-49.548466,-54.213665,1.0
13.825013,-76.260735,1.0
72.909454,-59.252007,3.0
-61.77451,60.518856,3.0
29.76622,-62.55246,1.0
70.55511,-68.25037,
9.77493,-38.156857,3.0
3.9092693,-39.283623,1.0
30.152433,-51.68498,1.0
46.924347,-31.877289,4.0
46.53891,-27.741194,1.0
35.966606,-35.99462,1.0
-6.1479177,-48.664337,1.0
28.991947,-29.666086,1.0
27.062563,-27.252247,3.0
4.2075543,-38.23328,1.0
-60.699562,48.44844,3.0
2.739122,-38.53272,1.0
2.4775019,-37.606033,1.0
9.754965,-38.13325,1.0
2.950812,-37.652435,1.0
6.0031676,-38.682076,1.0
55.17894,31.957977,1.0
30.425053,51.36409,3.0
-34.009193,24.99041,3.0
66.5405,38.235554,1.0
25.636337,-46.225655,4.0
-31.308044,34.534527,1.0
70.82591,-68.197754,1.0
32.15258,-48.93038,1.0
48.37129,-21.636316,
53.946873,-25.79037,1.0
60.207596,-37.861553,1.0
37.214684,-61.307697,1.0
-54.829494,54.39666,1.0
68.55196,-61.638634,1.0
-57.23085,55.7426,5.0
60.176147,23.148798,1.0
-26.91077,-67.7341,4.0
43.31604,-42.218807,1.0
-32.099266,21.031693,3.0
-10.824521,-61.951534,
58.545067,52.946087,3.0
4.29111,-36.879814,
15.056661,-39.147194,1.0
-39.744473,37.42196,3.0
8.4396515,-83.31822,1.0
-35.16469,66.00413,5.0
-32.859856,-61.345192,1.0
42.12244,-28.443098,1.0
-55.89667,41.33499,4.0
-35.243793,26.83734,1.0
-49.177753,53.88529,4.0
-64.69589,61.922966,1.0
-32.10601,-50.75733,1.0
-32.11205,20.133799,4.0
65.15695,11.110709,1.0
76.83867,-20.627111,
25.447937,-58.455357,
-12.3687,-85.63312,1.0
46.18811,-50.19527,1.0
-30.575731,24.144836,1.0
11.311463,-38.619926,3.0
53.488777,-25.060932,1.0
-0.40209362,-74.00189,1.0
-43.663464,-52.30255,4.0
70.6617,-57.68918,
18.047201,-16.006464,1.0
-56.262085,60.173397,1.0
-6.8381653,-84.46115,1.0
68.34747,47.22362,3.0
-4.1719112,-65.9634,1.0
42.970955,-10.724554,4.0
63.985012,38.085,1.0
3.3189023,-74.97325,4.0
53.967693,20.486681,3.0
-34.858818,18.420738,4.0
-63.59579,66.4937,1.0
30.699078,-29.005741,1.0
-56.566578,42.16018,1.0
-3.3813674,-51.36662,4.0
-54.467422,42.287537,4.0
25.671377,-30.170897,1.0
70.82154,-69.07245,3.0
-32.251606,-50.41991,
-25.86169,20.431564,1.0
-39.78585,37.5775,3.0
-31.192442,-69.83358,
-51.618942,55.452427,4.0
-33.560135,66.00651,1.0
2.9196,-22.522585,1.0
72.57656,33.21381,1.0
-3.2806692,-51.277126,4.0
-33.55637,-49.20972,
75.20969,-9.603111,1.0
46.54862,-48.709026,
10.486111,-37.86692,1.0
9.849353,-38.041115,1.0
10.48703,-37.865612,1.0
8.812183,-38.18721,1.0
-32.108273,21.371748,3.0
55.001953,15.085501,
-30.530123,-69.348495,1.0
75.021675,-9.551344,1.0
32.153534,-48.970333,4.0
-31.83219,58.8948,1.0
59.147343,30.348665,3.0
32.762363,-65.41411,1.0
-7.9067516,-70.304794,
11.641072,-43.282005,1.0
30.511675,-27.43275,3.0
13.630583,-43.0972,1.0
76.808426,-21.969702,1.0
25.269388,-27.052692,1.0
-42.475376,39.984055,3.0
-37.270725,34.141594,1.0
55.11716,42.703472,1.0
-36.030003,-53.82873,1.0
40.60313,-48.403187,1.0
80.74404,20.153625,5.0
-37.905434,-69.84474,
8.343379,70.94417,3.0
68.627716,-61.585114,4.0
22.891157,-59.012234,1.0
-46.892056,55.487232,1.0
68.06118,41.63753,1.0
-4.109896,-66.8321,3.0
-4.860201,1.7970402,1.0
10.493117,-63.96619,4.0
-36.581432,69.26791,1.0
-5.5563927,-44.720303,1.0
-60.29044,45.62377,3.0
24.724617,-29.35849,1.0
58.67451,20.366596,1.0
72.182465,-59.316914,4.0
59.579205,-15.082088,1.0
42.192127,-9.681411,1.0
-46.40795,62.907116,5.0
-48.16667,61.2776,5.0
-64.92665,67.042854,5.0
-64.70484,66.93142,1.0
-63.665787,60.775864,5.0
-48.453327,66.828445,1.0
-44.02541,-52.651375,
-25.413736,-53.662754,1.0
-60.174797,61.437416,1.0
25.538515,-61.672916,4.0
-42.683846,44.36913,1.0
-3.774843,-47.478146,1.0
-20.851763,-51.45649,1.0
75.790115,1.8314193,1.0
73.35012,-19.73218,
-58.791264,62.97899,1.0
63.784595,-1.649097,3.0
65.48149,52.154087,5.0
-4.4383335,-43.26357,4.0
30.345669,-36.41192,3.0
62.634083,36.69092,4.0
10.371617,-45.672672,1.0
64.074425,48.750725,4.0
64.11293,37.73898,4.0
15.89095,-38.765156,1.0
15.897156,-38.756855,
-21.551908,-50.48779,1.0
27.2155,-60.08453,1.0
51.43381,-34.440544,1.0
-1.2279674,-65.19948,1.0
-13.668485,-74.70406,1.0
11.446009,-43.07024,
-13.016633,-73.84095,1.0
23.024147,-59.230755,1.0
31.945192,-56.061043,4.0
29.3811,-65.13939,1.0
-4.243493,-83.352745,1.0
