movieId,budget,revenue,runtime,release_date,vote_average_tmdb,vote_count_tmdb
1.0,30000000.0,401157969.0,81.0,1995-11-22,7.971,19514.0
2.0,65000000.0,262821940.0,104.0,1995-12-15,7.244,11078.0
3.0,25000000.0,71500000.0,101.0,1995-12-22,6.482,415.0
4.0,16000000.0,81452156.0,123.0,1995-12-22,6.234,190.0
5.0,0.0,76594107.0,106.0,1995-12-08,6.3,788.0
6.0,60000000.0,187400000.0,170.0,1995-12-15,7.927,8057.0
7.0,58000000.0,53672080.0,127.0,1995-12-15,6.212,667.0
8.0,0.0,23920048.0,97.0,1995-12-22,5.263,205.0
9.0,35000000.0,64350171.0,110.0,1995-10-27,6.015,783.0
10.0,60000000.0,352194034.0,130.0,1995-11-16,6.898,4208.0
11.0,62000000.0,107879496.0,115.0,1995-11-17,6.531,763.0
12.0,30000000.0,10772144.0,88.0,1995-12-22,6.066,1076.0
13.0,31000000.0,11348324.0,74.0,1995-12-22,7.303,2135.0
14.0,44000000.0,13681765.0,212.0,1995-12-22,6.861,388.0
15.0,102000000.0,16000000.0,123.0,1995-12-22,5.8,601.0
16.0,50000000.0,116112375.0,178.0,1995-11-22,8.0,6357.0
17.0,16000000.0,134582776.0,136.0,1995-12-13,7.424,1804.0
18.0,4000000.0,4257354.0,98.0,1995-12-09,5.885,2792.0
19.0,30000000.0,212385533.0,91.0,1995-11-10,6.321,4428.0
20.0,68000000.0,77224232.0,110.0,1995-11-21,5.845,833.0
21.0,30250000.0,115101622.0,105.0,1995-10-20,6.499,1176.0
22.0,20000000.0,32000000.0,124.0,1995-10-27,6.465,1205.0
23.0,50000000.0,30303072.0,135.0,1995-10-06,6.491,1665.0
24.0,9500000.0,30900000.0,112.0,1995-10-27,7.0,700.0
25.0,3600000.0,49800000.0,111.0,1995-10-27,7.249,1594.0
26.0,11000000.0,2800000.0,123.0,1995-12-15,6.3,148.0
27.0,12000000.0,27400000.0,100.0,1995-10-20,6.885,466.0
28.0,1500000.0,5269757.0,104.0,1995-05-01,7.132,140.0
29.0,18000000.0,1738611.0,112.0,1995-05-17,7.236,1184.0
30.0,2300000.0,0.0,108.0,1995-09-14,6.8,105.0
31.0,23000000.0,179519401.0,99.0,1995-08-11,6.959,1229.0
32.0,29000000.0,168841459.0,130.0,1995-12-29,7.603,8899.0
34.0,30000000.0,254100000.0,91.0,1995-07-18,6.257,3055.0
36.0,11000000.0,39363635.0,122.0,1995-12-29,7.32,1459.0
38.0,19474589.0,19474589.0,101.0,1995-11-17,6.492,949.0
39.0,12000000.0,56631572.0,98.0,1995-07-19,7.256,4702.0
40.0,0.0,676525.0,116.0,1995-12-15,6.7,26.0
41.0,0.0,2748518.0,104.0,1995-12-29,6.725,191.0
42.0,10000000.0,24100000.0,119.0,1995-09-29,6.663,312.0
43.0,19000000.0,4005941.0,117.0,1995-12-29,6.05,129.0
44.0,18000000.0,122195920.0,102.0,1995-08-18,5.877,2448.0
45.0,20000000.0,21300000.0,102.0,1995-09-22,6.6,856.0
46.0,10000000.0,41200020.0,117.0,1995-10-06,6.39,191.0
47.0,33000000.0,327311859.0,130.0,1995-09-22,8.379,22555.0
48.0,55000000.0,346079773.0,82.0,1995-06-16,6.911,5974.0
49.0,0.0,0.0,94.0,1995-02-01,6.261,88.0
50.0,6000000.0,23300000.0,106.0,1995-07-19,8.171,11123.0
52.0,15000000.0,26000000.0,94.0,1995-09-13,6.715,729.0
53.0,0.0,0.0,112.0,1994-09-09,7.1,62.0
54.0,0.0,0.0,99.0,1995-09-29,5.6,195.0
55.0,0.0,1110974.0,118.0,1995-05-19,5.7,46.0
57.0,20000000.0,22119269.0,105.0,1995-11-02,6.2,187.0
58.0,3000000.0,33000000.0,108.0,1994-09-22,7.9,1194.0
60.0,45000000.0,35700000.0,96.0,1995-07-14,6.458,661.0
61.0,20000000.0,26877589.0,101.0,1996-01-12,6.208,448.0
62.0,31000000.0,106300000.0,143.0,1995-12-29,6.954,441.0
63.0,3800000.0,20100000.0,85.0,1996-01-12,7.0,1438.0
64.0,0.0,10658278.0,96.0,1996-01-12,4.9,97.0
65.0,8500000.0,13400000.0,88.0,1996-01-12,4.519,393.0
66.0,15000000.0,2409225.0,93.0,1996-01-12,3.289,168.0
68.0,0.0,0.0,105.0,1995-01-18,6.057,318.0
69.0,3500000.0,28215918.0,87.0,1995-04-26,7.1,1949.0
70.0,19000000.0,25800000.0,107.0,1996-01-19,7.036,6332.0
71.0,50000000.0,11500000.0,90.0,1995-11-03,5.12,329.0
72.0,0.0,718490.0,96.0,1995-10-06,6.177,232.0
73.0,0.0,0.0,175.0,1995-03-22,6.7,83.0
74.0,0.0,19030691.0,87.0,1996-01-26,5.847,121.0
75.0,15000000.0,2042530.0,90.0,1996-01-26,4.6,77.0
76.0,20000000.0,5781885.0,108.0,1995-09-08,6.224,585.0
77.0,0.0,0.0,70.0,1995-09-08,7.5,10.0
78.0,0.0,0.0,111.0,1995-01-26,6.0,282.0
79.0,44000000.0,22754725.0,125.0,1996-02-02,5.671,427.0
80.0,0.0,0.0,85.0,1995-01-02,7.5,102.0
81.0,8000000.0,529766.0,116.0,1995-12-01,6.5,415.0
82.0,900000.0,0.0,102.0,1995-09-21,6.904,140.0
83.0,0.0,0.0,115.0,1996-01-26,3.6,5.0
85.0,0.0,0.0,118.0,1995-09-10,6.134,56.0
86.0,38000000.0,10300000.0,125.0,1996-02-02,6.258,392.0
87.0,16000000.0,0.0,84.0,1996-01-12,5.369,241.0
88.0,32400000.0,32000000.0,87.0,1996-02-01,6.072,445.0
89.0,33000000.0,8175346.0,90.0,1995-11-22,6.232,777.0
92.0,47000000.0,12379402.0,108.0,1996-02-23,5.757,336.0
93.0,14000000.0,19800000.0,96.0,1995-10-26,5.08,619.0
94.0,16000000.0,27000000.0,112.0,1996-02-09,6.636,389.0
95.0,50000000.0,150300000.0,108.0,1996-02-09,6.062,1622.0
96.0,0.0,0.0,99.0,1995-09-29,7.1,42.0
97.0,2600000.0,15300000.0,98.0,1995-05-31,8.1,4417.0
99.0,0.0,0.0,106.0,1995-12-27,6.6,14.0
100.0,40000000.0,33440204.0,111.0,1996-02-16,5.9,308.0
101.0,7000000.0,1040879.0,91.0,1996-02-21,6.7,1148.0
102.0,0.0,0.0,96.0,1996-02-16,3.952,63.0
103.0,18000000.0,0.0,117.0,1996-02-23,5.598,112.0
104.0,12000000.0,41422354.0,88.0,1996-02-16,6.673,3221.0
105.0,24000000.0,182000000.0,135.0,1995-06-02,7.705,2315.0
106.0,0.0,0.0,104.0,1994-11-07,6.157,35.0
107.0,31000000.0,34327766.0,99.0,1996-02-16,6.7,448.0
108.0,0.0,0.0,95.0,1995-12-08,7.5,8.0
110.0,72000000.0,213216216.0,178.0,1995-05-24,7.941,10848.0
111.0,1900000.0,28579636.0,115.0,1976-02-09,8.13,13140.0
112.0,7500000.0,76028558.0,98.0,1995-01-21,6.82,1120.0
113.0,35000000.0,8797839.0,101.0,1996-02-23,5.9,205.0
116.0,0.0,0.0,117.0,1995-06-08,7.7,23.0
117.0,0.0,0.0,99.0,1995-01-20,6.6,52.0
118.0,5000000.0,2420162.0,92.0,1996-03-08,5.3,59.0
119.0,25000000.0,6278139.0,135.0,1995-09-29,4.3,22.0
121.0,0.0,204540.0,93.0,1994-06-03,7.2,42.0
122.0,40000000.0,131052444.0,111.0,1992-06-30,5.653,609.0
123.0,160000.0,0.0,102.0,1994-07-14,7.963,2105.0
125.0,7000000.0,14702438.0,92.0,1996-03-22,6.179,266.0
126.0,17000000.0,0.0,95.0,1994-10-26,4.472,418.0
128.0,0.0,0.0,87.0,1995-09-08,7.1,7.0
129.0,0.0,0.0,95.0,1996-02-09,6.607,14.0
132.0,50000000.0,9851610.0,95.0,1995-10-13,5.5,285.0
135.0,0.0,37553585.0,92.0,1996-03-01,6.384,503.0
137.0,0.0,209935.0,86.0,1995-09-15,2.786,7.0
140.0,60000000.0,100688562.0,129.0,1996-03-01,6.278,234.0
141.0,31000000.0,185300000.0,119.0,1996-03-08,7.048,1300.0
144.0,25000.0,19326506.0,98.0,1995-08-11,6.0,98.0
145.0,19000000.0,141407024.0,119.0,1995-04-07,6.827,6795.0
146.0,0.0,7506759.0,84.0,1995-08-25,5.6,93.0
147.0,2000000.0,2381087.0,100.0,1995-04-21,7.4,2137.0
148.0,4000000.0,851545.0,113.0,1995-05-11,6.541,68.0
149.0,0.0,0.0,100.0,1994-08-05,6.1,102.0
150.0,52000000.0,355237933.0,140.0,1995-06-30,7.5,5744.0
151.0,28000000.0,31600000.0,133.0,1995-04-13,6.703,693.0
152.0,0.0,302393.0,82.0,1995-10-06,6.464,304.0
153.0,100000000.0,336529144.0,121.0,1995-06-16,5.453,5475.0
154.0,0.0,0.0,101.0,1967-05-24,7.307,993.0
155.0,23000000.0,14700000.0,100.0,1995-08-25,6.6,83.0
156.0,2000000.0,1300000.0,85.0,1995-09-15,6.5,177.0
157.0,11000000.0,178104.0,91.0,1995-06-08,5.736,239.0
158.0,50000000.0,287928194.0,101.0,1995-05-26,6.333,4838.0
159.0,25000000.0,13100000.0,129.0,1995-09-15,6.708,344.0
160.0,50000000.0,152022101.0,108.0,1995-06-09,5.586,954.0
161.0,53000000.0,157387195.0,115.0,1995-05-12,7.176,1932.0
162.0,0.0,3041083.0,120.0,1994-09-10,7.5,273.0
163.0,7000000.0,25405445.0,107.0,1995-08-25,6.926,3059.0
164.0,27000000.0,16140822.0,97.0,1995-09-29,6.45,441.0
165.0,90000000.0,366101666.0,128.0,1995-05-19,7.276,6510.0
166.0,800000.0,284785.0,85.0,1995-10-20,6.5,301.0
168.0,55000000.0,127600435.0,129.0,1995-07-07,6.101,1309.0
169.0,31000000.0,30077111.0,95.0,1995-07-19,5.917,614.0
170.0,20000000.0,7563728.0,105.0,1995-09-14,6.38,1418.0
171.0,0.0,3487767.0,92.0,1995-08-18,6.2,67.0
172.0,25000000.0,19075720.0,98.0,1995-05-26,5.767,1474.0
173.0,90000000.0,113493481.0,96.0,1995-06-30,5.8,2651.0
174.0,0.0,17014653.0,88.0,1995-04-12,4.35,127.0
175.0,1500000.0,20412216.0,91.0,1995-07-28,6.892,1236.0
176.0,500000.0,1148752.0,91.0,1995-07-21,7.176,310.0
177.0,0.0,13294594.0,108.0,1995-08-25,5.963,367.0
178.0,0.0,0.0,100.0,1994-07-22,5.7,45.0
179.0,0.0,15453274.0,96.0,1995-05-26,5.143,122.0
180.0,6000000.0,2122561.0,96.0,1995-10-20,6.757,1340.0
181.0,15000000.0,66433194.0,92.0,1995-06-30,5.858,748.0
183.0,0.0,0.0,95.0,1995-09-15,6.4,151.0
184.0,0.0,0.0,93.0,1995-09-01,5.5,56.0
185.0,22000000.0,110627965.0,114.0,1995-07-28,6.029,1473.0
186.0,35000000.0,138500000.0,108.0,1995-07-12,5.711,688.0
187.0,150000.0,472370.0,94.0,1995-06-09,6.399,89.0
188.0,8000000.0,16115878.0,98.0,1995-08-05,6.5,546.0
189.0,0.0,0.0,91.0,1995-11-17,6.6,8.0
190.0,1000000.0,512558.0,118.0,1995-06-23,6.968,330.0
191.0,50000000.0,10382407.0,128.0,1995-10-13,6.109,507.0
193.0,45000000.0,20367472.0,131.0,1995-09-22,5.585,1342.0
194.0,7000000.0,8349430.0,103.0,1995-06-09,7.202,518.0
195.0,30000000.0,77300000.0,106.0,1995-08-04,5.636,250.0
196.0,35000000.0,113400000.0,108.0,1995-07-07,6.0,1789.0
198.0,42000000.0,7959291.0,145.0,1995-10-13,7.012,1487.0
199.0,200000.0,7600000.0,91.0,1964-02-19,7.4,861.0
201.0,10000000.0,7027000.0,115.0,1995-10-27,6.229,83.0
202.0,0.0,339889.0,103.0,1995-11-03,6.4,548.0
203.0,0.0,47774193.0,109.0,1995-09-08,7.362,741.0
204.0,60000000.0,104324083.0,100.0,1995-07-13,5.85,991.0
205.0,0.0,0.0,93.0,1995-09-15,6.0,30.0
206.0,0.0,0.0,73.0,1995-08-11,5.2,18.0
207.0,20000000.0,50012507.0,102.0,1995-05-27,7.36,1097.0
208.0,175000000.0,264218220.0,136.0,1995-07-28,6.22,3962.0
209.0,7000000.0,9000000.0,89.0,1995-12-01,5.119,85.0
210.0,30000000.0,2193982.0,98.0,1995-12-01,5.74,167.0
211.0,0.0,487391.0,97.0,1994-06-08,6.439,57.0
212.0,0.0,7919823.0,90.0,1995-08-04,5.35,127.0
213.0,2800000.0,2616503.0,135.0,1994-05-01,6.936,196.0
214.0,0.0,763847.0,113.0,1994-06-09,7.36,182.0
215.0,2500000.0,5987386.0,101.0,1995-01-27,8.0,4546.0
216.0,10000000.0,26488734.0,100.0,1995-02-10,6.192,1757.0
217.0,0.0,0.0,90.0,1995-10-17,5.2,177.0
218.0,21000000.0,23450000.0,115.0,1995-02-03,6.4,247.0
219.0,0.0,2568235.0,98.0,1995-04-21,7.94,344.0
220.0,0.0,0.0,90.0,1996-04-20,6.1,234.0
222.0,15000000.0,45000000.0,102.0,1995-04-07,6.247,95.0
223.0,27575.0,3151130.0,92.0,1994-10-19,7.385,2685.0
224.0,25000000.0,68792531.0,97.0,1994-10-12,6.721,784.0
225.0,55000000.0,214015089.0,123.0,1994-12-09,6.251,1244.0
227.0,45000000.0,62000000.0,101.0,1994-12-08,5.7,442.0
228.0,0.0,1200000.0,92.0,1995-04-28,5.0,46.0
229.0,12000000.0,8003716.0,100.0,1994-05-04,7.071,544.0
230.0,13000000.0,46400000.0,131.0,1995-03-24,7.265,850.0
231.0,16000000.0,247275374.0,113.0,1994-12-16,6.644,6540.0
232.0,0.0,24194403.0,124.0,1994-08-03,7.643,388.0
233.0,2000000.0,4221036.0,103.0,1994-09-29,6.6,380.0
234.0,27500000.0,6800000.0,113.0,1994-10-14,4.1,95.0
235.0,18000000.0,5900000.0,127.0,1994-09-28,7.483,2464.0
236.0,0.0,101982854.0,111.0,1995-05-05,6.463,776.0
237.0,0.0,33177694.0,101.0,1995-05-19,6.3,159.0
238.0,0.0,0.0,81.0,1995-01-13,6.179,95.0
239.0,18000000.0,35348597.0,78.0,1995-04-05,7.018,1873.0
240.0,15000000.0,12201255.0,106.0,1995-03-03,5.223,168.0
241.0,15000000.0,4000000.0,95.0,1995-06-02,7.087,276.0
242.0,0.0,0.0,116.0,1994-12-01,6.559,186.0
243.0,0.0,3992809.0,90.0,1995-05-12,5.3,32.0
246.0,700000.0,7830611.0,174.0,1994-09-12,7.585,325.0
247.0,5000000.0,3049135.0,99.0,1994-09-12,6.974,1008.0
248.0,10500000.0,26300000.0,109.0,1995-01-06,5.441,76.0
249.0,120.0,0.0,121.0,1994-12-16,7.085,361.0
250.0,10000000.0,17700000.0,90.0,1995-02-17,6.143,402.0
251.0,15000000.0,6600000.0,111.0,1995-02-24,5.683,120.0
252.0,25000000.0,26381221.0,92.0,1994-12-24,6.016,480.0
253.0,60000000.0,223664608.0,123.0,1994-11-11,7.383,6275.0
254.0,14000000.0,2474000.0,139.0,1995-03-31,5.0,45.0
255.0,0.0,0.0,82.0,1995-02-03,4.324,34.0
256.0,60000000.0,108400000.0,110.0,1994-11-22,5.187,1598.0
257.0,0.0,36853222.0,105.0,1995-02-17,6.262,606.0
258.0,0.0,0.0,90.0,1995-08-11,5.0,190.0
259.0,40000000.0,14942422.0,101.0,1995-04-21,5.674,350.0
260.0,11000000.0,775398007.0,121.0,1977-05-25,8.202,21890.0
261.0,18000000.0,94983123.0,115.0,1994-12-21,7.273,1319.0
262.0,17000000.0,10000000.0,97.0,1995-05-10,7.615,1022.0
263.0,0.0,0.0,101.0,1994-02-18,7.2,101.0
265.0,2000000.0,21744201.0,123.0,1992-04-16,7.274,545.0
266.0,30000000.0,160638883.0,133.0,1994-12-23,7.4,2785.0
267.0,0.0,30112050.0,97.0,1995-03-24,6.451,865.0
269.0,0.0,3267313.0,92.0,1994-06-08,6.6,35.0
270.0,60000000.0,18300000.0,108.0,1994-10-21,5.4,60.0
271.0,17000000.0,7603766.0,106.0,1995-03-17,6.5,103.0
272.0,0.0,15238994.0,107.0,1994-12-28,6.792,253.0
273.0,45000000.0,112000000.0,123.0,1994-11-04,6.443,1334.0
274.0,0.0,0.0,96.0,1995-03-03,5.4,185.0
275.0,15000000.0,0.0,97.0,1994-12-21,5.37,215.0
276.0,0.0,18137661.0,110.0,1994-08-31,6.379,301.0
277.0,0.0,46264384.0,114.0,1994-11-18,6.754,1130.0
278.0,0.0,5.0,95.0,1995-01-27,5.229,59.0
279.0,5500000.0,11079373.0,128.0,1995-05-03,7.4,81.0
280.0,20000000.0,29500000.0,122.0,1995-01-20,7.148,597.0
281.0,20000000.0,39491975.0,110.0,1994-12-23,6.863,329.0
282.0,31000000.0,106683817.0,112.0,1994-12-23,6.547,539.0
283.0,5000000.0,0.0,98.0,1995-04-19,6.244,45.0
284.0,0.0,0.0,88.0,1993-08-14,2.813,9.0
285.0,4800000.0,0.0,89.0,1994-04-22,4.6,9.0
287.0,0.0,0.0,100.0,1995-03-03,5.4,14.0
288.0,34000000.0,50283563.0,118.0,1994-08-26,7.054,3689.0
289.0,0.0,20059210.0,115.0,1994-03-04,6.734,553.0
290.0,950000.0,6700000.0,98.0,1994-09-02,7.4,471.0
291.0,0.0,0.0,106.0,1996-04-26,4.615,139.0
292.0,50000000.0,189900000.0,128.0,1995-03-10,6.561,2420.0
293.0,16000000.0,45284974.0,110.0,1994-09-14,8.297,15751.0
294.0,11000000.0,2832826.0,113.0,1995-05-12,6.0,40.0
295.0,0.0,345972.0,94.0,1995-04-28,5.1,15.0
296.0,8000000.0,213928762.0,154.0,1994-09-10,8.486,29628.0
298.0,400000.0,152322.0,105.0,1991-12-07,7.3,84.0
299.0,0.0,4176932.0,98.0,1995-03-24,6.259,145.0
300.0,31000000.0,24822619.0,132.0,1994-08-25,7.257,961.0
301.0,0.0,0.0,94.0,1995-05-05,6.4,24.0
302.0,0.0,1318578.0,158.0,1994-05-13,7.194,410.0
303.0,35000000.0,47000000.0,105.0,1995-02-09,6.535,1894.0
304.0,22000000.0,12400000.0,108.0,1995-03-03,5.7,29.0
305.0,15000000.0,11300653.0,133.0,1994-12-23,5.2,223.0
306.0,0.0,4127033.0,100.0,1994-05-12,7.909,1518.0
307.0,0.0,1527572.0,100.0,1993-09-08,7.643,1843.0
308.0,0.0,1273525.0,100.0,1994-01-26,7.449,1296.0
310.0,0.0,0.0,85.0,1995-01-01,5.574,74.0
311.0,0.0,0.0,90.0,1994-12-16,4.6,7.0
312.0,6300000.0,912082.0,95.0,1995-04-12,5.2,25.0
313.0,20000000.0,9771658.0,89.0,1994-11-18,6.58,987.0
314.0,5700000.0,6160000.0,103.0,1994-05-14,6.689,95.0
315.0,45000000.0,170362582.0,110.0,1994-10-07,5.933,1397.0
316.0,55000000.0,196567262.0,121.0,1994-10-28,7.014,3685.0
317.0,22000000.0,189833357.0,97.0,1994-11-11,6.514,2247.0
318.0,25000000.0,28341469.0,140.0,1994-09-23,8.716,29656.0
319.0,2500000.0,19779614.0,95.0,1994-12-22,7.0,1101.0
320.0,0.0,102780.0,96.0,1993-09-14,6.4,39.0
321.0,0.0,2087569.0,108.0,1993-12-01,7.0,82.0
322.0,700000.0,382928.0,89.0,1994-09-10,6.623,329.0
324.0,0.0,0.0,102.0,1994-07-28,6.7,72.0
325.0,0.0,0.0,91.0,1995-09-08,5.455,101.0
326.0,0.0,0.0,133.0,1994-05-18,8.056,357.0
327.0,25000000.0,4064495.0,99.0,1995-03-31,5.468,558.0
328.0,13000000.0,21089146.0,92.0,1995-01-13,6.9,536.0
329.0,38000000.0,118071125.0,115.0,1994-11-18,6.514,1441.0
330.0,6000000.0,12000000.0,98.0,1995-05-24,6.268,181.0
331.0,0.0,0.0,115.0,1994-04-15,6.091,33.0
332.0,22000000.0,9418365.0,98.0,1995-04-28,6.1,889.0
333.0,20000000.0,32648673.0,98.0,1995-03-31,6.802,1023.0
334.0,0.0,1746050.0,119.0,1994-10-19,6.577,91.0
335.0,6500000.0,0.0,99.0,1995-04-28,5.7,86.0
336.0,0.0,6014541.0,88.0,1995-02-24,5.793,29.0
337.0,11000000.0,10000000.0,112.0,1993-12-17,7.664,4184.0
338.0,30000000.0,24048000.0,101.0,1995-08-04,5.505,586.0
339.0,17000000.0,182100000.0,103.0,1995-04-21,7.022,1961.0
340.0,0.0,16.0,127.0,1994-11-04,6.629,217.0
341.0,0.0,759393.0,87.0,1994-09-07,6.25,18.0
342.0,3000000.0,15119639.0,105.0,1994-09-29,6.8,480.0
343.0,0.0,0.0,85.0,1995-08-18,5.351,97.0
344.0,15000000.0,107217396.0,86.0,1994-02-04,6.571,6205.0
345.0,2000000.0,29700000.0,104.0,1994-05-31,7.3,886.0
346.0,0.0,0.0,100.0,1994-04-01,6.1,107.0
347.0,5000000.0,1862805.0,139.0,1992-09-02,7.099,825.0
348.0,20000000.0,37483747.0,99.0,1994-10-14,7.1,655.0
349.0,62000000.0,215887717.0,136.0,1994-08-03,6.6,1635.0
350.0,45000000.0,117615211.0,116.0,1994-07-20,6.699,1320.0
351.0,12500000.0,20100000.0,115.0,1994-08-12,6.682,443.0
352.0,14000000.0,0.0,114.0,1994-05-13,6.8,154.0
353.0,23000000.0,93722164.0,102.0,1994-05-11,7.52,4403.0
354.0,25500000.0,1007583.0,128.0,1994-12-02,5.887,93.0
355.0,46000000.0,341631208.0,91.0,1994-05-27,5.366,2573.0
356.0,55000000.0,677387716.0,142.0,1994-06-23,8.462,29181.0
357.0,4400000.0,245700832.0,117.0,1994-03-09,6.771,2924.0
358.0,20000000.0,38300000.0,127.0,1995-01-11,6.3,232.0
359.0,0.0,1777020.0,104.0,1994-10-14,6.2,20.0
360.0,45000000.0,61947267.0,123.0,1994-06-29,5.484,223.0
361.0,20000000.0,37939757.0,101.0,1994-07-16,6.7,887.0
362.0,27000000.0,53508356.0,115.0,1994-12-23,5.974,488.0
363.0,0.0,449707.0,188.0,1993-09-11,7.129,30.0
364.0,45000000.0,763455561.0,88.0,1994-06-15,8.255,19341.0
365.0,35000000.0,4900000.0,141.0,1993-12-01,6.272,436.0
366.0,8000000.0,19721741.0,112.0,1994-10-13,6.461,1536.0
367.0,23000000.0,351583407.0,100.0,1994-07-29,6.975,10984.0
368.0,75000000.0,183031272.0,121.0,1994-05-20,6.889,1714.0
369.0,0.0,0.0,126.0,1994-09-07,5.8,56.0
370.0,30000000.0,132032598.0,82.0,1994-03-18,6.492,2424.0
371.0,6000000.0,48400000.0,112.0,1994-03-18,6.577,227.0
372.0,11500000.0,33351557.0,95.0,1994-02-18,6.553,778.0
373.0,8000000.0,2500000.0,98.0,1993-05-14,6.737,382.0
374.0,40000000.0,38087756.0,95.0,1994-12-19,5.944,2373.0
376.0,45000000.0,94216343.0,107.0,1994-09-30,6.448,936.0
377.0,30000000.0,350448145.0,116.0,1994-06-09,7.146,6665.0
378.0,38000000.0,25067959.0,99.0,1994-12-16,5.927,103.0
379.0,28000000.0,128953581.0,99.0,1994-09-15,6.009,1270.0
380.0,115000000.0,378900000.0,140.0,1994-07-15,7.084,4437.0
381.0,0.0,50021959.0,126.0,1994-04-29,6.591,374.0
382.0,70000000.0,131002597.0,135.0,1994-06-17,6.128,985.0
383.0,63000000.0,25052000.0,190.0,1994-06-24,6.768,905.0
384.0,0.0,0.0,108.0,1995-01-20,4.9,69.0
385.0,0.0,934550.0,99.0,1994-12-24,6.0,19.0
386.0,0.0,0.0,96.0,1995-01-20,5.968,110.0
387.0,10000000.0,29392418.0,100.0,1994-11-23,5.598,117.0
388.0,0.0,0.0,91.0,1994-09-30,4.615,13.0
389.0,0.0,0.0,110.0,1994-09-21,6.465,71.0
390.0,45000.0,36122.0,83.0,1965-08-06,6.345,354.0
391.0,7000000.0,20851521.0,120.0,1994-05-22,6.7,55.0
393.0,35000000.0,99423521.0,102.0,1994-12-23,4.7,1589.0
405.0,30000000.0,36738574.0,94.0,1994-11-29,4.8,535.0
406.0,0.0,0.0,95.0,1995-02-24,4.4,10.0
407.0,8000000.0,8946600.0,95.0,1995-02-03,7.205,1840.0
408.0,7000000.0,19623396.0,105.0,1994-02-25,7.165,106.0
409.0,0.0,0.0,96.0,1994-03-23,6.977,214.0
410.0,47000000.0,48919043.0,94.0,1993-11-19,6.971,3249.0
412.0,34000000.0,32255440.0,135.0,1993-09-10,6.966,1186.0
413.0,15000000.0,5751882.0,92.0,1994-08-05,6.161,793.0
414.0,17000000.0,21011500.0,107.0,1994-01-07,6.159,160.0
415.0,30000000.0,30008496.0,109.0,1993-07-22,5.4,241.0
416.0,0.0,15240435.0,99.0,1994-04-22,5.4,260.0
417.0,3200000.0,0.0,100.0,1994-07-29,6.2,86.0
418.0,40000000.0,5000000.0,122.0,1994-05-06,5.1,61.0
419.0,25000000.0,57405220.0,92.0,1993-10-15,6.305,576.0
420.0,50000000.0,119208989.0,105.0,1994-05-24,5.874,2063.0
421.0,0.0,0.0,86.0,1994-07-29,6.715,344.0
422.0,11000000.0,16668552.0,106.0,1993-10-01,6.1,191.0
423.0,28000000.0,30156002.0,121.0,1994-07-01,6.211,599.0
424.0,35000000.0,26000000.0,108.0,1994-02-18,6.09,200.0
425.0,0.0,0.0,101.0,1994-09-16,6.054,148.0
426.0,13000000.0,428868.0,87.0,1993-06-09,6.145,454.0
427.0,0.0,1800000.0,107.0,1993-03-22,5.0,240.0
428.0,22000000.0,17287898.0,121.0,1993-10-01,7.867,2750.0
429.0,0.0,3662459.0,80.0,1994-01-07,5.165,109.0
430.0,13000000.0,2600000.0,90.0,1993-09-03,5.136,66.0
431.0,30000000.0,63848322.0,143.0,1993-11-10,7.826,3380.0
432.0,40000000.0,72000000.0,116.0,1994-06-10,5.292,332.0
433.0,0.0,7355425.0,107.0,1994-05-06,5.8,72.0
434.0,70000000.0,255000211.0,113.0,1993-05-28,6.518,2567.0
435.0,33000000.0,21274717.0,87.0,1993-07-23,5.47,998.0
436.0,40000000.0,19700000.0,122.0,1994-08-19,5.743,614.0
437.0,20000000.0,11391093.0,93.0,1994-04-15,5.096,125.0
438.0,0.0,0.0,102.0,1994-06-03,5.677,164.0
440.0,28000000.0,92000000.0,125.0,1993-05-07,6.645,809.0
441.0,6900000.0,8259076.0,103.0,1993-09-24,7.314,2202.0
442.0,57000000.0,159055768.0,115.0,1993-10-08,6.753,3987.0
444.0,8000000.0,0.0,92.0,1994-05-13,4.384,134.0
445.0,0.0,0.0,89.0,1993-10-29,5.4,161.0
446.0,4000000.0,6400000.0,171.0,1993-01-01,7.917,657.0
448.0,20000000.0,6995302.0,122.0,1993-10-15,6.885,330.0
449.0,1000000.0,233824.0,88.0,1994-06-03,5.898,49.0
450.0,0.0,20016254.0,103.0,1994-04-29,6.7,222.0
451.0,0.0,9709451.0,121.0,1993-11-05,6.0,99.0
452.0,0.0,0.0,101.0,1994-04-15,6.3,19.0
453.0,30000000.0,11146270.0,86.0,1993-10-01,6.2,386.0
454.0,42000000.0,270248367.0,154.0,1993-06-30,6.7,2226.0
455.0,20000000.0,153698625.0,108.0,1993-07-16,6.2,1914.0
456.0,3500000.0,8094616.0,104.0,1994-06-15,7.2,227.0
457.0,44000000.0,353808222.0,130.0,1993-08-06,7.467,4650.0
458.0,35000000.0,18635620.0,110.0,1993-12-10,6.276,282.0
459.0,0.0,30057974.0,115.0,1994-02-11,5.775,377.0
460.0,30000000.0,53769594.0,109.0,1994-06-17,5.3,214.0
461.0,15000.0,2405285.0,87.0,1994-06-10,4.961,38.0
464.0,18000000.0,74189677.0,96.0,1993-04-27,6.482,1305.0
466.0,25000000.0,133752825.0,89.0,1993-05-21,6.542,2003.0
467.0,0.0,0.0,95.0,1995-12-08,4.5,38.0
468.0,0.0,0.0,99.0,1995-05-12,6.318,313.0
469.0,25000000.0,6265311.0,140.0,1993-10-21,6.945,722.0
470.0,0.0,0.0,94.0,1994-01-11,5.1,56.0
471.0,25000000.0,2800000.0,111.0,1994-03-11,7.063,1149.0
472.0,40000000.0,0.0,115.0,1994-02-04,5.5,55.0
473.0,0.0,28881266.0,91.0,1994-08-12,5.1,222.0
474.0,40000000.0,177000000.0,130.0,1993-07-08,6.964,1748.0
475.0,13000000.0,65796862.0,133.0,1993-12-12,7.9,1902.0
476.0,0.0,8880705.0,110.0,1994-04-22,5.265,17.0
477.0,15000000.0,39100000.0,110.0,1993-06-09,7.049,351.0
478.0,30000000.0,3800000.0,112.0,1994-03-30,5.138,69.0
479.0,21000000.0,12136938.0,109.0,1993-10-15,6.458,366.0
480.0,63000000.0,920100000.0,126.0,1993-06-11,7.965,17474.0
481.0,9000000.0,2395231.0,118.0,1993-06-24,6.6,844.0
482.0,1500000.0,418961.0,98.0,1993-10-01,6.198,361.0
484.0,0.0,9994609.0,88.0,1994-07-22,6.1,212.0
485.0,85000000.0,137300000.0,130.0,1993-06-18,6.469,2916.0
486.0,2000000.0,12440858.0,91.0,1993-06-04,5.711,152.0
487.0,0.0,0.0,98.0,1994-03-11,5.555,137.0
488.0,17000000.0,1499795.0,101.0,1993-10-01,6.6,237.0
489.0,22000000.0,104942695.0,111.0,1993-01-06,5.508,384.0
490.0,20000000.0,46405336.0,106.0,1993-09-29,6.3,500.0
491.0,20000000.0,36560338.0,115.0,1993-08-25,6.549,546.0
492.0,13500000.0,11285588.0,108.0,1993-05-02,7.254,1156.0
493.0,3500000.0,27900000.0,96.0,1993-05-26,7.496,855.0
494.0,55000000.0,121969216.0,133.0,1996-03-15,6.332,1005.0
495.0,0.0,7650000.0,102.0,1976-09-15,6.58,705.0
496.0,0.0,0.0,91.0,1994-09-09,7.012,43.0
497.0,11000000.0,22600000.0,110.0,1993-05-07,6.937,788.0
499.0,0.0,3125424.0,98.0,1993-10-15,5.5,48.0
500.0,25000000.0,441286195.0,125.0,1993-11-24,7.196,6480.0
501.0,0.0,1769305.0,131.0,1993-08-06,7.2,642.0
502.0,12000000.0,15876353.0,90.0,1994-07-18,5.4,1127.0
504.0,20000000.0,15340000.0,118.0,1994-04-29,6.254,463.0
505.0,40000000.0,7182747.0,87.0,1994-07-22,5.011,273.0
506.0,4000000.0,5377643.0,90.0,1992-12-11,6.9,365.0
507.0,30000000.0,135100000.0,138.0,1993-11-24,7.487,1791.0
508.0,26000000.0,206678440.0,125.0,1993-12-22,7.713,4526.0
509.0,7000000.0,40200000.0,120.0,1993-05-18,7.378,1614.0
510.0,14000000.0,27515786.0,104.0,1993-07-23,6.8,268.0
511.0,0.0,23042200.0,113.0,1993-09-24,6.391,101.0
512.0,15000000.0,8600000.0,96.0,1994-10-21,5.8,195.0
513.0,0.0,0.0,108.0,1994-10-21,5.9,55.0
514.0,11000000.0,11400000.0,97.0,1994-03-09,6.546,366.0
515.0,11500000.0,23240144.0,128.0,1993-11-05,7.363,1446.0
516.0,40000000.0,24332324.0,135.0,1994-06-03,6.11,309.0
517.0,40000000.0,107198790.0,128.0,1993-07-30,6.138,815.0
518.0,25000000.0,26000000.0,120.0,1994-10-28,5.546,186.0
519.0,22000000.0,10696210.0,105.0,1993-01-21,4.899,1404.0
520.0,20000000.0,35739755.0,104.0,1993-07-28,6.587,2212.0
521.0,11500000.0,3275585.0,110.0,1993-09-13,6.3,203.0
522.0,1600000.0,3300000.0,92.0,1992-03-05,6.545,546.0
523.0,800000.0,1001437.0,114.0,1993-10-08,5.9,36.0
524.0,12000000.0,22800000.0,114.0,1993-09-17,7.344,726.0
526.0,0.0,0.0,126.0,1992-10-21,6.4,79.0
527.0,22000000.0,321365567.0,195.0,1993-12-15,8.6,17071.0
528.0,20000000.0,2694234.0,97.0,1994-09-30,5.201,117.0
529.0,12000000.0,7266383.0,110.0,1993-08-13,7.068,624.0
531.0,18000000.0,40000000.0,101.0,1993-08-13,7.424,955.0
532.0,13000000.0,7820688.0,95.0,1994-04-13,6.7,750.0
533.0,25000000.0,48063465.0,103.0,1994-07-01,6.071,553.0
534.0,22000000.0,25842000.0,131.0,1993-12-25,6.895,299.0
535.0,12000000.0,6110979.0,188.0,1993-10-01,7.194,658.0
536.0,0.0,0.0,106.0,1994-09-02,6.089,118.0
537.0,0.0,7770731.0,98.0,1994-03-04,5.6,164.0
538.0,15000000.0,6284090.0,111.0,1993-12-08,6.429,352.0
539.0,21000000.0,227799884.0,105.0,1993-06-24,6.736,2528.0
540.0,40000000.0,116300000.0,107.0,1993-05-21,5.549,775.0
541.0,28000000.0,41722424.0,117.0,1982-06-25,7.94,14662.0
542.0,0.0,36448200.0,95.0,1993-07-02,6.02,298.0
543.0,20000000.0,11585483.0,110.0,1993-07-30,6.104,462.0
544.0,0.0,0.0,102.0,1993-09-17,5.846,871.0
546.0,48000000.0,20915465.0,104.0,1993-05-28,4.466,1404.0
547.0,7400000.0,7690013.0,96.0,1994-04-15,6.1,212.0
548.0,50000000.0,16478900.0,101.0,1994-09-23,5.3,282.0
549.0,0.0,0.0,93.0,1993-11-26,7.0,47.0
550.0,0.0,14815317.0,89.0,1994-04-08,6.37,238.0
551.0,18000000.0,75634409.0,75.0,1993-10-09,7.8,10155.0
552.0,30000000.0,111898845.0,101.0,1993-11-11,6.395,1023.0
553.0,25000000.0,73205065.0,130.0,1993-12-25,7.579,2362.0
555.0,12500000.0,12600000.0,120.0,1993-09-09,7.536,2966.0
556.0,0.0,901668.0,96.0,1993-11-03,6.843,67.0
558.0,27000000.0,13670688.0,80.0,1994-11-23,6.4,772.0
562.0,800000.0,5034794.0,88.0,1996-03-22,7.1,487.0
563.0,0.0,0.0,160.0,1993-09-29,6.717,337.0
564.0,15000000.0,1596687.0,102.0,1994-04-22,5.398,166.0
567.0,0.0,2019069.0,114.0,1993-10-29,6.397,310.0
568.0,0.0,0.0,100.0,1993-09-11,5.2,28.0
569.0,0.0,0.0,119.0,1994-06-29,5.914,110.0
573.0,0.0,0.0,93.0,1992-10-09,7.173,398.0
574.0,200000.0,0.0,106.0,1994-01-15,5.639,79.0
575.0,0.0,67308282.0,82.0,1994-08-05,6.8,1288.0
577.0,0.0,0.0,94.0,1994-08-17,5.35,120.0
579.0,0.0,0.0,96.0,1993-04-15,6.467,45.0
580.0,0.0,3021629.0,97.0,1994-09-16,5.4,27.0
581.0,0.0,1400591.0,102.0,1996-03-15,7.1,109.0
583.0,0.0,173696.0,100.0,1993-11-12,7.33,503.0
585.0,12000000.0,46576136.0,90.0,1995-02-16,6.072,305.0
586.0,18000000.0,476684675.0,103.0,1990-11-16,7.458,12245.0
587.0,22000000.0,505000000.0,127.0,1990-07-13,7.227,5891.0
588.0,28000000.0,504050219.0,90.0,1992-11-25,7.654,11808.0
589.0,102000000.0,517778573.0,127.0,1991-07-03,8.1,13901.0
590.0,22000000.0,424208848.0,233.0,1990-03-30,7.8,4572.0
592.0,35000000.0,411348924.0,126.0,1989-06-21,7.237,8370.0
593.0,19000000.0,272742922.0,118.0,1991-02-14,8.3,17530.0
594.0,1488423.0,184925486.0,83.0,1938-01-14,7.123,7854.0
595.0,25000000.0,424967620.0,87.0,1991-10-22,7.7,10486.0
596.0,2600000.0,164000000.0,88.0,1940-02-23,7.101,6151.0
597.0,14000000.0,463406268.0,119.0,1990-03-23,7.456,8802.0
599.0,6244087.0,638641.0,145.0,1969-06-19,7.596,1290.0
600.0,0.0,0.0,101.0,1994-11-23,5.693,70.0
602.0,0.0,527034.0,90.0,1994-09-27,6.2,9.0
605.0,0.0,97529550.0,108.0,1996-12-20,6.452,707.0
606.0,0.0,13940383.0,91.0,1995-03-17,5.44,405.0
608.0,7000000.0,60611975.0,98.0,1996-03-08,7.847,8847.0
609.0,0.0,32709423.0,88.0,1996-03-08,6.6,524.0
610.0,9300000.0,20118654.0,86.0,1981-08-07,6.504,762.0
611.0,4000000.0,16675000.0,84.0,1996-03-08,5.294,592.0
612.0,8000000.0,5656388.0,99.0,1996-05-03,4.924,128.0
613.0,0.0,5200601.0,112.0,1996-01-20,6.891,239.0
615.0,0.0,0.0,175.0,1974-05-05,7.2,96.0
616.0,4000000.0,191000000.0,81.0,1970-12-24,7.295,5287.0
617.0,4500000.0,19000000.0,102.0,1995-09-22,6.781,251.0
618.0,24000000.0,1141556.0,117.0,1995-12-01,5.398,162.0
619.0,24000000.0,4400000.0,94.0,1996-03-15,4.127,134.0
626.0,8000000.0,34746109.0,108.0,1996-04-04,5.6,90.0
627.0,0.0,442965.0,92.0,1995-09-08,6.515,296.0
628.0,30000000.0,102616183.0,131.0,1996-03-06,7.655,3767.0
631.0,0.0,8620678.0,82.0,1996-03-29,6.0,279.0
632.0,0.0,0.0,109.0,1995-04-07,7.3,291.0
633.0,0.0,0.0,80.0,1995-05-17,6.0,22.0
634.0,33500000.0,0.0,92.0,1995-12-14,3.636,118.0
635.0,0.0,10125417.0,109.0,1996-03-29,6.438,72.0
636.0,0.0,0.0,88.0,1996-03-22,3.9,15.0
637.0,39000000.0,37956793.0,95.0,1996-03-29,5.885,378.0
638.0,0.0,218626.0,110.0,1995-06-02,6.718,55.0
639.0,12000000.0,4939939.0,108.0,1996-03-22,4.979,119.0
640.0,45000000.0,52400000.0,115.0,1996-03-22,5.505,311.0
645.0,0.0,0.0,102.0,1995-10-18,6.942,139.0
647.0,46000000.0,100900000.0,116.0,1996-07-04,6.527,1013.0
648.0,80000000.0,457696391.0,110.0,1996-05-22,7.0,9767.0
649.0,0.0,0.0,85.0,1995-02-10,6.3,25.0
650.0,0.0,3486578.0,120.0,1996-06-14,6.1,81.0
653.0,57000000.0,115267375.0,103.0,1996-05-31,6.545,2100.0
656.0,30000000.0,31387164.0,100.0,1996-05-31,5.468,170.0
661.0,38000000.0,28946127.0,80.0,1996-04-12,6.584,1400.0
662.0,0.0,0.0,95.0,1996-04-12,6.54,966.0
663.0,0.0,0.0,88.0,1996-04-02,6.111,81.0
665.0,14000000.0,0.0,167.0,1995-05-13,7.727,753.0
667.0,0.0,684351.0,90.0,1996-03-01,5.414,140.0
668.0,0.0,536364.0,125.0,1955-08-26,7.819,474.0
670.0,0.0,134241.0,117.0,1959-05-01,8.098,270.0
671.0,5000000.0,1000000.0,73.0,1996-04-19,6.516,222.0
673.0,80000000.0,250200000.0,88.0,1996-11-15,6.809,6296.0
674.0,9000000.0,2500000.0,98.0,1968-10-10,6.0,807.0
678.0,0.0,0.0,25.0,1994-03-26,6.6,31.0
679.0,0.0,0.0,109.0,1995-09-22,6.182,11.0
680.0,220000.0,46585.0,99.0,1965-05-05,6.9,594.0
685.0,0.0,622503.0,110.0,1996-03-22,6.1,36.0
688.0,0.0,0.0,104.0,1995-07-28,5.198,187.0
691.0,25000000.0,10082005.0,105.0,1996-04-19,7.2,219.0
692.0,0.0,0.0,94.0,1996-08-23,4.8,79.0
694.0,0.0,14818176.0,114.0,1996-04-19,6.9,530.0
695.0,0.0,0.0,94.0,1996-03-12,5.7,85.0
697.0,0.0,0.0,99.0,1996-09-13,5.407,177.0
698.0,0.0,63174.0,99.0,1995-06-09,4.3,49.0
700.0,0.0,0.0,90.0,1995-09-15,6.6,95.0
703.0,0.0,516349.0,86.0,1996-05-10,5.281,48.0
704.0,30000000.0,57400547.0,95.0,1996-04-19,6.161,776.0
706.0,0.0,10163782.0,99.0,1996-04-26,6.1,18.0
707.0,29000000.0,11500000.0,107.0,1996-04-26,5.983,318.0
708.0,0.0,3407.0,93.0,1996-04-26,6.05,337.0
709.0,31000000.0,121000000.0,74.0,1988-11-18,6.7,1662.0
710.0,0.0,0.0,91.0,1996-04-19,5.3,149.0
711.0,25530000.0,20080020.0,95.0,1996-05-17,5.545,343.0
714.0,9000000.0,1038000.0,134.0,1995-12-23,7.306,1685.0
715.0,35000000.0,15000000.0,129.0,1995-09-20,6.477,150.0
718.0,9500000.0,98800000.0,105.0,1993-01-27,7.121,2027.0
719.0,45000000.0,21075014.0,117.0,1996-07-19,5.791,579.0
720.0,0.0,0.0,75.0,1996-06-14,7.6,5.0
722.0,0.0,0.0,112.0,1996-05-01,7.6,11.0
724.0,15000000.0,24800000.0,101.0,1996-05-03,6.774,1998.0
725.0,0.0,0.0,87.0,1996-05-03,5.223,103.0
726.0,0.0,5.0,103.0,1996-05-02,5.647,102.0
728.0,0.0,0.0,95.0,1995-01-01,6.773,77.0
731.0,25000000.0,5009305.0,125.0,1996-05-17,5.3,84.0
733.0,75000000.0,335062621.0,136.0,1996-06-07,7.139,5053.0
735.0,4000000.0,0.0,103.0,1994-03-25,6.89,560.0
736.0,92000000.0,494471524.0,113.0,1996-05-10,6.547,3733.0
737.0,9000000.0,3793614.0,98.0,1996-05-02,4.099,475.0
741.0,3000000.0,10000000.0,82.0,1995-11-18,7.923,3741.0
742.0,8000000.0,15315484.0,92.0,1996-10-25,5.882,667.0
743.0,18000000.0,26960191.0,81.0,1996-05-24,5.416,737.0
745.0,0.0,4638.0,30.0,1996-03-07,7.581,904.0
747.0,25000000.0,2491989.0,94.0,1996-08-08,4.768,82.0
748.0,25000000.0,14063331.0,115.0,1996-05-31,6.007,806.0
750.0,1800000.0,9500000.0,93.0,1964-01-29,8.1,6013.0
757.0,0.0,0.0,100.0,1994-09-17,7.066,386.0
759.0,0.0,0.0,83.0,1995-11-10,7.0,8.0
760.0,0.0,152972.0,134.0,1993-01-20,7.311,610.0
761.0,45000000.0,17323326.0,89.0,1996-06-06,5.277,599.0
762.0,50000000.0,113309743.0,117.0,1996-06-28,5.554,1148.0
764.0,0.0,0.0,104.0,1995-12-29,6.6,86.0
765.0,45000000.0,58620973.0,108.0,1996-08-09,6.292,1331.0
766.0,0.0,1814290.0,103.0,1996-05-01,6.1,91.0
773.0,0.0,0.0,90.0,1973-05-10,6.687,107.0
775.0,0.0,0.0,121.0,1968-05-16,6.243,179.0
778.0,4000000.0,71981823.0,93.0,1996-02-23,7.961,10189.0
779.0,1000000.0,3525125.0,113.0,1997-05-30,3.9,35.0
780.0,75000000.0,817400891.0,140.0,1996-06-25,6.898,10172.0
781.0,10000000.0,4800000.0,108.0,1996-03-29,6.689,596.0
782.0,55000000.0,18626419.0,96.0,1996-08-15,6.002,836.0
783.0,100000000.0,325300000.0,91.0,1996-06-21,7.1,5270.0
784.0,47000000.0,102825796.0,95.0,1996-06-10,5.995,2593.0
785.0,27000000.0,25023434.0,113.0,1996-07-04,6.5,947.0
786.0,100000000.0,242295562.0,115.0,1996-06-21,6.084,1963.0
788.0,54000000.0,128769345.0,95.0,1996-06-28,5.643,3056.0
790.0,0.0,65352.0,94.0,1994-06-15,5.923,26.0
,,,,,,
795.0,0.0,0.0,102.0,1994-09-27,5.0,16.0
798.0,80000000.0,159212469.0,114.0,1996-12-06,6.117,1648.0
799.0,30000000.0,29359216.0,110.0,1996-07-19,6.919,1671.0
800.0,5000000.0,13269963.0,135.0,1996-06-21,7.006,397.0
801.0,12000000.0,26600000.0,101.0,1996-07-10,6.0,197.0
802.0,32000000.0,152000000.0,119.0,1996-07-05,6.468,1291.0
803.0,0.0,0.0,86.0,1996-07-17,6.057,53.0
804.0,3500000.0,9500000.0,97.0,1996-08-26,5.4,262.0
805.0,40000000.0,152266007.0,149.0,1996-07-24,7.383,2848.0
806.0,0.0,665450.0,88.0,1996-09-13,5.371,66.0
808.0,23000000.0,11829959.0,109.0,1996-08-14,5.8,139.0
809.0,25000000.0,17193231.0,98.0,1996-07-19,5.57,242.0
810.0,20000000.0,18937262.0,93.0,1996-07-17,4.122,294.0
813.0,30000000.0,8315693.0,90.0,1996-07-26,5.55,151.0
818.0,12000000.0,21440752.0,90.0,1996-08-23,5.773,174.0
823.0,0.0,0.0,86.0,1967-03-02,6.877,264.0
824.0,0.0,0.0,139.0,1993-09-11,6.1,15.0
828.0,25000000.0,15100000.0,95.0,1996-07-26,5.257,239.0
829.0,13000000.0,4600000.0,81.0,1996-07-26,5.794,364.0
830.0,26000000.0,116400000.0,103.0,1996-09-20,6.705,803.0
832.0,80000000.0,309492681.0,116.0,1996-11-08,6.668,2006.0
833.0,0.0,21302121.0,86.0,1996-10-25,5.449,215.0
835.0,0.0,258263.0,102.0,1996-08-23,5.969,144.0
836.0,50000000.0,60209334.0,107.0,1996-08-02,5.794,1170.0
837.0,36000000.0,33500000.0,98.0,1996-08-02,7.169,4713.0
838.0,6000000.0,22231658.0,121.0,1996-08-02,6.6,656.0
839.0,13000000.0,25317287.0,84.0,1996-08-29,5.503,586.0
840.0,0.0,0.0,108.0,1996-08-14,5.3,135.0
841.0,0.0,58656.0,90.0,1960-01-11,7.583,784.0
842.0,15000000.0,5600000.0,87.0,1996-08-16,5.909,403.0
848.0,6000000.0,12643776.0,117.0,1996-08-23,6.4,65.0
849.0,50000000.0,42277365.0,100.0,1996-08-09,5.878,1553.0
851.0,3300000.0,3022292.0,108.0,1996-08-09,6.606,307.0
852.0,45000000.0,53854588.0,135.0,1996-08-16,6.061,570.0
858.0,6000000.0,245066411.0,175.0,1972-03-14,8.687,22397.0
861.0,900000.0,34391494.0,95.0,1992-07-04,6.898,551.0
866.0,4500000.0,7011317.0,105.0,1996-09-13,7.22,1047.0
867.0,17000000.0,0.0,89.0,1996-08-23,5.174,89.0
869.0,18000000.0,0.0,116.0,1996-08-16,6.088,91.0
870.0,53000000.0,19745922.0,94.0,1997-05-30,4.855,159.0
875.0,0.0,0.0,83.0,1994-01-01,3.333,3.0
876.0,1000000.0,1207130.0,104.0,1993-10-21,5.7,98.0
879.0,60000000.0,33956608.0,109.0,1997-01-10,6.013,584.0
880.0,40000000.0,49627779.0,95.0,1996-08-23,4.891,549.0
881.0,0.0,0.0,94.0,1996-08-30,5.7,196.0
882.0,8000000.0,3600000.0,94.0,1996-08-30,5.802,116.0
885.0,32000000.0,0.0,110.0,1996-09-06,5.8,239.0
886.0,25000000.0,22611954.0,86.0,1996-09-06,5.719,620.0
888.0,0.0,0.0,70.0,1995-03-16,6.2,402.0
889.0,0.0,0.0,87.0,1994-09-01,3.714,7.0
891.0,5000000.0,15116634.0,95.0,1995-09-29,5.148,1210.0
892.0,5000000.0,33000000.0,134.0,1996-10-25,6.946,93.0
893.0,0.0,0.0,114.0,1996-11-01,6.591,56.0
896.0,0.0,807775.0,110.0,1994-06-01,7.0,142.0
897.0,3000000.0,17800000.0,170.0,1943-07-12,6.502,201.0
898.0,914000.0,3300000.0,113.0,1940-12-05,7.581,948.0
899.0,2540800.0,7200000.0,103.0,1952-04-10,8.137,3405.0
900.0,5635000.0,6981000.0,113.0,1951-09-26,7.015,629.0
901.0,0.0,0.0,99.0,1957-02-13,6.987,718.0
902.0,2500000.0,9500000.0,120.0,1961-10-06,7.6,4408.0
903.0,2479000.0,7808900.0,128.0,1958-05-09,8.151,6193.0
904.0,1000000.0,37042336.0,110.0,1954-08-01,8.345,6991.0
905.0,325000.0,4500000.0,105.0,1934-02-22,7.823,1362.0
906.0,2068000.0,0.0,114.0,1944-05-04,7.529,548.0
907.0,520000.0,1800000.0,107.0,1934-10-12,6.924,139.0
908.0,4000000.0,13275000.0,130.0,1959-08-06,8.0,4394.0
909.0,3000000.0,25000000.0,125.0,1960-06-21,8.196,2562.0
910.0,2900000.0,25000000.0,121.0,1959-03-19,8.087,3772.0
911.0,4000000.0,13475000.0,114.0,1963-12-01,7.663,1496.0
912.0,878000.0,10462500.0,102.0,1943-01-15,8.144,5891.0
913.0,375000.0,1772000.0,100.0,1941-10-18,7.707,1830.0
914.0,17000000.0,72661442.0,160.0,1964-12-01,7.5,1403.0
915.0,2239000.0,10000000.0,113.0,1954-09-01,7.516,1331.0
916.0,1500000.0,12000000.0,119.0,1953-08-26,7.889,2207.0
917.0,0.0,0.0,93.0,1939-03-17,6.676,122.0
918.0,1707561.0,7566000.0,113.0,1944-11-28,7.0,420.0
919.0,2777000.0,33754967.0,101.0,1939-08-15,7.589,5985.0
920.0,4000000.0,402352579.0,233.0,1939-12-15,7.9,4292.0
921.0,7900000.0,20123620.0,92.0,1982-10-01,6.591,116.0
922.0,1752000.0,5000000.0,110.0,1950-08-10,8.285,2851.0
923.0,839727.0,23218000.0,119.0,1941-04-17,7.984,5915.0
924.0,12000000.0,71923560.0,156.0,1968-04-02,8.1,12310.0
926.0,1400000.0,8402553.0,138.0,1950-11-09,8.079,1652.0
927.0,1688000.0,2270000.0,133.0,1939-09-01,7.096,172.0
928.0,1288000.0,7592465.0,130.0,1940-03-23,7.895,1924.0
929.0,0.0,0.0,103.0,1940-08-16,6.97,429.0
930.0,2000000.0,24500000.0,101.0,1946-08-21,7.742,1707.0
931.0,1500000.0,7000000.0,110.0,1945-11-08,7.4,951.0
932.0,2100000.0,3800000.0,111.0,1957-07-11,7.356,498.0
933.0,2500000.0,8750000.0,106.0,1955-08-03,7.272,1635.0
934.0,0.0,0.0,92.0,1950-05-18,7.0,223.0
935.0,2900000.0,3500000.0,112.0,1953-08-07,7.167,230.0
936.0,1365000.0,2279000.0,110.0,1939-11-16,7.501,419.0
937.0,2100000.0,2000000.0,130.0,1957-05-29,7.033,331.0
938.0,3319355.0,13200000.0,115.0,1958-05-15,6.248,337.0
940.0,2033000.0,3981000.0,101.0,1938-05-13,7.484,827.0
941.0,1000000.0,4000000.0,94.0,1940-11-08,7.07,222.0
942.0,1020000.0,2000000.0,88.0,1944-10-11,7.629,880.0
943.0,0.0,0.0,104.0,1947-05-25,7.528,344.0
944.0,4000000.0,0.0,132.0,1937-03-03,6.983,236.0
945.0,609000.0,3202000.0,101.0,1935-08-29,7.24,321.0
946.0,1200000.0,1500000.0,99.0,1942-03-06,7.814,807.0
947.0,575375.0,684200.0,94.0,1936-09-02,7.556,381.0
948.0,5400000.0,32855818.0,201.0,1956-11-08,7.6,734.0
949.0,0.0,5000000.0,117.0,1955-04-10,7.539,792.0
950.0,226408.0,1423000.0,91.0,1934-05-25,7.504,520.0
951.0,0.0,0.0,92.0,1940-01-18,7.421,908.0
952.0,6000000.0,42000000.0,182.0,1956-10-17,6.636,554.0
953.0,3180000.0,9644124.0,136.0,1946-12-20,8.276,4765.0
954.0,1500000.0,9600000.0,124.0,1939-10-19,7.8,1157.0
955.0,1073000.0,0.0,102.0,1938-02-18,7.523,1046.0
956.0,0.0,0.0,119.0,1941-04-24,6.571,119.0
959.0,0.0,0.0,83.0,1934-07-20,6.489,137.0
961.0,590000.0,1037000.0,102.0,1936-03-06,6.7,58.0
963.0,0.0,0.0,102.0,1949-12-31,6.5,55.0
965.0,0.0,0.0,86.0,1935-06-06,7.331,1025.0
968.0,114000.0,30236452.0,96.0,1968-10-04,7.6,2656.0
969.0,1000000.0,10750000.0,105.0,1952-01-07,7.36,1025.0
970.0,1000000.0,0.0,95.0,1953-11-24,6.123,163.0
971.0,3000000.0,17570324.0,108.0,1958-08-29,7.63,814.0
973.0,0.0,2000000.0,123.0,1941-03-14,7.309,275.0
976.0,0.0,0.0,85.0,1932-12-08,6.112,152.0
979.0,0.0,0.0,83.0,1996-10-18,4.3,11.0
981.0,0.0,3028094.0,95.0,1997-02-12,4.3,29.0
982.0,3000000.0,9000000.0,109.0,1955-11-18,6.322,107.0
984.0,0.0,0.0,99.0,1996-07-26,3.583,6.0
986.0,22000000.0,25143818.0,102.0,1996-09-13,6.943,495.0
987.0,0.0,294064.0,103.0,1997-04-14,5.415,65.0
988.0,5000000.0,660313.0,116.0,1996-09-13,6.0,62.0
990.0,25000000.0,51702483.0,100.0,1996-09-13,5.789,544.0
991.0,25000000.0,16900000.0,138.0,1996-10-25,6.876,506.0
993.0,0.0,195170.0,119.0,1996-10-04,6.235,17.0
994.0,4100000.0,12000000.0,109.0,1996-09-20,6.952,261.0
996.0,67000000.0,47267001.0,101.0,1996-09-20,6.344,953.0
998.0,9000000.0,41590886.0,117.0,1996-11-06,7.2,386.0
999.0,0.0,11132156.0,104.0,1996-09-11,6.2,293.0
1003.0,38000000.0,17380126.0,103.0,1996-09-27,5.977,344.0
1004.0,45000000.0,20350000.0,88.0,1996-10-04,5.405,422.0
1005.0,0.0,22955097.0,104.0,1996-10-04,5.945,475.0
1006.0,50000000.0,22540359.0,113.0,1996-10-11,5.977,266.0
1007.0,0.0,36853000.0,100.0,1975-07-01,6.6,129.0
1008.0,2150000.0,0.0,93.0,1955-05-25,6.4,114.0
1009.0,0.0,20000000.0,93.0,1975-03-21,6.382,228.0
1010.0,0.0,51264022.0,108.0,1968-12-23,6.6,632.0
1011.0,0.0,38229000.0,88.0,1974-02-12,6.143,430.0
1012.0,21909000.0,0.0,83.0,1957-12-25,6.907,291.0
1013.0,0.0,29650385.0,123.0,1961-05-13,7.021,413.0
1014.0,2500000.0,3750000.0,134.0,1960-05-19,6.951,206.0
1015.0,24000000.0,57333324.0,81.0,1993-02-03,7.0,1095.0
1016.0,1250000.0,17658000.0,101.0,1959-03-19,6.2,94.0
1017.0,5000000.0,40356000.0,126.0,1960-12-21,6.9,343.0
1018.0,0.0,28062222.0,112.0,1965-12-02,6.596,186.0
1019.0,5000000.0,28200000.0,127.0,1954-12-23,7.054,957.0
1020.0,14000000.0,154856263.0,98.0,1993-10-01,7.009,2196.0
1021.0,31000000.0,50236831.0,102.0,1994-07-15,6.0,469.0
1022.0,2900000.0,263600000.0,74.0,1950-02-22,7.045,7022.0
1023.0,0.0,0.0,25.0,1968-12-20,7.284,109.0
1024.0,0.0,6710000.0,71.0,1944-12-21,6.282,752.0
1025.0,3000000.0,22200000.0,79.0,1963-12-25,7.221,4029.0
1027.0,48000000.0,390493908.0,143.0,1991-06-14,6.857,3485.0
1028.0,4650000.0,103100000.0,134.0,1964-12-17,7.553,4912.0
1029.0,812000.0,1600000.0,64.0,1941-10-31,6.988,5205.0
1030.0,10000000.0,0.0,128.0,1977-11-03,6.3,712.0
1031.0,20000000.0,17900000.0,117.0,1971-10-07,7.032,1011.0
1032.0,3000000.0,57200000.0,75.0,1951-07-28,7.189,6158.0
1033.0,12000000.0,29800000.0,83.0,1981-07-10,7.134,3410.0
1034.0,3100000.0,295493.0,102.0,1996-08-23,6.4,411.0
1035.0,8200000.0,286214286.0,174.0,1965-03-29,7.729,3542.0
1036.0,28000000.0,140767956.0,132.0,1988-07-15,7.8,11996.0
1037.0,10000000.0,32100816.0,108.0,1992-03-05,5.6,821.0
1040.0,0.0,0.0,95.0,1996-11-08,5.523,43.0
1041.0,4500000.0,13417292.0,142.0,1996-05-24,7.574,707.0
1042.0,26000000.0,34585416.0,107.0,1996-10-04,6.877,901.0
1043.0,0.0,4137645.0,93.0,1996-10-25,5.4,53.0
1046.0,0.0,1500000.0,91.0,1996-06-21,7.2,334.0
1047.0,65000000.0,89456761.0,121.0,1996-10-11,6.6,1306.0
1049.0,50000000.0,38619405.0,110.0,1996-10-11,6.8,1109.0
1050.0,0.0,1408575.0,112.0,1996-10-11,6.8,144.0
1051.0,1300000.0,0.0,95.0,1996-05-11,6.863,203.0
1053.0,0.0,0.0,101.0,1996-01-26,5.9,46.0
1054.0,2400000.0,5731103.0,120.0,1996-10-16,6.3,73.0
1055.0,45000000.0,2154540.0,98.0,1997-01-25,5.0,99.0
1056.0,7000000.0,409144.0,123.0,1996-02-06,6.3,139.0
1057.0,20000000.0,9759200.0,101.0,1996-12-06,6.444,701.0
1059.0,14500000.0,147298761.0,120.0,1996-11-01,6.784,5250.0
1060.0,200000.0,4505922.0,96.0,1996-10-18,6.851,784.0
1061.0,44000000.0,165600000.0,147.0,1996-10-18,7.604,3763.0
1064.0,0.0,0.0,78.0,1996-05-20,6.256,1942.0
1066.0,991000.0,2168000.0,109.0,1937-05-07,7.25,120.0
1068.0,250000.0,1300000.0,86.0,1947-08-15,6.675,157.0
1073.0,3000000.0,4000000.0,100.0,1971-06-29,7.482,3853.0
1076.0,430000.0,1200000.0,100.0,1961-11-24,7.466,646.0
1077.0,2000000.0,18344729.0,89.0,1973-12-17,6.87,827.0
1078.0,2000000.0,11833696.0,82.0,1971-04-28,6.691,800.0
1079.0,7500000.0,188593712.0,108.0,1988-07-15,7.21,2358.0
1080.0,4000000.0,20833252.0,90.0,1979-08-17,7.756,4788.0
1081.0,15000000.0,28215453.0,134.0,1982-04-25,7.277,440.0
1082.0,1600000.0,2500000.0,110.0,1972-06-29,6.489,180.0
1083.0,12000000.0,25300000.0,159.0,1965-07-01,7.089,355.0
1084.0,2500000.0,70000000.0,111.0,1967-08-13,7.486,1744.0
1085.0,0.0,0.0,86.0,1958-10-07,6.503,159.0
1086.0,1400000.0,3000000.0,105.0,1954-05-29,8.005,2786.0
1088.0,6000000.0,214577242.0,100.0,1987-08-21,7.328,6403.0
1089.0,1200000.0,2859750.0,95.0,1992-09-02,8.119,15112.0
1090.0,6000000.0,138530565.0,120.0,1986-12-19,7.7,4940.0
1091.0,6500000.0,30218387.0,97.0,1989-07-05,6.402,1098.0
1092.0,49000000.0,352927224.0,130.0,1992-03-20,6.933,4256.0
1093.0,38000000.0,34416893.0,138.0,1991-03-01,7.112,1553.0
1094.0,3705538.0,62548947.0,112.0,1992-09-02,6.841,827.0
1095.0,12500000.0,10725228.0,100.0,1992-09-10,7.328,1548.0
1096.0,12000000.0,30036166.0,150.0,1982-12-08,7.324,911.0
1097.0,10500000.0,797307407.0,115.0,1982-06-11,7.511,11776.0
1099.0,0.0,0.0,69.0,1938-12-16,6.987,150.0
1100.0,60000000.0,157920733.0,107.0,1990-06-27,6.35,1634.0
1101.0,15000000.0,356830601.0,109.0,1986-05-16,7.06,9310.0
1103.0,1500000.0,4500000.0,111.0,1955-10-27,7.502,1728.0
1104.0,1800000.0,8000000.0,122.0,1951-09-18,7.62,1446.0
1105.0,0.0,0.0,85.0,1996-10-08,4.447,170.0
,,,,,,
1111.0,5750000.0,1433008.0,80.0,1996-09-06,7.592,250.0
1112.0,315230.0,0.0,92.0,1995-09-07,5.75,40.0
1114.0,12500000.0,1227324.0,99.0,1996-01-26,6.8,192.0
1116.0,0.0,0.0,90.0,1995-11-29,6.0,55.0
1117.0,0.0,0.0,118.0,1996-05-22,7.342,307.0
1119.0,0.0,0.0,90.0,1997-03-14,2.667,9.0
1120.0,36000000.0,20300385.0,130.0,1996-12-25,6.969,1208.0
1121.0,0.0,0.0,113.0,1995-10-01,5.1,50.0
1123.0,0.0,0.0,105.0,1996-06-19,5.6,7.0
1124.0,15000000.0,119285432.0,109.0,1981-12-04,7.257,500.0
1125.0,5000000.0,41833347.0,113.0,1975-05-21,6.786,659.0
1126.0,6788000.0,13878334.0,99.0,1991-04-19,5.834,389.0
1127.0,43000000.0,90000098.0,140.0,1989-08-09,7.336,3316.0
1128.0,1000000.0,21448830.0,89.0,1980-02-01,6.727,1689.0
1129.0,6000000.0,50244700.0,99.0,1981-05-23,7.052,3423.0
1130.0,1000000.0,17985893.0,90.0,1981-01-21,6.583,863.0
1131.0,4940939.0,0.0,120.0,1986-08-27,7.695,599.0
1132.0,0.0,0.0,120.0,1986-11-19,7.58,553.0
1135.0,15000000.0,69800000.0,110.0,1980-10-06,5.957,404.0
1136.0,400000.0,5763644.0,91.0,1975-04-03,7.801,6235.0
1137.0,0.0,127251.0,79.0,1996-10-30,5.2,37.0
1140.0,0.0,711872.0,112.0,1996-09-27,4.8,6.0
1144.0,0.0,0.0,86.0,1996-09-27,7.0,5.0
1147.0,0.0,2666118.0,89.0,1996-10-25,7.5,244.0
1148.0,832000.0,0.0,29.0,1993-12-17,7.812,1123.0
1150.0,3704433.0,3723036.0,107.0,1982-05-14,6.737,215.0
1151.0,0.0,0.0,97.0,1994-09-10,7.4,74.0
1156.0,0.0,0.0,84.0,1943-10-27,7.568,88.0
1161.0,3000000.0,17000000.0,163.0,1979-05-02,6.94,518.0
1162.0,0.0,0.0,154.0,1972-05-24,6.4,93.0
1163.0,0.0,0.0,124.0,1994-03-02,6.3,19.0
1167.0,22000000.0,0.0,112.0,1996-11-01,5.5,61.0
1170.0,0.0,0.0,90.0,1995-05-17,5.5,78.0
1171.0,3900000.0,8000000.0,102.0,1992-09-04,6.52,173.0
1172.0,5000000.0,12462062.0,167.0,1988-11-17,8.426,4715.0
1173.0,2300000.0,7724701.0,124.0,1989-10-13,7.32,687.0
1175.0,4000000.0,1794187.0,97.0,1991-04-17,7.303,1585.0
1176.0,0.0,1999955.0,97.0,1991-05-15,7.502,870.0
1177.0,0.0,13200170.0,93.0,1991-11-27,6.703,74.0
1178.0,935000.0,1200000.0,86.0,1957-10-25,8.259,3189.0
1179.0,0.0,13446769.0,106.0,1990-08-08,6.493,455.0
1180.0,0.0,0.0,104.0,1991-12-27,5.8,31.0
1183.0,27000000.0,231976425.0,160.0,1996-11-14,7.2,2334.0
1184.0,0.0,4532791.0,96.0,1991-02-02,7.622,1047.0
1185.0,645180.0,14743391.0,103.0,1989-04-07,7.523,995.0
1186.0,1200000.0,24741667.0,100.0,1989-08-04,6.939,1002.0
1187.0,5000000.0,4814619.0,135.0,1992-12-11,6.9,58.0
1188.0,3000000.0,33946224.0,94.0,1992-08-20,6.584,368.0
1189.0,0.0,1209846.0,103.0,1988-08-28,7.641,404.0
1190.0,0.0,3125224.0,100.0,1990-01-22,6.833,675.0
1191.0,0.0,0.0,122.0,1991-05-10,6.222,162.0
1192.0,500000.0,3800000.0,78.0,1991-03-13,7.995,525.0
1193.0,3000000.0,108981275.0,133.0,1975-11-19,8.414,11179.0
1194.0,0.0,41590893.0,87.0,1978-05-16,6.634,614.0
1196.0,18000000.0,538400000.0,124.0,1980-05-20,8.392,18028.0
1197.0,16000000.0,30900000.0,98.0,1987-09-25,7.691,4952.0
1198.0,18000000.0,389925971.0,115.0,1981-06-12,7.923,13352.0
1199.0,15000000.0,9953708.0,143.0,1985-02-20,7.7,3596.0
1200.0,18500000.0,183316455.0,137.0,1986-07-18,7.957,10567.0
1201.0,1200000.0,38900000.0,161.0,1966-12-22,8.469,9387.0
1202.0,0.0,1544889.0,107.0,1987-06-19,7.2,609.0
1203.0,397751.0,4360000.0,95.0,1957-04-10,8.553,9709.0
1204.0,15000000.0,70000000.0,227.0,1962-12-11,8.0,3317.0
1206.0,2200000.0,27033812.0,137.0,1971-10-28,8.2,13576.0
1207.0,2000000.0,13129846.0,129.0,1962-12-20,7.993,2785.0
1208.0,31500000.0,150000000.0,153.0,1979-05-19,8.267,8850.0
1209.0,5000000.0,5380118.0,166.0,1968-12-21,8.282,4758.0
1210.0,32350000.0,572700000.0,133.0,1983-05-25,7.904,16618.0
1211.0,2500000.0,3548590.0,128.0,1987-09-23,7.8,1458.0
1212.0,0.0,1226098.0,104.0,1949-08-31,7.91,2036.0
1213.0,25000000.0,47072327.0,141.0,1990-09-12,8.451,13977.0
1214.0,11000000.0,104931801.0,117.0,1979-05-25,8.167,15969.0
1215.0,11000000.0,21502976.0,96.0,1992-10-31,7.3,3419.0
1216.0,14390509.0,0.0,168.0,1988-05-10,7.447,1533.0
1217.0,12000000.0,23334156.0,162.0,1985-06-01,8.044,1739.0
1218.0,0.0,2350174.0,111.0,1989-03-24,7.6,864.0
1219.0,806947.0,50048065.0,109.0,1960-06-22,8.419,10771.0
1220.0,27000000.0,115229890.0,130.0,1980-06-16,7.72,4475.0
1221.0,13000000.0,102600000.0,202.0,1974-12-20,8.571,13550.0
1222.0,30000000.0,46357676.0,116.0,1987-06-26,8.122,11198.0
1223.0,17300.0,40118.0,23.0,1990-05-18,7.49,976.0
1224.0,9000000.0,10161211.0,137.0,1989-10-05,7.148,401.0
1225.0,18000000.0,90007557.0,180.0,1984-09-19,8.0,4624.0
1226.0,1750000.0,3800000.0,129.0,1952-07-21,7.318,594.0
1227.0,30000000.0,5500000.0,220.0,1984-05-23,8.392,5872.0
1228.0,18000000.0,23380203.0,130.0,1980-11-14,7.914,4637.0
1230.0,4000000.0,43989445.0,93.0,1977-04-19,7.733,4152.0
1231.0,27000000.0,21500000.0,192.0,1983-10-20,7.407,935.0
1232.0,120000.0,0.0,163.0,1979-05-25,8.1,2424.0
1233.0,14000000.0,85000000.0,149.0,1981-09-17,8.083,2425.0
1234.0,5500000.0,159616327.0,129.0,1973-12-25,8.02,2858.0
1235.0,1200000.0,0.0,96.0,1971-12-20,7.6,1170.0
1236.0,700000.0,0.0,106.0,1990-09-09,6.8,159.0
1237.0,150000.0,311212.0,97.0,1957-02-16,8.164,3262.0
1238.0,4200000.0,5900000.0,111.0,1983-02-17,6.769,383.0
1240.0,6400000.0,78371200.0,108.0,1984-10-26,7.675,14236.0
1241.0,3000000.0,242623.0,104.0,1992-08-13,7.385,1795.0
1242.0,18000000.0,26800000.0,122.0,1989-12-15,7.477,1750.0
1243.0,2500000.0,805104.0,113.0,1991-02-08,6.903,314.0
1244.0,9000000.0,40194067.0,96.0,1979-04-25,7.7,2559.0
1245.0,14000000.0,5080409.0,122.0,1990-09-21,7.449,1796.0
1246.0,16400000.0,235860116.0,128.0,1989-06-02,8.3,12262.0
1247.0,3000000.0,104945305.0,106.0,1967-12-21,7.6,3594.0
1248.0,829000.0,2247500.0,95.0,1958-03-30,7.754,1551.0
1249.0,8538703.0,5000000.0,117.0,1990-02-21,7.097,2097.0
1250.0,2800000.0,44908000.0,160.0,1957-10-11,7.819,2296.0
1251.0,0.0,0.0,138.0,1963-02-14,8.116,2475.0
1252.0,6000000.0,30000000.0,130.0,1974-06-20,7.913,4147.0
1253.0,995000.0,1850000.0,92.0,1951-09-18,7.453,1202.0
1254.0,3800000.0,4307000.0,126.0,1948-01-15,8.0,1303.0
1255.0,150000.0,0.0,91.0,1987-12-01,6.3,890.0
1256.0,0.0,0.0,65.0,1933-11-12,7.307,840.0
1257.0,3500000.0,10297601.0,97.0,1985-08-23,6.6,537.0
1258.0,19000000.0,44781695.0,119.0,1980-05-23,8.206,18557.0
1259.0,8000000.0,52300000.0,85.0,1986-08-08,7.842,6325.0
1260.0,0.0,35274.0,110.0,1931-05-11,8.065,2392.0
1261.0,3500000.0,10900000.0,85.0,1987-03-13,7.5,3383.0
1262.0,4000000.0,11700000.0,172.0,1963-07-03,7.933,2761.0
1263.0,15000000.0,49000000.0,183.0,1978-12-08,7.981,4126.0
1264.0,0.0,2925889.0,117.0,1981-03-11,6.7,260.0
1265.0,14600000.0,71108778.0,101.0,1993-02-11,7.6,8648.0
1266.0,14400000.0,159157447.0,130.0,1992-08-07,7.907,4805.0
1267.0,2200000.0,7700000.0,131.0,1962-10-24,7.52,782.0
1268.0,0.0,11500000.0,102.0,1990-08-22,7.043,391.0
1269.0,1120175.0,0.0,118.0,1944-09-01,7.636,1014.0
1270.0,19000000.0,381109762.0,116.0,1985-07-03,8.324,21341.0
1271.0,11000000.0,119418501.0,130.0,1991-12-27,7.683,1430.0
1272.0,12000000.0,89800000.0,170.0,1970-01-25,7.5,1180.0
1273.0,1100000.0,1529206.0,107.0,1986-09-20,7.335,818.0
1274.0,5700000.0,49000000.0,124.0,1988-06-10,7.941,4625.0
1275.0,19000000.0,12900000.0,106.0,1986-03-07,6.864,2832.0
1276.0,3200000.0,16217773.0,126.0,1967-11-01,7.735,1563.0
1277.0,0.0,5822041.0,137.0,1990-03-28,7.3,808.0
1278.0,2800000.0,86273333.0,106.0,1974-12-15,7.856,3333.0
1279.0,3500000.0,2015810.0,128.0,1991-12-12,7.52,1010.0
1280.0,1000000.0,16600000.0,124.0,1991-12-18,7.929,777.0
1281.0,2000000.0,11000000.0,126.0,1940-10-15,8.288,3606.0
1282.0,2280000.0,76411819.0,125.0,1940-11-13,7.341,3252.0
1283.0,730000.0,8000000.0,89.0,1952-06-09,7.659,1535.0
1284.0,250000.0,10682000.0,114.0,1946-08-22,7.601,1125.0
1285.0,3000000.0,1166207.0,103.0,1989-03-31,7.274,1829.0
1286.0,5100000.0,0.0,103.0,1980-10-02,7.535,639.0
1287.0,15000000.0,164000000.0,212.0,1959-11-18,7.9,3024.0
1288.0,2500000.0,5831458.0,82.0,1984-03-02,7.422,1576.0
1289.0,600000.0,3200000.0,86.0,1983-04-27,7.867,753.0
1290.0,0.0,18553948.0,95.0,1987-02-27,6.853,522.0
1291.0,48000000.0,474171806.0,127.0,1989-05-24,7.848,10835.0
1292.0,0.0,30177511.0,130.0,1979-12-19,7.594,1094.0
1293.0,22000000.0,77737889.0,190.0,1982-12-01,7.559,2456.0
1295.0,17000000.0,10000000.0,171.0,1988-02-05,6.894,500.0
1296.0,3000000.0,20966644.0,116.0,1985-12-13,7.0,812.0
1297.0,8000000.0,12952019.0,106.0,1985-08-07,6.657,480.0
1298.0,12000000.0,22244207.0,95.0,1982-07-14,7.941,1607.0
1299.0,14400000.0,34700291.0,141.0,1984-11-23,7.455,803.0
1300.0,0.0,8300000.0,101.0,1985-12-12,7.212,286.0
1301.0,1900000.0,3250000.0,99.0,1956-03-02,7.25,1026.0
1302.0,15000000.0,84431625.0,102.0,1989-04-21,7.113,1624.0
1303.0,8000000.0,12678.0,129.0,1975-12-03,7.479,689.0
1304.0,6000000.0,102308889.0,110.0,1969-09-23,7.607,2396.0
1305.0,1750000.0,2181987.0,145.0,1984-07-16,8.1,2136.0
1306.0,23000000.0,0.0,158.0,1991-09-12,6.7,228.0
1307.0,16000000.0,92823546.0,96.0,1989-07-12,7.4,4468.0
1310.0,0.0,0.0,84.0,1996-11-08,7.4,56.0
1312.0,0.0,0.0,115.0,1997-04-25,5.0,59.0
1318.0,0.0,0.0,90.0,1995-09-15,4.038,40.0
1320.0,50000000.0,159773545.0,145.0,1992-05-22,6.378,6205.0
1321.0,10000000.0,31973249.0,97.0,1981-08-21,7.393,2633.0
1322.0,0.0,0.0,95.0,1992-07-16,4.7,138.0
1323.0,6000000.0,6333135.0,93.0,1983-11-18,4.576,242.0
1324.0,0.0,0.0,93.0,1996-10-02,4.504,115.0
1325.0,1500000.0,0.0,92.0,1993-09-29,4.2,101.0
1326.0,5000000.0,12534817.0,104.0,1982-09-24,5.747,391.0
1327.0,4700000.0,86432488.0,118.0,1979-07-27,6.269,1004.0
1328.0,750000.0,0.0,91.0,1990-05-07,4.0,117.0
1329.0,0.0,0.0,103.0,1974-08-13,5.709,179.0
1330.0,5000000.0,0.0,90.0,1986-03-27,6.044,374.0
1331.0,0.0,0.0,113.0,1977-04-06,5.641,145.0
1332.0,13000000.0,18753438.0,117.0,1987-06-09,5.9,176.0
1333.0,2500000.0,11500000.0,120.0,1963-03-28,7.517,4361.0
1334.0,110000.0,4000000.0,86.0,1958-09-10,6.2,642.0
1335.0,2000000.0,0.0,90.0,1980-09-01,4.9,82.0
1336.0,0.0,0.0,88.0,1991-08-02,5.8,125.0
1337.0,125000.0,0.0,77.0,1945-05-25,7.0,198.0
1339.0,40000000.0,215862692.0,130.0,1992-11-13,7.443,5619.0
1340.0,393750.0,2000000.0,74.0,1935-04-20,7.514,1074.0
1341.0,0.0,0.0,116.0,1976-10-18,6.506,262.0
1342.0,6000000.0,25792310.0,95.0,1992-10-16,6.661,1745.0
1343.0,35000000.0,182300000.0,128.0,1991-11-13,7.255,3757.0
1344.0,35000000.0,103000000.0,106.0,1962-04-12,7.449,607.0
1345.0,1800000.0,33800000.0,98.0,1976-11-03,7.326,4195.0
1346.0,12500000.0,21000000.0,118.0,1982-04-02,6.029,553.0
1347.0,1800000.0,57004513.0,90.0,1984-11-09,7.3,5578.0
1348.0,0.0,24194.0,95.0,1922-02-16,7.657,2388.0
1349.0,0.0,0.0,97.0,1988-09-10,5.806,67.0
1350.0,2800000.0,60922980.0,111.0,1976-06-25,7.407,2323.0
1351.0,26000000.0,1094668.0,96.0,1996-10-03,5.739,180.0
1352.0,6000000.0,339471.0,100.0,1997-01-17,5.731,160.0
1353.0,42000000.0,41083864.0,126.0,1996-11-15,6.713,364.0
1354.0,7500000.0,23000000.0,159.0,1996-07-05,7.499,1087.0
1355.0,10000000.0,1179002.0,101.0,1997-01-31,6.049,418.0
1356.0,46000000.0,146027888.0,112.0,1996-11-22,7.294,1901.0
1357.0,5500000.0,35892330.0,105.0,1996-08-15,7.356,689.0
1358.0,1200000.0,34100000.0,135.0,1996-08-30,7.54,840.0
1359.0,60000000.0,129800000.0,86.0,1996-11-21,6.06,2876.0
1361.0,0.0,0.0,150.0,1996-12-03,7.556,195.0
1363.0,40000000.0,48100000.0,124.0,1996-12-13,5.785,246.0
1365.0,3000000.0,2503829.0,102.0,1996-05-09,6.915,218.0
1366.0,25000000.0,7343114.0,123.0,1996-11-27,6.587,542.0
1367.0,54000000.0,320689294.0,102.0,1996-11-27,5.9,3567.0
1370.0,70000000.0,240031094.0,123.0,1990-07-03,6.966,6240.0
1371.0,44000000.0,139346243.0,130.0,1979-12-07,6.5,1869.0
1372.0,27000000.0,96888996.0,110.0,1991-12-06,7.034,1374.0
1373.0,33000000.0,63000000.0,107.0,1989-06-09,5.731,1267.0
1374.0,12000000.0,96594943.0,113.0,1982-06-04,7.4,2064.0
1375.0,18000000.0,87000000.0,95.0,1984-06-01,6.6,1468.0
1376.0,21000000.0,133000000.0,119.0,1986-11-26,7.168,1603.0
1377.0,80000000.0,280000000.0,126.0,1992-06-19,6.945,6945.0
1378.0,13000000.0,44700000.0,102.0,1988-08-12,6.671,999.0
1379.0,20000000.0,59000000.0,104.0,1990-08-01,6.506,577.0
1380.0,6000000.0,396271103.0,110.0,1978-06-16,7.373,7557.0
1381.0,13200000.0,15172313.0,115.0,1982-06-11,5.215,717.0
1382.0,12000000.0,46044400.0,85.0,1990-10-05,6.1,574.0
1385.0,35000000.0,156563139.0,102.0,1992-10-08,6.295,1673.0
1387.0,7000000.0,470653000.0,124.0,1975-06-20,7.679,11283.0
1388.0,20000000.0,187884000.0,116.0,1978-06-16,6.034,2071.0
1389.0,20500000.0,87987056.0,98.0,1983-07-22,4.465,1386.0
1390.0,21500000.0,0.0,101.0,1996-12-20,5.994,167.0
1391.0,70000000.0,101371017.0,106.0,1996-12-13,6.415,5758.0
1392.0,3000000.0,285112.0,104.0,1996-11-21,6.587,143.0
1393.0,50000000.0,273600000.0,138.0,1996-12-13,6.973,3590.0
1394.0,6000000.0,29180280.0,94.0,1987-03-13,7.049,2268.0
1395.0,0.0,0.0,107.0,1987-03-06,6.346,136.0
1396.0,23000000.0,105232691.0,125.0,1992-09-09,6.903,1018.0
1397.0,0.0,0.0,97.0,1996-12-15,7.1,80.0
1398.0,0.0,25372294.0,119.0,1996-12-18,5.89,150.0
1399.0,23000000.0,12803305.0,99.0,1996-12-18,6.7,624.0
1401.0,30000000.0,13323144.0,130.0,1996-12-20,6.599,157.0
1405.0,12000000.0,63118386.0,81.0,1996-12-20,6.652,757.0
1406.0,0.0,10882920.0,111.0,1995-08-30,7.3,383.0
1407.0,14000000.0,173046663.0,111.0,1996-12-20,7.4,7656.0
1408.0,40000000.0,75505856.0,111.0,1992-08-26,7.384,3330.0
1409.0,20000000.0,119700000.0,100.0,1996-12-25,5.709,666.0
1411.0,18000000.0,4700000.0,242.0,1996-12-25,7.3,504.0
1412.0,0.0,0.0,112.0,1996-09-13,6.697,38.0
1413.0,1300000.0,0.0,106.0,1996-09-08,6.6,50.0
1414.0,0.0,19100000.0,104.0,1996-12-25,6.789,90.0
1415.0,0.0,0.0,117.0,1996-08-21,6.106,52.0
1416.0,55000000.0,141047179.0,130.0,1996-12-14,6.081,497.0
1417.0,0.0,3692836.0,137.0,1996-10-17,6.0,251.0
1419.0,1000000.0,0.0,100.0,1971-07-01,7.3,428.0
1422.0,40000000.0,25804707.0,107.0,1997-04-18,6.074,569.0
1423.0,500000.0,0.0,113.0,1995-08-29,0.0,0.0
1425.0,25000000.0,9381260.0,93.0,1997-01-23,6.2,373.0
1426.0,0.0,0.0,102.0,1997-01-24,5.2,84.0
1427.0,55000000.0,11466088.0,100.0,1997-01-09,5.37,269.0
1428.0,0.0,0.0,105.0,1995-10-26,6.4,22.0
1429.0,1500000.0,53168876.0,85.0,1996-02-10,6.5,516.0
1430.0,0.0,0.0,95.0,1996-06-01,5.0,21.0
1431.0,18000000.0,31480022.0,88.0,1997-01-17,5.652,824.0
1432.0,55000000.0,31987563.0,117.0,1997-01-16,5.704,597.0
1437.0,0.0,322975.0,105.0,1993-02-20,6.7,105.0
1438.0,116000000.0,178127760.0,108.0,1997-02-07,6.213,2013.0
1439.0,12000000.0,4100000.0,105.0,1997-01-31,4.7,54.0
1440.0,0.0,9745803.0,96.0,1993-03-05,5.452,170.0
1441.0,0.0,23202734.0,98.0,1993-04-16,7.024,805.0
1442.0,8000000.0,589304.0,106.0,1997-01-24,6.5,86.0
1445.0,0.0,4529843.0,108.0,1997-04-18,4.416,77.0
1446.0,1031764.0,7566841.0,111.0,1996-05-15,7.345,200.0
1447.0,5000000.0,5600000.0,91.0,1997-01-29,6.653,233.0
1449.0,4000000.0,2900000.0,84.0,1996-08-21,6.964,261.0
1453.0,16000000.0,11486880.0,105.0,1997-02-07,6.722,367.0
1454.0,0.0,656747.0,121.0,1997-02-07,6.182,129.0
1456.0,17000000.0,3600000.0,82.0,1997-02-07,4.683,161.0
1457.0,20000000.0,42000000.0,109.0,1997-02-14,6.471,589.0
1458.0,5500000.0,387069.0,96.0,1997-02-14,5.6,45.0
1459.0,50000000.0,50100000.0,121.0,1997-02-14,6.657,1192.0
1460.0,0.0,0.0,89.0,1997-02-14,5.0,97.0
1461.0,25000000.0,36400360.0,93.0,1997-02-13,6.004,700.0
1464.0,15000000.0,3836866.0,134.0,1997-01-15,7.543,2863.0
1465.0,30000000.0,13130349.0,140.0,1997-02-21,6.5,114.0
1466.0,35000000.0,124909762.0,125.0,1997-02-27,7.5,4742.0
1468.0,7000000.0,20050376.0,79.0,1997-02-26,5.256,124.0
1473.0,1000000.0,0.0,90.0,1997-10-17,5.2,59.0
1474.0,32000000.0,59927618.0,105.0,1997-03-04,5.3,493.0
1475.0,3000000.0,4109095.0,117.0,1997-02-28,5.71,183.0
1476.0,28000000.0,41200000.0,109.0,1997-03-07,6.445,366.0
1477.0,10000000.0,12782749.0,108.0,1997-03-14,7.3,72.0
1479.0,68000000.0,118100000.0,116.0,1997-04-03,6.1,1205.0
1480.0,35000000.0,2372903.0,121.0,1997-02-28,6.294,253.0
1483.0,9000000.0,2671855.0,100.0,1996-07-17,6.469,1288.0
1484.0,600000.0,2099677.0,97.0,1997-03-05,6.5,100.0
1485.0,45000000.0,302710615.0,86.0,1997-03-21,6.7,6077.0
1487.0,20000000.0,60000000.0,127.0,1997-03-21,7.692,1292.0
1488.0,90000000.0,140807547.0,111.0,1997-03-13,6.179,1317.0
1489.0,32000000.0,3600000.0,75.0,1997-03-26,7.2,199.0
1490.0,10000000.0,7240837.0,90.0,1997-03-28,5.234,79.0
1493.0,250000.0,0.0,78.0,1996-08-01,5.3,30.0
1495.0,10000000.0,9615840.0,99.0,1997-03-27,5.7,305.0
1496.0,35000000.0,858553.0,105.0,1997-04-04,6.088,159.0
1497.0,30000000.0,48138337.0,93.0,1997-04-04,5.208,814.0
1498.0,0.0,5926128.0,110.0,1997-04-04,6.298,247.0
1499.0,45000000.0,136885767.0,89.0,1997-04-11,5.257,2716.0
1500.0,15000000.0,31100000.0,107.0,1997-04-11,6.946,994.0
1502.0,0.0,0.0,78.0,1996-09-07,6.4,80.0
1503.0,3000000.0,3602884.0,96.0,1997-04-18,5.0,175.0
1507.0,16000000.0,2007100.0,122.0,1997-02-11,6.4,91.0
1513.0,20000000.0,29235353.0,92.0,1997-04-25,6.227,571.0
1514.0,0.0,0.0,130.0,1996-05-09,6.6,35.0
1515.0,90000000.0,122823468.0,104.0,1997-04-25,5.926,1629.0
1516.0,0.0,0.0,101.0,1996-12-26,5.5,21.0
1517.0,16500000.0,67711748.0,95.0,1997-05-02,6.592,3685.0
1518.0,36000000.0,50159144.0,94.0,1997-05-02,6.903,1043.0
1519.0,0.0,0.0,92.0,1996-09-09,5.4,10.0
1526.0,85000000.0,36000000.0,95.0,1997-05-09,5.478,298.0
1527.0,90000000.0,263920180.0,126.0,1997-05-02,7.563,11411.0
1529.0,0.0,194201.0,83.0,1997-05-09,6.8,206.0
1533.0,0.0,0.0,115.0,1995-02-16,6.313,16.0
1537.0,0.0,43000000.0,136.0,1996-01-27,7.434,174.0
1541.0,0.0,34673095.0,100.0,1997-05-23,6.145,437.0
1542.0,0.0,2576197.0,107.0,1996-11-01,7.0,291.0
1544.0,73000000.0,618638999.0,128.0,1997-05-23,6.562,9022.0
1545.0,0.0,0.0,97.0,1996-09-25,7.4,56.0
1546.0,250000.0,10580.0,99.0,1997-04-02,6.13,105.0
1547.0,0.0,0.0,93.0,1996-11-30,5.7,73.0
1549.0,0.0,247202.0,100.0,1995-09-07,5.5,32.0
1550.0,25000000.0,14598571.0,98.0,1997-05-30,5.4,86.0
1551.0,25000000.0,10113400.0,84.0,1997-06-06,4.9,73.0
1552.0,75000000.0,224012234.0,116.0,1997-06-05,6.762,4546.0
1554.0,0.0,0.0,126.0,1995-09-01,6.3,181.0
1556.0,160000000.0,164508066.0,125.0,1997-06-13,4.616,1759.0
1562.0,125000000.0,238207122.0,125.0,1997-06-20,4.4,5302.0
1564.0,0.0,123330.0,98.0,1997-03-06,6.461,38.0
1565.0,0.0,0.0,92.0,1996-11-07,6.0,158.0
1566.0,85000000.0,252712101.0,91.0,1997-06-13,7.493,7806.0
1569.0,38000000.0,299288605.0,105.0,1997-06-19,6.569,2826.0
1571.0,0.0,0.0,85.0,1996-04-03,6.182,99.0
1572.0,900000.0,528428.0,103.0,1963-10-29,7.0,930.0
1573.0,80000000.0,245700000.0,139.0,1997-06-27,7.051,5744.0
1574.0,1000000.0,51266.0,93.0,1997-06-20,6.259,29.0
1580.0,90000000.0,589390539.0,98.0,1997-07-02,7.215,14546.0
1581.0,0.0,0.0,106.0,1997-07-02,5.761,113.0
1582.0,0.0,0.0,106.0,1997-07-02,6.1,107.0
1583.0,28000000.0,8345056.0,83.0,1997-07-11,5.515,170.0
1584.0,90000000.0,171120329.0,153.0,1997-07-11,7.438,4841.0
1585.0,0.0,0.0,101.0,1996-10-10,5.929,28.0
1586.0,50000000.0,48169156.0,125.0,1997-08-19,6.465,1800.0
1587.0,20000000.0,68851475.0,129.0,1982-03-16,6.801,2711.0
1588.0,55000000.0,174463257.0,91.0,1997-07-15,5.654,2193.0
1589.0,15000000.0,63706632.0,104.0,1997-08-15,6.796,1735.0
1590.0,60000000.0,26700000.0,92.0,1997-08-15,6.572,3153.0
1591.0,40000000.0,87840042.0,96.0,1997-07-31,5.425,1448.0
1592.0,3000000.0,23144499.0,98.0,1997-08-01,5.571,502.0
1593.0,19000000.0,44300000.0,105.0,1997-08-01,5.853,445.0
1594.0,25000.0,2804473.0,97.0,1997-03-28,6.742,165.0
1596.0,0.0,0.0,87.0,1997-06-01,6.563,87.0
1597.0,75000000.0,137000000.0,135.0,1997-08-08,6.616,1584.0
1598.0,50000000.0,13800000.0,100.0,1998-01-30,6.024,307.0
1599.0,16000000.0,1686429.0,97.0,1997-08-15,4.3,271.0
1600.0,18000000.0,7300000.0,100.0,1997-08-29,5.9,126.0
1601.0,30000000.0,23461013.0,125.0,1997-08-27,6.377,220.0
1602.0,15000000.0,10925060.0,84.0,1997-08-22,5.335,88.0
1603.0,30000000.0,25480490.0,105.0,1997-08-22,6.07,1195.0
1604.0,25000000.0,48407611.0,92.0,1997-08-22,6.03,414.0
1605.0,0.0,0.0,101.0,1997-08-29,6.1,254.0
1606.0,30000000.0,6112613.0,95.0,1997-08-29,5.0,158.0
1608.0,85000000.0,315200000.0,125.0,1997-07-25,6.471,3235.0
1609.0,20000000.0,5716080.0,115.0,1997-07-29,6.653,613.0
1610.0,30000000.0,200512643.0,135.0,1990-03-02,7.379,3537.0
1611.0,2500000.0,6400000.0,104.0,1991-02-01,7.1,1204.0
1612.0,740000.0,1918497.0,86.0,1997-07-18,4.8,29.0
1613.0,0.0,0.0,86.0,1997-07-23,5.105,19.0
1614.0,35000000.0,63900000.0,85.0,1997-09-10,6.465,730.0
1615.0,30000000.0,43300000.0,113.0,1997-09-06,6.841,1276.0
1616.0,50000000.0,110463140.0,124.0,1997-09-26,6.039,1095.0
1617.0,35000000.0,126216940.0,138.0,1997-09-19,7.801,5384.0
1619.0,70000000.0,131457682.0,135.0,1997-09-12,7.159,3042.0
1620.0,27000000.0,60527873.0,116.0,1997-09-29,6.528,1829.0
1621.0,0.0,0.0,114.0,1997-09-26,6.205,88.0
1623.0,5000000.0,15738769.0,90.0,1997-09-19,6.1,682.0
1624.0,28000000.0,7936780.0,105.0,1997-09-19,5.7,76.0
1625.0,50000000.0,109423648.0,129.0,1997-09-12,7.567,7142.0
1626.0,60000000.0,16228448.0,105.0,1997-09-05,5.756,386.0
1627.0,19000000.0,6682098.0,125.0,1997-10-03,6.615,786.0
1629.0,7000000.0,6000000.0,97.0,1997-10-03,6.158,48.0
1631.0,0.0,0.0,119.0,1997-09-28,6.332,155.0
1633.0,0.0,0.0,112.0,1997-06-13,6.5,77.0
1635.0,18000000.0,8038061.0,107.0,1997-09-27,6.869,724.0
1639.0,250000.0,12021272.0,113.0,1997-04-04,6.765,1498.0
1641.0,3500000.0,257850122.0,92.0,1997-08-13,6.99,1752.0
1642.0,0.0,0.0,98.0,1996-11-08,4.5,10.0
1643.0,0.0,0.0,105.0,1997-07-18,6.7,183.0
1644.0,17000000.0,125586134.0,100.0,1997-10-17,6.0,3155.0
1645.0,57000000.0,153000000.0,144.0,1997-10-17,7.466,6581.0
1646.0,16000000.0,15448043.0,95.0,1997-10-10,5.2,140.0
1647.0,12000000.0,4166918.0,90.0,1997-10-17,5.5,120.0
1648.0,1500000.0,626057.0,85.0,1997-10-10,6.158,114.0
1649.0,0.0,878960.0,83.0,1997-10-03,6.75,42.0
1650.0,0.0,1851761.0,115.0,1997-10-10,6.153,49.0
1652.0,0.0,0.0,106.0,1997-10-08,6.348,23.0
1653.0,36000000.0,12532777.0,106.0,1997-09-07,7.565,6759.0
1654.0,0.0,14059077.0,98.0,1997-10-24,6.377,118.0
1655.0,14000000.0,5624282.0,91.0,1998-01-23,5.4,381.0
1656.0,0.0,0.0,113.0,1998-01-23,6.368,72.0
1658.0,12000000.0,14633270.0,103.0,1997-10-24,6.134,482.0
1659.0,0.0,0.0,86.0,1997-01-21,5.119,21.0
1660.0,6000000.0,14842388.0,109.0,1997-11-07,6.4,151.0
1661.0,37000000.0,6482195.0,118.0,1997-10-31,6.006,248.0
1662.0,0.0,0.0,113.0,1997-10-08,6.372,172.0
1663.0,10000000.0,85297000.0,106.0,1981-06-26,6.562,993.0
1665.0,18000000.0,251212670.0,90.0,1997-07-03,6.467,2533.0
1667.0,50000000.0,10500000.0,110.0,1997-11-07,6.251,360.0
1670.0,9000000.0,334319.0,103.0,1997-05-09,6.442,120.0
1671.0,0.0,0.0,106.0,1997-08-31,5.955,133.0
1672.0,40000000.0,45916769.0,135.0,1997-11-18,7.021,1429.0
1673.0,15000000.0,43101594.0,155.0,1997-10-10,7.629,3450.0
1674.0,12000000.0,116107459.0,112.0,1985-02-08,7.097,1827.0
1675.0,0.0,0.0,108.0,1997-11-14,5.8,63.0
1676.0,105000000.0,121214377.0,135.0,1997-11-07,7.091,5313.0
1677.0,12000000.0,271000.0,107.0,1997-10-31,6.4,41.0
1678.0,11000000.0,32861136.0,139.0,1993-09-08,7.112,156.0
1679.0,0.0,0.0,95.0,1998-03-13,3.613,71.0
1680.0,6000000.0,58809149.0,99.0,1998-04-23,6.564,1389.0
1681.0,30000000.0,51376861.0,95.0,1997-11-11,4.511,1285.0
1682.0,60000000.0,264118712.0,102.0,1998-06-04,8.151,19745.0
1683.0,0.0,13692648.0,102.0,1997-09-04,6.619,122.0
1684.0,0.0,3309421.0,97.0,1997-09-01,5.549,71.0
1685.0,0.0,0.0,88.0,1996-08-28,5.044,34.0
1686.0,48000000.0,22420000.0,118.0,1997-10-30,6.3,394.0
1687.0,60000000.0,159300000.0,124.0,1997-11-14,6.375,2046.0
1688.0,53000000.0,139804348.0,90.0,1997-11-20,7.606,5526.0
1689.0,20000000.0,13801755.0,93.0,1997-11-14,6.346,561.0
1690.0,70000000.0,162000000.0,109.0,1997-11-12,6.162,5410.0
1693.0,36000000.0,44229441.0,155.0,1997-12-10,7.017,1382.0
1694.0,5000000.0,19868354.0,134.0,1997-12-19,6.298,151.0
1695.0,0.0,0.0,96.0,1997-09-10,5.889,45.0
1696.0,0.0,496059.0,105.0,1997-11-26,6.849,152.0
1699.0,0.0,5000000.0,110.0,1998-02-20,6.8,120.0
1701.0,20000000.0,10686841.0,96.0,1997-12-12,7.25,1028.0
1702.0,80000000.0,178000000.0,94.0,1997-11-26,5.659,2499.0
1703.0,35000000.0,31611225.0,115.0,1997-12-11,6.01,248.0
1704.0,10000000.0,225900000.0,126.0,1997-12-05,8.158,13475.0
1707.0,32000000.0,79082515.0,102.0,1997-12-12,5.275,3215.0
1711.0,35000000.0,25100000.0,155.0,1997-11-21,6.365,613.0
1713.0,38000000.0,122417389.0,98.0,1997-12-19,6.538,1331.0
1717.0,24000000.0,172363301.0,120.0,1997-12-12,6.511,4554.0
1718.0,0.0,0.0,94.0,1997-01-01,6.5,4.0
1719.0,5000000.0,7951247.0,112.0,1997-09-25,6.903,418.0
1721.0,200000000.0,2264162353.0,194.0,1997-12-18,7.902,26725.0
1722.0,110000000.0,333011068.0,115.0,1997-12-11,6.375,3342.0
1726.0,80000000.0,17626234.0,177.0,1997-12-25,6.252,1162.0
1727.0,60000000.0,186883563.0,170.0,1998-02-01,6.894,1177.0
1729.0,12000000.0,74727492.0,154.0,1997-12-25,7.359,6780.0
1730.0,28000000.0,5684789.0,137.0,1997-12-25,6.794,477.0
1731.0,30000000.0,75000000.0,87.0,1997-12-25,4.46,408.0
1732.0,15000000.0,47010480.0,117.0,1998-03-06,7.84,11913.0
1733.0,0.0,2465960.0,119.0,1997-12-26,5.9,36.0
1734.0,3200000.0,7100000.0,88.0,1997-05-28,6.939,106.0
1735.0,25000000.0,55494066.0,112.0,1998-01-30,6.623,665.0
1739.0,0.0,375805.0,93.0,1998-03-26,4.81,216.0
1746.0,0.0,13035599.0,93.0,1998-02-20,6.191,391.0
1747.0,15000000.0,64256513.0,86.0,1997-12-25,6.9,1023.0
1748.0,27000000.0,27200000.0,95.0,1998-02-27,7.334,3089.0
1752.0,70000000.0,19900000.0,93.0,1998-01-16,5.861,761.0
1753.0,8000000.0,17460020.0,81.0,1998-01-16,6.316,624.0
1754.0,46000000.0,25232289.0,119.0,1998-01-16,6.787,1548.0
1755.0,3000000.0,302204.0,109.0,1997-08-22,6.3,84.0
1757.0,0.0,0.0,97.0,1995-09-06,7.665,1239.0
1759.0,0.0,310724.0,110.0,1997-10-01,7.5,132.0
1760.0,25000000.0,100000000.0,93.0,1997-12-18,4.9,497.0
1762.0,45000000.0,11203026.0,106.0,1998-01-30,6.149,790.0
1767.0,0.0,118475.0,104.0,1998-04-24,5.6,69.0
1769.0,30000000.0,19200000.0,87.0,1998-02-06,6.3,558.0
1770.0,0.0,50832.0,92.0,1999-07-15,5.8,89.0
1771.0,1000000.0,125397.0,93.0,1997-04-30,6.0,264.0
1772.0,28000000.0,14051384.0,123.0,1998-02-06,5.287,718.0
1777.0,18000000.0,123306987.0,95.0,1998-02-13,6.8,1867.0
1779.0,80000000.0,37020277.0,129.0,1998-02-13,6.123,1761.0
1783.0,0.0,5878911.0,114.0,1998-02-20,5.9,128.0
1784.0,50000000.0,314178011.0,139.0,1997-12-19,7.401,4024.0
1785.0,5300000.0,2554712.0,109.0,1990-07-18,6.753,746.0
1791.0,37000000.0,15055091.0,94.0,1998-03-06,6.1,214.0
1792.0,60000000.0,102367405.0,131.0,1998-03-06,6.531,1744.0
1793.0,0.0,0.0,106.0,1998-08-13,5.774,31.0
1794.0,0.0,0.0,93.0,1998-07-03,6.336,55.0
1797.0,0.0,127990128.0,44.0,1998-03-06,6.6,77.0
1798.0,21000000.0,13583690.0,96.0,1998-03-06,5.697,317.0
1799.0,0.0,0.0,106.0,1997-09-06,6.6,316.0
1801.0,35000000.0,183000000.0,132.0,1998-03-12,6.644,4054.0
1804.0,27000000.0,10452012.0,113.0,1998-03-26,6.1,192.0
1805.0,20000000.0,67200000.0,115.0,1998-03-20,6.366,1902.0
1806.0,0.0,0.0,88.0,1998-04-17,6.908,513.0
1807.0,0.0,0.0,97.0,1998-04-03,5.8,38.0
1809.0,0.0,0.0,103.0,1997-10-30,7.7,748.0
1810.0,65000000.0,52090187.0,143.0,1998-03-20,6.274,339.0
1812.0,6000000.0,0.0,88.0,1998-03-20,5.5,91.0
1816.0,1000000.0,2057193.0,84.0,1998-04-24,5.2,106.0
1821.0,15000000.0,46900000.0,105.0,1998-04-17,5.825,323.0
1824.0,0.0,271375.0,102.0,1998-04-17,5.573,62.0
1825.0,4500000.0,23261485.0,104.0,1998-04-08,6.295,88.0
1826.0,0.0,0.0,76.0,1998-04-03,4.9,59.0
1827.0,0.0,720074.0,91.0,1997-09-06,6.653,83.0
1829.0,0.0,0.0,99.0,1997-11-14,5.8,55.0
1831.0,80000000.0,136159423.0,130.0,1998-04-03,5.434,1284.0
1833.0,60000000.0,93100000.0,111.0,1998-04-03,6.287,1616.0
1834.0,10000000.0,13835130.0,110.0,1997-12-03,6.799,306.0
1835.0,55000000.0,198685114.0,113.0,1998-04-10,6.806,2293.0
1836.0,8000000.0,3020601.0,113.0,1998-05-29,6.257,208.0
1837.0,0.0,18912328.0,97.0,1998-04-09,6.321,145.0
1839.0,0.0,7985929.0,103.0,1998-04-10,5.3,100.0
1840.0,25000000.0,21567853.0,136.0,1998-05-01,6.754,773.0
1841.0,25000000.0,1700000.0,115.0,1998-01-23,5.601,173.0
1844.0,1000000.0,4686844.0,99.0,1997-10-10,7.04,717.0
1845.0,5000000.0,1980338.0,116.0,1998-01-30,6.2,195.0
1848.0,29000000.0,22619699.0,83.0,1997-12-05,6.0,510.0
1855.0,0.0,0.0,90.0,1998-02-27,4.556,89.0
1856.0,0.0,890324.0,95.0,1998-02-27,6.016,123.0
1857.0,0.0,83488.0,105.0,1998-02-27,5.354,65.0
1858.0,12700000.0,18800000.0,90.0,1997-01-31,6.527,726.0
1859.0,120000.0,10923.0,99.0,1997-09-28,7.67,681.0
1860.0,4500000.0,0.0,122.0,1997-04-17,7.356,111.0
1862.0,35000000.0,19200000.0,93.0,1998-04-10,5.166,785.0
1863.0,18000000.0,3572443.0,99.0,1998-04-17,4.964,112.0
1866.0,13000000.0,27007143.0,93.0,1998-04-24,5.9,460.0
1867.0,20000000.0,2172941.0,100.0,1998-04-24,4.2,41.0
1870.0,0.0,565592.0,97.0,1998-05-01,6.962,13.0
1873.0,14000000.0,14096321.0,134.0,1998-05-01,7.21,670.0
1875.0,0.0,537948.0,96.0,1997-06-12,6.125,72.0
1876.0,75000000.0,349464664.0,121.0,1998-05-08,6.233,3224.0
1881.0,40000000.0,38210798.0,85.0,1998-05-15,6.829,837.0
1882.0,130000000.0,379014294.0,140.0,1998-05-20,5.649,4135.0
1883.0,30000000.0,29202884.0,108.0,1998-05-15,6.318,262.0
1884.0,18500000.0,10700000.0,118.0,1998-05-22,7.212,4901.0
1885.0,5000000.0,5879254.0,97.0,1998-05-22,6.2,215.0
1887.0,30000000.0,6100000.0,90.0,1998-05-29,5.428,208.0
1888.0,30000000.0,81471882.0,114.0,1998-05-29,6.409,491.0
1889.0,0.0,227569.0,97.0,1997-03-14,7.021,305.0
1891.0,0.0,0.0,93.0,1997-08-26,5.9,54.0
1892.0,60000000.0,128038368.0,103.0,1998-06-05,6.542,1509.0
1893.0,0.0,0.0,109.0,1996-12-18,6.877,77.0
1894.0,70000000.0,164839294.0,95.0,1998-06-12,6.1,1570.0
1895.0,10000000.0,25605015.0,96.0,1998-06-12,6.217,575.0
1897.0,0.0,1929168.0,101.0,1998-06-12,6.2,142.0
1900.0,180000.0,925402.0,88.0,1997-08-01,7.9,697.0
1902.0,0.0,0.0,90.0,1996-04-18,5.0,38.0
1904.0,900000.0,1334786.0,137.0,1998-06-19,6.6,105.0
1906.0,0.0,301796.0,105.0,1998-06-05,5.8,45.0
1907.0,90000000.0,304320254.0,88.0,1998-06-18,7.902,10247.0
1909.0,66000000.0,189198313.0,121.0,1998-06-19,6.904,1748.0
1910.0,0.0,0.0,107.0,1997-10-03,5.926,27.0
1911.0,71000000.0,294500000.0,82.0,1998-06-26,5.717,3223.0
1912.0,48000000.0,77745966.0,122.0,1998-06-26,6.676,1359.0
1913.0,460000.0,5125000.0,106.0,1975-09-02,7.217,863.0
1914.0,0.0,0.0,89.0,1998-06-26,6.761,111.0
1916.0,1500000.0,2375097.0,110.0,1998-01-20,7.1,1019.0
1917.0,140000000.0,553799566.0,148.0,1998-07-01,6.831,8393.0
1918.0,140000000.0,285444603.0,127.0,1998-07-10,6.602,2850.0
1919.0,20000000.0,29967750.0,89.0,1998-07-10,6.211,239.0
1920.0,40000000.0,54682547.0,111.0,1998-07-10,6.556,2263.0
1921.0,60000.0,3221152.0,85.0,1998-07-10,7.117,2420.0
1922.0,0.0,0.0,112.0,1998-07-10,5.688,8.0
1923.0,23000000.0,369900000.0,119.0,1998-07-15,6.622,5211.0
1924.0,60000.0,0.0,78.0,1957-03-15,4.211,584.0
1926.0,379000.0,4358000.0,101.0,1929-02-08,5.2,157.0
1927.0,1448864.0,3270000.0,133.0,1930-04-29,7.744,900.0
1928.0,1433000.0,1383000.0,123.0,1931-01-26,5.585,137.0
1929.0,700000.0,2594000.0,112.0,1932-05-25,6.967,332.0
1931.0,1950000.0,4460000.0,127.0,1935-11-22,7.35,371.0
1932.0,2183000.0,4673000.0,185.0,1936-04-08,6.3,137.0
1933.0,0.0,0.0,116.0,1937-09-09,6.7,148.0
1934.0,1644736.0,7433101.0,126.0,1938-09-01,7.5,434.0
1936.0,1344000.0,13500000.0,133.0,1942-07-03,7.1,276.0
1937.0,0.0,16300000.0,126.0,1944-01-01,6.7,188.0
1938.0,1250000.0,11000000.0,100.0,1945-11-29,7.629,648.0
1939.0,2100000.0,23650000.0,172.0,1946-12-25,7.773,715.0
1940.0,2000000.0,7800000.0,118.0,1947-11-11,6.988,267.0
1941.0,750000.0,0.0,153.0,1948-12-10,7.4,280.0
1942.0,0.0,0.0,109.0,1949-11-16,7.0,235.0
1944.0,1650000.0,30500000.0,118.0,1953-08-28,7.288,690.0
1945.0,910000.0,9600631.0,106.0,1954-06-22,7.9,1717.0
1946.0,343000.0,3000000.0,90.0,1955-04-11,7.441,426.0
1947.0,6000000.0,43700000.0,151.0,1961-12-13,7.234,1995.0
1948.0,1000000.0,37600000.0,123.0,1963-08-24,5.905,231.0
1949.0,3900000.0,28350000.0,120.0,1966-12-13,7.342,478.0
1950.0,2000000.0,27379978.0,109.0,1967-08-02,7.65,1196.0
1951.0,10000000.0,37400000.0,153.0,1968-09-26,7.0,464.0
1952.0,3600000.0,44785053.0,108.0,1969-05-25,7.5,1546.0
1953.0,1800000.0,41200000.0,104.0,1971-10-09,7.498,2068.0
1954.0,1000000.0,117253345.0,119.0,1976-11-20,7.794,8408.0
1955.0,8000000.0,106260000.0,104.0,1979-12-07,7.6,2394.0
1956.0,6000000.0,54766923.0,124.0,1980-09-19,7.5,678.0
1957.0,5500000.0,58972904.0,123.0,1981-05-15,6.777,1002.0
1958.0,8000000.0,108423749.0,132.0,1983-11-20,7.124,809.0
1959.0,31000000.0,227514205.0,161.0,1985-12-20,7.2,1499.0
1960.0,23800000.0,44000000.0,156.0,1987-10-04,7.583,1863.0
1961.0,25000000.0,354825435.0,133.0,1988-12-12,7.749,6879.0
1962.0,7500000.0,145793296.0,99.0,1989-12-13,7.2,1722.0
1963.0,1530000.0,6080000.0,85.0,1969-08-18,7.111,776.0
1964.0,2500000.0,12512637.0,114.0,1971-06-23,6.744,490.0
1965.0,1500000.0,2300000.0,92.0,1984-03-02,6.659,655.0
1966.0,225000.0,2900000.0,98.0,1990-08-03,6.938,176.0
1967.0,25000000.0,12729917.0,91.0,1986-06-27,7.3,2653.0
1968.0,1000000.0,51530442.0,97.0,1985-02-15,7.725,8391.0
1969.0,3000000.0,30000121.0,87.0,1985-11-01,5.8,2039.0
1970.0,4450000.0,44793222.0,96.0,1987-02-27,6.696,1960.0
1971.0,6500000.0,49369899.0,99.0,1988-08-19,5.863,1559.0
1972.0,8000000.0,22168359.0,89.0,1989-08-11,5.417,1387.0
1973.0,10000000.0,34872033.0,105.0,1991-09-05,5.304,1438.0
1974.0,550000.0,59754601.0,95.0,1980-05-09,6.401,3234.0
1975.0,1250000.0,21723464.0,87.0,1981-05-01,6.197,1860.0
1976.0,2200000.0,36697702.0,96.0,1982-08-13,5.887,1565.0
1977.0,2200000.0,32982894.0,90.0,1984-04-13,6.127,1464.0
1978.0,2200000.0,21930418.0,92.0,1985-03-22,5.279,1263.0
1979.0,3000000.0,19472525.0,86.0,1986-08-01,6.2,1310.0
1980.0,2800000.0,19170001.0,88.0,1988-05-13,5.478,1175.0
1981.0,5300000.0,14343976.0,100.0,1989-07-28,4.949,1176.0
1982.0,325000.0,70260597.0,91.0,1978-10-24,7.554,6040.0
1983.0,2500000.0,25533818.0,92.0,1981-10-30,6.575,2194.0
1984.0,2500000.0,14402425.0,98.0,1982-10-22,5.246,1508.0
1985.0,5000000.0,17768757.0,88.0,1988-10-21,6.173,2021.0
1986.0,3000000.0,11642254.0,90.0,1989-10-12,5.306,1300.0
1987.0,1500000.0,14796236.0,93.0,1980-07-18,5.7,484.0
1990.0,0.0,0.0,93.0,1992-02-14,4.7,81.0
1991.0,9000000.0,44196684.0,87.0,1988-11-09,6.737,3244.0
1992.0,13000000.0,35763605.0,83.0,1990-11-09,6.35,1975.0
1993.0,13000000.0,20560255.0,89.0,1991-08-30,5.902,1703.0
1994.0,10700000.0,121733131.0,114.0,1982-06-04,7.154,3240.0
1995.0,19000000.0,40996665.0,90.0,1986-05-23,5.997,744.0
1996.0,10500000.0,14144000.0,98.0,1988-06-10,5.245,538.0
1997.0,12000000.0,441306145.0,133.0,1973-12-26,7.739,8443.0
1998.0,14000000.0,30749142.0,118.0,1977-06-17,4.5,771.0
1999.0,9300000.0,39024251.0,110.0,1990-08-17,6.262,830.0
2000.0,15000000.0,120207127.0,109.0,1987-03-06,7.288,4896.0
2001.0,25000000.0,227853986.0,114.0,1989-07-07,7.025,3642.0
2002.0,35000000.0,321731527.0,118.0,1992-05-15,6.706,3137.0
2003.0,11000000.0,153083102.0,105.0,1984-06-08,7.139,6833.0
2004.0,50000000.0,41482207.0,106.0,1990-06-15,6.525,2814.0
2005.0,19000000.0,69649283.0,114.0,1985-06-07,7.512,6093.0
2006.0,95000000.0,250288523.0,136.0,1998-07-16,6.575,4242.0
2007.0,0.0,0.0,105.0,1998-01-16,5.0,44.0
2008.0,0.0,51618.0,100.0,1997-07-11,5.0,29.0
2009.0,0.0,3600000.0,97.0,1973-04-18,6.93,1377.0
2010.0,5300000.0,1350322.0,150.0,1927-01-10,8.101,3025.0
2011.0,40000000.0,332000000.0,108.0,1989-11-22,7.774,13640.0
2012.0,40000000.0,244527583.0,118.0,1990-05-25,7.489,11276.0
2013.0,5000000.0,84563118.0,117.0,1972-12-01,7.092,960.0
2014.0,0.0,25942000.0,95.0,1976-12-17,6.111,296.0
2015.0,2000000.0,0.0,96.0,1961-01-20,6.479,192.0
2016.0,5450000.0,20931111.0,89.0,1979-06-27,6.479,71.0
2017.0,0.0,0.0,106.0,1961-12-14,5.8,104.0
2018.0,858000.0,267447150.0,70.0,1942-08-14,7.0,5930.0
2019.0,2000000.0,105000000.0,207.0,1954-04-26,8.449,4093.0
2020.0,14000000.0,34670720.0,119.0,1988-12-21,7.19,1241.0
2021.0,40000000.0,31502434.0,140.0,1984-12-14,6.182,3327.0
2022.0,7000000.0,33773585.0,163.0,1988-05-28,7.21,1159.0
2023.0,54000000.0,136766062.0,160.0,1990-12-25,7.419,6683.0
2024.0,3000000.0,1277404.0,100.0,1991-10-04,5.723,92.0
2025.0,62000000.0,1100000.0,137.0,1997-09-27,7.109,1921.0
2026.0,15000000.0,17514980.0,87.0,1998-07-24,5.776,406.0
2027.0,10000000.0,19889299.0,90.0,1998-07-24,5.432,207.0
2028.0,70000000.0,481840909.0,169.0,1998-07-24,8.221,16848.0
2032.0,0.0,0.0,96.0,1971-03-17,5.466,44.0
2033.0,25000000.0,21300000.0,80.0,1985-07-24,6.422,1407.0
2034.0,20000000.0,35841901.0,98.0,1979-12-18,5.842,531.0
2035.0,0.0,0.0,107.0,1968-02-08,6.702,151.0
2036.0,13000000.0,30600000.0,90.0,1994-02-11,6.0,524.0
2037.0,0.0,0.0,100.0,1977-12-16,6.9,118.0
2038.0,4000000.0,0.0,104.0,1978-06-09,5.939,148.0
2040.0,0.0,0.0,91.0,1969-12-29,6.006,156.0
2041.0,0.0,0.0,90.0,1981-07-02,5.5,139.0
2042.0,0.0,45610410.0,106.0,1994-03-25,6.196,634.0
2043.0,0.0,0.0,90.0,1959-06-24,6.634,168.0
2044.0,0.0,16000000.0,96.0,1981-03-06,5.8,37.0
2046.0,9000000.0,18564613.0,89.0,1986-07-30,6.95,915.0
2048.0,14000000.0,38600000.0,77.0,1986-07-02,7.046,1761.0
2050.0,0.0,18000000.0,100.0,1980-06-25,5.3,247.0
2051.0,0.0,29000000.0,104.0,1977-06-24,5.9,340.0
2052.0,28000000.0,51663767.0,96.0,1993-07-16,7.034,3224.0
2053.0,40000000.0,58662452.0,89.0,1992-07-16,5.272,1245.0
2054.0,18000000.0,222724172.0,94.0,1989-06-23,6.313,3246.0
2055.0,0.0,0.0,90.0,1978-07-05,5.8,33.0
2056.0,0.0,0.0,98.0,1962-12-01,6.5,76.0
2057.0,0.0,0.0,80.0,1963-11-20,6.647,116.0
2058.0,50000000.0,44547681.0,138.0,1998-07-29,7.104,2300.0
2059.0,15000000.0,92108518.0,127.0,1998-07-28,7.218,4431.0
2060.0,25000000.0,7027290.0,103.0,1998-07-28,6.1,629.0
2064.0,160000.0,6706368.0,91.0,1989-09-01,7.089,310.0
2065.0,15000000.0,10631333.0,82.0,1985-03-01,7.4,1113.0
2066.0,0.0,0.0,96.0,1947-11-25,7.647,630.0
2067.0,11000000.0,111858363.0,197.0,1965-12-22,7.54,1243.0
2068.0,6000000.0,6800000.0,188.0,1982-12-17,7.791,854.0
2069.0,0.0,7218340.0,108.0,1985-12-20,7.205,56.0
2070.0,4500000.0,8400000.0,92.0,1983-03-04,6.7,145.0
2071.0,0.0,0.0,2.0,1993-09-11,6.439,107.0
2072.0,18000000.0,49101993.0,97.0,1989-02-17,6.763,1327.0
2073.0,7000000.0,91666.0,91.0,1985-01-25,6.672,192.0
2074.0,0.0,0.0,118.0,1974-04-03,6.743,374.0
2075.0,0.0,0.0,145.0,1981-02-11,7.183,142.0
2076.0,6000000.0,8636706.0,120.0,1986-09-19,7.608,3707.0
2077.0,0.0,9708373.0,101.0,1985-09-27,6.8,161.0
2078.0,4000000.0,378000000.0,78.0,1967-10-18,7.3,6553.0
2080.0,4000000.0,36359037.0,75.0,1955-06-22,7.121,5545.0
2081.0,40000000.0,211343479.0,83.0,1989-11-17,7.352,8277.0
2082.0,10000000.0,50752337.0,104.0,1992-10-02,6.578,948.0
2083.0,12000000.0,27300000.0,85.0,1992-12-11,7.44,1136.0
2084.0,15000000.0,2819485.0,130.0,1992-04-10,6.7,290.0
2085.0,3600000.0,303000000.0,79.0,1961-01-25,7.2,6561.0
2087.0,4000000.0,87400000.0,76.0,1953-02-05,7.194,5642.0
2088.0,20000000.0,49823037.0,114.0,1980-12-12,5.532,678.0
2089.0,38000000.0,47431461.0,95.0,1990-11-16,6.641,1361.0
2090.0,7500000.0,169015869.0,76.0,1977-06-22,6.784,2636.0
2091.0,0.0,6393000.0,93.0,1978-03-10,5.9,236.0
2092.0,3500000.0,0.0,69.0,1994-05-20,6.2,3418.0
2093.0,25000000.0,11137801.0,113.0,1985-06-21,6.7,1056.0
2094.0,42000000.0,46704056.0,108.0,1991-06-21,6.466,1015.0
2095.0,0.0,0.0,91.0,1976-12-17,5.765,81.0
2096.0,6000000.0,51600000.0,75.0,1959-02-17,6.9,5392.0
2097.0,20000000.0,8400000.0,95.0,1983-04-29,6.437,197.0
2098.0,0.0,22129412.0,100.0,1963-01-16,6.037,67.0
2099.0,2125000.0,65000000.0,90.0,1946-11-12,6.495,295.0
2100.0,8000000.0,69800000.0,111.0,1984-03-09,6.258,1447.0
2102.0,4986.0,0.0,7.0,1928-05-15,7.302,593.0
2103.0,32000000.0,0.0,98.0,1995-03-24,6.214,84.0
2104.0,5000000.0,7400000.0,103.0,1982-07-30,6.1,58.0
2105.0,17000000.0,33002371.0,96.0,1982-07-09,6.637,2646.0
2106.0,0.0,5600000.0,112.0,1993-03-05,6.7,238.0
2107.0,17000000.0,75041738.0,89.0,1998-08-05,6.042,1759.0
2108.0,0.0,28900000.0,95.0,1991-02-08,6.488,372.0
2109.0,4000000.0,100000000.0,94.0,1979-12-14,6.9,874.0
2110.0,9000000.0,18196170.0,88.0,1982-05-21,6.652,428.0
2111.0,10100000.0,10000000.0,93.0,1983-06-10,6.217,467.0
2112.0,0.0,40991329.0,126.0,1991-12-25,6.4,210.0
2114.0,10000000.0,33697647.0,91.0,1983-03-25,7.198,1505.0
2115.0,28000000.0,333000000.0,118.0,1984-05-23,7.304,9904.0
2116.0,4000000.0,30477175.0,132.0,1978-11-15,6.6,1022.0
2117.0,7430072.0,8430492.0,113.0,1984-11-09,6.786,1595.0
2118.0,10000000.0,20766616.0,103.0,1983-10-21,7.005,1771.0
2119.0,10000000.0,7400000.0,97.0,1986-07-13,5.828,838.0
2120.0,0.0,15185672.0,113.0,1993-08-27,6.2,588.0
2121.0,5000000.0,21200000.0,93.0,1983-08-10,6.149,1101.0
2122.0,800000.0,14568989.0,93.0,1984-03-09,5.733,1096.0
2123.0,13800000.0,27100027.0,83.0,1989-11-17,6.804,1107.0
2124.0,30000000.0,191502426.0,99.0,1991-11-22,7.066,4950.0
2125.0,26000000.0,98005666.0,121.0,1998-07-31,7.4,1540.0
2126.0,73000000.0,103900000.0,98.0,1998-08-07,6.18,1470.0
2130.0,7200000.0,12729675.0,104.0,1980-09-03,6.771,292.0
2131.0,0.0,0.0,99.0,1978-10-08,7.964,678.0
2132.0,7500000.0,33736689.0,130.0,1966-06-22,7.699,887.0
2133.0,7000000.0,34368475.0,102.0,1987-07-01,6.859,730.0
2134.0,7500000.0,38934048.0,93.0,1985-08-01,6.549,1501.0
2135.0,18000000.0,9000000.0,151.0,1967-12-05,6.2,194.0
2136.0,0.0,0.0,107.0,1963-06-04,6.518,456.0
2137.0,0.0,5232000.0,94.0,1973-03-01,6.8,399.0
2138.0,1000000.0,3713768.0,92.0,1978-10-14,7.203,680.0
2139.0,7000000.0,14665733.0,82.0,1982-06-17,7.45,912.0
2140.0,15000000.0,44626631.0,95.0,1982-12-17,7.116,1220.0
2141.0,9000000.0,84542002.0,77.0,1986-11-21,6.7,1418.0
2142.0,0.0,40766041.0,75.0,1991-11-21,6.326,775.0
2143.0,24500000.0,15502112.0,100.0,1985-08-28,6.235,1337.0
2144.0,6500000.0,23686027.0,93.0,1984-05-04,6.751,2170.0
2145.0,9000000.0,40471663.0,92.0,1986-02-28,6.714,1167.0
2146.0,10000000.0,37803872.0,110.0,1985-06-28,6.119,576.0
2147.0,15000000.0,1953732.0,98.0,1986-01-17,5.244,129.0
2148.0,3000000.0,19444631.0,92.0,1985-12-06,6.19,608.0
2149.0,3000000.0,10000000.0,88.0,1987-05-14,5.5,271.0
2150.0,5000000.0,200000000.0,100.0,1980-09-10,7.254,1274.0
2151.0,7500000.0,9600000.0,98.0,1989-07-01,7.081,532.0
2152.0,11000000.0,10224116.0,90.0,1998-08-14,5.113,186.0
2153.0,60000000.0,48600000.0,86.0,1998-08-13,4.44,761.0
2154.0,20000000.0,37672350.0,124.0,1998-08-14,5.8,122.0
2155.0,5000000.0,5502773.0,91.0,1998-08-14,6.276,243.0
2156.0,0.0,0.0,101.0,1997-10-28,7.3,16.0
2159.0,111000.0,609939.0,82.0,1986-09-24,6.74,762.0
2160.0,3200000.0,33395426.0,138.0,1968-06-12,7.82,4262.0
2161.0,27000000.0,20158808.0,95.0,1984-04-06,7.2,4274.0
2162.0,32000000.0,16283667.0,90.0,1990-10-25,5.778,863.0
2163.0,100420.0,567000.0,87.0,1978-10-04,5.0,325.0
2164.0,20000.0,0.0,81.0,1987-07-03,3.858,123.0
2165.0,5000000.0,4710749.0,96.0,1998-08-19,5.8,82.0
2166.0,0.0,0.0,107.0,1998-08-10,6.477,308.0
2167.0,45000000.0,131183530.0,115.0,1998-08-21,6.82,6526.0
2169.0,14000000.0,15100000.0,96.0,1998-08-21,5.431,159.0
2170.0,0.0,9623329.0,85.0,1998-07-23,5.978,483.0
2171.0,0.0,3395581.0,104.0,1998-08-21,5.9,92.0
2172.0,0.0,913834.0,97.0,1998-08-21,6.3,129.0
2174.0,15000000.0,84554197.0,98.0,1988-03-30,7.367,8260.0
2175.0,0.0,0.0,117.0,1998-04-22,5.25,12.0
2176.0,1500000.0,2200000.0,83.0,1948-02-01,7.936,2934.0
2177.0,4500000.0,13200000.0,120.0,1976-04-09,6.773,488.0
2178.0,2000000.0,12600000.0,116.0,1972-05-25,7.096,989.0
2179.0,4000000.0,6000000.0,121.0,1969-12-17,6.019,405.0
2180.0,3000000.0,13000615.0,127.0,1966-07-14,6.603,643.0
2181.0,2135000.0,7000000.0,120.0,1964-07-17,7.119,1203.0
2182.0,1200000.0,2000000.0,105.0,1956-12-22,7.2,600.0
2183.0,1200000.0,11300000.0,120.0,1956-05-16,7.447,1519.0
2184.0,1200000.0,7000000.0,95.0,1955-09-30,7.0,882.0
2185.0,0.0,0.0,94.0,1953-02-12,7.086,471.0
2186.0,1200000.0,7000000.0,101.0,1951-06-27,7.664,1830.0
2187.0,1450000.0,1900000.0,110.0,1950-02-23,6.835,355.0
2188.0,13000000.0,16757163.0,100.0,1998-08-28,5.859,509.0
2190.0,0.0,12413650.0,116.0,1998-08-28,6.3,49.0
2193.0,35000000.0,57300000.0,120.0,1988-05-20,7.008,2102.0
2194.0,25000000.0,76270454.0,119.0,1987-06-03,7.756,6042.0
2195.0,13000000.0,0.0,82.0,1998-06-12,6.2,294.0
2196.0,35000000.0,44000000.0,91.0,1998-09-04,5.328,392.0
2201.0,4258000.0,2100000.0,114.0,1947-12-29,6.232,257.0
2202.0,1590000.0,1000000.0,96.0,1944-01-28,7.361,466.0
2203.0,0.0,0.0,108.0,1943-01-12,7.504,1115.0
2204.0,780000.0,1250000.0,109.0,1942-04-22,6.892,531.0
2205.0,743000.0,1400000.0,95.0,1941-01-31,5.973,241.0
2206.0,1103000.0,4500000.0,99.0,1941-11-14,7.132,873.0
2207.0,200436.0,0.0,100.0,1939-05-11,6.114,236.0
2208.0,0.0,0.0,96.0,1938-10-07,7.432,1004.0
2210.0,0.0,0.0,77.0,1937-01-08,6.705,357.0
2211.0,0.0,0.0,86.0,1936-05-11,6.096,161.0
2212.0,180000.0,0.0,76.0,1934-12-09,6.477,434.0
2226.0,0.0,0.0,116.0,1927-09-28,5.87,104.0
2227.0,14670.0,83568.0,91.0,1927-02-14,7.132,326.0
2231.0,12000000.0,22912409.0,120.0,1998-09-11,7.008,1865.0
2232.0,257899.0,8969065.0,90.0,1998-07-11,6.812,5090.0
2236.0,20000000.0,18253415.0,114.0,1998-09-11,6.827,255.0
2239.0,0.0,6014430.0,125.0,1974-12-18,7.408,332.0
2240.0,0.0,22482952.0,96.0,1980-07-11,6.3,125.0
2241.0,7000000.0,21600000.0,98.0,1983-07-22,5.96,199.0
2243.0,20000000.0,67330500.0,133.0,1987-12-16,6.764,450.0
2244.0,0.0,0.0,108.0,1987-05-01,4.7,41.0
2245.0,28000000.0,103173635.0,115.0,1988-12-20,6.592,1033.0
2247.0,10000000.0,21486757.0,105.0,1988-08-19,5.947,309.0
2248.0,16000000.0,20036737.0,100.0,1989-04-14,7.016,1076.0
2249.0,6.0,23.0,97.0,1990-08-17,6.078,263.0
2252.0,42000000.0,0.0,119.0,1992-10-02,6.286,520.0
2253.0,50000000.0,23278931.0,118.0,1992-12-18,5.293,577.0
2255.0,7500000.0,30688860.0,95.0,1982-07-16,5.2,65.0
2256.0,800000.0,7000000.0,85.0,1982-03-12,4.81,84.0
2257.0,0.0,0.0,102.0,1984-11-09,5.4,57.0
2259.0,9000000.0,18644570.0,99.0,1984-02-17,5.7,190.0
2260.0,6500000.0,5715174.0,109.0,1986-12-31,5.917,48.0
2261.0,9000000.0,13000000.0,93.0,1986-08-08,6.0,210.0
2262.0,8500000.0,38702310.0,113.0,1986-07-02,6.015,229.0
2263.0,0.0,18875011.0,97.0,1988-04-01,6.012,369.0
2264.0,20000000.0,0.0,101.0,1989-06-02,6.164,534.0
2265.0,40000000.0,8500000.0,94.0,1991-02-15,5.2,387.0
2266.0,0.0,9689816.0,107.0,1991-10-25,5.7,180.0
2267.0,8000000.0,18800000.0,104.0,1991-04-19,5.6,196.0
2268.0,40000000.0,243240178.0,138.0,1992-12-11,7.5,4013.0
2269.0,38000000.0,266614059.0,112.0,1993-04-07,6.4,1568.0
2271.0,0.0,1166199.0,84.0,1998-09-16,5.888,121.0
2272.0,0.0,0.0,127.0,1998-09-18,6.507,134.0
2273.0,33000000.0,244721064.0,95.0,1998-09-18,7.061,5476.0
2275.0,2000000.0,124494.0,91.0,1998-09-18,6.273,144.0
2278.0,55000000.0,70692101.0,122.0,1998-09-25,6.956,2576.0
2279.0,14000000.0,72527595.0,100.0,1998-09-25,5.726,1421.0
2280.0,8000000.0,1800000.0,104.0,1998-09-25,6.179,135.0
2281.0,0.0,0.0,93.0,1998-09-25,5.553,30.0
2282.0,6000000.0,2281761.0,86.0,1998-09-25,6.067,201.0
2283.0,25000000.0,2075084.0,138.0,1990-10-25,6.488,289.0
2286.0,0.0,10700000.0,100.0,1980-08-08,4.8,37.0
2287.0,23000000.0,0.0,94.0,1954-06-16,6.8,449.0
2288.0,15000000.0,19629760.0,109.0,1982-06-25,8.066,7684.0
2289.0,8000000.0,21706101.0,124.0,1992-05-08,7.197,918.0
2290.0,10000000.0,10389003.0,89.0,1980-09-26,6.919,457.0
2291.0,20000000.0,86024005.0,105.0,1990-12-07,7.719,13553.0
2292.0,12000000.0,0.0,87.0,1998-04-07,5.549,102.0
2294.0,60000000.0,171757863.0,83.0,1998-10-02,6.175,4648.0
2295.0,0.0,2198044.0,101.0,1998-10-02,5.9,67.0
2296.0,17000000.0,30331165.0,82.0,1998-10-01,6.5,973.0
2297.0,85000000.0,71485043.0,106.0,1998-10-02,7.204,2432.0
2298.0,1100000.0,631221.0,85.0,1998-10-02,5.0,141.0
2300.0,947000.0,0.0,84.0,1968-03-18,7.072,867.0
2301.0,10000000.0,31672907.0,92.0,1981-06-12,6.765,874.0
2302.0,11000000.0,64088552.0,120.0,1992-03-13,7.507,1785.0
2303.0,2200000.0,9995555.0,159.0,1975-06-11,7.232,451.0
2304.0,0.0,0.0,92.0,1998-09-16,5.985,68.0
2306.0,60000000.0,12069719.0,110.0,1998-10-08,5.262,449.0
2307.0,0.0,0.0,90.0,1998-10-09,3.889,9.0
2310.0,0.0,2652246.0,100.0,1998-06-01,7.229,286.0
2311.0,28000000.0,40400000.0,116.0,1984-12-06,6.644,1028.0
2312.0,0.0,31853080.0,84.0,1986-09-13,6.937,335.0
2313.0,5000000.0,26000000.0,124.0,1980-10-09,8.0,3816.0
2314.0,80000000.0,22900000.0,172.0,1998-10-16,5.8,106.0
2315.0,25000000.0,50688658.0,88.0,1998-10-15,6.1,2066.0
2316.0,75000000.0,46733235.0,103.0,1998-10-16,6.763,1667.0
2318.0,3000000.0,2800000.0,140.0,1998-10-11,7.424,901.0
2320.0,14000000.0,8863193.0,107.0,1998-10-23,6.528,697.0
2321.0,60000000.0,49800000.0,119.0,1998-09-17,7.261,1826.0
2322.0,75000000.0,14594226.0,99.0,1998-10-23,6.399,909.0
2323.0,0.0,0.0,76.0,1998-10-23,7.3,23.0
2324.0,20000000.0,230098753.0,117.0,1997-12-20,8.44,13767.0
2325.0,1000000.0,602302.0,94.0,1998-07-02,6.115,468.0
2327.0,3500000.0,16324573.0,93.0,1990-05-03,6.172,413.0
2328.0,20000000.0,20308772.0,108.0,1998-10-30,6.316,1326.0
2329.0,20000000.0,23900000.0,118.0,1998-07-01,8.329,12292.0
2330.0,0.0,0.0,98.0,1997-06-01,7.559,34.0
2331.0,12000000.0,12902790.0,100.0,1998-10-30,5.843,51.0
2332.0,3000000.0,9600000.0,96.0,1998-11-04,6.023,153.0
2333.0,10000000.0,6451628.0,105.0,1998-09-12,6.9,381.0
2334.0,70000000.0,116700000.0,111.0,1998-11-06,6.294,1436.0
2335.0,23000000.0,185991646.0,90.0,1998-11-06,6.054,1959.0
2336.0,30000000.0,82150642.0,124.0,1998-09-13,7.174,1470.0
2337.0,9000000.0,4300000.0,120.0,1998-08-28,6.877,532.0
2338.0,24000000.0,84002112.0,100.0,1998-11-13,5.374,1670.0
2339.0,30000000.0,0.0,86.0,1998-11-13,5.972,352.0
2340.0,90000000.0,142940100.0,181.0,1998-11-12,7.358,5622.0
2342.0,0.0,0.0,92.0,1996-10-11,6.5,32.0
2344.0,9000000.0,7936012.0,110.0,1985-11-15,7.0,626.0
2346.0,500000.0,8700000.0,117.0,1975-02-12,6.681,350.0
2347.0,8000000.0,6836201.0,121.0,1984-06-22,6.376,150.0
2348.0,4000000.0,2826523.0,114.0,1986-09-12,6.7,548.0
2349.0,0.0,5794184.0,105.0,1986-06-13,6.886,284.0
2350.0,10000000.0,4134992.0,100.0,1990-02-02,5.6,102.0
2351.0,0.0,752045.0,110.0,1957-10-03,7.988,843.0
2352.0,8000000.0,56342711.0,105.0,1983-09-30,6.85,639.0
2353.0,90000000.0,250649836.0,132.0,1998-11-20,7.06,4145.0
2354.0,30000000.0,100491683.0,80.0,1998-11-20,6.2,626.0
2355.0,80000000.0,363258859.0,95.0,1998-11-25,6.973,9588.0
2356.0,12000000.0,5078660.0,108.0,1998-09-07,5.969,499.0
2357.0,2900000.0,5596708.0,110.0,1998-04-03,8.138,1016.0
2358.0,10000000.0,0.0,103.0,1998-06-01,7.2,176.0
2359.0,3000000.0,43515982.0,91.0,1998-11-20,7.1,334.0
2360.0,1300000.0,0.0,101.0,1998-06-19,7.7,1215.0
2361.0,12000.0,6000000.0,93.0,1972-03-17,6.162,542.0
2362.0,20000.0,10158.0,71.0,1953-04-01,4.58,143.0
2363.0,60000.0,2250000.0,98.0,1954-11-03,7.639,1072.0
2364.0,200000.0,4116395.0,87.0,1985-08-23,6.796,194.0
2365.0,0.0,12550000.0,97.0,1962-08-11,6.896,333.0
2366.0,672000.0,10001781.0,104.0,1933-03-15,7.599,1573.0
2367.0,23000000.0,90614445.0,136.0,1976-09-08,6.272,901.0
2368.0,10000000.0,4711220.0,105.0,1986-12-16,5.141,245.0
2369.0,4500000.0,27399597.0,100.0,1985-03-29,6.077,487.0
2370.0,0.0,24467000.0,113.0,1985-06-22,6.63,257.0
2371.0,8000000.0,59612888.0,98.0,1985-05-31,6.74,738.0
2372.0,8000000.0,35150960.0,95.0,1989-03-17,6.025,321.0
2373.0,17900000.0,6948633.0,89.0,1985-04-09,5.378,914.0
2374.0,13000000.0,36611610.0,111.0,1986-03-14,6.038,209.0
2375.0,10000000.0,54999651.0,87.0,1986-03-26,6.512,1208.0
2376.0,30000000.0,152427960.0,131.0,1985-05-24,6.243,2133.0
2377.0,25000000.0,11603545.0,101.0,1985-06-21,6.3,688.0
2378.0,4500000.0,81198894.0,97.0,1984-03-22,6.694,2902.0
2379.0,7600000.0,55600000.0,84.0,1985-03-28,6.078,1682.0
2380.0,12000000.0,107600000.0,84.0,1986-03-20,5.803,1327.0
2381.0,17000000.0,76800000.0,87.0,1987-04-02,5.515,1244.0
2382.0,14000000.0,19510371.0,90.0,1988-03-17,5.222,981.0
2383.0,15000000.0,33200000.0,83.0,1989-03-09,5.143,921.0
2384.0,90000000.0,69100000.0,96.0,1998-11-25,5.655,1301.0
2385.0,15000000.0,10443316.0,93.0,1998-11-25,5.1,105.0
2387.0,30000000.0,9898412.0,96.0,1998-09-11,6.262,673.0
2388.0,0.0,384793.0,94.0,1997-05-09,6.61,146.0
2389.0,25000000.0,37100000.0,100.0,1998-12-04,5.139,1025.0
2390.0,0.0,0.0,97.0,1998-11-05,6.5,196.0
2391.0,17000000.0,16316273.0,121.0,1998-12-11,7.205,1033.0
2392.0,27000000.0,34562925.0,100.0,1998-11-15,6.026,1212.0
2393.0,70000000.0,112587658.0,93.0,1998-12-11,6.439,1315.0
2394.0,70000000.0,218613188.0,99.0,1998-12-16,7.3,4213.0
2395.0,9000000.0,17096053.0,89.0,1998-12-11,7.4,2655.0
2396.0,25000000.0,289317794.0,123.0,1998-12-11,6.84,3146.0
2398.0,630000.0,2700000.0,96.0,1947-06-04,7.368,819.0
2399.0,50000000.0,23717291.0,107.0,1985-10-29,6.264,280.0
2400.0,0.0,0.0,99.0,1989-11-17,6.02,101.0
2401.0,6900000.0,41400000.0,113.0,1985-06-28,7.167,1164.0
2402.0,44000000.0,300400432.0,96.0,1985-05-21,6.657,4208.0
2403.0,15000000.0,125212904.0,97.0,1982-10-22,7.5,6717.0
2404.0,63000000.0,189015611.0,100.0,1988-05-24,6.197,3391.0
2405.0,25000000.0,96800000.0,102.0,1985-08-01,6.209,1239.0
2406.0,10000000.0,86572238.0,106.0,1984-03-30,6.756,1986.0
2407.0,17500000.0,85300000.0,117.0,1985-06-21,6.63,1371.0
2408.0,17500000.0,25000000.0,110.0,1988-09-13,6.485,1010.0
2409.0,7000000.0,85187855.0,119.0,1979-06-15,7.288,4688.0
2410.0,17000000.0,125052898.0,99.0,1982-05-28,6.899,4403.0
2411.0,31000000.0,300473716.0,91.0,1985-11-21,7.1,4704.0
2412.0,42000000.0,119946358.0,104.0,1990-11-16,5.781,3393.0
2413.0,15000000.0,14647963.0,94.0,1985-12-13,7.213,1897.0
2414.0,18000000.0,63700000.0,104.0,1985-12-04,6.7,683.0
2415.0,0.0,0.0,88.0,1986-04-04,4.8,20.0
2416.0,11000000.0,91258000.0,96.0,1986-06-13,6.341,478.0
2417.0,15000000.0,52600000.0,113.0,1986-07-25,6.0,205.0
2418.0,12000000.0,32324557.0,118.0,1986-07-29,5.835,133.0
2419.0,0.0,13418091.0,89.0,1986-08-22,6.1,95.0
2420.0,8000000.0,91138075.0,126.0,1984-06-22,7.215,4579.0
2421.0,13000000.0,115103979.0,113.0,1986-06-18,6.336,2408.0
2422.0,12500000.0,38956288.0,112.0,1989-06-16,5.93,1776.0
2423.0,27000000.0,74542088.0,97.0,1989-11-30,7.236,2628.0
2424.0,65000000.0,250800000.0,119.0,1998-12-18,6.7,3545.0
2425.0,0.0,1214198.0,124.0,1998-05-01,6.702,121.0
2427.0,52000000.0,98126565.0,170.0,1998-12-23,7.445,3209.0
2428.0,15000000.0,40283321.0,104.0,1998-12-25,6.561,2170.0
2429.0,90000000.0,0.0,114.0,1998-12-25,6.3,856.0
2430.0,1800000.0,1950000.0,94.0,1949-07-13,6.4,121.0
2431.0,50000000.0,202292902.0,115.0,1998-12-25,7.306,3382.0
2432.0,50000000.0,159710793.0,125.0,1998-12-25,7.149,1522.0
2433.0,70000000.0,56709981.0,118.0,1998-12-25,6.462,475.0
2435.0,4000000.0,1808004.0,122.0,1998-12-25,5.495,105.0
2436.0,12000000.0,21001563.0,117.0,1999-03-25,6.4,154.0
2439.0,6000000.0,6330054.0,114.0,1998-02-12,6.329,304.0
2442.0,0.0,0.0,125.0,1998-12-30,6.491,110.0
2443.0,20000000.0,3970078.0,121.0,1998-12-30,6.6,243.0
2445.0,0.0,0.0,129.0,1999-01-15,5.99,250.0
2446.0,30000000.0,12017369.0,105.0,1999-01-15,5.487,194.0
2447.0,0.0,0.0,106.0,1999-01-15,6.131,449.0
2448.0,75000000.0,30700000.0,100.0,1999-01-14,5.402,661.0
2450.0,37000000.0,38000000.0,111.0,1986-08-01,5.427,1089.0
2451.0,2500000.0,13539458.0,85.0,1987-04-21,6.1,408.0
2453.0,0.0,7177431.0,107.0,1986-08-15,6.29,143.0
2454.0,700000.0,3000000.0,94.0,1958-07-16,7.02,588.0
2455.0,15000000.0,60629159.0,96.0,1986-08-15,7.427,4822.0
2456.0,16500000.0,38900000.0,105.0,1989-02-10,5.7,706.0
2457.0,0.0,38500726.0,106.0,1986-06-27,6.0,231.0
2458.0,12000000.0,15945534.0,88.0,1986-08-15,5.656,199.0
2459.0,140000.0,30922680.0,83.0,1974-10-11,7.3,3691.0
2460.0,4500000.0,8027706.0,100.0,1986-08-22,5.655,981.0
2462.0,600000.0,185898.0,94.0,1995-09-22,4.585,732.0
2463.0,11000000.0,71600000.0,93.0,1986-06-26,6.6,432.0
2465.0,0.0,8988731.0,91.0,1986-10-10,6.138,260.0
2467.0,18000000.0,77200000.0,131.0,1986-09-24,7.489,3240.0
2468.0,18000000.0,29844101.0,100.0,1986-10-09,6.085,382.0
2469.0,18000000.0,41382841.0,103.0,1986-10-10,6.112,637.0
2470.0,5000000.0,328203506.0,95.0,1986-09-26,6.421,2051.0
2471.0,14000000.0,239606210.0,110.0,1988-05-19,5.87,1187.0
2472.0,10000000.0,21458229.0,104.0,1986-10-03,6.0,145.0
2473.0,4500000.0,35000000.0,104.0,1986-10-24,5.272,160.0
2474.0,13800000.0,52293982.0,119.0,1986-10-17,6.851,1470.0
2475.0,0.0,5186646.0,110.0,1986-11-07,6.011,139.0
2476.0,15000000.0,42700000.0,130.0,1986-12-05,6.885,1087.0
2477.0,8000000.0,11949484.0,105.0,1986-11-21,5.286,192.0
2478.0,25000000.0,39200000.0,103.0,1986-12-12,6.325,1098.0
2481.0,0.0,0.0,105.0,1998-05-15,7.238,206.0
2482.0,0.0,524864.0,92.0,1998-10-30,6.8,117.0
2483.0,0.0,4367497.0,103.0,1995-10-20,7.253,592.0
2485.0,10000000.0,103166989.0,95.0,1999-01-29,6.3,2210.0
2488.0,150000.0,83957.0,100.0,1960-04-07,7.441,877.0
2490.0,90000000.0,161626121.0,101.0,1999-02-05,6.819,1946.0
2491.0,6000000.0,4398989.0,96.0,1999-02-05,5.4,248.0
2492.0,0.0,0.0,87.0,1998-01-01,5.0,8.0
2493.0,0.0,244523.0,97.0,1997-12-25,6.7,64.0
2494.0,0.0,421432.0,87.0,1998-10-23,7.463,95.0
2495.0,0.0,0.0,72.0,1973-12-01,7.634,1068.0
2496.0,35000000.0,40263020.0,98.0,1999-02-12,6.768,1182.0
2497.0,80000000.0,118880016.0,126.0,1999-02-22,6.266,813.0
2498.0,65000000.0,36850101.0,93.0,1999-02-11,5.642,338.0
2500.0,3000000.0,3100000.0,83.0,1999-01-30,6.4,571.0
2501.0,25000000.0,34698685.0,108.0,1999-02-19,7.671,1381.0
2502.0,10000000.0,12800000.0,90.0,1999-02-19,7.369,3283.0
2503.0,0.0,0.0,85.0,1998-05-27,6.3,54.0
2504.0,6000000.0,6852450.0,101.0,1999-02-26,5.793,176.0
2505.0,40000000.0,96618699.0,119.0,1999-02-26,6.468,2190.0
2506.0,35000000.0,0.0,130.0,1999-02-26,6.327,173.0
2511.0,1700000.0,959000.0,122.0,1973-03-08,7.403,733.0
2512.0,0.0,0.0,121.0,1983-04-29,7.5,192.0
2513.0,11500000.0,57500000.0,102.0,1989-04-21,6.637,2326.0
2514.0,8000000.0,17092453.0,100.0,1992-08-28,5.5,586.0
2515.0,900000.0,6980986.0,92.0,1992-01-29,4.752,270.0
2516.0,0.0,0.0,90.0,1995-09-12,4.747,223.0
2517.0,9700000.0,21200000.0,110.0,1983-12-09,6.869,2173.0
2518.0,8100000.0,21095683.0,106.0,1982-07-30,6.036,225.0
2520.0,10000000.0,100489151.0,136.0,1970-03-25,6.5,426.0
2521.0,3000000.0,102985152.0,107.0,1974-10-18,5.7,284.0
2522.0,6000000.0,91100000.0,113.0,1977-03-11,5.589,316.0
2523.0,9000000.0,8200000.0,119.0,1977-06-10,5.967,151.0
2524.0,14000000.0,116000000.0,165.0,1974-12-14,7.0,1006.0
2525.0,1500000.0,0.0,91.0,1980-11-14,6.106,371.0
2526.0,16000000.0,12600000.0,123.0,1979-10-19,5.1,158.0
2527.0,1200000.0,10000000.0,88.0,1973-08-15,6.769,1405.0
2528.0,9000000.0,25000000.0,118.0,1976-06-23,6.594,1016.0
2529.0,5800000.0,32589624.0,112.0,1968-02-07,7.646,3838.0
2530.0,3000000.0,18999718.0,95.0,1970-04-23,6.151,1428.0
2531.0,1700000.0,8844595.0,86.0,1973-06-15,5.697,1020.0
2532.0,1700000.0,9700000.0,88.0,1972-06-29,6.169,1049.0
2533.0,2500000.0,12348905.0,97.0,1971-05-20,6.38,1187.0
2534.0,6500000.0,0.0,91.0,1978-09-29,3.556,72.0
2535.0,7000000.0,79666653.0,123.0,1974-11-15,6.109,350.0
2537.0,0.0,0.0,114.0,1979-05-18,5.1,135.0
2538.0,0.0,0.0,98.0,1998-12-01,4.5,6.0
2539.0,80000000.0,176885658.0,99.0,1999-03-05,6.504,2062.0
2540.0,25000000.0,15156200.0,100.0,1999-03-12,6.052,301.0
2541.0,10500000.0,76347426.0,97.0,1999-03-05,6.798,3476.0
2542.0,1350000.0,28356188.0,106.0,1998-08-28,8.099,7022.0
2544.0,0.0,0.0,110.0,1998-11-18,5.32,25.0
2546.0,38000000.0,28121100.0,108.0,1999-03-12,6.556,521.0
2548.0,21000000.0,17762705.0,104.0,1999-03-12,5.642,447.0
2549.0,30000000.0,11578022.0,100.0,1999-03-11,4.8,279.0
2550.0,1050000.0,1020000.0,112.0,1963-03-28,7.077,697.0
2551.0,13000000.0,8038508.0,116.0,1988-09-23,7.118,974.0
2552.0,0.0,3335984.0,85.0,1993-08-06,5.7,91.0
2553.0,200000.0,2175000.0,77.0,1960-06-16,7.2,482.0
2554.0,0.0,2000000.0,90.0,1964-01-10,6.1,107.0
2555.0,12000000.0,36450736.0,95.0,1999-03-12,4.135,404.0
2557.0,0.0,6955.0,89.0,1999-02-17,7.401,563.0
2558.0,75000000.0,93888180.0,105.0,1999-03-12,5.4,585.0
2559.0,25000000.0,12000000.0,87.0,1999-03-19,5.361,115.0
2560.0,12000000.0,2062405.0,101.0,1999-03-16,6.852,675.0
2561.0,55000000.0,16700000.0,123.0,1999-03-19,6.52,837.0
2563.0,0.0,4553271.0,111.0,1998-02-20,7.0,290.0
2565.0,4550000.0,21300000.0,133.0,1956-06-29,7.1,394.0
2566.0,0.0,0.0,77.0,1999-03-26,5.545,101.0
2567.0,80000000.0,35242897.0,123.0,1999-03-26,5.95,676.0
2568.0,50000000.0,13260050.0,95.0,1999-03-26,4.3,132.0
2570.0,14000000.0,0.0,107.0,1999-01-29,6.0,108.0
2571.0,63000000.0,463517383.0,135.0,1999-03-31,8.237,27316.0
2572.0,16000000.0,53478166.0,94.0,1999-03-30,7.59,8726.0
2573.0,0.0,0.0,115.0,1998-08-06,6.541,37.0
2574.0,75000000.0,29000000.0,88.0,1999-04-02,5.8,249.0
2575.0,500000.0,0.0,113.0,1998-10-16,6.858,109.0
2577.0,0.0,0.0,94.0,1997-08-30,5.8,54.0
2579.0,6000.0,48482.0,68.0,1999-05-06,7.127,1788.0
2580.0,6500000.0,28451622.0,98.0,1999-04-09,6.983,792.0
2581.0,25000000.0,84565230.0,103.0,1999-04-09,6.16,1557.0
2582.0,0.0,46861333.0,110.0,1992-01-15,6.739,416.0
2583.0,10000000.0,10920544.0,118.0,1999-03-24,6.341,192.0
2585.0,0.0,0.0,112.0,1998-09-04,7.285,265.0
2586.0,20000000.0,0.0,96.0,1999-04-16,5.6,69.0
2587.0,80000000.0,73500000.0,100.0,1999-04-16,6.663,851.0
2589.0,0.0,94633.0,103.0,1999-04-16,4.8,29.0
2590.0,12000000.0,1263279.0,98.0,1999-02-05,6.0,95.0
2593.0,0.0,0.0,111.0,1994-10-22,6.947,638.0
2594.0,2900000.0,370720.0,118.0,1997-12-19,7.448,1149.0
2596.0,600000.0,299200.0,97.0,1998-09-24,7.1,419.0
2597.0,30000000.0,6552255.0,95.0,1999-04-23,5.0,95.0
2598.0,33000000.0,8408835.0,124.0,1999-04-23,5.9,429.0
2599.0,25000000.0,14902041.0,103.0,1999-04-23,6.863,1156.0
2600.0,15000000.0,2856712.0,96.0,1999-04-14,6.787,2105.0
2605.0,66000000.0,212404400.0,113.0,1999-04-29,6.231,2171.0
2606.0,25000000.0,4152230.0,90.0,1999-04-30,6.178,722.0
2607.0,1200000.0,1200000.0,110.0,1998-08-16,7.0,187.0
2609.0,0.0,1.0,102.0,1995-06-09,7.379,62.0
2611.0,0.0,0.0,104.0,1999-03-18,6.721,77.0
2612.0,1453000.0,5638000.0,111.0,1945-10-20,7.62,434.0
2613.0,3000000.0,14418922.0,95.0,1984-11-16,6.226,425.0
2614.0,800000.0,0.0,76.0,1986-11-14,5.8,398.0
2615.0,0.0,4122748.0,94.0,1985-08-09,6.2,151.0
2616.0,47000000.0,103738726.0,101.0,1990-04-05,6.148,1007.0
2617.0,80000000.0,415885488.0,124.0,1999-04-16,6.96,9728.0
2618.0,800000.0,861789.0,85.0,1997-04-10,7.064,220.0
2620.0,0.0,1083975.0,119.0,1999-05-07,5.4,12.0
2622.0,11000000.0,16071990.0,116.0,1999-05-20,6.393,402.0
2623.0,0.0,9016377.0,94.0,1999-05-12,4.9,14.0
2624.0,0.0,0.0,118.0,1999-04-17,7.164,259.0
2625.0,8000000.0,60004461.0,99.0,1996-11-07,6.2,289.0
2628.0,115000000.0,924317558.0,133.0,1999-05-19,6.6,15521.0
2629.0,0.0,0.0,88.0,1999-05-21,5.1,70.0
2630.0,0.0,0.0,94.0,1998-02-05,6.623,65.0
2632.0,0.0,0.0,182.0,1966-02-27,7.782,147.0
2633.0,196000.0,0.0,73.0,1932-12-22,6.758,679.0
2634.0,0.0,0.0,88.0,1959-08-01,6.725,255.0
2639.0,5000000.0,19032261.0,128.0,1981-09-16,6.343,230.0
2640.0,55000000.0,300478449.0,143.0,1978-12-14,7.154,4164.0
2641.0,54000000.0,216385706.0,127.0,1980-12-12,6.747,2457.0
2642.0,39000000.0,80250623.0,125.0,1983-06-17,5.506,1835.0
2643.0,17000000.0,36700000.0,86.0,1987-07-24,4.587,1373.0
2644.0,355000.0,700000.0,75.0,1931-02-12,7.161,1338.0
2648.0,291000.0,12000000.0,70.0,1931-11-21,7.464,1750.0
2651.0,1200000.0,0.0,74.0,1943-03-12,6.2,218.0
2652.0,270000.0,8000000.0,82.0,1957-05-20,6.792,329.0
2654.0,180000.0,0.0,70.0,1941-12-09,7.02,665.0
2655.0,2000000.0,0.0,87.0,1985-08-28,4.9,227.0
2656.0,0.0,0.0,80.0,1955-10-29,6.493,303.0
2657.0,1400000.0,171181400.0,100.0,1975-08-14,7.446,3054.0
2659.0,5000000.0,2091037.0,80.0,1982-10-29,5.2,26.0
2660.0,0.0,0.0,80.0,1951-04-05,6.714,666.0
2661.0,800000.0,1600000.0,81.0,1953-06-05,6.324,238.0
2662.0,2000000.0,2000000.0,85.0,1953-04-03,6.804,679.0
2664.0,416911.0,3000000.0,80.0,1956-02-05,7.457,1159.0
2665.0,0.0,0.0,83.0,1956-06-13,6.1,178.0
2668.0,3000000.0,0.0,91.0,1982-01-01,5.4,447.0
2669.0,0.0,0.0,98.0,1959-05-29,6.6,68.0
2670.0,0.0,0.0,89.0,1958-03-27,6.9,174.0
2671.0,42000000.0,363889678.0,130.0,1999-05-21,7.3,6562.0
2672.0,16000000.0,18564088.0,101.0,1999-04-16,7.047,1461.0
2674.0,4000000.0,0.0,106.0,1999-04-29,5.523,30.0
2676.0,80000000.0,34105207.0,123.0,1999-06-04,6.496,641.0
2677.0,0.0,0.0,105.0,1999-06-04,7.497,366.0
2681.0,0.0,0.0,113.0,1998-06-04,5.8,37.0
2682.0,8000000.0,1997807.0,126.0,1999-06-04,6.5,73.0
2683.0,33000000.0,312016928.0,95.0,1999-06-08,6.298,3581.0
2686.0,18000000.0,9495408.0,140.0,1998-11-13,7.356,440.0
2687.0,130000000.0,448200000.0,88.0,1999-06-17,7.397,7180.0
2688.0,60000000.0,149700000.0,111.0,1999-06-18,6.415,995.0
2690.0,14000000.0,18500000.0,97.0,1999-01-14,6.479,217.0
2691.0,9000000.0,21057208.0,165.0,1998-10-28,8.246,2395.0
2692.0,1530000.0,7660911.0,81.0,1998-08-20,7.3,2487.0
2693.0,375000.0,0.0,86.0,1997-10-18,6.373,63.0
2694.0,34200000.0,234801895.0,90.0,1999-06-25,6.495,3455.0
2695.0,0.0,0.0,86.0,1998-05-07,6.442,26.0
2696.0,12500000.0,78599508.0,80.0,1998-04-15,7.762,2022.0
2697.0,0.0,408339.0,88.0,1997-10-21,5.0,16.0
2698.0,0.0,0.0,92.0,1996-05-04,5.308,13.0
2699.0,31000000.0,53200000.0,105.0,1990-07-20,6.441,1484.0
2700.0,21000000.0,83137864.0,81.0,1999-06-24,7.283,2871.0
2701.0,170000000.0,222104681.0,104.0,1999-06-30,5.315,3505.0
2702.0,22000000.0,19288130.0,142.0,1999-06-28,6.483,515.0
2706.0,11000000.0,235483004.0,95.0,1999-07-09,6.6,8115.0
2707.0,31000000.0,41100000.0,117.0,1999-03-19,7.025,1195.0
2708.0,0.0,0.0,110.0,1998-09-07,7.082,134.0
2709.0,24000000.0,22300000.0,88.0,1999-07-14,6.1,354.0
2710.0,60000.0,248639099.0,81.0,1999-07-14,6.365,5282.0
2712.0,65000000.0,162100000.0,159.0,1999-07-16,7.5,6806.0
2713.0,27000000.0,56870414.0,82.0,1999-07-15,5.931,1219.0
2716.0,30000000.0,296640120.0,110.0,1984-06-08,7.494,9553.0
2717.0,37000000.0,215394738.0,104.0,1989-06-16,6.596,4731.0
2718.0,10000000.0,10571408.0,97.0,1999-07-16,6.4,421.0
2719.0,80000000.0,177311151.0,108.0,1999-07-23,5.481,1484.0
2720.0,75000000.0,134403112.0,78.0,1999-07-23,4.499,1287.0
2722.0,60000000.0,164648231.0,105.0,1999-07-28,5.99,2593.0
2723.0,68000000.0,29762011.0,121.0,1999-08-06,5.826,889.0
2724.0,70000000.0,309500000.0,109.0,1999-07-30,6.111,2131.0
2725.0,0.0,0.0,111.0,1999-07-30,6.9,46.0
2726.0,320000.0,0.0,83.0,1956-06-06,7.648,1674.0
2727.0,75000.0,0.0,68.0,1955-10-01,6.3,583.0
2728.0,12000000.0,60000000.0,181.0,1960-10-13,7.536,2317.0
2729.0,2000000.0,9250000.0,153.0,1962-06-13,7.307,2206.0
2730.0,11000000.0,31500000.0,187.0,1975-12-18,8.0,3086.0
2731.0,0.0,0.0,100.0,1959-06-03,8.02,2278.0
2732.0,0.0,0.0,105.0,1962-01-23,7.548,1036.0
2733.0,1884000.0,1883811.0,100.0,1988-08-05,5.7,81.0
2734.0,25000000.0,14302779.0,118.0,1986-11-26,6.356,501.0
2735.0,25000000.0,79817939.0,90.0,1986-12-12,5.937,1147.0
2736.0,0.0,0.0,108.0,1986-12-26,6.6,53.0
2737.0,5000000.0,6075793.0,97.0,1987-01-09,5.61,91.0
2738.0,20000000.0,22905522.0,105.0,1986-12-12,6.044,68.0
2739.0,15000000.0,146300000.0,154.0,1985-12-18,7.7,1920.0
2740.0,0.0,0.0,91.0,1987-01-09,5.981,77.0
2741.0,14000000.0,12303904.0,108.0,1986-12-19,5.852,189.0
2742.0,0.0,0.0,84.0,1986-04-23,6.6,245.0
2743.0,2000000.0,1301121.0,111.0,1986-12-24,5.0,13.0
2744.0,0.0,0.0,118.0,1986-09-04,5.9,10.0
2745.0,24500000.0,17200000.0,125.0,1986-09-06,7.393,1501.0
2746.0,25000000.0,53964308.0,94.0,1986-12-19,6.969,1585.0
2747.0,31000.0,25066.0,70.0,1960-05-04,6.3,448.0
2748.0,0.0,3751285.0,95.0,1986-12-17,4.8,294.0
2749.0,0.0,25147055.0,103.0,1986-12-25,5.9,128.0
2750.0,16000000.0,14792779.0,89.0,1987-01-30,7.0,627.0
2751.0,9000000.0,9518342.0,111.0,1987-02-06,5.807,44.0
2752.0,0.0,0.0,100.0,1987-01-30,6.0,124.0
2754.0,0.0,2750741.0,93.0,1986-04-13,4.925,73.0
2757.0,8000000.0,5000000.0,133.0,1982-12-03,6.9,119.0
2759.0,13000000.0,27500000.0,91.0,1999-08-04,5.948,290.0
2761.0,50000000.0,23300000.0,85.0,1999-08-06,7.948,6021.0
2762.0,40000000.0,672800000.0,107.0,1999-08-06,7.947,12542.0
2763.0,48000000.0,124305181.0,105.0,1999-08-06,6.742,1307.0
2764.0,4300000.0,14000000.0,104.0,1968-06-26,6.775,554.0
2765.0,900000.0,142783.0,76.0,1998-12-31,6.244,131.0
2766.0,0.0,100841.0,99.0,1998-09-11,4.882,17.0
2769.0,24000000.0,889352.0,115.0,2000-04-27,6.208,496.0
2770.0,55000000.0,98625775.0,96.0,1999-08-12,6.17,920.0
2771.0,25000000.0,10115013.0,101.0,1999-08-13,6.427,403.0
2772.0,6500000.0,4217115.0,95.0,1999-08-13,6.7,441.0
2774.0,0.0,0.0,101.0,1999-07-08,5.966,102.0
2775.0,0.0,378667.0,104.0,1998-08-13,6.2,60.0
2779.0,15000000.0,98800000.0,100.0,1978-06-28,6.606,431.0
2782.0,200000.0,2000000.0,77.0,1961-08-12,6.837,371.0
2784.0,1000000.0,0.0,88.0,1964-06-24,6.6,353.0
2786.0,13000000.0,8000000.0,82.0,1986-07-25,5.343,166.0
2787.0,7000000.0,13100000.0,95.0,1985-04-12,6.716,708.0
2788.0,100000.0,7000.0,90.0,1971-09-28,7.203,568.0
2789.0,6800000.0,26518355.0,106.0,1978-06-09,6.421,791.0
2790.0,5000000.0,20471382.0,108.0,1981-03-20,5.8,617.0
2791.0,3500000.0,83453539.0,88.0,1980-06-27,7.31,4918.0
2792.0,15000000.0,27150534.0,79.0,1982-12-10,6.084,1224.0
2793.0,22000000.0,26570463.0,105.0,1997-05-29,5.928,737.0
2794.0,17000000.0,49364621.0,94.0,1985-07-25,6.179,956.0
2795.0,15000000.0,61418063.0,98.0,1983-07-29,7.098,1683.0
2796.0,19000000.0,25537221.0,101.0,1988-06-03,6.2,285.0
2797.0,18000000.0,151927281.0,104.0,1988-06-03,7.181,3910.0
2798.0,10000000.0,72000000.0,81.0,1990-07-27,6.149,896.0
2799.0,15000000.0,32704700.0,90.0,1991-07-03,5.862,654.0
2800.0,0.0,0.0,85.0,1989-07-15,6.9,174.0
2801.0,16000000.0,1897404.0,132.0,1997-12-31,6.3,78.0
2802.0,23000000.0,105900000.0,115.0,1988-12-02,6.1,554.0
2803.0,45000000.0,195268056.0,141.0,1993-09-17,6.594,1715.0
2804.0,3300000.0,20700000.0,94.0,1983-11-18,7.215,1377.0
2805.0,75000000.0,54264342.0,102.0,1999-08-16,5.689,584.0
2806.0,13000000.0,8946237.0,96.0,1999-08-11,5.5,360.0
2807.0,33500000.0,10667893.0,82.0,1999-08-05,5.922,1316.0
2808.0,23000000.0,119200000.0,95.0,1992-07-10,6.329,1850.0
2810.0,3000000.0,683666.0,81.0,1998-02-28,8.299,3049.0
2812.0,7000000.0,14011454.0,95.0,1999-08-25,6.4,109.0
2813.0,0.0,360895.0,77.0,1999-01-23,5.2,13.0
2815.0,18000000.0,24159872.0,117.0,1986-01-17,5.6,323.0
2816.0,0.0,0.0,105.0,1988-11-11,4.5,91.0
2817.0,0.0,0.0,99.0,1992-01-09,4.1,69.0
2818.0,0.0,0.0,96.0,1995-12-01,3.8,47.0
2819.0,7800000.0,41509797.0,117.0,1975-09-24,7.277,1319.0
2820.0,0.0,0.0,191.0,1964-09-23,6.5,4.0
2822.0,40000000.0,45500797.0,105.0,1992-02-07,5.977,411.0
2824.0,0.0,0.0,94.0,1999-01-01,6.5,4.0
2826.0,120000000.0,61698899.0,112.0,1999-08-13,6.671,1987.0
2827.0,75000000.0,19598588.0,104.0,1999-08-27,5.602,969.0
2828.0,70000000.0,10000000.0,77.0,1999-08-27,4.099,197.0
2829.0,0.0,0.0,97.0,1999-08-27,5.2,146.0
2835.0,34000000.0,11263966.0,101.0,1999-09-01,4.871,143.0
2836.0,7000000.0,7292175.0,96.0,1999-09-01,5.819,102.0
2837.0,0.0,0.0,96.0,1998-08-01,6.0,50.0
2839.0,0.0,0.0,105.0,1998-10-30,7.0,46.0
2840.0,29000000.0,50041732.0,103.0,1999-09-02,6.3,1199.0
2841.0,12000000.0,21142914.0,99.0,1999-09-10,6.677,1311.0
2843.0,0.0,0.0,130.0,1998-06-01,7.657,798.0
2844.0,0.0,370668.0,111.0,1999-09-24,5.392,102.0
2846.0,7520000.0,13299749.0,75.0,1986-06-27,6.502,216.0
2847.0,0.0,0.0,121.0,1939-05-15,7.263,268.0
2848.0,0.0,0.0,93.0,1951-11-28,7.351,205.0
,,,,,,
2852.0,6000000.0,21821347.0,101.0,1984-09-14,6.785,198.0
2856.0,0.0,0.0,82.0,1965-07-21,6.2,68.0
2857.0,250000.0,1273261.0,90.0,1968-07-17,7.188,539.0
2858.0,15000000.0,356296601.0,122.0,1999-09-15,8.002,12773.0
2859.0,1200000.0,12471520.0,88.0,1984-10-19,8.32,347.0
2860.0,65000000.0,117758500.0,94.0,1999-09-17,6.495,1586.0
2861.0,50000000.0,46112640.0,138.0,1999-09-17,6.4,451.0
2862.0,17500000.0,23400000.0,156.0,1979-08-14,6.0,951.0
2863.0,560000.0,11000000.0,87.0,1964-07-07,7.3,724.0
2865.0,0.0,0.0,92.0,1999-09-17,4.292,12.0
2866.0,1200000.0,14363400.0,114.0,1978-05-18,7.152,125.0
2867.0,9000000.0,24922237.0,106.0,1985-08-02,7.035,1505.0
2868.0,0.0,2983784.0,104.0,1988-04-07,6.351,429.0
2870.0,2000000.0,30000000.0,104.0,1967-05-25,7.133,602.0
2871.0,2000000.0,46122355.0,109.0,1972-08-18,7.3,1747.0
2872.0,11000000.0,35000000.0,135.0,1981-04-10,7.0,1107.0
2874.0,0.0,0.0,103.0,1957-08-29,6.258,66.0
2875.0,30000000.0,140081992.0,109.0,1993-02-05,6.343,415.0
2876.0,28000000.0,11373501.0,86.0,1994-03-30,6.444,531.0
2877.0,5000000.0,34300000.0,111.0,1975-03-19,6.5,351.0
2878.0,0.0,0.0,101.0,1981-08-28,5.487,193.0
2879.0,15000000.0,24100000.0,98.0,1991-02-07,7.329,617.0
2880.0,15000000.0,16000000.0,94.0,1986-08-16,7.05,623.0
2881.0,70000000.0,177841558.0,105.0,1999-09-24,6.62,1429.0
2882.0,45000000.0,4956701.0,120.0,1999-09-16,6.688,396.0
2883.0,0.0,0.0,112.0,1999-09-24,6.49,104.0
2884.0,0.0,250147.0,91.0,1998-09-14,5.4,23.0
2885.0,2600000.0,614202.0,104.0,1999-09-12,5.7,37.0
2886.0,26000000.0,11700000.0,73.0,1999-10-01,6.388,89.0
2887.0,10000000.0,292151.0,85.0,1999-09-24,2.743,76.0
2888.0,8000000.0,22593409.0,91.0,1999-10-01,6.548,418.0
2889.0,28000000.0,8891623.0,119.0,1999-10-01,6.256,275.0
2890.0,75000000.0,108000000.0,115.0,1999-09-27,6.644,2225.0
2891.0,1700000.0,1943649.0,98.0,1999-12-03,5.679,123.0
2892.0,0.0,21521.0,93.0,1999-03-19,5.2,141.0
2893.0,0.0,474900.0,102.0,1999-01-22,6.081,149.0
2894.0,0.0,0.0,27.0,2012-10-09,6.0,1.0
2896.0,0.0,0.0,116.0,1966-10-06,6.127,55.0
2897.0,0.0,0.0,128.0,1983-10-07,7.2,159.0
2898.0,15000000.0,10611160.0,122.0,1993-04-23,5.966,453.0
2899.0,700000.0,0.0,76.0,1939-11-10,6.2,137.0
2900.0,7000000.0,5344577.0,113.0,1988-07-29,6.29,347.0
2901.0,300000.0,11988469.0,88.0,1979-03-28,6.5,757.0
2902.0,5000000.0,34725000.0,113.0,1983-06-03,6.5,702.0
2903.0,8400000.0,14481606.0,90.0,1986-04-02,5.7,416.0
2905.0,0.0,0.0,95.0,1962-01-01,8.0,695.0
2906.0,64000000.0,74608570.0,132.0,1999-10-08,5.557,412.0
2907.0,14000000.0,30636478.0,81.0,1999-10-08,5.3,309.0
2908.0,2000000.0,11540607.0,114.0,1999-09-02,7.403,1417.0
2912.0,10000000.0,3204663.0,90.0,1999-10-08,6.5,484.0
2915.0,6200000.0,63541777.0,98.0,1983-08-05,6.594,1418.0
2916.0,65000000.0,261317921.0,113.0,1990-06-01,7.3,6274.0
2917.0,9000000.0,24058838.0,113.0,1981-08-28,6.971,661.0
2918.0,6000000.0,70100000.0,103.0,1986-06-11,7.568,5258.0
2919.0,6000000.0,13200000.0,115.0,1982-12-17,6.664,348.0
2921.0,5500000.0,15700000.0,102.0,1973-04-19,7.323,1296.0
2922.0,1800000.0,6800000.0,114.0,1968-04-12,6.836,819.0
2924.0,0.0,16483650.0,111.0,1978-10-05,7.381,1061.0
2925.0,750000.0,233493.0,107.0,1971-01-29,7.655,743.0
2926.0,2000000.0,6671108.0,96.0,1988-02-26,6.811,437.0
2927.0,1200000.0,0.0,86.0,1945-11-24,7.695,687.0
2928.0,13000000.0,6551987.0,129.0,1984-10-19,6.323,82.0
2929.0,35000000.0,40382659.0,195.0,1981-12-25,6.9,361.0
2930.0,1000000.0,0.0,101.0,1999-06-11,6.8,10.0
2931.0,0.0,0.0,135.0,1988-12-21,7.629,423.0
2932.0,3000000.0,3700000.0,94.0,1978-09-13,7.477,1123.0
2935.0,660000.0,0.0,94.0,1941-02-25,7.242,382.0
2936.0,700000.0,1200000.0,90.0,1941-11-30,7.422,500.0
2937.0,0.0,0.0,88.0,1942-08-28,6.99,205.0
2939.0,1250000.0,8500000.0,92.0,1953-01-26,6.806,420.0
2940.0,2000000.0,6000000.0,110.0,1946-04-25,7.471,629.0
2941.0,6000000.0,36800000.0,157.0,1958-03-19,6.1,114.0
2942.0,7000000.0,201521203.0,95.0,1983-04-14,6.486,1567.0
2943.0,0.0,29600000.0,159.0,1992-04-15,6.996,231.0
2944.0,5400000.0,45300000.0,145.0,1967-06-15,7.582,1283.0
2946.0,1500000.0,0.0,92.0,1965-07-29,6.842,342.0
2947.0,3000000.0,124900000.0,105.0,1964-09-20,7.356,3849.0
2948.0,2000000.0,78900000.0,115.0,1963-10-10,7.066,3260.0
2949.0,1000000.0,59000000.0,105.0,1962-10-07,6.992,3935.0
2950.0,4500000.0,58853106.0,105.0,1980-07-05,6.146,1968.0
2951.0,200000.0,14500000.0,95.0,1964-09-12,7.827,4581.0
2952.0,3000000.0,222559.0,97.0,1997-02-28,6.846,937.0
2953.0,18000000.0,358994850.0,119.0,1992-11-15,6.776,10406.0
2956.0,17000000.0,10278549.0,103.0,1987-10-09,5.846,205.0
2959.0,63000000.0,100853753.0,139.0,1999-10-15,8.438,31367.0
2961.0,50000000.0,58900031.0,91.0,1999-10-14,6.065,345.0
2962.0,0.0,0.0,102.0,1997-04-04,6.443,256.0
2964.0,1300000.0,80226.0,100.0,1999-10-15,6.945,118.0
2965.0,7200000.0,12614346.0,95.0,1999-10-15,4.518,56.0
2966.0,10000000.0,6418028.0,111.0,1999-10-15,7.73,1733.0
2967.0,1000000.0,0.0,129.0,1956-09-12,7.12,255.0
2968.0,5000000.0,42365581.0,116.0,1981-07-13,6.6,1111.0
2969.0,0.0,0.0,100.0,1966-05-27,7.343,299.0
2970.0,7362000.0,0.0,157.0,1982-03-02,7.62,852.0
2971.0,12000000.0,37823676.0,123.0,1979-12-16,7.481,571.0
2972.0,0.0,0.0,90.0,1988-10-10,7.181,235.0
2973.0,19000000.0,18254702.0,104.0,1989-10-13,7.417,932.0
2974.0,5250000.0,10200000.0,91.0,1999-10-22,4.6,212.0
2975.0,9000000.0,34573780.0,120.0,1999-10-22,6.624,145.0
2976.0,32000000.0,16797191.0,121.0,1999-10-22,6.606,1183.0
2977.0,0.0,0.0,111.0,1999-10-22,6.0,108.0
2978.0,20000000.0,0.0,98.0,1999-10-22,5.678,270.0
2979.0,0.0,239894.0,106.0,1999-10-07,4.815,89.0
2982.0,0.0,17037887.0,92.0,1990-04-27,5.662,210.0
2983.0,0.0,0.0,103.0,1965-03-18,6.8,334.0
2984.0,0.0,0.0,96.0,1971-07-28,6.8,24.0
2985.0,13000000.0,53424681.0,102.0,1987-07-17,7.352,5562.0
2986.0,35000000.0,45681173.0,117.0,1990-06-22,6.031,2057.0
2987.0,70000000.0,329800000.0,103.0,1988-06-22,7.533,6050.0
2988.0,0.0,0.0,95.0,1980-09-19,6.432,73.0
2989.0,28000000.0,195300000.0,128.0,1981-06-24,6.542,2009.0
2990.0,32000000.0,156167015.0,132.0,1989-06-13,6.431,2091.0
2991.0,7000000.0,126400000.0,122.0,1973-06-27,6.51,2215.0
2992.0,0.0,0.0,89.0,1986-10-01,5.2,137.0
2993.0,9000000.0,141200000.0,120.0,1965-12-11,6.672,2548.0
2995.0,37000000.0,40846082.0,93.0,1999-10-29,5.613,937.0
2996.0,27000000.0,14859394.0,118.0,1999-10-29,6.689,219.0
2997.0,13000000.0,22863596.0,112.0,1999-10-29,7.411,4675.0
3000.0,23500000.0,176506186.0,135.0,1997-07-12,8.3,8741.0
3002.0,0.0,95612.0,95.0,1999-05-17,7.3,209.0
3003.0,154790.0,3311162.0,103.0,1998-09-16,7.355,290.0
3004.0,51000000.0,36911617.0,98.0,1999-11-05,5.142,323.0
3005.0,73000000.0,151493655.0,118.0,1999-11-04,6.794,3769.0
3006.0,90000000.0,60300000.0,158.0,1999-10-28,7.457,1993.0
3007.0,0.0,1165795.0,107.0,1999-11-05,7.6,265.0
3008.0,2300000.0,591165.0,95.0,1998-10-23,6.645,159.0
3010.0,0.0,266665.0,94.0,1999-09-29,7.171,327.0
3011.0,0.0,0.0,129.0,1969-12-10,7.577,350.0
3013.0,2000000.0,0.0,92.0,1990-09-01,6.467,485.0
3014.0,11000000.0,31300000.0,94.0,1981-05-22,6.1,53.0
3015.0,4500000.0,0.0,113.0,1978-01-06,6.765,442.0
3016.0,8000000.0,21028755.0,120.0,1982-11-10,6.903,1123.0
3017.0,3500000.0,14000000.0,92.0,1987-05-01,6.247,637.0
3018.0,900000.0,2023414.0,95.0,1985-10-18,7.046,1629.0
3019.0,2500000.0,4700000.0,98.0,1989-10-20,7.087,599.0
3020.0,25000000.0,40903593.0,113.0,1993-02-26,7.39,3979.0
3021.0,2000000.0,7886999.0,96.0,1981-03-13,5.9,416.0
3022.0,750000.0,1000000.0,67.0,1926-12-25,7.921,1375.0
3024.0,660000.0,16000000.0,94.0,1978-08-03,5.963,724.0
3028.0,4000000.0,0.0,117.0,1967-03-08,6.933,178.0
3029.0,5000000.0,19905359.0,99.0,1981-03-17,6.4,472.0
3030.0,0.0,0.0,110.0,1961-04-25,8.1,1629.0
3031.0,0.0,1382462.0,84.0,1990-09-14,5.197,365.0
3032.0,0.0,8720000.0,98.0,1971-08-01,6.159,597.0
3033.0,22700000.0,38120460.0,96.0,1987-06-24,6.864,3280.0
3034.0,5000000.0,33000000.0,83.0,1973-11-08,7.305,4573.0
3035.0,0.0,0.0,123.0,1955-07-10,7.063,168.0
3036.0,12000000.0,55260558.0,96.0,1981-12-16,7.014,557.0
3037.0,15000000.0,31559552.0,150.0,1970-12-23,7.462,694.0
3038.0,0.0,0.0,126.0,1957-05-29,7.596,266.0
3039.0,15000000.0,90404800.0,117.0,1983-06-07,7.232,3568.0
3040.0,1207520.0,0.0,92.0,1979-06-28,5.828,346.0
3041.0,0.0,5410972.0,87.0,1984-07-27,3.9,63.0
3042.0,0.0,0.0,96.0,1986-10-27,4.1,44.0
3043.0,0.0,0.0,84.0,1992-03-06,4.5,38.0
3044.0,15000000.0,38016380.0,103.0,1991-08-23,6.405,401.0
3045.0,0.0,0.0,101.0,1992-09-18,6.6,212.0
3046.0,0.0,0.0,94.0,1995-06-16,6.2,92.0
3048.0,20000000.0,2297493.0,98.0,1981-07-31,5.1,38.0
3051.0,23000000.0,18653615.0,114.0,1999-11-12,6.058,291.0
3052.0,10000000.0,33535478.0,130.0,1999-10-04,6.924,2746.0
3053.0,85000000.0,66976317.0,148.0,1999-10-27,6.406,1556.0
3054.0,30000000.0,163644940.0,85.0,1998-07-18,6.942,1542.0
3055.0,0.0,0.0,116.0,1999-10-08,6.275,111.0
3056.0,0.0,3088.0,92.0,1999-11-12,6.0,93.0
3057.0,0.0,0.0,101.0,1998-10-01,5.3,10.0
3060.0,12000000.0,14919570.0,118.0,1991-08-14,7.265,583.0
3061.0,0.0,3750000.0,100.0,1942-07-10,7.0,217.0
3062.0,10000000.0,50100000.0,182.0,1962-09-25,7.608,998.0
3063.0,3000000.0,1829804.0,100.0,1992-05-08,5.427,388.0
3064.0,0.0,0.0,93.0,1997-07-01,4.7,113.0
3066.0,25485000.0,37150000.0,144.0,1970-01-26,7.145,581.0
3067.0,700000.0,14979298.0,88.0,1988-03-25,7.4,974.0
3068.0,16000000.0,53977250.0,129.0,1982-12-08,7.4,702.0
3070.0,17000000.0,6254148.0,102.0,1984-08-10,5.99,473.0
3071.0,0.0,13994920.0,103.0,1988-03-11,7.626,426.0
3072.0,15000000.0,122100000.0,101.0,1987-12-16,6.845,1061.0
3073.0,0.0,6161000.0,117.0,1965-06-23,6.321,53.0
3074.0,3100000.0,44700000.0,106.0,1972-09-10,7.28,673.0
3075.0,300000.0,3100000.0,105.0,1965-06-01,7.376,1075.0
3076.0,5000000.0,25200000.0,147.0,1963-06-05,7.412,456.0
3077.0,0.0,300880.0,133.0,1999-11-17,7.6,53.0
3078.0,0.0,0.0,127.0,1999-11-17,6.627,79.0
3079.0,11000000.0,4775847.0,112.0,1999-11-12,6.707,321.0
3081.0,100000000.0,206071526.0,105.0,1999-11-19,7.187,7216.0
3082.0,135000000.0,361832400.0,128.0,1999-11-17,6.284,3168.0
3083.0,5000000.0,67958231.0,101.0,1999-04-16,7.628,2016.0
3086.0,0.0,0.0,77.0,1934-12-14,6.3,154.0
3087.0,32000000.0,60300000.0,100.0,1988-11-22,6.784,1652.0
3088.0,0.0,0.0,104.0,1950-12-04,7.676,668.0
3089.0,133000.0,450159.0,89.0,1948-07-21,8.172,2591.0
3090.0,4000000.0,1680358.0,132.0,1987-08-28,7.364,125.0
3091.0,6000000.0,4000000.0,160.0,1980-04-26,7.832,713.0
3093.0,0.0,0.0,116.0,1971-06-24,7.159,433.0
3094.0,2600000.0,2438304.0,140.0,1987-09-18,7.6,590.0
3095.0,800000.0,1591000.0,129.0,1940-03-15,7.816,1072.0
3096.0,0.0,0.0,92.0,1957-10-11,6.4,25.0
3097.0,500000.0,0.0,99.0,1940-01-12,8.09,812.0
3098.0,28000000.0,48000000.0,122.0,1984-05-11,6.903,640.0
3099.0,4000000.0,60000000.0,110.0,1975-02-11,5.976,229.0
3100.0,12000000.0,43440294.0,123.0,1992-10-09,7.028,1168.0
3101.0,14000000.0,320145693.0,119.0,1987-09-18,6.839,1642.0
3102.0,15000000.0,40491165.0,108.0,1985-10-04,6.272,283.0
3103.0,23000000.0,5820015.0,105.0,1990-02-09,6.497,170.0
3104.0,30000000.0,38413606.0,122.0,1988-07-20,7.196,1225.0
3105.0,31000000.0,52096475.0,115.0,1990-12-04,7.775,2777.0
3106.0,0.0,0.0,130.0,1990-08-17,6.175,57.0
3107.0,75000000.0,152368585.0,132.0,1991-05-24,6.658,1527.0
3108.0,24000000.0,41895491.0,137.0,1991-09-20,7.309,1428.0
3109.0,18000000.0,11500000.0,122.0,1984-12-01,6.4,134.0
3111.0,9500000.0,34901614.0,111.0,1984-09-11,7.168,185.0
3112.0,0.0,442000.0,90.0,1986-09-12,7.355,38.0
3113.0,100000000.0,212000000.0,121.0,1999-11-24,6.084,1985.0
3114.0,90000000.0,497375404.0,92.0,1999-10-30,7.603,14612.0
3115.0,15000000.0,4488529.0,112.0,1999-11-26,6.192,287.0
3117.0,35000000.0,635096.0,149.0,1999-11-24,6.32,200.0
3120.0,50000000.0,46666502.0,112.0,1992-12-04,6.035,316.0
3125.0,23000000.0,10827816.0,97.0,1999-12-03,6.6,259.0
3127.0,15000000.0,1765545.0,107.0,1999-09-04,5.7,223.0
3129.0,29750000.0,4525794.0,95.0,1999-12-03,6.8,542.0
3130.0,47000000.0,15691192.0,126.0,1990-12-21,5.599,524.0
3132.0,0.0,4900000.0,85.0,1919-05-11,6.6,18.0
3134.0,0.0,172885.0,113.0,1937-06-04,7.865,754.0
3135.0,4000000.0,4700000.0,115.0,1979-10-26,6.8,67.0
3138.0,0.0,7467504.0,98.0,1988-08-26,6.3,58.0
3141.0,19000000.0,10005969.0,137.0,1990-08-10,5.981,259.0
3142.0,0.0,8600823.0,95.0,1988-11-03,7.2,77.0
3143.0,4150000.0,3230000.0,103.0,1968-12-19,6.9,175.0
3145.0,36000000.0,2900000.0,133.0,1999-12-10,6.408,92.0
3146.0,17000000.0,92938755.0,88.0,1999-12-10,5.976,1503.0
3147.0,60000000.0,286801374.0,189.0,1999-12-10,8.504,18801.0
3148.0,24000000.0,88500000.0,131.0,1999-12-17,7.1,1255.0
3150.0,0.0,0.0,98.0,1999-06-11,6.797,187.0
3152.0,1300000.0,29133000.0,118.0,1971-10-03,7.606,747.0
3153.0,650000.0,0.0,88.0,1958-12-05,6.924,304.0
3155.0,75000000.0,113996937.0,145.0,1999-12-16,6.77,814.0
3156.0,100000000.0,87423861.0,126.0,1999-12-17,7.267,3810.0
3157.0,133000000.0,300135367.0,81.0,1999-12-17,6.065,4561.0
3158.0,0.0,0.0,162.0,1998-10-08,6.947,85.0
3159.0,80000000.0,60655420.0,74.0,2000-01-01,6.971,1348.0
3160.0,37000000.0,48451803.0,184.0,1999-12-17,7.7,3885.0
3161.0,14000000.0,206128.0,104.0,1999-12-22,6.1,112.0
3162.0,10000000.0,929606.0,106.0,1999-09-15,4.803,38.0
3163.0,10500000.0,7804439.0,169.0,1999-12-15,6.605,162.0
3165.0,9000000.0,10058318.0,92.0,1993-04-16,4.941,128.0
3167.0,5000000.0,28623900.0,98.0,1971-06-30,6.603,213.0
3168.0,400000.0,60000000.0,90.0,1969-06-26,7.056,2099.0
3169.0,0.0,0.0,132.0,1985-01-25,6.415,170.0
3171.0,0.0,0.0,115.0,1958-12-29,6.871,140.0
3173.0,55000000.0,100230832.0,153.0,1999-12-22,6.816,1753.0
3174.0,82000000.0,47434430.0,115.0,1999-12-22,7.249,1922.0
3175.0,45000000.0,90683916.0,102.0,1999-12-25,7.081,2444.0
3176.0,40000000.0,128798265.0,133.0,1999-12-25,7.198,4038.0
3177.0,11000000.0,59827328.0,98.0,2000-01-12,6.454,628.0
3178.0,50000000.0,73956241.0,145.0,1999-09-17,7.4,1484.0
3179.0,50000000.0,13042112.0,145.0,1999-12-25,7.296,341.0
3181.0,18000000.0,2259680.0,162.0,1999-12-25,6.4,282.0
3182.0,0.0,507941.0,91.0,1999-12-29,6.94,67.0
3183.0,0.0,0.0,113.0,1999-11-18,5.8,48.0
3185.0,35000000.0,0.0,127.0,1999-12-22,6.035,144.0
3186.0,40000000.0,48350205.0,127.0,1999-12-21,7.6,4060.0
3189.0,6000000.0,35547761.0,95.0,2000-01-12,6.7,286.0
3190.0,90000000.0,14828081.0,90.0,2000-01-14,4.942,425.0
3192.0,24554.0,140021.0,95.0,1998-09-12,6.8,18.0
3194.0,5000000.0,50000000.0,118.0,1973-10-17,7.0,500.0
3196.0,1661530.0,10000000.0,120.0,1953-05-29,7.689,647.0
3197.0,0.0,20324096.0,95.0,1988-06-10,5.857,359.0
3198.0,12000000.0,53267000.0,150.0,1973-12-16,7.824,2061.0
3200.0,2300000.0,10000000.0,104.0,1973-12-11,7.006,393.0
3201.0,1600000.0,18099091.0,96.0,1970-09-12,7.1,573.0
3203.0,10400000.0,7825000.0,97.0,1989-04-07,6.574,803.0
3204.0,12000000.0,19000000.0,123.0,1978-10-05,6.719,426.0
3206.0,0.0,0.0,128.0,1984-03-02,5.7,237.0
3208.0,13000000.0,27979966.0,84.0,1993-02-04,6.049,777.0
3210.0,4500000.0,27100000.0,90.0,1982-08-13,6.798,1337.0
3211.0,15000000.0,6908797.0,120.0,1988-11-03,6.734,220.0
3213.0,6000000.0,5617391.0,76.0,1993-12-25,7.488,1212.0
3214.0,0.0,1400000.0,113.0,1985-08-16,6.1,123.0
3217.0,1200000.0,2370000.0,111.0,1937-04-20,7.175,232.0
3219.0,18000000.0,55000000.0,102.0,1990-09-28,6.243,401.0
3221.0,370800.0,2256246.0,108.0,1982-11-12,7.1,256.0
3223.0,650000.0,0.0,116.0,1985-10-04,7.0,173.0
3224.0,0.0,0.0,123.0,1964-02-15,8.206,502.0
3225.0,9000000.0,0.0,91.0,2000-01-21,5.192,260.0
3230.0,0.0,0.0,130.0,1974-10-17,6.611,193.0
3235.0,0.0,6659377.0,99.0,1980-04-25,5.961,181.0
3238.0,15000000.0,17589705.0,99.0,2000-01-28,4.888,165.0
3240.0,0.0,0.0,87.0,1999-11-26,5.7,23.0
3241.0,0.0,0.0,93.0,1999-10-28,6.489,44.0
3243.0,7000000.0,40700000.0,88.0,1992-05-22,5.802,687.0
3244.0,0.0,102000000.0,111.0,1977-11-27,6.911,179.0
3246.0,34000000.0,48169908.0,202.0,1992-11-18,7.541,1829.0
3247.0,31000000.0,231605150.0,100.0,1992-05-28,6.829,3365.0
3248.0,38000000.0,57319029.0,107.0,1993-12-09,6.365,1901.0
3249.0,11700000.0,88036683.0,110.0,1992-01-10,6.875,981.0
3250.0,32000000.0,36700000.0,127.0,1993-01-15,6.9,1542.0
3251.0,0.0,0.0,98.0,1985-09-13,6.3,133.0
3252.0,31000000.0,134100000.0,157.0,1992-12-23,7.8,3803.0
3253.0,20000000.0,183097323.0,90.0,1992-02-14,6.692,2408.0
3254.0,40000000.0,48198019.0,95.0,1993-12-10,6.086,1131.0
3255.0,40000000.0,132440069.0,128.0,1992-07-01,7.214,1492.0
3256.0,45000000.0,178051587.0,117.0,1992-06-04,6.7,1767.0
3257.0,25000000.0,411006740.0,129.0,1992-11-25,6.7,3159.0
3258.0,55000000.0,149000000.0,99.0,1992-07-30,6.778,2897.0
3259.0,60000000.0,137783840.0,140.0,1992-05-22,6.8,1274.0
3260.0,8000000.0,26126837.0,142.0,1992-03-13,6.992,579.0
3261.0,0.0,18472850.0,99.0,1992-09-18,6.375,417.0
3262.0,10000000.0,4237427.0,135.0,1992-06-03,7.405,2181.0
3263.0,31000000.0,90753806.0,115.0,1992-03-27,6.648,1465.0
3264.0,7000000.0,16624456.0,86.0,1992-07-24,5.615,889.0
3265.0,4500000.0,2700000.0,130.0,1992-04-16,7.52,897.0
3266.0,33000.0,205569.0,95.0,1992-08-20,7.22,982.0
3267.0,7225.0,2040920.0,81.0,1993-02-22,6.744,1243.0
3268.0,0.0,70611210.0,87.0,1992-02-21,5.312,1083.0
3269.0,20000000.0,128000000.0,98.0,1992-12-16,6.497,948.0
3270.0,0.0,25105517.0,102.0,1992-03-27,7.195,389.0
3271.0,0.0,5500000.0,110.0,1992-09-16,7.251,696.0
3272.0,1000000.0,2019469.0,98.0,1992-11-20,7.0,933.0
3273.0,40000000.0,161838076.0,116.0,2000-02-04,6.0,3904.0
3274.0,16000000.0,48017402.0,108.0,1992-08-14,6.293,676.0
3275.0,6000000.0,38256.0,110.0,1999-01-22,7.252,2599.0
3276.0,10000000.0,1600000.0,100.0,2000-02-04,5.197,145.0
3280.0,0.0,0.0,84.0,1973-03-01,5.892,88.0
3281.0,0.0,0.0,89.0,1998-09-23,6.111,18.0
3283.0,0.0,0.0,114.0,1971-12-22,6.663,104.0
3284.0,0.0,0.0,98.0,1971-06-09,7.0,55.0
3285.0,40000000.0,144056873.0,119.0,2000-02-03,6.483,4616.0
3286.0,13000000.0,62464731.0,89.0,2000-02-11,5.1,221.0
3287.0,30000000.0,45554533.0,77.0,2000-02-11,6.58,601.0
3289.0,0.0,0.0,106.0,1999-10-30,7.489,188.0
3294.0,520000.0,0.0,91.0,1976-12-25,5.5,196.0
3295.0,0.0,0.0,90.0,1993-09-09,6.9,141.0
3296.0,625000.0,42432803.0,105.0,1967-06-14,7.473,335.0
3298.0,7000000.0,28780255.0,125.0,2000-02-18,6.716,723.0
3299.0,60000000.0,51880044.0,94.0,2000-02-16,5.3,184.0
3300.0,23000000.0,53187659.0,110.0,2000-02-18,6.857,4688.0
3301.0,41300000.0,106371651.0,99.0,2000-02-18,6.463,2025.0
3302.0,0.0,0.0,107.0,1999-09-16,6.0,21.0
3303.0,0.0,0.0,75.0,2000-03-17,6.7,24.0
3306.0,9000000.0,0.0,72.0,1928-01-06,7.937,871.0
3307.0,1500000.0,4250000.0,87.0,1931-02-06,8.257,2387.0
3308.0,0.0,0.0,100.0,1984-12-21,6.0,87.0
3310.0,250000.0,5450000.0,52.0,1921-01-21,8.146,2302.0
3313.0,0.0,0.0,85.0,1982-10-29,4.9,44.0
3315.0,0.0,0.0,97.0,1951-03-06,5.9,11.0
3316.0,42000000.0,32168970.0,105.0,2000-02-25,5.696,714.0
3317.0,35000000.0,33426588.0,107.0,2000-02-22,6.825,642.0
3323.0,20000000.0,0.0,96.0,2001-03-03,5.815,81.0
3324.0,6000000.0,15427192.0,96.0,2000-03-03,5.4,184.0
3325.0,25000000.0,24362772.0,207.0,2000-03-03,5.259,195.0
3326.0,60000000.0,14100000.0,104.0,2000-03-03,5.433,163.0
3327.0,2053648.0,500000.0,102.0,1999-10-22,7.3,90.0
3328.0,2000000.0,9392768.0,110.0,1999-10-06,7.3,1350.0
3329.0,0.0,0.0,105.0,1987-10-15,7.041,37.0
3330.0,0.0,0.0,120.0,1961-10-10,7.442,292.0
3331.0,0.0,22587834.0,97.0,1983-03-04,5.006,80.0
3334.0,0.0,0.0,100.0,1948-07-16,7.454,570.0
3338.0,0.0,770132.0,80.0,1989-11-01,7.8,154.0
3341.0,0.0,0.0,103.0,1950-12-26,7.261,182.0
3342.0,12000000.0,1400000.0,120.0,1984-12-14,7.121,557.0
3344.0,24500.0,4000000.0,67.0,1963-07-06,4.8,196.0
3345.0,0.0,0.0,75.0,1967-10-18,5.737,19.0
3347.0,11000000.0,0.0,100.0,1983-10-07,6.993,142.0
3350.0,1500000.0,0.0,128.0,1961-05-28,7.677,141.0
3353.0,0.0,0.0,93.0,2000-12-27,5.3,12.0
3354.0,90000000.0,110983407.0,113.0,2000-03-10,5.999,1524.0
3355.0,38000000.0,58401898.0,132.0,1999-08-25,6.483,3254.0
3357.0,11500000.0,6032000.0,121.0,1999-09-01,6.375,68.0
3358.0,20000000.0,16371596.0,111.0,1991-03-22,6.909,296.0
3359.0,2300000.0,20000000.0,97.0,1979-05-24,7.125,284.0
3360.0,9000000.0,28600000.0,115.0,1986-11-14,7.033,571.0
3361.0,7000000.0,50888000.0,108.0,1988-06-15,6.6,652.0
3362.0,1800000.0,56665856.0,130.0,1975-09-21,7.844,3244.0
3363.0,777000.0,140000000.0,110.0,1973-08-11,7.032,1543.0
3364.0,1232000.0,0.0,112.0,1950-05-12,7.487,525.0
3365.0,3750000.0,0.0,119.0,1956-05-16,7.698,1537.0
3368.0,0.0,3500000.0,166.0,1958-09-30,7.583,398.0
3370.0,19000000.0,0.0,127.0,1988-08-26,6.1,135.0
3372.0,0.0,0.0,115.0,1969-06-25,6.756,176.0
3374.0,800000.0,1642436.0,113.0,1991-01-24,6.4,54.0
3378.0,0.0,50935.0,113.0,1996-09-12,6.3,46.0
3379.0,2900000.0,2200000.0,134.0,1959-12-17,6.646,226.0
3384.0,0.0,0.0,104.0,1974-10-02,7.453,599.0
3385.0,10000000.0,19875740.0,107.0,1985-08-16,5.509,174.0
3386.0,40000000.0,205405498.0,189.0,1991-12-20,7.606,2333.0
3387.0,0.0,11000000.0,94.0,1989-02-03,5.921,346.0
3388.0,10000000.0,49998613.0,110.0,1987-06-05,6.12,715.0
3389.0,0.0,0.0,102.0,1986-10-31,6.2,46.0
3390.0,17000000.0,2315683.0,92.0,1986-08-29,4.3,97.0
3391.0,18500000.0,7305209.0,92.0,1987-08-07,5.5,241.0
3392.0,20000000.0,15400000.0,99.0,1989-12-08,6.0,422.0
3393.0,8000000.0,1988962.0,105.0,1987-11-20,6.688,106.0
3394.0,18000000.0,39321715.0,96.0,1987-03-27,5.99,523.0
3395.0,12000000.0,5669831.0,83.0,1987-08-07,5.4,88.0
3396.0,8000000.0,75161953.0,95.0,1979-06-22,7.2,676.0
3397.0,14000000.0,31206251.0,98.0,1981-06-26,6.9,329.0
3398.0,8000000.0,25535829.0,94.0,1984-06-27,6.6,409.0
3400.0,0.0,9317021.0,71.0,1993-11-24,6.1,433.0
3401.0,0.0,0.0,95.0,1985-03-29,5.175,69.0
3402.0,0.0,0.0,97.0,1985-12-06,6.214,14.0
3403.0,36000000.0,7000000.0,109.0,1980-08-01,5.333,108.0
3404.0,1805000.0,4905000.0,98.0,1953-04-11,6.6,151.0
3405.0,1680000.0,0.0,123.0,1958-07-03,7.7,280.0
3406.0,0.0,0.0,117.0,1951-04-10,6.9,136.0
3408.0,52000000.0,256271286.0,131.0,2000-03-17,7.437,3543.0
3409.0,23000000.0,112880294.0,98.0,2000-03-17,6.6,6499.0
3410.0,0.0,0.0,101.0,1999-10-28,3.333,3.0
3412.0,25000000.0,138241022.0,100.0,1988-10-21,7.093,513.0
3414.0,0.0,0.0,102.0,1955-08-18,6.0,87.0
3415.0,825000.0,124367.0,105.0,1975-03-07,8.0,1057.0
3417.0,1850000.0,0.0,104.0,1952-09-27,7.029,153.0
3418.0,16000000.0,45361000.0,129.0,1991-05-24,7.596,3764.0
3420.0,6000000.0,33300000.0,119.0,1979-10-19,7.075,565.0
3421.0,2700000.0,141000000.0,109.0,1978-07-28,6.977,1625.0
3422.0,175000.0,7137503.0,84.0,1986-08-08,6.634,350.0
3423.0,0.0,0.0,121.0,1988-02-12,5.682,110.0
3424.0,6500000.0,37300000.0,120.0,1989-06-14,7.766,1931.0
3425.0,10000000.0,16153593.0,123.0,1990-08-03,6.5,251.0
3426.0,14000000.0,32482682.0,132.0,1991-06-07,6.4,306.0
3428.0,0.0,30441738.0,121.0,1979-07-07,7.0,207.0
3429.0,0.0,0.0,5.0,1989-07-15,7.197,122.0
3430.0,3000000.0,76600000.0,94.0,1974-07-24,6.889,912.0
3431.0,8000000.0,45000000.0,88.0,1982-02-20,6.237,511.0
3432.0,9000000.0,16116878.0,94.0,1985-11-01,6.205,458.0
3433.0,5000000.0,6880310.0,99.0,1987-06-11,5.7,330.0
3434.0,5000000.0,1702394.0,95.0,1994-01-14,5.556,296.0
3435.0,927262.0,2500000.0,107.0,1944-07-06,8.101,1973.0
3436.0,18000000.0,82264675.0,105.0,1991-06-20,6.701,481.0
3438.0,13500000.0,201965915.0,93.0,1990-03-30,6.7,1904.0
3439.0,25000000.0,78656813.0,88.0,1991-03-22,6.212,1214.0
3440.0,21000000.0,42273609.0,95.0,1993-03-17,5.495,887.0
3441.0,17000000.0,38400000.0,114.0,1984-08-10,6.313,860.0
3442.0,8700000.0,4865912.0,109.0,1986-04-11,6.2,55.0
3444.0,1500000.0,63500000.0,92.0,1988-02-26,7.015,2062.0
3445.0,7000000.0,20000000.0,104.0,1978-08-02,5.839,224.0
3446.0,0.0,0.0,128.0,1995-09-20,6.5,50.0
3447.0,2800000.0,3557000.0,139.0,1937-06-02,6.2,74.0
3448.0,13000000.0,123922370.0,121.0,1987-12-23,7.3,2918.0
3449.0,14000000.0,4764606.0,104.0,1988-11-04,5.7,30.0
3450.0,35100000.0,70200000.0,100.0,1993-12-25,6.658,723.0
3451.0,4000000.0,56666667.0,108.0,1967-12-11,7.573,894.0
3452.0,25000000.0,91036760.0,115.0,2000-03-22,6.264,1299.0
3453.0,15000000.0,10873148.0,96.0,2000-03-24,5.82,189.0
3454.0,15000000.0,9902115.0,94.0,2000-03-31,5.8,295.0
3455.0,0.0,0.0,105.0,2000-03-24,4.538,13.0
3456.0,0.0,0.0,88.0,1999-02-08,7.6,183.0
3459.0,0.0,0.0,88.0,1987-02-27,5.685,181.0
3461.0,250000.0,0.0,92.0,1963-08-13,6.7,557.0
3462.0,1500000.0,1800000.0,87.0,1936-02-05,8.282,3979.0
3466.0,0.0,16589540.0,104.0,1993-08-13,6.889,406.0
3467.0,2500000.0,10000000.0,110.0,1963-05-28,7.258,339.0
3468.0,2000000.0,7600000.0,135.0,1961-09-25,7.679,1046.0
3469.0,2000000.0,2000000.0,128.0,1960-07-07,7.673,450.0
3470.0,4000000.0,0.0,144.0,1975-08-02,7.909,602.0
3471.0,20000000.0,306889114.0,135.0,1977-12-14,7.352,4521.0
3473.0,0.0,0.0,116.0,1976-12-01,6.7,20.0
3474.0,0.0,0.0,91.0,1997-02-21,6.123,204.0
3475.0,2300000.0,7000000.0,122.0,1951-06-12,7.3,410.0
3476.0,25000000.0,26118851.0,113.0,1990-11-02,7.357,1823.0
3477.0,10000000.0,303841.0,90.0,1995-09-22,6.7,777.0
3478.0,6500000.0,54215416.0,108.0,1987-07-24,7.265,760.0
3479.0,20000000.0,18432000.0,121.0,1985-03-27,6.993,1226.0
3480.0,6000000.0,8200000.0,108.0,1986-03-28,6.683,251.0
3481.0,30000000.0,47100000.0,113.0,2000-03-17,7.127,2134.0
3483.0,95000000.0,76400000.0,89.0,2000-03-31,7.3,3969.0
3484.0,15000000.0,50802120.0,110.0,2000-03-31,5.764,582.0
3489.0,70000000.0,300854823.0,136.0,1991-04-10,6.838,5605.0
3492.0,0.0,0.0,69.0,1926-09-05,6.167,30.0
3494.0,0.0,37659900.0,128.0,1969-06-11,7.333,831.0
3496.0,0.0,0.0,122.0,1988-10-14,6.857,21.0
3497.0,0.0,17613720.0,98.0,1983-03-25,6.5,56.0
3498.0,2300000.0,35000000.0,120.0,1978-08-31,7.449,1840.0
3499.0,20000000.0,61300000.0,107.0,1990-11-30,7.745,5085.0
3500.0,43000000.0,13300000.0,119.0,1992-09-23,5.7,59.0
3501.0,13000000.0,30867525.0,107.0,1985-12-25,6.1,71.0
3502.0,17500000.0,27484464.0,114.0,1993-11-12,6.7,225.0
3503.0,0.0,0.0,165.0,1972-03-20,7.782,1773.0
3504.0,3800000.0,23700000.0,121.0,1976-11-27,7.808,1942.0
3505.0,15000000.0,35509515.0,110.0,1987-08-14,6.874,771.0
3506.0,0.0,26079312.0,119.0,1979-08-03,6.6,70.0
3507.0,1200000.0,44527234.0,106.0,1968-05-16,7.424,631.0
3508.0,3700000.0,31800000.0,131.0,1976-06-30,7.435,1250.0
3510.0,31000000.0,68106245.0,108.0,2000-04-28,7.263,1946.0
3511.0,24000000.0,12372410.0,107.0,2000-04-07,5.2,167.0
3512.0,24000000.0,36600000.0,115.0,2000-04-07,6.645,462.0
3513.0,60000000.0,71000000.0,128.0,2000-04-07,6.249,770.0
3514.0,0.0,0.0,104.0,2000-01-21,5.889,18.0
3515.0,0.0,369975.0,104.0,1999-10-06,5.667,30.0
3516.0,0.0,0.0,106.0,1958-12-25,6.471,239.0
3519.0,5000000.0,7230000.0,114.0,1978-08-16,6.199,331.0
3521.0,2800000.0,1544973.0,106.0,1989-09-06,7.34,490.0
3524.0,7000000.0,95461682.0,97.0,1981-07-17,6.51,453.0
3525.0,6000000.0,38435947.0,105.0,1984-06-29,6.282,696.0
3526.0,20000000.0,126297830.0,124.0,1989-07-31,6.663,702.0
3527.0,15000000.0,98267558.0,107.0,1987-06-12,7.542,8810.0
3528.0,30000000.0,74787599.0,132.0,1991-12-25,6.6,295.0
3529.0,12000000.0,12376625.0,115.0,1981-03-20,6.504,544.0
3531.0,0.0,0.0,87.0,1992-05-01,5.8,21.0
3534.0,43000000.0,62198945.0,104.0,2000-04-06,6.157,1061.0
3535.0,7000000.0,34269748.0,101.0,2000-01-21,7.4,11947.0
3536.0,30000000.0,59945183.0,128.0,2000-04-14,6.083,651.0
3537.0,0.0,0.0,86.0,2000-04-14,5.956,80.0
3538.0,3800000.0,28200000.0,96.0,1999-05-14,6.5,221.0
3539.0,0.0,0.0,108.0,2000-03-29,6.899,79.0
3543.0,5000000.0,14100000.0,110.0,1982-04-02,6.802,298.0
3544.0,1400000.0,115103.0,87.0,1991-08-28,5.4,91.0
3545.0,4600000.0,42800000.0,118.0,1972-02-13,7.422,944.0
3546.0,980000.0,0.0,134.0,1962-10-31,7.906,1130.0
3548.0,0.0,0.0,145.0,1958-12-04,7.025,122.0
3549.0,5500000.0,6874673.0,150.0,1955-12-23,6.5,249.0
3550.0,10000000.0,10200000.0,100.0,1983-04-29,6.649,628.0
3551.0,6500000.0,21709020.0,125.0,1976-10-08,7.2,1177.0
3552.0,6000000.0,39846344.0,118.0,1980-07-25,6.615,1257.0
3553.0,14000000.0,5108820.0,90.0,2000-04-21,5.812,261.0
3554.0,20000000.0,27728118.0,124.0,2000-04-21,7.328,457.0
3555.0,62000000.0,127700000.0,116.0,2000-04-20,6.516,1313.0
3556.0,6000000.0,10409377.0,96.0,2000-04-21,7.125,3525.0
3557.0,20000000.0,11390479.0,124.0,1992-11-06,6.066,381.0
3559.0,900000.0,1000000.0,137.0,1952-10-16,7.912,576.0
3563.0,10000000.0,0.0,101.0,2000-01-23,5.47,398.0
3564.0,83000000.0,59468275.0,91.0,2000-04-28,4.773,792.0
3565.0,15000000.0,33800000.0,120.0,2000-04-27,7.1,728.0
3566.0,7000000.0,3728888.0,90.0,1999-11-17,6.754,367.0
3567.0,0.0,0.0,95.0,2000-02-18,5.5,27.0
3568.0,0.0,0.0,90.0,1999-09-16,5.0,11.0
3569.0,2500000.0,7200.0,117.0,1998-04-28,6.466,635.0
3571.0,4000000.0,1431406.0,97.0,2000-04-28,5.5,95.0
3572.0,1000000.0,1753979.0,83.0,1993-05-21,4.2,111.0
3573.0,0.0,0.0,83.0,1995-02-23,4.3,55.0
3574.0,0.0,0.0,85.0,1996-11-21,3.915,47.0
3576.0,5000000.0,9747988.0,97.0,1987-10-30,6.883,463.0
3577.0,0.0,1547397.0,104.0,1988-04-29,6.027,207.0
3578.0,103000000.0,465516248.0,155.0,2000-05-04,8.221,20469.0
3580.0,0.0,0.0,115.0,2000-04-14,5.227,33.0
3581.0,600000.0,4000000.0,99.0,1999-06-04,6.8,376.0
3584.0,7500000.0,19910002.0,100.0,1983-05-13,5.8,258.0
3586.0,0.0,0.0,117.0,1980-11-14,5.357,21.0
3587.0,3000000.0,0.0,107.0,1980-02-07,6.626,659.0
3590.0,160000.0,4000000.0,86.0,1974-05-01,5.789,90.0
3591.0,0.0,64783827.0,91.0,1983-07-22,6.5,339.0
3592.0,0.0,4368.0,78.0,1982-03-24,7.3,177.0
3593.0,44000000.0,29725663.0,116.0,2000-05-12,3.321,912.0
3594.0,29000000.0,26400000.0,115.0,2000-05-12,6.9,354.0
3596.0,10000000.0,7201701.0,78.0,2000-05-12,5.453,106.0
3597.0,3000000.0,0.0,82.0,2000-09-01,3.8,54.0
3598.0,2000000.0,1568749.0,112.0,2000-05-12,5.781,137.0
3599.0,2600000.0,7500000.0,143.0,1945-08-13,6.8,163.0
3604.0,4000000.0,11076923.0,143.0,1962-11-01,6.3,74.0
3606.0,2133000.0,4428000.0,98.0,1949-12-08,6.984,279.0
3608.0,6000000.0,40900000.0,91.0,1985-07-26,6.466,830.0
3609.0,0.0,0.0,72.0,1999-01-01,7.8,5.0
3614.0,25000000.0,35208854.0,96.0,1992-08-28,5.6,312.0
3615.0,127500000.0,354248063.0,82.0,2000-05-19,6.551,2684.0
3616.0,0.0,0.0,91.0,2000-07-21,5.382,468.0
3617.0,16000000.0,119754278.0,94.0,2000-05-19,6.231,2117.0
3618.0,25000000.0,29934477.0,95.0,2000-05-19,6.431,730.0
3619.0,2500000.0,10000000.0,91.0,1980-05-18,5.7,63.0
3622.0,1500000.0,1806258.0,94.0,1970-10-28,6.3,140.0
3623.0,125000000.0,546388108.0,123.0,2000-05-24,6.14,7389.0
3624.0,55000000.0,99274467.0,106.0,2000-05-26,6.413,2701.0
3625.0,100000.0,0.0,85.0,1999-08-14,5.4,8.0
3626.0,6000000.0,437568.0,118.0,1999-05-22,5.4,65.0
3627.0,30000.0,0.0,78.0,1962-11-02,6.934,520.0
3628.0,0.0,0.0,102.0,1942-10-08,6.231,54.0
3629.0,923000.0,4000000.0,96.0,1925-07-13,8.0,1776.0
3632.0,2000000.0,0.0,124.0,1947-08-27,7.7,461.0
3633.0,7000000.0,82000000.0,142.0,1969-12-18,6.562,2070.0
3634.0,0.0,0.0,108.0,1964-02-01,7.296,218.0
3635.0,13500000.0,185438673.0,126.0,1977-07-07,6.827,2156.0
3637.0,0.0,8100000.0,105.0,1985-12-04,7.333,351.0
3638.0,34000000.0,210308099.0,130.0,1979-06-26,6.18,2143.0
3639.0,7000000.0,97600000.0,125.0,1974-12-04,6.459,2211.0
3640.0,0.0,0.0,108.0,1957-09-12,6.754,224.0
3641.0,0.0,634000.0,82.0,1923-10-01,6.737,190.0
3643.0,1500000.0,0.0,100.0,1944-01-27,6.2,50.0
3646.0,30000000.0,173959438.0,100.0,2000-05-31,5.823,2420.0
3648.0,0.0,0.0,85.0,1957-08-26,6.2,110.0
3649.0,5000000.0,52700000.0,123.0,1980-02-01,6.18,712.0
3652.0,0.0,0.0,93.0,1980-08-11,6.435,430.0
3653.0,50000.0,0.0,95.0,1966-06-15,7.144,132.0
3654.0,6000000.0,28900000.0,150.0,1961-04-27,7.307,841.0
3655.0,0.0,0.0,130.0,1973-05-16,7.106,536.0
3658.0,0.0,0.0,97.0,1967-11-09,6.626,266.0
3660.0,0.0,0.0,83.0,1989-10-12,5.8,377.0
3661.0,780000.0,0.0,88.0,1990-02-07,5.922,205.0
3662.0,800000.0,0.0,82.0,1992-05-01,6.3,177.0
3663.0,0.0,0.0,79.0,1993-11-24,5.5,138.0
3664.0,0.0,0.0,82.0,1994-09-21,5.1,124.0
3667.0,0.0,0.0,92.0,1987-11-28,4.583,42.0
3668.0,0.0,38901218.0,138.0,1968-04-02,7.405,714.0
3669.0,25000000.0,10736401.0,87.0,1992-08-14,6.167,186.0
3671.0,2600000.0,119500000.0,93.0,1974-02-07,7.243,2015.0
3672.0,0.0,0.0,85.0,1974-10-17,6.3,159.0
3673.0,0.0,22257624.0,88.0,1987-06-05,6.558,165.0
3674.0,0.0,0.0,85.0,1977-06-10,5.74,52.0
3675.0,0.0,1109388.0,120.0,1954-10-14,7.198,566.0
3676.0,100000.0,7000000.0,89.0,1977-09-28,7.346,2671.0
3677.0,4000000.0,0.0,96.0,1992-09-15,8.225,668.0
3678.0,1000000.0,4350000.0,119.0,1955-12-26,7.149,242.0
3679.0,100000.0,0.0,100.0,1981-07-01,7.131,111.0
3680.0,0.0,0.0,93.0,1988-06-17,6.8,79.0
3681.0,600000.0,15000000.0,130.0,1965-12-18,8.017,4306.0
3682.0,0.0,39768000.0,125.0,1973-12-13,7.113,1153.0
3683.0,1500000.0,4229114.0,96.0,1985-01-18,7.253,1572.0
3684.0,13000000.0,18428904.0,113.0,1989-10-13,6.598,357.0
3685.0,0.0,26657534.0,124.0,1985-06-14,6.379,414.0
3686.0,26000000.0,61489265.0,115.0,1990-08-10,6.503,1668.0
3687.0,5500000.0,370698.0,78.0,1987-12-11,6.944,135.0
3688.0,4000000.0,159989673.0,94.0,1981-11-13,6.407,938.0
3689.0,6500000.0,54959266.0,98.0,1983-06-24,5.69,343.0
3690.0,9000000.0,20518905.0,92.0,1985-03-22,5.467,261.0
3691.0,0.0,14049112.0,89.0,1983-06-29,5.7,206.0
3692.0,2000000.0,0.0,85.0,1986-12-12,5.56,193.0
3693.0,500000.0,800000.0,82.0,1984-05-15,6.278,628.0
3694.0,2500000.0,792966.0,102.0,1989-07-15,5.403,196.0
3695.0,500000.0,363561.0,103.0,1989-11-24,4.903,145.0
3696.0,5000000.0,591366.0,88.0,1986-08-21,6.719,553.0
3697.0,35000000.0,57120318.0,108.0,1990-11-21,6.297,3677.0
3698.0,27000000.0,38122105.0,101.0,1987-11-13,6.54,2708.0
3699.0,22000000.0,28744356.0,115.0,1984-12-13,6.9,957.0
3700.0,0.0,0.0,109.0,1984-09-07,6.6,91.0
3701.0,16000000.0,32155047.0,89.0,1988-10-07,6.0,327.0
3702.0,350000.0,100000000.0,85.0,1979-04-12,6.678,4819.0
3703.0,2000000.0,24600832.0,97.0,1981-12-24,7.388,4059.0
3704.0,10000000.0,36230219.0,107.0,1985-06-29,6.217,3170.0
3705.0,20000000.0,138697012.0,106.0,1990-05-18,6.222,1010.0
3706.0,17000000.0,17185954.0,115.0,1987-03-06,7.129,1675.0
3707.0,17000000.0,6740470.0,112.0,1986-02-09,6.112,1089.0
3708.0,15000000.0,17080167.0,114.0,1984-05-11,6.255,744.0
3709.0,15000000.0,30524764.0,91.0,1992-04-10,6.044,597.0
3710.0,7000000.0,20256975.0,96.0,1988-02-12,5.463,269.0
3711.0,0.0,0.0,117.0,1992-09-18,6.13,46.0
3712.0,25000000.0,36489888.0,97.0,1991-05-31,6.257,265.0
3713.0,0.0,0.0,94.0,1990-12-21,7.634,153.0
3714.0,0.0,0.0,108.0,1988-10-07,5.447,57.0
3715.0,0.0,0.0,98.0,1987-03-20,5.189,103.0
3716.0,0.0,0.0,104.0,1987-10-30,5.5,90.0
3717.0,90000000.0,237200000.0,118.0,2000-06-09,6.449,4746.0
3719.0,13000000.0,300000.0,90.0,2000-03-31,5.493,75.0
3720.0,26000000.0,7918035.0,181.0,1999-09-13,6.459,146.0
3723.0,13500000.0,20700000.0,135.0,1990-12-19,6.604,427.0
3724.0,3000000.0,32653905.0,126.0,1978-02-15,7.018,194.0
3725.0,1500000.0,6000000.0,96.0,1981-02-13,6.9,116.0
3726.0,150000.0,0.0,80.0,1976-10-08,7.273,1174.0
3727.0,5000000.0,3400000.0,94.0,1987-10-02,6.848,837.0
3728.0,2500000.0,1543112.0,105.0,1991-10-12,6.606,207.0
3729.0,1125000.0,12121618.0,100.0,1971-06-23,6.4,399.0
3730.0,1600000.0,4794457.0,113.0,1974-04-12,7.5,1970.0
3731.0,3000000.0,0.0,109.0,1981-03-19,6.47,164.0
3732.0,5500000.0,24000000.0,117.0,1978-03-10,6.297,392.0
3733.0,0.0,0.0,113.0,1973-10-16,6.709,115.0
3735.0,3500000.0,30800000.0,130.0,1973-12-18,7.533,2123.0
3736.0,1821052.0,1300000.0,111.0,1951-06-29,7.86,723.0
3737.0,0.0,0.0,107.0,1962-04-26,7.379,165.0
3738.0,3000000.0,12800000.0,108.0,1974-03-31,6.603,441.0
3739.0,0.0,0.0,83.0,1932-10-30,7.41,301.0
3740.0,25000000.0,11102672.0,99.0,1986-05-30,7.207,3245.0
3741.0,300000.0,0.0,90.0,1974-01-05,7.469,1304.0
3742.0,0.0,45100.0,75.0,1925-12-24,7.599,1263.0
3743.0,16000000.0,20627372.0,93.0,2000-06-16,5.939,412.0
3744.0,46000000.0,107626125.0,99.0,2000-06-15,6.008,1400.0
3745.0,75000000.0,36754634.0,94.0,2000-06-16,6.603,1151.0
3746.0,3000000.0,7738129.0,90.0,1999-09-24,7.359,241.0
3747.0,2500000.0,1300000.0,111.0,2000-06-16,6.219,73.0
3751.0,45000000.0,224834564.0,85.0,2000-06-23,6.834,5302.0
3752.0,51000000.0,149270999.0,117.0,2000-06-22,6.607,4135.0
3753.0,110000000.0,215294342.0,160.0,2000-06-28,7.186,4203.0
3754.0,76000000.0,35100000.0,92.0,2000-06-30,4.257,387.0
3755.0,130000000.0,328718434.0,129.0,2000-06-29,6.48,2492.0
3756.0,15000000.0,5753678.0,130.0,2000-05-14,5.886,66.0
3758.0,5000000.0,1919653.0,101.0,1989-11-10,5.322,183.0
3760.0,600000.0,0.0,90.0,1977-08-10,6.181,350.0
3761.0,35000000.0,4500000.0,180.0,1993-02-05,8.137,1478.0
3763.0,10000000.0,20603715.0,109.0,1986-02-07,6.6,480.0
3764.0,18000000.0,21082165.0,108.0,1991-04-16,6.3,288.0
3765.0,0.0,1293976.0,125.0,1990-10-12,6.2,292.0
3766.0,2550000.0,22812411.0,101.0,1984-11-16,5.822,534.0
3767.0,2410000.0,10755447.0,100.0,1985-03-01,5.742,306.0
3768.0,9000000.0,6193901.0,101.0,1988-01-22,5.597,272.0
3769.0,4000000.0,25000000.0,115.0,1974-05-23,6.769,608.0
3770.0,0.0,12145169.0,99.0,1984-08-15,6.084,310.0
3771.0,0.0,11000000.0,105.0,1973-12-20,6.69,248.0
3773.0,2500000.0,26385628.0,104.0,1990-01-20,6.4,253.0
3774.0,5000000.0,19438638.0,94.0,1991-10-23,5.3,111.0
3783.0,0.0,0.0,94.0,1998-06-25,6.7,312.0
3784.0,65000000.0,110317580.0,104.0,2000-07-07,6.7,1089.0
3785.0,19000000.0,278022760.0,89.0,2000-07-07,6.379,7489.0
3786.0,1200000.0,2600000.0,85.0,2000-07-07,7.049,797.0
3787.0,0.0,0.0,92.0,1999-09-13,6.873,71.0
3788.0,1800000.0,0.0,110.0,1966-12-18,7.327,1338.0
3789.0,500000.0,0.0,116.0,1965-04-20,7.116,172.0
3790.0,0.0,0.0,86.0,2000-06-08,6.228,46.0
3791.0,8200000.0,80035402.0,100.0,1984-02-17,6.681,2155.0
3792.0,6000000.0,20400000.0,124.0,1946-12-31,6.3,181.0
3793.0,75000000.0,296339527.0,105.0,2000-07-13,7.0,11968.0
3794.0,250000.0,1182065.0,96.0,2000-07-14,5.941,68.0
3795.0,0.0,0.0,106.0,1999-05-18,5.554,28.0
3797.0,15000000.0,5280035.0,105.0,2000-07-19,4.6,58.0
3798.0,100000000.0,291420351.0,125.0,2000-07-21,6.431,1974.0
3799.0,30000000.0,133949270.0,76.0,1999-07-17,6.719,909.0
3801.0,2000000.0,8000000.0,150.0,1959-07-01,7.845,1118.0
3802.0,30000000.0,17129026.0,110.0,1992-01-17,5.46,347.0
3806.0,7000000.0,0.0,128.0,1969-03-18,6.56,200.0
3807.0,3500000.0,16000000.0,113.0,1977-05-25,6.5,211.0
3808.0,0.0,0.0,100.0,1960-12-22,7.8,562.0
3809.0,35000000.0,63710000.0,99.0,1991-05-17,6.874,883.0
3810.0,22000000.0,9011574.0,101.0,1992-04-24,5.884,173.0
3811.0,1000000.0,8200000.0,107.0,1980-06-11,7.087,156.0
3812.0,2000000.0,18016290.0,88.0,1972-08-06,6.521,977.0
3813.0,3100000.0,10432366.0,93.0,1978-08-02,6.845,377.0
3814.0,3000000.0,20173742.0,85.0,1975-06-10,7.49,954.0
3816.0,0.0,0.0,112.0,1985-04-03,7.463,200.0
3819.0,1500000.0,0.0,115.0,1985-11-23,7.815,410.0
3821.0,84000000.0,123307945.0,106.0,2000-07-27,5.019,1373.0
3822.0,0.0,0.0,90.0,1999-03-31,7.028,218.0
3823.0,0.0,0.0,108.0,1999-05-13,6.4,34.0
3824.0,65000000.0,90726668.0,97.0,2000-08-11,6.115,750.0
3825.0,45000000.0,113900000.0,100.0,2000-07-30,6.265,2229.0
3826.0,95000000.0,190213455.0,112.0,2000-08-04,5.956,2688.0
3827.0,65000000.0,128900000.0,130.0,2000-08-04,6.4,1474.0
3830.0,1500000.0,268117.0,95.0,2000-08-06,5.701,102.0
3831.0,10000000.0,26330482.0,91.0,2000-01-24,6.526,431.0
3832.0,0.0,0.0,95.0,1963-08-17,7.2,478.0
3833.0,62000.0,0.0,82.0,1962-02-25,4.7,135.0
3834.0,6500000.0,24300000.0,116.0,1980-06-11,6.3,282.0
3835.0,6000000.0,13609396.0,88.0,1993-04-02,6.6,532.0
3836.0,4000000.0,5200000.0,144.0,1970-06-22,7.34,782.0
3837.0,3000000.0,7282851.0,97.0,1988-07-08,6.2,379.0
3838.0,2500000.0,0.0,91.0,1994-05-06,5.8,277.0
3839.0,650000.0,0.0,90.0,1998-07-31,5.246,224.0
3840.0,3500000.0,4400000.0,86.0,1988-06-09,6.379,529.0
3841.0,35000000.0,57661269.0,112.0,1990-08-10,5.815,641.0
3843.0,350000.0,11000000.0,85.0,1983-11-18,6.29,758.0
3844.0,15000000.0,95904091.0,118.0,1989-11-15,7.191,705.0
3845.0,300000.0,33000000.0,91.0,1956-11-28,6.1,252.0
3846.0,0.0,29300000.0,95.0,1983-08-19,6.004,137.0
3847.0,0.0,0.0,96.0,1975-10-01,5.959,374.0
3849.0,750000.0,2800000.0,83.0,1946-01-26,7.06,265.0
3851.0,0.0,0.0,96.0,2000-07-01,7.875,16.0
3852.0,0.0,4406030.0,87.0,2000-08-04,6.053,85.0
3855.0,0.0,0.0,80.0,1999-09-04,6.236,72.0
3857.0,40000000.0,40443010.0,103.0,2000-08-11,5.3,301.0
3858.0,10000000.0,1961544.0,88.0,2000-08-02,6.4,291.0
3859.0,0.0,0.0,79.0,2000-01-25,6.182,22.0
3861.0,50000000.0,50054511.0,118.0,2000-08-11,6.686,1044.0
3862.0,0.0,802951.0,105.0,2001-01-19,5.2,122.0
3863.0,33000000.0,104155843.0,107.0,2000-08-18,6.267,1656.0
3864.0,8300000.0,25000000.0,107.0,1999-12-11,6.9,293.0
3865.0,13000000.0,38251106.0,115.0,2000-08-18,6.409,66.0
3868.0,12000000.0,152356177.0,86.0,1988-12-02,7.269,4327.0
3869.0,23000000.0,192030411.0,91.0,1991-06-28,6.803,2635.0
3870.0,0.0,0.0,90.0,1940-05-24,5.7,34.0
3871.0,3100000.0,20000000.0,118.0,1953-04-23,7.344,665.0
3872.0,3000000.0,9000000.0,114.0,1959-12-22,7.281,306.0
3873.0,0.0,20666667.0,97.0,1965-06-24,6.4,269.0
3877.0,35000000.0,14296438.0,106.0,1984-07-01,5.297,643.0
3879.0,40000000.0,30199105.0,117.0,2000-08-25,5.717,537.0
3882.0,28000000.0,90449929.0,98.0,2000-08-25,6.266,1817.0
3884.0,0.0,0.0,88.0,2000-08-21,5.282,44.0
3888.0,0.0,0.0,100.0,2000-06-06,6.0,71.0
3889.0,25000000.0,15843608.0,87.0,2000-09-01,4.823,446.0
3893.0,24000000.0,29364989.0,112.0,2000-08-30,6.063,424.0
3894.0,0.0,277035.0,101.0,1999-03-05,6.95,50.0
3895.0,33000000.0,0.0,93.0,2000-09-08,5.108,530.0
3896.0,8500000.0,19125401.0,119.0,2000-09-08,6.319,477.0
3897.0,60000000.0,47386287.0,161.0,2000-09-15,7.501,3015.0
3898.0,35000000.0,15500000.0,119.0,2000-09-15,5.721,210.0
3899.0,0.0,14693.0,95.0,2000-05-05,4.9,36.0
3900.0,0.0,26394.0,100.0,2000-08-25,5.7,55.0
3901.0,0.0,0.0,112.0,2000-09-09,5.65,152.0
3906.0,25000000.0,1308242.0,106.0,2000-08-24,6.116,507.0
3908.0,14000000.0,38574362.0,98.0,2000-09-22,4.9,509.0
3909.0,8000000.0,10194274.0,92.0,2000-09-22,6.1,244.0
3910.0,12500000.0,40061153.0,134.0,2000-09-01,7.86,1938.0
3911.0,0.0,0.0,89.0,2000-09-29,6.86,636.0
3912.0,14000000.0,3200000.0,112.0,2000-09-10,5.755,47.0
3914.0,1000000.0,1744858.0,96.0,2000-02-01,6.245,92.0
3915.0,1000000.0,1700000.0,110.0,2000-05-01,6.503,189.0
3916.0,30000000.0,136700000.0,113.0,2000-09-29,7.642,2851.0
3917.0,1000000.0,14580380.0,94.0,1987-09-11,6.875,2790.0
3918.0,3000000.0,12090735.0,97.0,1988-12-23,6.412,1215.0
3919.0,5000000.0,12534961.0,90.0,1992-09-11,5.66,821.0
3920.0,0.0,810455.0,144.0,1993-09-01,6.9,175.0
3922.0,0.0,0.0,99.0,1964-07-22,5.5,27.0
3925.0,100000.0,2436000.0,89.0,1984-10-01,7.138,587.0
3926.0,1580000.0,7000000.0,105.0,1961-07-12,5.615,135.0
3927.0,5115000.0,12000000.0,100.0,1966-08-24,6.7,474.0
3928.0,800000.0,4812444.0,82.0,1948-06-01,7.099,343.0
3929.0,0.0,0.0,72.0,1940-11-29,6.488,126.0
3930.0,0.0,1300000.0,65.0,1954-03-05,6.814,840.0
3932.0,328000.0,27105.0,71.0,1933-10-31,7.504,922.0
3933.0,123000.0,1000000.0,69.0,1959-06-25,4.423,91.0
3937.0,8000000.0,6770587.0,99.0,1984-12-14,5.556,277.0
3938.0,220000.0,3600000.0,76.0,1982-09-10,5.6,383.0
3939.0,0.0,0.0,85.0,1987-10-16,5.1,187.0
3940.0,350000.0,1242995.0,87.0,1990-09-07,4.921,108.0
3941.0,0.0,0.0,74.0,1986-10-01,4.7,120.0
3942.0,0.0,0.0,80.0,1990-10-05,5.3,69.0
3943.0,10000000.0,2463650.0,136.0,2000-10-06,6.2,149.0
3945.0,5500000.0,16600000.0,85.0,2000-10-06,6.512,288.0
3946.0,63600000.0,19412993.0,102.0,2000-10-06,5.183,628.0
3947.0,1814462.0,0.0,112.0,1971-02-03,7.0,539.0
3948.0,55000000.0,330444045.0,108.0,2000-10-06,6.692,6248.0
3949.0,4500000.0,7390108.0,101.0,2000-10-06,8.011,10717.0
3950.0,10000000.0,148701.0,100.0,2000-10-06,6.596,594.0
3951.0,0.0,0.0,104.0,2000-01-21,6.125,20.0
3952.0,20000000.0,22428990.0,126.0,2000-10-13,6.656,257.0
3953.0,23000000.0,22844291.0,110.0,2000-09-13,4.901,344.0
3955.0,24000000.0,13700000.0,84.0,2000-10-13,5.345,148.0
3957.0,800000.0,0.0,114.0,1971-05-01,5.941,77.0
3958.0,0.0,0.0,155.0,1977-04-16,6.3,11.0
3959.0,750000.0,5902.0,103.0,1960-05-25,7.351,885.0
3962.0,0.0,0.0,90.0,1987-07-31,5.475,157.0
3963.0,0.0,11070559.0,128.0,1964-06-11,5.5,44.0
3964.0,0.0,3250000.0,68.0,1949-10-05,6.516,668.0
3965.0,0.0,3250000.0,115.0,1946-08-19,7.1,182.0
3966.0,30000.0,0.0,66.0,1945-11-30,7.223,395.0
3967.0,5000000.0,109280263.0,110.0,2000-09-28,7.6,4012.0
3968.0,48000000.0,90383208.0,93.0,2000-10-19,6.077,2041.0
3969.0,40000000.0,55707411.0,122.0,2000-10-20,7.36,1944.0
3971.0,0.0,0.0,91.0,1980-04-17,6.054,46.0
3972.0,10000000.0,34300528.0,96.0,1994-02-03,7.437,1047.0
3973.0,15000000.0,47737094.0,90.0,2000-10-27,4.319,894.0
3974.0,35000000.0,27965865.0,95.0,2000-10-27,6.884,453.0
3977.0,92000000.0,264105545.0,98.0,2000-11-02,5.854,4422.0
3978.0,80000000.0,39459427.0,121.0,2000-11-02,6.6,963.0
3979.0,85000000.0,58292295.0,90.0,2000-11-10,5.852,1934.0
3980.0,32000000.0,82300000.0,129.0,2000-09-13,7.483,2437.0
3981.0,80000000.0,33463969.0,103.0,2000-11-10,5.716,1116.0
3983.0,0.0,11200000.0,111.0,2000-11-17,6.833,335.0
3984.0,7200000.0,116019547.0,120.0,1971-12-14,6.407,2293.0
3985.0,6000000.0,0.0,131.0,1976-12-24,6.6,370.0
3986.0,82000000.0,96085477.0,124.0,2000-11-17,5.991,2199.0
3987.0,35000000.0,36779296.0,106.0,2000-11-15,5.798,405.0
3988.0,123000000.0,345800000.0,104.0,2000-11-17,6.787,8133.0
3989.0,0.0,0.0,94.0,1999-10-22,7.333,78.0
3990.0,30000000.0,103291131.0,80.0,2000-11-17,6.7,479.0
3991.0,85000000.0,183611771.0,100.0,2000-10-07,5.5,1445.0
3992.0,0.0,14493284.0,109.0,2000-03-16,7.427,2437.0
3993.0,13500000.0,17989227.0,124.0,2000-11-22,7.132,702.0
3994.0,75000000.0,248118121.0,106.0,2000-11-22,7.142,9747.0
3996.0,17000000.0,213978518.0,120.0,2000-07-06,7.435,3471.0
3997.0,35000000.0,15185241.0,103.0,2000-12-08,4.347,672.0
3998.0,65000000.0,62761005.0,135.0,2000-12-08,6.128,839.0
3999.0,75000000.0,215663859.0,125.0,2000-12-08,5.991,1107.0
4000.0,25000000.0,8613462.0,130.0,1984-05-04,6.723,621.0
4002.0,15000000.0,49500000.0,92.0,1987-11-26,7.246,2139.0
4003.0,20000000.0,16000000.0,106.0,1988-02-05,5.918,214.0
4005.0,40000000.0,191185897.0,130.0,1987-06-29,6.54,1961.0
4006.0,6000000.0,5860601.0,80.0,1986-08-08,7.1,575.0
4007.0,15000000.0,43900000.0,122.0,1987-12-10,7.166,2200.0
4008.0,14000000.0,161001698.0,145.0,1989-12-20,7.01,1839.0
4009.0,4000000.0,3468572.0,109.0,1988-12-21,7.013,239.0
4010.0,20000000.0,45833132.0,97.0,1985-05-22,6.604,643.0
4011.0,100000000.0,83557872.0,103.0,2000-09-01,7.818,9717.0
4012.0,15000000.0,21032267.0,128.0,1988-10-07,5.476,147.0
4014.0,25000000.0,152700626.0,121.0,2000-12-22,6.974,3445.0
4015.0,13000000.0,73180723.0,84.0,2000-12-15,5.535,2016.0
4016.0,100000000.0,169327687.0,79.0,2000-12-15,7.558,7152.0
4017.0,6000000.0,10994533.0,132.0,2000-09-06,6.664,338.0
4018.0,70000000.0,374100000.0,126.0,2000-12-15,6.446,4266.0
4019.0,43000000.0,80100000.0,136.0,2000-12-21,7.119,1172.0
4020.0,10000000.0,12008642.0,107.0,2000-12-22,6.469,1342.0
4021.0,0.0,8524534.0,134.0,2000-09-03,6.619,295.0
4022.0,90000000.0,429632142.0,144.0,2000-12-22,7.661,12030.0
4023.0,60000000.0,124700000.0,125.0,2000-12-12,6.813,2134.0
4024.0,10000000.0,5164404.0,140.0,2000-10-13,6.19,84.0
4025.0,45000000.0,212000000.0,105.0,2000-12-22,6.533,4152.0
4027.0,26000000.0,71877090.0,106.0,2000-08-30,7.319,4466.0
4029.0,0.0,9206279.0,105.0,2000-08-26,6.249,287.0
4030.0,28000000.0,47053625.0,99.0,2000-12-22,5.228,732.0
4031.0,57000000.0,18133495.0,112.0,2000-12-11,5.7,235.0
4032.0,0.0,0.0,103.0,2000-12-22,5.9,8.0
4033.0,80000000.0,34566746.0,145.0,2000-12-25,7.001,809.0
4034.0,48000000.0,207500000.0,147.0,2000-12-27,7.083,2331.0
4035.0,20000000.0,669258.0,120.0,2000-12-29,5.991,108.0
4036.0,8000000.0,8279017.0,93.0,2000-08-30,6.653,661.0
4037.0,0.0,2585639.0,101.0,1987-10-11,6.832,333.0
4039.0,35000000.0,57063861.0,126.0,1982-05-21,6.551,753.0
4040.0,10000000.0,25196249.0,105.0,1991-06-07,6.146,469.0
4041.0,7500000.0,129795554.0,124.0,1982-07-28,7.007,1169.0
4042.0,12000000.0,7900000.0,167.0,1960-10-23,7.066,381.0
4043.0,6500000.0,2347000.0,115.0,1986-04-18,6.8,294.0
4046.0,3000000.0,8000000.0,137.0,1956-10-30,6.7,137.0
4047.0,20000000.0,10769960.0,271.0,1993-10-08,6.943,317.0
,,,,,,
4052.0,30000000.0,18200000.0,104.0,2001-01-11,6.032,558.0
4053.0,24000000.0,31600000.0,84.0,2001-01-12,5.55,109.0
4054.0,13000000.0,131706809.0,113.0,2001-01-12,6.534,1337.0
4055.0,1000000.0,779137.0,88.0,2000-12-01,6.204,121.0
4056.0,35000000.0,29419291.0,124.0,2001-01-19,6.57,1185.0
4061.0,1237669.0,2853801.0,100.0,1991-09-30,7.346,342.0
4062.0,6000000.0,12793213.0,104.0,1988-10-13,6.3,570.0
4063.0,0.0,22697691.0,105.0,1992-07-10,5.6,124.0
4064.0,500000.0,4000000.0,90.0,1973-06-13,6.613,283.0
4065.0,500000.0,0.0,91.0,1974-04-05,6.249,251.0
4066.0,3000000.0,13000000.0,88.0,1988-11-10,6.361,202.0
4067.0,0.0,18899204.0,102.0,1993-02-12,6.866,258.0
4068.0,11000000.0,13276953.0,81.0,2001-01-24,6.383,286.0
4069.0,35000000.0,94700000.0,103.0,2001-01-26,5.927,1787.0
4074.0,0.0,671565.0,101.0,2000-09-14,5.8,31.0
4077.0,0.0,3818452.0,117.0,2000-08-15,6.792,281.0
4078.0,0.0,4000000.0,114.0,1987-05-22,5.559,18.0
4079.0,5000000.0,548696.0,87.0,1987-09-18,5.911,180.0
4080.0,15000000.0,26712476.0,110.0,1987-10-07,6.4,394.0
4081.0,0.0,0.0,92.0,1987-08-07,5.85,46.0
4082.0,3000000.0,3221568.0,100.0,1987-09-02,6.9,371.0
4083.0,0.0,4278150.0,95.0,1987-09-25,5.942,137.0
4084.0,28000000.0,299965036.0,103.0,1987-05-18,6.52,2743.0
4085.0,14000000.0,316360478.0,105.0,1984-12-05,7.2,4474.0
4086.0,8500000.0,17685307.0,102.0,1986-11-27,6.2,205.0
4089.0,0.0,17355263.0,85.0,1987-08-21,5.793,111.0
4090.0,2300000.0,2300000.0,90.0,1987-07-09,6.9,464.0
4091.0,1800000.0,31623833.0,94.0,1987-08-14,6.908,695.0
4092.0,10000000.0,14000.0,99.0,1987-11-10,6.0,263.0
4093.0,7000000.0,1984315.0,110.0,1988-02-05,6.3,134.0
4102.0,0.0,50504655.0,93.0,1987-11-25,7.263,353.0
4103.0,35000000.0,66700000.0,153.0,1987-12-09,7.5,2065.0
4104.0,3000000.0,23509382.0,91.0,1987-05-22,5.246,179.0
4105.0,350000.0,29612367.0,85.0,1981-10-15,7.276,4346.0
4109.0,0.0,15151736.0,93.0,1987-11-20,6.3,210.0
4110.0,6000000.0,12423831.0,119.0,1987-03-20,6.306,193.0
4111.0,0.0,5262047.0,111.0,1987-05-05,6.197,122.0
4113.0,3300000.0,895904.0,134.0,1987-05-27,6.2,30.0
4115.0,0.0,0.0,98.0,1987-11-06,5.7,44.0
4116.0,0.0,0.0,81.0,1987-03-20,6.434,98.0
4117.0,0.0,0.0,112.0,1987-09-03,6.9,210.0
4121.0,27000000.0,25900000.0,120.0,1987-07-01,6.817,1346.0
4123.0,51000000.0,14375181.0,107.0,1987-05-15,4.5,161.0
4124.0,23000000.0,51881012.0,89.0,1987-07-17,4.082,1146.0
4125.0,24000000.0,4600000.0,85.0,1987-12-18,2.7,70.0
4126.0,8000000.0,12396383.0,98.0,1987-11-06,6.4,298.0
4127.0,10500000.0,34377585.0,93.0,1987-10-02,5.7,143.0
4128.0,8500000.0,32222567.0,97.0,1987-07-31,7.088,2221.0
4129.0,13000000.0,4573000.0,103.0,1987-11-06,6.5,80.0
4130.0,0.0,9868521.0,93.0,1987-07-10,5.375,61.0
4131.0,0.0,0.0,98.0,1987-04-03,5.038,39.0
4132.0,6000000.0,42700000.0,88.0,1987-02-13,6.851,800.0
4133.0,22000000.0,17336370.0,110.0,1987-08-07,5.734,973.0
4135.0,12000000.0,3769990.0,82.0,1987-08-14,6.713,622.0
4138.0,0.0,0.0,90.0,1987-04-24,5.2,51.0
4139.0,8000000.0,2877571.0,106.0,1987-10-23,5.9,106.0
4141.0,14000000.0,13127022.0,87.0,2001-02-02,5.61,250.0
4142.0,17400000.0,4224065.0,100.0,2000-10-30,4.258,132.0
4143.0,10000000.0,16300000.0,96.0,2001-02-02,5.554,588.0
4144.0,3000000.0,15867968.0,98.0,2000-09-29,8.094,3142.0
4146.0,8000000.0,105983.0,122.0,2000-02-09,5.885,366.0
4147.0,0.0,0.0,91.0,2000-05-18,5.882,72.0
4148.0,87000000.0,351692268.0,125.0,2001-02-08,6.772,5066.0
4149.0,22000000.0,19351569.0,92.0,2001-02-09,5.675,582.0
4152.0,0.0,0.0,112.0,2000-05-01,6.1,175.0
4153.0,30000000.0,71186502.0,83.0,2001-02-16,5.54,420.0
4154.0,10000000.0,44460850.0,82.0,2001-02-16,6.6,362.0
4155.0,40000000.0,65754228.0,120.0,2001-02-16,6.868,1403.0
4156.0,16000000.0,146193.0,86.0,2000-03-09,5.0,36.0
4157.0,0.0,0.0,87.0,2000-10-13,5.485,26.0
4158.0,75000000.0,5409517.0,93.0,2001-02-23,5.166,355.0
4159.0,62000000.0,18720175.0,125.0,2001-02-23,5.854,683.0
4160.0,0.0,0.0,112.0,2000-04-19,6.558,60.0
4161.0,57000000.0,147845033.0,123.0,2001-03-01,5.949,1566.0
4164.0,13500000.0,794481.0,105.0,2001-01-19,5.771,144.0
4166.0,0.0,0.0,86.0,2001-01-20,6.25,72.0
4167.0,60000000.0,56359980.0,120.0,2001-03-01,5.903,780.0
4168.0,22000000.0,19900366.0,97.0,2001-03-08,5.565,302.0
4171.0,0.0,50248.0,94.0,2000-01-29,6.2,5.0
4174.0,0.0,0.0,126.0,1990-10-05,6.697,89.0
4175.0,350000.0,29090.0,80.0,1996-09-11,6.425,40.0
4178.0,0.0,0.0,106.0,1939-12-24,7.32,97.0
4180.0,0.0,2510433.0,94.0,1986-08-22,5.6,64.0
4181.0,3000000.0,343786.0,93.0,1988-10-21,5.3,58.0
4184.0,0.0,0.0,109.0,1947-12-25,7.081,272.0
4187.0,247000.0,7000000.0,94.0,1963-06-04,7.229,212.0
4189.0,20000000.0,15500000.0,199.0,1965-04-09,6.399,208.0
4190.0,3000000.0,10400000.0,146.0,1960-07-07,7.3,192.0
4191.0,0.0,0.0,109.0,1966-03-29,6.504,224.0
4193.0,10000000.0,49666.0,110.0,2000-09-22,5.4,27.0
4194.0,235000.0,0.0,91.0,1945-11-16,7.053,159.0
4195.0,0.0,1827000.0,95.0,1971-04-01,6.9,324.0
4197.0,0.0,364642.0,98.0,1979-03-02,6.5,88.0
4198.0,2000000.0,11000000.0,102.0,1980-09-08,5.3,218.0
4200.0,15000000.0,30102717.0,100.0,1991-07-31,6.197,1170.0
4202.0,0.0,0.0,92.0,1972-07-14,5.4,46.0
4203.0,23000000.0,7434726.0,98.0,1991-08-23,6.318,471.0
4204.0,7000000.0,1246141.0,99.0,1983-04-08,4.931,121.0
4205.0,31000000.0,35419397.0,105.0,1990-12-14,6.724,561.0
4207.0,,,,,,
4210.0,150000000.0,8620929.0,118.0,1986-08-14,7.014,1476.0
4211.0,0.0,15445131.0,110.0,1990-10-19,6.631,344.0
4212.0,7920000.0,14560084.0,142.0,1978-09-29,7.1,876.0
4214.0,0.0,0.0,90.0,1984-07-20,6.473,781.0
4215.0,0.0,22642033.0,98.0,1987-07-10,5.598,290.0
4217.0,0.0,0.0,100.0,1997-07-09,7.2,47.0
4218.0,1900000.0,4600000.0,99.0,1986-10-10,6.511,307.0
4219.0,0.0,0.0,90.0,1985-04-12,6.1,187.0
4220.0,2900000.0,43008075.0,121.0,1974-08-21,6.8,310.0
4221.0,0.0,0.0,108.0,1991-09-27,5.5,131.0
4223.0,68000000.0,96976270.0,131.0,2001-02-28,7.4,3929.0
4224.0,33000000.0,79958599.0,101.0,2001-03-16,5.791,539.0
4225.0,0.0,0.0,101.0,2000-10-19,6.702,220.0
4226.0,9000000.0,40047236.0,116.0,2000-10-11,8.177,15859.0
4228.0,35000000.0,57800000.0,122.0,2001-03-23,6.111,967.0
4229.0,25000000.0,12320393.0,92.0,2001-03-10,4.7,178.0
4231.0,23000000.0,38689940.0,97.0,2001-03-30,5.9,403.0
4232.0,35000000.0,147934180.0,93.0,2001-03-18,5.819,3640.0
4233.0,11000000.0,23400000.0,95.0,2001-03-30,5.099,272.0
4234.0,21000000.0,28000000.0,109.0,2001-02-11,6.02,527.0
4235.0,2000000.0,20908467.0,154.0,2000-06-16,7.6,2834.0
4236.0,0.0,0.0,94.0,2000-04-15,6.0,20.0
4237.0,0.0,0.0,83.0,2000-07-07,7.628,215.0
4238.0,60000000.0,105200000.0,103.0,2001-04-06,6.34,1993.0
4239.0,53000000.0,83300000.0,120.0,2001-04-04,7.353,4518.0
4240.0,35000000.0,16200000.0,95.0,2001-04-06,4.7,702.0
4241.0,16000000.0,68452128.0,71.0,2000-07-08,6.515,666.0
4242.0,0.0,313768.0,84.0,2000-08-23,5.6,77.0
4243.0,1000000.0,852206.0,119.0,2001-03-30,6.4,23.0
4246.0,25000000.0,281929795.0,97.0,2001-04-13,6.74,5400.0
4247.0,17700000.0,30987695.0,91.0,2001-04-10,5.623,777.0
4248.0,22000000.0,14866444.0,98.0,2001-04-06,5.8,359.0
4251.0,0.0,236185.0,94.0,2000-06-21,6.768,400.0
4252.0,10000.0,756035.0,90.0,2000-09-09,6.89,91.0
4254.0,21150000.0,39438674.0,91.0,2001-04-12,5.21,649.0
4255.0,14000000.0,14343028.0,88.0,2001-04-20,4.7,472.0
4256.0,0.0,0.0,88.0,2001-04-19,5.024,82.0
4259.0,1864747.0,0.0,112.0,2000-08-21,6.14,43.0
4260.0,0.0,0.0,101.0,2001-04-20,7.6,6.0
4262.0,25000000.0,66023329.0,165.0,1983-12-09,8.156,12705.0
4263.0,0.0,0.0,117.0,1963-02-04,7.493,206.0
4265.0,94000000.0,54744738.0,117.0,2001-04-27,5.135,789.0
4267.0,18000000.0,13500000.0,93.0,2001-04-19,5.9,362.0
4268.0,90000000.0,10372291.0,104.0,2001-04-27,4.38,79.0
4270.0,98000000.0,443280904.0,129.0,2001-05-04,6.391,7485.0
4273.0,0.0,0.0,92.0,2001-02-07,6.632,189.0
4275.0,27000000.0,16916617.0,117.0,1983-07-29,6.0,597.0
4276.0,4000000.0,10179000.0,91.0,1985-02-08,6.891,161.0
4278.0,0.0,0.0,114.0,1935-03-28,6.9,299.0
4280.0,17000000.0,29712172.0,130.0,1982-07-23,6.7,372.0
4282.0,3000000.0,0.0,135.0,1969-09-18,6.697,356.0
4284.0,0.0,0.0,84.0,1966-03-31,5.7,49.0
4285.0,29000000.0,22773535.0,121.0,1991-10-11,6.76,626.0
4289.0,0.0,0.0,140.0,1980-03-28,6.943,287.0
4290.0,40000000.0,23202444.0,138.0,1991-11-22,6.2,80.0
4291.0,10000000.0,103300000.0,110.0,1980-12-18,6.93,534.0
4292.0,4500000.0,22228000.0,110.0,1979-03-02,7.202,191.0
4293.0,0.0,24689704.0,87.0,1985-08-09,6.129,225.0
4294.0,0.0,0.0,88.0,1953-06-19,6.1,62.0
4296.0,2200000.0,136400000.0,100.0,1970-12-16,6.822,722.0
4297.0,0.0,0.0,157.0,1987-12-21,7.3,155.0
4298.0,200000.0,460000.0,116.0,1955-04-13,7.777,621.0
4299.0,65000000.0,117487473.0,133.0,2001-05-11,6.866,3287.0
4300.0,5500000.0,706876.0,112.0,2000-09-14,6.3,131.0
4304.0,0.0,0.0,107.0,2001-01-21,6.569,36.0
4305.0,53000000.0,29700000.0,102.0,2001-05-18,6.05,462.0
4306.0,60000000.0,488628188.0,89.0,2001-05-18,7.755,18349.0
4307.0,0.0,0.0,95.0,2000-07-27,6.149,37.0
4308.0,52500000.0,179213434.0,126.0,2001-05-18,7.5,4758.0
4310.0,140000000.0,449220945.0,178.0,2001-05-21,6.939,6859.0
4312.0,0.0,0.0,104.0,1999-09-13,7.4,91.0
4313.0,20170000.0,1800000.0,95.0,2000-08-29,6.078,256.0
4316.0,0.0,0.0,110.0,1978-12-31,7.3,72.0
4317.0,0.0,754935.0,92.0,1992-11-13,6.165,288.0
4321.0,27000000.0,179033791.0,112.0,1991-06-07,6.451,841.0
4322.0,6100000.0,5700000.0,119.0,1988-09-02,6.896,260.0
4323.0,0.0,0.0,120.0,1959-06-11,7.0,271.0
4325.0,0.0,0.0,122.0,1961-01-24,7.9,720.0
4326.0,15000000.0,34604000.0,127.0,1988-12-08,7.677,1867.0
4327.0,2000000.0,4905000.0,128.0,1960-10-12,7.508,1928.0
4329.0,1200000.0,5750000.0,141.0,1959-03-08,7.804,1232.0
4333.0,14000000.0,57915972.0,88.0,1987-12-11,6.177,623.0
4334.0,0.0,1528767.0,173.0,2000-09-20,7.928,640.0
4337.0,12000000.0,20000000.0,183.0,1966-12-20,7.201,268.0
4338.0,0.0,3225000.0,127.0,1949-12-21,7.1,155.0
4339.0,5760000.0,17111111.0,118.0,1965-06-23,7.054,230.0
4340.0,22000000.0,84772742.0,74.0,2001-06-01,5.125,1336.0
4342.0,0.0,512451.0,119.0,2000-04-18,6.245,49.0
4343.0,80000000.0,98376292.0,102.0,2001-06-08,6.102,2415.0
4344.0,102000000.0,147080413.0,100.0,2001-06-08,6.252,2871.0
4345.0,0.0,4931888.0,115.0,2001-06-09,5.638,82.0
4347.0,0.0,0.0,120.0,2000-03-15,7.164,55.0
4349.0,18000000.0,24911670.0,120.0,1970-06-24,6.633,338.0
4350.0,650000.0,0.0,53.0,1997-10-03,7.199,118.0
4351.0,24000000.0,83531958.0,120.0,1991-07-12,7.155,3857.0
4353.0,11000000.0,30503151.0,100.0,1983-12-16,6.242,207.0
4354.0,23000000.0,57138719.0,107.0,1992-06-26,6.2,332.0
4355.0,0.0,0.0,110.0,1986-01-31,6.144,237.0
4356.0,2300000.0,5300000.0,91.0,1953-07-14,7.3,1034.0
4357.0,0.0,0.0,92.0,1953-10-29,6.814,547.0
4359.0,1800000.0,12000000.0,105.0,1955-06-03,7.1,953.0
4361.0,21000000.0,177200000.0,117.0,1982-12-17,7.205,1880.0
4366.0,120000000.0,186053725.0,95.0,2001-06-02,7.032,5044.0
4367.0,115000000.0,274703340.0,100.0,2001-06-15,5.909,6392.0
4368.0,70000000.0,176100000.0,85.0,2001-06-22,5.321,1734.0
4369.0,38000000.0,207283925.0,107.0,2001-06-22,7.001,10618.0
4370.0,100000000.0,235926552.0,145.0,2001-06-29,7.054,6513.0
4371.0,16000000.0,29381649.0,130.0,2001-06-27,7.094,336.0
4372.0,13000000.0,16929123.0,99.0,2001-06-29,6.635,377.0
4373.0,7000000.0,3300000.0,81.0,2001-06-29,5.094,165.0
4374.0,0.0,0.0,90.0,1999-10-01,4.167,6.0
4378.0,5000000.0,0.0,89.0,2001-01-12,7.0,861.0
4380.0,0.0,0.0,135.0,2000-10-12,6.942,138.0
4381.0,0.0,0.0,84.0,2001-01-17,6.413,509.0
4383.0,2365000.0,0.0,105.0,2000-09-27,6.925,1668.0
4384.0,0.0,0.0,116.0,2000-09-27,6.778,36.0
4386.0,60000000.0,200687492.0,87.0,2001-06-23,5.38,1706.0
4387.0,25000000.0,64437847.0,98.0,2001-07-06,6.893,1298.0
4388.0,45000000.0,141220678.0,83.0,2001-07-04,5.811,4977.0
4389.0,0.0,0.0,104.0,2001-01-21,6.794,525.0
4390.0,0.0,940944.0,77.0,2000-06-28,4.817,476.0
4392.0,0.0,7331839.0,102.0,1990-12-25,6.357,332.0
4393.0,10000000.0,1562749.0,80.0,1988-10-13,6.805,284.0
4394.0,0.0,0.0,98.0,1965-04-14,5.8,32.0
4395.0,0.0,0.0,105.0,1958-07-26,8.088,763.0
4396.0,18000000.0,72179579.0,95.0,1981-06-19,6.171,678.0
4397.0,20000000.0,56278073.0,90.0,1984-06-29,5.399,338.0
4399.0,0.0,17754.0,97.0,1964-03-04,7.094,219.0
4402.0,0.0,0.0,88.0,1965-11-06,5.2,58.0
4403.0,270000.0,1450000.0,80.0,1960-06-18,6.7,353.0
4404.0,0.0,0.0,107.0,1926-10-13,7.898,382.0
4406.0,3200000.0,8000000.0,122.0,1962-04-13,7.816,1250.0
4407.0,4500000.0,1500000.0,123.0,1986-04-23,7.032,393.0
4408.0,10000000.0,486434.0,82.0,1987-12-18,6.152,204.0
4409.0,14000000.0,2735731.0,85.0,1991-12-05,6.721,387.0
4410.0,7000000.0,8362969.0,113.0,1986-11-07,6.6,375.0
4412.0,0.0,0.0,91.0,1972-07-19,4.778,45.0
4419.0,0.0,0.0,89.0,1955-08-25,7.344,323.0
4420.0,0.0,6600000.0,128.0,1954-09-29,6.774,261.0
4422.0,400000.0,0.0,88.0,1972-12-21,7.88,760.0
4424.0,0.0,0.0,94.0,1970-12-04,6.926,278.0
4426.0,410000.0,726000.0,106.0,1955-04-28,7.2,399.0
4427.0,0.0,0.0,135.0,1968-08-20,7.38,392.0
4428.0,4000000.0,8200000.0,125.0,1961-02-01,6.943,413.0
4429.0,4500000.0,10400000.0,116.0,1956-06-27,7.045,455.0
4432.0,3400000.0,2500000.0,96.0,1957-07-04,7.592,562.0
4433.0,1300000.0,4300000.0,100.0,1956-10-04,6.943,264.0
4434.0,0.0,0.0,92.0,1965-12-02,6.608,222.0
4436.0,1400000.0,4468000.0,98.0,1976-08-01,6.646,309.0
4437.0,0.0,2900000.0,99.0,1977-02-01,7.476,3127.0
4438.0,100000.0,100000000.0,106.0,1972-03-22,7.2,1040.0
4439.0,4000000.0,0.0,131.0,1981-04-02,7.3,1410.0
4440.0,100000.0,0.0,106.0,1971-10-23,7.069,809.0
4441.0,850000.0,50000000.0,96.0,1978-03-23,6.403,713.0
4442.0,10000000.0,25754284.0,109.0,1985-03-22,6.473,275.0
4443.0,18000000.0,17374595.0,109.0,1981-05-22,6.423,668.0
4444.0,130000.0,27000000.0,98.0,1972-12-30,7.371,1237.0
4445.0,0.0,0.0,45.0,1998-10-23,4.313,16.0
4446.0,137000000.0,85131830.0,106.0,2001-07-02,6.195,1553.0
4447.0,18000000.0,141778365.0,96.0,2001-07-13,6.8,4415.0
4448.0,68000000.0,113579918.0,124.0,2001-07-13,6.7,1795.0
4449.0,0.0,28.0,90.0,2000-08-31,6.6,8.0
4450.0,2100000.0,480811.0,108.0,2001-06-15,6.666,525.0
4451.0,0.0,0.0,97.0,2001-11-09,6.273,22.0
4452.0,5000000.0,5476060.0,94.0,2001-07-13,5.8,201.0
4453.0,0.0,21268532.0,46.0,2000-05-05,7.389,36.0
4454.0,0.0,0.0,6.0,1998-09-01,7.636,169.0
4458.0,0.0,0.0,40.0,1994-03-31,6.8,20.0
4459.0,0.0,0.0,40.0,1998-09-03,6.9,16.0
4462.0,0.0,2567099.0,93.0,1988-04-08,5.6,94.0
4463.0,0.0,5979011.0,95.0,1988-08-18,5.6,63.0
4464.0,0.0,32632093.0,121.0,1988-12-23,6.263,247.0
4465.0,0.0,0.0,108.0,1988-10-14,7.073,658.0
4466.0,7500000.0,18869631.0,99.0,1988-04-08,6.12,763.0
4467.0,46630000.0,8083123.0,125.0,1988-12-07,6.968,976.0
4470.0,0.0,0.0,72.0,1988-10-21,7.1,367.0
4471.0,0.0,14681192.0,113.0,1988-07-08,5.449,156.0
4473.0,0.0,3966256.0,100.0,1988-07-21,6.335,203.0
4474.0,20000000.0,57041866.0,123.0,1988-12-21,6.7,273.0
4475.0,0.0,0.0,105.0,1988-09-14,7.023,198.0
4476.0,0.0,0.0,97.0,1988-06-10,6.342,292.0
4477.0,20000000.0,15122000.0,86.0,1988-07-22,4.933,142.0
4478.0,20000000.0,51684798.0,106.0,1988-03-25,6.241,216.0
4480.0,10000000.0,8247943.0,85.0,1988-08-05,6.834,1011.0
4482.0,25000000.0,16118077.0,107.0,1988-04-01,5.675,134.0
4483.0,0.0,0.0,98.0,1988-07-22,4.2,211.0
4484.0,3512454.0,115860.0,95.0,2013-03-13,5.951,82.0
4487.0,20000000.0,171504781.0,104.0,1988-07-29,6.112,1578.0
4488.0,6000000.0,46616067.0,120.0,1988-04-15,6.498,515.0
4489.0,30000000.0,288752301.0,117.0,1988-06-29,6.879,4638.0
4490.0,0.0,0.0,97.0,1988-01-15,5.447,113.0
4492.0,2000000.0,13167232.0,86.0,1986-04-11,6.5,1062.0
4495.0,0.0,16262415.0,97.0,1988-08-17,5.816,57.0
4496.0,0.0,12706478.0,96.0,1988-03-18,6.306,217.0
4497.0,5000000.0,3588626.0,86.0,1988-05-06,6.19,226.0
4498.0,20000000.0,37900000.0,92.0,1988-07-13,6.265,908.0
4499.0,6500000.0,42000000.0,110.0,1988-12-14,7.111,974.0
4500.0,1500000.0,424773.0,118.0,1988-09-10,7.0,186.0
4502.0,6000000.0,28202109.0,96.0,1988-11-11,5.363,204.0
4504.0,0.0,3527636.0,82.0,1988-10-28,5.788,85.0
4505.0,0.0,17514553.0,98.0,1988-01-15,6.5,151.0
4506.0,20000000.0,17637950.0,119.0,1988-02-19,6.713,1099.0
4508.0,22000000.0,0.0,130.0,1988-09-23,7.0,633.0
4509.0,24000000.0,43455230.0,91.0,1988-06-17,6.458,584.0
4511.0,15000000.0,8500000.0,99.0,1988-11-18,5.8,240.0
4516.0,22000000.0,17550399.0,91.0,1988-03-22,4.49,144.0
4517.0,4700000.0,0.0,113.0,1988-04-22,6.076,131.0
4518.0,2500000.0,1189315.0,93.0,1988-09-21,5.941,296.0
4519.0,12500000.0,84704291.0,69.0,1988-11-18,7.145,2676.0
4520.0,8000000.0,0.0,88.0,1988-07-06,6.591,392.0
4521.0,15000000.0,1733070.0,98.0,1988-03-17,6.1,115.0
4522.0,0.0,0.0,91.0,1988-03-11,5.6,73.0
4523.0,22000000.0,14000000.0,117.0,1988-03-18,6.517,90.0
4524.0,20000000.0,0.0,103.0,1988-09-09,5.8,84.0
4526.0,20000000.0,13854000.0,103.0,1988-12-09,5.692,559.0
4527.0,0.0,6264058.0,93.0,1988-07-26,5.0,69.0
4529.0,0.0,3732660.0,104.0,1987-11-12,7.202,429.0
4531.0,29000000.0,34994648.0,106.0,1988-06-17,6.224,1561.0
4533.0,4000000.0,14241310.0,91.0,1985-04-25,7.181,2236.0
4534.0,6830000.0,10743000.0,110.0,1988-03-24,6.833,48.0
4535.0,3500000.0,20659423.0,102.0,1982-03-25,6.961,154.0
4537.0,0.0,2835116.0,116.0,1988-09-09,7.439,344.0
4541.0,11000000.0,19595031.0,98.0,1988-02-05,6.39,535.0
4544.0,15000000.0,21630088.0,110.0,1988-07-06,6.203,638.0
4545.0,10000000.0,40697761.0,98.0,1986-05-09,6.641,1577.0
4546.0,0.0,0.0,107.0,1988-10-27,7.4,768.0
4552.0,55500.0,0.0,67.0,1989-07-01,6.977,682.0
4553.0,4000000.0,13000000.0,93.0,1988-11-04,7.3,3341.0
4557.0,23000000.0,19652638.0,111.0,1988-08-12,6.7,412.0
4558.0,15000000.0,216614388.0,104.0,1988-12-09,6.036,2436.0
4562.0,0.0,8539181.0,106.0,1988-05-05,6.7,253.0
4563.0,24900000.0,5000000.0,91.0,1988-12-15,5.25,166.0
4564.0,31000000.0,74100000.0,124.0,1989-12-22,6.248,649.0
4565.0,1000000.0,10499694.0,95.0,1985-08-30,5.968,468.0
4568.0,,,,,,
4571.0,10000000.0,40510984.0,90.0,1989-02-17,6.85,2020.0
4572.0,30000000.0,134212055.0,125.0,1989-09-22,6.6,1192.0
4573.0,0.0,19131000.0,117.0,1989-12-15,6.149,67.0
4574.0,20000000.0,2700000.0,86.0,1989-08-17,6.527,491.0
4577.0,22500000.0,18671317.0,113.0,1989-08-18,7.147,972.0
4578.0,16000000.0,16300000.0,108.0,1989-03-10,6.587,277.0
4580.0,500000.0,10166459.0,86.0,1989-04-07,5.7,801.0
4581.0,19000000.0,19738015.0,117.0,1989-10-27,6.4,110.0
4583.0,0.0,7723506.0,101.0,1989-04-14,5.4,42.0
4584.0,0.0,5552441.0,114.0,1989-03-03,5.739,140.0
4585.0,14000000.0,28890240.0,112.0,1989-04-07,6.16,250.0
4587.0,10000000.0,3916303.0,100.0,1988-09-08,5.569,398.0
4589.0,0.0,4786789.0,95.0,1983-09-23,6.7,93.0
4591.0,0.0,1932642.0,107.0,1989-09-01,5.895,238.0
4593.0,0.0,12195695.0,110.0,1989-12-06,5.684,267.0
4594.0,16000000.0,2420917.0,112.0,1989-03-03,6.007,72.0
4595.0,0.0,0.0,127.0,1989-10-20,6.2,157.0
4597.0,10000000.0,2777280.0,106.0,1989-01-13,6.0,139.0
4599.0,17000000.0,13741060.0,107.0,1989-06-30,6.285,331.0
4600.0,8500000.0,11604598.0,109.0,1989-10-20,5.6,55.0
4602.0,30000000.0,60864870.0,110.0,1989-11-17,6.061,336.0
4603.0,0.0,0.0,94.0,1989-02-03,5.378,139.0
4605.0,0.0,418053.0,95.0,1989-05-05,6.2,104.0
4608.0,0.0,20047604.0,109.0,1989-10-06,6.1,146.0
4610.0,0.0,0.0,97.0,1989-01-13,4.934,166.0
4611.0,20000000.0,7237794.0,94.0,1989-09-12,6.319,282.0
4612.0,0.0,0.0,118.0,1989-05-15,6.9,89.0
4613.0,17000000.0,78247647.0,97.0,1989-04-28,6.165,1028.0
4614.0,1500000.0,50000000.0,96.0,1989-04-20,6.835,1530.0
4615.0,0.0,1730005.0,102.0,1989-07-26,6.5,112.0
4616.0,10000000.0,31906454.0,109.0,1989-03-03,7.255,332.0
4617.0,18000000.0,4900000.0,90.0,1989-08-18,6.304,92.0
4619.0,7000000.0,793775.0,102.0,1989-08-25,5.8,209.0
4621.0,7500000.0,296999813.0,92.0,1989-10-12,6.273,2411.0
4622.0,0.0,3960327.0,99.0,1989-04-28,6.1,171.0
4623.0,11000000.0,75000000.0,107.0,1989-02-16,6.886,847.0
4624.0,750000.0,80000.0,93.0,1989-08-12,6.334,310.0
4625.0,0.0,0.0,108.0,1989-08-25,5.361,144.0
4626.0,3700000.0,1145404.0,88.0,1989-05-19,6.895,302.0
4628.0,15000000.0,10763469.0,124.0,1989-03-10,6.2,393.0
4629.0,12000000.0,15942628.0,108.0,1989-10-20,5.943,246.0
4630.0,8000000.0,16093651.0,93.0,1989-06-02,4.739,111.0
4632.0,16000000.0,10647219.0,108.0,1989-08-25,6.152,254.0
4634.0,0.0,0.0,89.0,1989-09-22,5.4,34.0
4635.0,19000000.0,12100000.0,122.0,1989-05-26,5.474,250.0
4636.0,9000000.0,0.0,89.0,1989-10-05,5.766,652.0
4638.0,93000000.0,368780809.0,92.0,2001-07-18,6.172,7681.0
4639.0,64400000.0,138191428.0,99.0,2001-07-17,5.698,878.0
4640.0,12000000.0,15250000.0,114.0,2000-12-13,7.101,508.0
4641.0,7000000.0,8800000.0,115.0,2001-07-20,7.087,1537.0
4642.0,6000000.0,3660081.0,90.0,2001-07-20,7.436,412.0
4643.0,100000000.0,362211740.0,120.0,2001-07-26,5.762,4315.0
4644.0,0.0,9735211.0,115.0,2000-03-03,7.1,303.0
4645.0,20000.0,234821.0,112.0,1997-12-27,7.525,729.0
4646.0,0.0,1443067.0,85.0,2001-07-27,6.27,74.0
4649.0,5000000.0,295206.0,96.0,2001-07-27,6.256,857.0
4653.0,0.0,0.0,102.0,1989-04-12,6.2,150.0
4654.0,15000000.0,30100000.0,114.0,1989-05-19,6.733,1442.0
4658.0,787000.0,0.0,122.0,1989-11-24,7.151,486.0
4660.0,0.0,0.0,95.0,1989-06-03,5.317,30.0
4661.0,19000000.0,110879513.0,113.0,1989-09-15,6.605,662.0
4662.0,18000000.0,46900000.0,102.0,1989-05-12,6.753,1041.0
4663.0,0.0,12065892.0,94.0,1989-04-14,5.2,117.0
4666.0,8500000.0,45000000.0,97.0,1989-03-03,6.1,85.0
4670.0,1200000.0,2488740.0,89.0,1987-01-23,6.5,361.0
4671.0,0.0,0.0,100.0,1989-09-28,6.005,109.0
4672.0,0.0,0.0,92.0,1989-02-01,5.69,79.0
4673.0,55000000.0,63408614.0,103.0,1989-12-22,6.471,2068.0
4675.0,15000000.0,40600000.0,92.0,1989-01-27,6.651,318.0
4676.0,18000000.0,8500000.0,106.0,1989-03-24,5.7,181.0
4677.0,13000000.0,71079915.0,95.0,1989-07-28,6.332,1398.0
4678.0,5000000.0,6157157.0,97.0,1989-07-21,6.661,392.0
4679.0,15000000.0,79300000.0,99.0,1989-08-16,6.793,1305.0
4681.0,26000000.0,160188546.0,117.0,1989-12-08,6.9,1213.0
4683.0,6000000.0,14278900.0,100.0,1989-12-15,6.0,337.0
4686.0,7000000.0,12741891.0,97.0,1993-07-09,5.036,320.0
4687.0,0.0,35609.0,98.0,1963-08-15,6.8,123.0
4688.0,11000000.0,8211952.0,97.0,1991-10-04,6.5,114.0
4689.0,1000000.0,1204739.0,112.0,1971-02-12,6.7,444.0
4690.0,58000000.0,25928721.0,130.0,1984-12-14,6.5,431.0
4695.0,0.0,0.0,126.0,1978-08-02,6.5,70.0
4697.0,35000.0,0.0,91.0,1982-04-02,6.2,453.0
4699.0,42000000.0,35402320.0,111.0,2001-05-08,6.131,880.0
4700.0,37000000.0,165335153.0,120.0,2001-08-03,7.0,5195.0
4701.0,90000000.0,347325802.0,90.0,2001-08-03,6.753,4457.0
4703.0,0.0,0.0,104.0,1988-05-18,6.889,108.0
4704.0,0.0,0.0,163.0,1962-06-19,6.774,263.0
4705.0,1100000.0,20424259.0,103.0,1978-10-20,6.8,429.0
4708.0,0.0,0.0,116.0,1967-02-22,6.114,35.0
4709.0,20000000.0,31678778.0,156.0,1969-10-15,6.328,268.0
4710.0,0.0,13400000.0,100.0,1976-07-21,7.1,367.0
4711.0,0.0,253311.0,83.0,1995-08-24,5.6,9.0
4713.0,15000000.0,19853892.0,102.0,1980-12-25,6.731,728.0
4714.0,15000000.0,70687344.0,110.0,1980-12-17,5.756,358.0
4715.0,0.0,8415112.0,105.0,1980-07-09,5.5,81.0
4717.0,6000000.0,8527743.0,95.0,1980-08-18,5.906,192.0
4718.0,30000000.0,287553595.0,105.0,2001-08-10,6.247,5185.0
4719.0,75000000.0,13596911.0,91.0,2001-08-10,6.493,1064.0
4720.0,17000000.0,210002906.0,104.0,2001-08-02,7.617,6987.0
4721.0,35000000.0,13678913.0,94.0,2001-08-17,5.971,272.0
4722.0,0.0,1051948.0,95.0,2001-08-10,5.7,74.0
4723.0,3000000.0,10031529.0,101.0,2001-01-21,6.2,153.0
4725.0,1500000.0,1612259.0,100.0,2001-08-10,6.137,988.0
4727.0,57000000.0,62112895.0,131.0,2001-04-18,5.961,557.0
4728.0,48000000.0,85498534.0,112.0,2001-08-17,6.281,1915.0
4732.0,0.0,5007209.0,84.0,2001-08-24,5.75,613.0
4733.0,33000000.0,18914307.0,103.0,2001-08-10,6.595,818.0
4734.0,22000000.0,33788161.0,104.0,2001-08-22,6.434,1688.0
4735.0,28000000.0,14010832.0,98.0,2001-08-14,5.139,1196.0
4736.0,34000000.0,19693891.0,99.0,2001-08-22,5.415,210.0
4738.0,0.0,688510.0,110.0,2000-01-25,6.799,138.0
4740.0,0.0,0.0,104.0,2000-06-02,5.373,102.0
4741.0,0.0,0.0,102.0,2000-08-25,6.996,263.0
4743.0,0.0,4634077.0,102.0,2001-08-24,6.322,51.0
4744.0,10000000.0,59217789.0,91.0,2001-07-01,6.474,3202.0
4745.0,0.0,16017403.0,95.0,2001-08-31,5.9,301.0
4748.0,6500000.0,29000301.0,96.0,1992-08-07,5.683,460.0
4749.0,20000000.0,11798854.0,90.0,1994-02-25,5.594,313.0
4750.0,0.0,413479.0,85.0,1995-04-07,5.01,206.0
4754.0,810000.0,885371.0,93.0,1973-12-06,7.34,1577.0
4756.0,40000000.0,27053815.0,105.0,2001-09-07,5.2,240.0
4757.0,57000000.0,19334145.0,105.0,2001-09-04,6.7,796.0
4759.0,13000000.0,22391450.0,90.0,2001-09-07,6.418,90.0
4765.0,700000.0,1667192.0,97.0,2001-09-07,6.768,136.0
4766.0,0.0,0.0,100.0,2000-09-20,7.2,194.0
4769.0,0.0,0.0,122.0,2000-09-15,7.4,32.0
4770.0,30000000.0,23619609.0,106.0,2001-09-14,5.96,1078.0
4771.0,32000000.0,40222729.0,106.0,2001-09-14,6.5,535.0
4772.0,2000000.0,1075504.0,99.0,2000-09-01,7.008,80.0
4773.0,0.0,251058.0,88.0,2001-09-07,6.4,10.0
4774.0,40000000.0,8493890.0,85.0,2002-04-05,6.12,316.0
4775.0,22000000.0,5271666.0,104.0,2001-09-21,4.347,163.0
4776.0,45000000.0,104900000.0,122.0,2001-10-05,7.509,6401.0
4777.0,0.0,0.0,91.0,2001-01-20,6.652,54.0
4780.0,0.0,0.0,90.0,2001-01-23,6.145,38.0
4782.0,1000000.0,2402459.0,107.0,2001-11-23,5.993,74.0
4783.0,0.0,2452566.0,97.0,2000-09-02,6.9,41.0
4784.0,0.0,2689068.0,127.0,1981-08-28,6.439,236.0
4785.0,0.0,53074.0,105.0,1968-11-22,7.5,446.0
4786.0,0.0,0.0,95.0,1973-06-15,6.6,271.0
4787.0,10000000.0,25010896.0,99.0,1991-09-06,6.547,331.0
4788.0,900000.0,2500000.0,158.0,1980-02-11,7.571,268.0
4789.0,1300000.0,250000.0,92.0,1974-10-31,7.468,726.0
4792.0,0.0,0.0,85.0,1960-05-16,5.741,162.0
4794.0,8000000.0,0.0,105.0,1987-12-19,6.752,517.0
4795.0,0.0,12500000.0,121.0,1964-12-10,7.047,193.0
4796.0,0.0,6000000.0,105.0,1960-12-23,6.382,138.0
4798.0,0.0,0.0,106.0,1958-07-16,6.6,192.0
4799.0,9400000.0,60000000.0,192.0,1963-11-07,6.984,663.0
4800.0,0.0,0.0,77.0,1937-06-17,5.296,27.0
4801.0,0.0,0.0,115.0,1941-08-29,7.53,186.0
4802.0,0.0,6800000.0,124.0,1959-12-05,7.225,404.0
4803.0,725000.0,10600000.0,102.0,1971-10-01,6.592,544.0
4804.0,2900000.0,5000000.0,136.0,1961-12-18,7.275,178.0
4808.0,0.0,14543394.0,109.0,1993-02-05,6.124,538.0
4809.0,10000000.0,35616970.0,131.0,1983-12-14,6.941,341.0
4810.0,3000000.0,0.0,96.0,1977-07-14,5.8,40.0
4811.0,0.0,0.0,120.0,1979-09-14,7.031,276.0
4812.0,18000000.0,9697739.0,107.0,1986-06-06,5.864,199.0
4813.0,936000.0,1600000.0,83.0,1951-09-14,6.3,195.0
4814.0,50000000.0,100020092.0,113.0,2001-09-28,6.266,1026.0
4815.0,31000000.0,24185781.0,101.0,2001-09-28,6.755,599.0
4816.0,28000000.0,60780981.0,89.0,2001-09-28,6.214,4780.0
4818.0,0.0,1.0,93.0,2001-09-28,5.0,16.0
4821.0,23000000.0,36642838.0,98.0,2001-10-05,6.524,1298.0
4822.0,25000000.0,18634654.0,86.0,2001-10-05,5.828,163.0
4823.0,28000000.0,77516304.0,87.0,2001-10-05,6.953,2085.0
4825.0,0.0,103215.0,101.0,2001-04-12,6.921,152.0
4826.0,4500000.0,7206220.0,115.0,1980-05-28,6.68,330.0
4827.0,300000.0,0.0,82.0,1980-11-07,4.9,120.0
4828.0,0.0,0.0,110.0,1980-12-17,6.606,1190.0
4830.0,9000000.0,37121708.0,130.0,1980-06-20,7.082,507.0
4831.0,0.0,0.0,124.0,1980-06-20,5.0,68.0
4833.0,7600000.0,12000000.0,103.0,1980-03-28,7.0,698.0
4835.0,15000000.0,67182787.0,124.0,1980-03-07,7.231,275.0
4836.0,0.0,0.0,123.0,1980-12-03,6.0,20.0
4840.0,0.0,0.0,133.0,1980-09-17,7.205,515.0
4844.0,75000000.0,67631903.0,122.0,2001-10-12,6.303,1076.0
4845.0,11000000.0,23978402.0,85.0,2001-10-12,4.37,173.0
4846.0,11000000.0,14694904.0,90.0,1993-09-03,7.438,320.0
4847.0,0.0,766000.0,93.0,2001-03-07,6.165,245.0
4848.0,15000000.0,20289986.0,146.0,2001-06-06,7.804,6845.0
4849.0,5250000.0,595005.0,109.0,2001-10-12,6.485,67.0
4850.0,0.0,25824.0,90.0,1998-09-05,6.1,103.0
4852.0,10000000.0,7316658.0,96.0,2001-10-24,4.861,165.0
4855.0,4000000.0,35976000.0,102.0,1971-12-23,7.451,2657.0
4857.0,9000000.0,83304330.0,181.0,1971-11-03,7.7,616.0
4860.0,0.0,4561346.0,105.0,1984-05-18,4.9,25.0
4862.0,0.0,14789113.0,115.0,1991-01-11,6.657,317.0
4863.0,25000.0,9118.0,98.0,1974-10-11,6.9,214.0
4864.0,0.0,0.0,95.0,1992-10-12,5.9,9.0
4865.0,35000000.0,74558115.0,123.0,2001-02-08,6.7,2959.0
4866.0,72000000.0,27642707.0,132.0,2001-10-19,7.167,1383.0
4867.0,48000000.0,35700000.0,122.0,2001-10-19,6.7,472.0
4871.0,0.0,645418.0,106.0,2001-10-19,6.3,30.0
4873.0,2000000.0,3176880.0,99.0,2001-10-19,7.5,923.0
4874.0,48000000.0,50315140.0,121.0,2001-10-26,7.201,2653.0
4876.0,42000000.0,68467960.0,91.0,2001-10-26,6.289,2308.0
4877.0,0.0,0.0,84.0,2000-11-09,5.8,36.0
4878.0,4500000.0,7500000.0,114.0,2001-01-19,7.8,13157.0
4879.0,0.0,0.0,86.0,2001-07-16,6.066,68.0
4880.0,18000000.0,23903791.0,120.0,2001-10-25,7.1,438.0
4881.0,20000000.0,18918721.0,116.0,2001-10-26,7.51,1703.0
4883.0,0.0,0.0,133.0,2000-08-30,6.3,25.0
4885.0,75000000.0,54300000.0,92.0,2001-10-28,5.8,456.0
4886.0,115000000.0,579700000.0,92.0,2001-11-01,7.8,19434.0
4887.0,49000000.0,72689126.0,87.0,2001-11-02,6.133,1681.0
4888.0,100000.0,490475.0,87.0,2001-11-02,6.851,237.0
4889.0,35000000.0,28500000.0,115.0,2001-11-09,6.319,599.0
4890.0,40000000.0,141069860.0,113.0,2001-11-01,6.158,3072.0
4893.0,1500000.0,25000000.0,97.0,1979-08-24,6.188,293.0
4896.0,125000000.0,976475550.0,153.0,2001-11-16,7.9,29104.0
4898.0,6000000.0,2025238.0,95.0,2001-11-23,5.965,158.0
4899.0,50000000.0,33422806.0,95.0,2001-11-21,5.353,1164.0
4900.0,24000000.0,14782676.0,89.0,2001-11-21,5.861,184.0
4901.0,115000000.0,143049560.0,127.0,2001-11-18,6.914,2292.0
4902.0,4500000.0,6582065.0,108.0,2001-04-20,7.282,1320.0
4903.0,1700000.0,44800000.0,131.0,2001-11-23,6.922,390.0
4909.0,0.0,0.0,88.0,1981-01-30,5.378,115.0
4911.0,500000.0,490000.0,105.0,1977-03-28,6.002,306.0
4912.0,14100000.0,58707416.0,155.0,1968-09-19,7.197,416.0
4914.0,80000.0,0.0,90.0,1960-03-16,7.5,1970.0
4915.0,8000000.0,14056528.0,113.0,1982-08-16,6.287,441.0
4916.0,4000000.0,100000000.0,123.0,1976-06-18,6.635,312.0
4917.0,9000000.0,16300000.0,130.0,1977-07-15,6.3,87.0
4919.0,2000000.0,0.0,104.0,1985-04-10,6.5,494.0
4920.0,877000.0,4177000.0,117.0,1942-10-22,7.383,223.0
4921.0,424000.0,4140000.0,115.0,1933-11-24,6.782,147.0
4925.0,0.0,0.0,92.0,1978-06-23,6.274,95.0
4926.0,0.0,0.0,97.0,2000-04-12,5.4,35.0
4927.0,825000.0,2124250.0,106.0,1977-12-15,6.7,209.0
4928.0,0.0,2864.0,103.0,1977-08-17,7.4,432.0
4929.0,28000000.0,47118057.0,102.0,1982-12-10,5.881,223.0
4932.0,6500000.0,31899000.0,106.0,1980-07-25,7.0,1080.0
4936.0,8500000.0,42000000.0,134.0,1980-05-16,6.409,489.0
4939.0,12000000.0,16647800.0,103.0,1980-01-31,6.619,649.0
4941.0,35000000.0,27100000.0,111.0,1980-12-05,6.242,1062.0
4942.0,190000.0,0.0,83.0,1959-11-23,5.6,79.0
4945.0,9000000.0,46236000.0,96.0,1976-12-16,6.7,950.0
4946.0,0.0,7680000.0,106.0,1981-08-14,5.1,114.0
4947.0,5500000.0,26400000.0,110.0,1977-12-17,6.551,588.0
4951.0,0.0,13985225.0,90.0,1990-03-16,6.335,601.0
4952.0,0.0,0.0,90.0,1985-03-29,4.8,44.0
4953.0,450000.0,3000000.0,90.0,1977-07-06,5.3,85.0
4954.0,0.0,2800000.0,127.0,1960-08-10,6.357,384.0
4956.0,0.0,0.0,131.0,1980-06-27,6.6,157.0
4957.0,22000000.0,150000000.0,117.0,1983-12-08,6.554,966.0
4958.0,40000000.0,91753202.0,106.0,2001-11-30,6.415,1603.0
4959.0,30000000.0,1198113.0,118.0,2001-11-30,5.55,90.0
4961.0,0.0,411897.0,80.0,2001-01-20,5.781,32.0
4962.0,38000000.0,763740.0,90.0,2001-11-30,5.983,119.0
4963.0,85000000.0,450717150.0,116.0,2001-12-07,7.454,12296.0
4964.0,0.0,0.0,96.0,2001-01-31,7.477,86.0
4965.0,0.0,0.0,84.0,2001-09-13,5.5,40.0
4966.0,750000.0,0.0,80.0,1957-02-22,7.505,539.0
4967.0,1012153.0,4858869.0,98.0,2001-05-12,7.493,479.0
4969.0,0.0,1000000.0,97.0,1945-10-31,7.041,401.0
4970.0,0.0,0.0,108.0,1930-04-01,7.307,355.0
4971.0,0.0,25100000.0,115.0,1984-04-06,6.252,218.0
4973.0,10000000.0,173921954.0,120.0,2001-04-25,7.917,12179.0
4974.0,16000000.0,66468332.0,89.0,2001-12-07,5.801,2224.0
4975.0,68000000.0,203388341.0,135.0,2001-12-14,6.819,4518.0
4976.0,5500000.0,16153953.0,91.0,2001-12-14,6.4,206.0
4977.0,0.0,0.0,85.0,2001-05-11,6.3,88.0
4978.0,0.0,15747947.0,121.0,2001-10-04,6.664,222.0
4979.0,21000000.0,71441250.0,108.0,2001-10-05,7.462,4857.0
4980.0,20000000.0,38040268.0,93.0,1991-07-19,6.286,1320.0
4981.0,0.0,1476356.0,96.0,1986-03-01,6.2,206.0
4985.0,25000000.0,58000000.0,117.0,1984-08-17,5.7,156.0
4987.0,15000000.0,16478265.0,90.0,1983-05-20,5.294,132.0
4988.0,0.0,300859.0,90.0,1987-07-10,6.2,103.0
4989.0,12000000.0,31200000.0,89.0,2001-12-21,6.349,1021.0
4990.0,25000000.0,80936232.0,83.0,2001-12-14,6.077,975.0
4991.0,38000000.0,24500000.0,99.0,2001-12-21,5.7,207.0
4992.0,48000000.0,76019048.0,119.0,2001-12-25,6.3,1451.0
4993.0,93000000.0,871368364.0,179.0,2001-12-18,8.427,26941.0
4994.0,72000000.0,37317673.0,152.0,2001-12-21,6.7,809.0
4995.0,58000000.0,316791257.0,134.0,2001-12-14,7.856,10849.0
4998.0,0.0,0.0,97.0,1958-08-14,7.125,309.0
5004.0,1500000.0,2900000.0,99.0,1968-04-04,7.298,828.0
5007.0,0.0,0.0,119.0,1964-09-02,6.5,200.0
5008.0,3000000.0,9000000.0,116.0,1957-12-17,8.219,1611.0
5009.0,107000000.0,87812729.0,157.0,2001-12-10,6.754,1824.0
5010.0,92000000.0,172989651.0,143.0,2001-12-28,7.39,6191.0
5011.0,0.0,741394.0,116.0,2001-12-28,6.143,182.0
5012.0,12000000.0,30400000.0,133.0,1983-11-18,6.673,257.0
5013.0,19800000.0,87754044.0,137.0,2001-12-26,6.815,1189.0
5014.0,22000000.0,92542418.0,127.0,2001-12-28,7.6,2443.0
5015.0,4000000.0,44900000.0,111.0,2001-12-26,6.775,1052.0
5016.0,38000000.0,24690441.0,111.0,2001-12-18,6.4,403.0
5021.0,0.0,32511047.0,94.0,1976-06-23,7.164,870.0
5023.0,0.0,0.0,106.0,1992-05-13,5.93,43.0
5025.0,18000000.0,43300000.0,87.0,2002-01-11,5.989,488.0
5026.0,29000000.0,70800000.0,151.0,2001-01-31,6.724,1674.0
5027.0,38000000.0,153518974.0,91.0,1990-06-08,6.0,961.0
5028.0,0.0,0.0,116.0,2001-09-26,6.952,114.0
5033.0,21800000.0,22997992.0,123.0,1990-12-21,6.069,317.0
5034.0,0.0,0.0,106.0,1991-05-03,6.9,106.0
5039.0,18000000.0,14110013.0,108.0,1981-06-26,6.511,305.0
5040.0,18000000.0,31042035.0,100.0,1984-06-29,6.124,1603.0
5041.0,1200000.0,760883.0,81.0,1983-03-25,6.7,338.0
5046.0,40000000.0,8694320.0,95.0,2001-12-03,6.122,451.0
5047.0,10000000.0,17000000.0,81.0,2002-01-25,6.386,722.0
5048.0,35000000.0,81000000.0,99.0,2002-01-18,5.623,766.0
5049.0,12000000.0,78868508.0,96.0,1982-12-07,6.7,1646.0
5051.0,1000000.0,16350876.0,118.0,2000-12-07,6.4,148.0
5053.0,0.0,0.0,92.0,1994-08-19,5.278,194.0
5054.0,18000000.0,10219460.0,106.0,1983-09-30,6.245,276.0
5055.0,14000000.0,63513743.0,119.0,1993-05-07,6.9,781.0
5059.0,0.0,0.0,76.0,1997-12-01,7.462,93.0
5060.0,3500000.0,81600000.0,116.0,1970-02-18,6.956,1117.0
5062.0,2500000.0,1750000.0,107.0,1966-10-05,7.291,418.0
5063.0,6000000.0,4300000.0,141.0,1961-03-30,6.7,242.0
5064.0,35000000.0,75395048.0,131.0,2002-01-23,7.677,1955.0
5065.0,32000000.0,55305279.0,119.0,2002-01-25,6.2,1219.0
5066.0,11800000.0,47494916.0,102.0,2002-01-25,7.8,4207.0
5068.0,0.0,0.0,113.0,2002-01-25,6.769,78.0
5069.0,,,,,,
5071.0,0.0,0.0,87.0,2000-09-15,6.204,186.0
5072.0,15000000.0,4035384.0,113.0,2001-05-26,7.143,535.0
5073.0,0.0,11767402.0,99.0,2001-03-09,7.108,539.0
5074.0,0.0,1318945.0,87.0,2001-11-08,6.5,202.0
5075.0,555000.0,0.0,84.0,2002-01-25,5.56,25.0
5076.0,6500000.0,24103594.0,107.0,1993-04-02,6.183,200.0
5077.0,13000000.0,22030000.0,114.0,1989-02-10,6.016,61.0
5080.0,14000000.0,6413915.0,86.0,2002-02-01,5.2,208.0
5081.0,13000000.0,16171098.0,93.0,2001-09-06,5.9,425.0
5083.0,5000000.0,0.0,99.0,2001-09-09,5.3,29.0
5088.0,0.0,0.0,115.0,1974-03-20,6.7,484.0
5092.0,15000000.0,52970014.0,88.0,2002-02-08,5.865,869.0
5093.0,85000000.0,78382433.0,108.0,2002-02-06,5.8,1449.0
5094.0,70000000.0,25852764.0,99.0,2002-02-08,3.904,499.0
5095.0,0.0,0.0,104.0,2001-03-15,5.9,37.0
5096.0,50000000.0,16671505.0,98.0,1994-07-01,6.399,1426.0
5099.0,0.0,0.0,88.0,1937-10-15,6.8,116.0
5102.0,31000000.0,56500758.0,103.0,1993-07-07,6.18,378.0
5103.0,7000000.0,34348444.0,101.0,1993-04-07,7.539,1278.0
5105.0,1500000.0,0.0,112.0,1973-10-11,6.915,1153.0
5106.0,12000000.0,61141030.0,93.0,2002-02-15,5.2,668.0
5107.0,70000000.0,32287044.0,125.0,2002-02-15,6.381,1020.0
5108.0,36000000.0,102244770.0,115.0,2002-02-15,7.127,2545.0
5109.0,20000000.0,109862682.0,70.0,2002-02-14,6.477,2375.0
5110.0,3000000.0,23182223.0,103.0,2001-02-15,6.558,1192.0
5111.0,17000000.0,60613008.0,87.0,1993-09-24,6.776,1017.0
5112.0,0.0,0.0,109.0,2001-09-10,5.955,78.0
5113.0,0.0,0.0,108.0,1966-09-08,6.0,79.0
5114.0,1558000.0,3373000.0,118.0,1952-12-25,7.325,283.0
5116.0,0.0,0.0,130.0,1957-05-16,6.614,79.0
5120.0,3500000.0,5750000.0,138.0,1972-12-10,7.683,684.0
5121.0,0.0,0.0,107.0,1977-05-20,7.295,288.0
5127.0,60000000.0,52322400.0,101.0,2002-02-22,6.526,909.0
5128.0,35000000.0,45479110.0,101.0,2002-02-10,6.086,1140.0
5131.0,7300000.0,0.0,102.0,2002-02-22,5.879,58.0
5134.0,2750000.0,7310206.0,99.0,2001-12-26,6.248,608.0
5135.0,1200000.0,30787356.0,114.0,2001-08-30,6.771,216.0
5136.0,0.0,0.0,91.0,2002-02-15,4.7,92.0
5137.0,0.0,289536.0,92.0,2001-11-07,7.7,33.0
5139.0,9000000.0,42349782.0,102.0,1976-04-06,6.903,324.0
5146.0,0.0,151086.0,103.0,2001-04-21,7.7,761.0
5147.0,0.0,0.0,92.0,1957-08-28,8.087,1767.0
5151.0,17000000.0,95146283.0,96.0,2002-03-01,5.472,1185.0
5152.0,75000000.0,114660784.0,138.0,2002-03-01,7.145,2207.0
5155.0,0.0,0.0,96.0,1972-07-01,5.584,83.0
5156.0,125000.0,10000000.0,95.0,1971-04-30,5.6,78.0
5159.0,24000000.0,32710894.0,75.0,1992-04-10,6.373,617.0
5165.0,497000.0,1925000.0,91.0,1979-08-25,6.7,660.0
5168.0,1700000.0,3900000.0,93.0,1951-03-08,6.4,106.0
5170.0,14000000.0,25482931.0,95.0,2002-03-08,5.9,183.0
5171.0,80000000.0,123700000.0,96.0,2002-03-04,6.306,2468.0
5177.0,0.0,0.0,90.0,1942-07-10,7.331,465.0
5178.0,0.0,0.0,105.0,1994-10-12,5.5,27.0
5181.0,0.0,6000000.0,97.0,1980-07-01,5.135,78.0
5187.0,0.0,0.0,101.0,1980-09-26,6.997,173.0
5189.0,0.0,0.0,80.0,1980-05-01,5.8,268.0
5197.0,0.0,0.0,95.0,1980-03-21,6.5,98.0
5198.0,0.0,0.0,114.0,1980-11-01,7.161,407.0
5202.0,0.0,0.0,125.0,1980-05-21,6.977,198.0
5205.0,3000000.0,6342668.0,102.0,1980-08-14,5.759,259.0
5209.0,,,,,,
5212.0,4000000.0,18971000.0,104.0,1980-08-14,5.0,140.0
5213.0,0.0,0.0,94.0,1980-10-03,5.3,42.0
5214.0,0.0,41687243.0,98.0,1977-10-07,6.5,130.0
5218.0,59000000.0,383257136.0,81.0,2002-03-14,7.367,14036.0
5219.0,33000000.0,102984862.0,101.0,2002-03-15,6.649,6757.0
5220.0,85000000.0,77885672.0,92.0,2002-03-14,5.542,1043.0
5221.0,0.0,0.0,130.0,2000-09-23,6.532,79.0
5222.0,1000000.0,10013424.0,97.0,2002-03-13,6.031,244.0
5224.0,0.0,0.0,106.0,2001-01-30,7.5,38.0
5225.0,5000000.0,33600000.0,105.0,2001-06-08,7.42,1686.0
5226.0,5600000.0,17233166.0,91.0,1983-10-21,5.766,289.0
5231.0,0.0,7600000.0,82.0,1942-11-10,6.9,80.0
5237.0,14000000.0,35900000.0,126.0,1981-12-20,6.8,289.0
5238.0,0.0,0.0,104.0,1980-04-11,6.508,62.0
5239.0,0.0,0.0,125.0,1980-07-25,6.419,31.0
5240.0,0.0,0.0,96.0,1980-11-01,4.3,7.0
5241.0,0.0,43995918.0,102.0,1980-12-19,6.3,157.0
5244.0,0.0,0.0,85.0,1980-11-11,6.9,178.0
5246.0,17000000.0,66100000.0,101.0,1980-08-15,5.6,302.0
5247.0,4300000.0,126700000.0,96.0,1977-05-27,6.98,774.0
5248.0,9000000.0,7000000.0,85.0,1983-08-12,4.41,172.0
5250.0,10000000.0,101300000.0,111.0,1980-12-12,6.481,469.0
5254.0,54000000.0,155010032.0,115.0,2002-03-22,6.557,5082.0
5255.0,12000000.0,12517488.0,94.0,2002-03-22,5.7,266.0
5256.0,1800000.0,163348.0,91.0,2002-03-22,6.221,34.0
5258.0,42000.0,241816.0,90.0,2000-10-27,6.654,120.0
5264.0,26000000.0,38793283.0,94.0,2002-03-29,5.3,344.0
5265.0,55000000.0,8400000.0,105.0,2002-03-29,5.904,420.0
5266.0,48000000.0,197100000.0,112.0,2002-03-29,6.793,5291.0
5267.0,20000000.0,75597042.0,128.0,2002-03-25,6.814,479.0
5268.0,5000000.0,62703.0,93.0,2002-03-29,6.0,67.0
5269.0,6200000.0,6766708.0,125.0,2001-09-05,7.258,1226.0
5272.0,0.0,0.0,134.0,2001-09-10,6.7,91.0
5275.0,600000.0,0.0,88.0,1972-06-14,5.799,236.0
5278.0,0.0,3333306.0,94.0,1985-12-04,5.098,66.0
5279.0,0.0,0.0,107.0,1991-04-12,6.015,65.0
5282.0,42000000.0,63781810.0,115.0,2002-04-05,6.341,852.0
5283.0,6000000.0,39241323.0,92.0,2002-03-29,6.024,1907.0
5284.0,0.0,0.0,112.0,2002-06-07,5.6,47.0
5285.0,0.0,0.0,103.0,2001-08-24,6.139,36.0
5288.0,300000.0,22293.0,85.0,1982-03-17,7.3,71.0
5291.0,250000.0,117668.0,88.0,1950-08-26,8.047,2448.0
5292.0,6000000.0,28000000.0,123.0,1977-02-25,6.8,418.0
5293.0,45000000.0,94935764.0,100.0,2002-04-07,6.273,1174.0
5294.0,11000000.0,17400000.0,100.0,2002-04-12,6.95,1272.0
5296.0,43000000.0,68696770.0,100.0,2002-04-12,5.6,1155.0
5297.0,7000000.0,3646994.0,114.0,2001-10-08,5.8,133.0
5298.0,6000000.0,1600000.0,96.0,2001-09-12,6.0,283.0
5299.0,5000000.0,368744044.0,93.0,2002-04-19,6.499,2238.0
5300.0,0.0,1850000.0,92.0,1957-08-07,7.259,403.0
5303.0,25000000.0,39400000.0,102.0,1990-03-09,5.793,569.0
5304.0,20000.0,1000000.0,100.0,1945-10-08,8.018,958.0
5307.0,14000000.0,20000000.0,103.0,1990-08-16,6.276,174.0
5308.0,11000000.0,242780960.0,102.0,1987-11-27,6.2,1060.0
5309.0,0.0,71600000.0,104.0,1990-11-21,5.873,566.0
5311.0,9000000.0,5000000.0,80.0,1980-04-17,5.891,152.0
5312.0,50000000.0,56714147.0,118.0,2002-04-19,6.169,1128.0
5313.0,60000000.0,165333180.0,90.0,2002-04-18,5.596,3304.0
5316.0,0.0,15705007.0,119.0,2001-01-22,6.3,327.0
5319.0,1300000.0,12413888.0,115.0,2000-08-31,7.762,785.0
5321.0,0.0,0.0,112.0,2001-09-07,6.0,20.0
5322.0,0.0,0.0,103.0,2002-04-19,3.917,24.0
5323.0,11000000.0,17077882.0,92.0,2001-11-09,4.864,1472.0
5324.0,40000000.0,16872671.0,103.0,2002-04-24,5.683,590.0
5325.0,0.0,0.0,90.0,2002-05-10,7.028,159.0
5328.0,0.0,0.0,92.0,2001-09-01,5.5,22.0
5329.0,18000000.0,1073198.0,103.0,2002-02-12,6.563,347.0
5333.0,0.0,41010.0,100.0,1956-08-24,7.26,290.0
5334.0,0.0,27575086.0,93.0,1990-05-18,5.822,286.0
5337.0,18000000.0,5546827.0,96.0,1991-08-09,5.637,153.0
5338.0,0.0,0.0,100.0,1988-11-23,6.0,20.0
5339.0,0.0,0.0,108.0,1992-09-18,6.996,485.0
5341.0,0.0,0.0,111.0,1974-11-10,7.3,292.0
5345.0,0.0,0.0,120.0,1989-12-08,6.6,57.0
5346.0,7000000.0,11060485.0,105.0,1989-12-22,5.248,294.0
5347.0,10000000.0,6282446.0,96.0,2002-05-03,5.523,107.0
5348.0,16000000.0,14569236.0,107.0,2002-05-03,6.5,521.0
5349.0,139000000.0,821708551.0,121.0,2002-05-01,7.319,20246.0
5353.0,0.0,0.0,109.0,1972-07-06,6.715,86.0
5356.0,300000.0,15000000.0,79.0,1975-10-16,4.0,93.0
5357.0,0.0,21006361.0,108.0,1994-01-14,6.7,324.0
5358.0,18000000.0,4011793.0,136.0,1990-02-16,6.476,82.0
5361.0,14000000.0,34793160.0,107.0,1991-01-18,6.747,647.0
5363.0,13000000.0,31200000.0,89.0,2002-05-10,5.9,636.0
5364.0,50000000.0,119137784.0,118.0,2002-05-10,6.676,1658.0
5365.0,0.0,0.0,129.0,2001-09-07,6.4,37.0
5372.0,0.0,0.0,101.0,1953-11-04,7.0,184.0
5373.0,0.0,0.0,98.0,1957-10-12,7.917,435.0
5375.0,0.0,0.0,104.0,1946-01-18,6.5,52.0
5377.0,27000000.0,129000000.0,105.0,2002-04-26,6.687,2348.0
5378.0,120000000.0,649398328.0,132.0,2002-05-15,6.587,14064.0
5379.0,1500000.0,1309316.0,102.0,2001-08-23,6.883,654.0
5380.0,15000000.0,17300000.0,97.0,2002-05-17,6.8,497.0
5382.0,5000000.0,85196485.0,110.0,1978-12-16,6.1,490.0
5384.0,0.0,0.0,120.0,1958-11-18,6.93,114.0
5385.0,0.0,321952.0,117.0,1978-04-26,7.64,297.0
5387.0,38000000.0,51800000.0,115.0,2002-05-21,6.65,1221.0
5388.0,46000000.0,113714830.0,119.0,2002-05-24,6.954,5143.0
5389.0,80000000.0,122563539.0,77.0,2002-05-24,7.7,4815.0
5390.0,7000000.0,499891.0,90.0,2001-05-12,5.901,71.0
5391.0,0.0,0.0,94.0,2001-09-02,6.27,102.0
5397.0,0.0,2000000.0,97.0,1952-09-03,6.7,284.0
5398.0,1100000.0,0.0,85.0,1962-10-16,7.2,75.0
5400.0,68000000.0,193921372.0,124.0,2002-05-31,6.366,1888.0
5401.0,25000000.0,41604473.0,86.0,2002-05-31,5.878,413.0
5404.0,0.0,2538291.0,100.0,1987-02-13,7.2,223.0
5409.0,10000000.0,14356479.0,95.0,1992-08-21,6.393,248.0
5410.0,1000000.0,0.0,89.0,1972-03-09,6.393,624.0
5414.0,70000000.0,65977295.0,117.0,2002-06-07,5.51,841.0
5415.0,27000000.0,73839240.0,117.0,2002-06-07,6.103,253.0
5416.0,0.0,0.0,99.0,2002-01-17,6.0,41.0
5417.0,1934000.0,3786801.0,172.0,2002-02-01,6.9,75.0
5418.0,60000000.0,214034224.0,118.0,2002-06-14,7.471,9859.0
5419.0,84000000.0,275650703.0,84.0,2002-06-14,6.1,4680.0
5420.0,115000000.0,77600000.0,134.0,2002-06-07,6.327,1367.0
5421.0,12000000.0,2036599.0,104.0,2002-06-14,6.604,169.0
5422.0,0.0,0.0,107.0,2001-08-11,6.7,42.0
5423.0,0.0,30915.0,103.0,2000-06-09,6.385,227.0
5424.0,0.0,0.0,99.0,2001-08-01,4.6,49.0
5425.0,5000000.0,0.0,112.0,2001-05-17,6.85,90.0
5427.0,0.0,15965324.0,91.0,1981-04-17,6.5,170.0
5428.0,0.0,0.0,90.0,1984-07-27,4.9,76.0
5433.0,7000000.0,12400000.0,95.0,1985-10-10,6.588,666.0
5434.0,0.0,0.0,89.0,1948-09-24,6.757,202.0
5435.0,5860000.0,12000000.0,111.0,1967-03-21,7.0,228.0
5437.0,18000000.0,3900000.0,118.0,1986-06-13,6.146,113.0
5438.0,9000000.0,16200000.0,95.0,1990-08-24,5.684,412.0
5440.0,1600000.0,5400000.0,104.0,1949-10-22,6.905,393.0
5442.0,0.0,0.0,85.0,1991-07-26,4.7,108.0
5443.0,15600000.0,0.0,91.0,2002-06-21,5.01,101.0
5444.0,80000000.0,273144151.0,85.0,2002-06-21,7.562,6948.0
5445.0,102000000.0,358372926.0,145.0,2002-06-20,7.35,9374.0
5446.0,6000000.0,16200000.0,112.0,2002-02-04,6.976,379.0
5447.0,0.0,3369654.0,141.0,2002-06-21,6.345,42.0
5448.0,3000000.0,15249308.0,72.0,2002-06-28,6.482,371.0
5449.0,50000000.0,171269565.0,97.0,2002-06-28,5.916,2457.0
5450.0,250000.0,4186931.0,92.0,2002-08-02,6.034,88.0
5451.0,0.0,308108.0,113.0,2002-06-28,5.8,115.0
5452.0,22000000.0,10340263.0,98.0,1993-11-05,5.322,1072.0
5454.0,17000000.0,40227006.0,90.0,1992-07-24,5.5,146.0
5455.0,0.0,5136192.0,98.0,1991-04-12,5.178,45.0
5456.0,0.0,4412297.0,107.0,1994-08-16,4.86,107.0
5458.0,30000000.0,62300000.0,99.0,2002-07-03,6.111,562.0
5459.0,140000000.0,445135288.0,90.0,2002-07-03,6.383,10443.0
5460.0,11000000.0,16426471.0,73.0,2002-07-03,6.791,338.0
5461.0,0.0,0.0,107.0,2001-11-01,6.45,60.0
5462.0,12000000.0,33082548.0,90.0,2002-07-26,5.4,109.0
5463.0,60000000.0,82150183.0,101.0,2002-07-09,6.2,2393.0
5464.0,80000000.0,181001478.0,117.0,2002-07-12,7.344,3882.0
5465.0,1250000.0,6776921.0,146.0,2001-10-06,7.4,270.0
5466.0,0.0,0.0,90.0,2001-11-14,6.1,71.0
5468.0,0.0,0.0,82.0,1957-06-01,6.2,165.0
5470.0,0.0,0.0,95.0,1952-06-02,7.164,119.0
5471.0,19000000.0,12918858.0,120.0,1985-05-15,5.6,196.0
5472.0,6000000.0,2800000.0,141.0,1972-11-09,6.8,81.0
5475.0,0.0,83305.0,125.0,1969-02-26,7.8,602.0
5476.0,13000000.0,37664958.0,90.0,2002-07-01,4.613,1374.0
5477.0,0.0,7640680.0,122.0,2001-08-24,6.659,608.0
5478.0,30000000.0,45900000.0,98.0,2002-07-17,5.809,1319.0
5479.0,100000000.0,65700000.0,128.0,2002-07-19,6.538,1127.0
5480.0,120000000.0,169956806.0,78.0,2002-07-19,5.766,2511.0
5481.0,63000000.0,296938801.0,94.0,2002-07-26,6.01,3342.0
5483.0,40000.0,1434436.0,93.0,2002-08-16,6.6,96.0
5485.0,150000.0,2891288.0,79.0,2002-07-19,5.6,97.0
5486.0,9000000.0,253000.0,92.0,2001-09-12,5.7,63.0
5489.0,1400000.0,3451.0,107.0,1979-01-17,7.278,1051.0
5490.0,0.0,0.0,84.0,1976-06-23,5.252,109.0
5493.0,3775000.0,11000000.0,114.0,1967-03-15,6.114,83.0
5497.0,0.0,0.0,107.0,1966-01-16,6.374,123.0
5498.0,0.0,0.0,185.0,1965-03-04,8.1,394.0
5499.0,5000000.0,0.0,106.0,1976-03-11,6.3,260.0
5500.0,9000000.0,20500000.0,86.0,1984-06-22,7.088,1342.0
5501.0,16000000.0,43400000.0,80.0,2002-08-02,3.949,324.0
5502.0,72000000.0,408200000.0,107.0,2002-08-02,6.702,6082.0
5503.0,0.0,0.0,115.0,2001-02-01,6.355,525.0
5504.0,38000000.0,119723358.0,100.0,2002-08-07,5.654,2306.0
5505.0,8000000.0,16900000.0,99.0,2002-08-07,6.221,671.0
5506.0,50000000.0,31794718.0,110.0,2002-08-09,6.211,870.0
5507.0,70000000.0,277448382.0,124.0,2002-08-09,5.981,4767.0
5508.0,0.0,2802899.0,117.0,2002-02-13,6.96,500.0
5512.0,0.0,0.0,106.0,2001-09-04,5.9,13.0
5513.0,3000000.0,19184015.0,113.0,2002-08-02,5.214,21.0
5515.0,0.0,80334.0,98.0,2000-10-06,7.077,305.0
5521.0,11000000.0,19734940.0,110.0,1987-09-18,6.475,299.0
5522.0,6000000.0,30000000.0,125.0,1975-06-25,6.3,589.0
5523.0,100000000.0,7103973.0,94.0,2002-08-16,4.386,521.0
5524.0,25000000.0,51842679.0,106.0,2002-08-16,5.985,560.0
5525.0,0.0,4160475.0,106.0,2001-09-09,6.722,108.0
5527.0,25000000.0,10113733.0,102.0,2002-08-16,6.0,190.0
5528.0,12000000.0,52223306.0,98.0,2002-08-21,6.643,1834.0
5529.0,29000000.0,16930185.0,102.0,2002-08-23,5.36,340.0
5530.0,10000000.0,19576023.0,115.0,2002-08-23,5.97,962.0
5531.0,20000000.0,14946150.0,87.0,2002-07-17,6.5,786.0
5532.0,0.0,0.0,87.0,2001-03-08,4.714,14.0
5537.0,0.0,3314254.0,100.0,2002-05-16,6.167,12.0
5538.0,2000000.0,34000000.0,77.0,1985-03-23,6.0,147.0
5539.0,3400000.0,12000000.0,74.0,1986-03-21,6.3,80.0
5540.0,12000000.0,41092328.0,118.0,1981-06-12,6.9,828.0
5541.0,26000000.0,181096164.0,90.0,1991-07-31,6.587,2363.0
5543.0,21000000.0,7700000.0,116.0,1978-06-26,5.018,190.0
5544.0,0.0,13000000.0,112.0,1979-09-28,6.785,369.0
5548.0,14000000.0,62134225.0,103.0,1986-01-31,5.9,271.0
5550.0,1000000.0,9000000.0,89.0,1956-11-15,6.1,91.0
5553.0,14500000.0,65673233.0,116.0,1987-08-05,6.5,437.0
5556.0,40000000.0,18902015.0,97.0,2002-08-09,3.794,399.0
5560.0,0.0,0.0,84.0,1931-12-18,7.013,113.0
5562.0,0.0,70569.0,113.0,2001-09-13,5.954,13.0
5563.0,40000000.0,22433915.0,108.0,2002-09-06,5.776,375.0
5564.0,8500000.0,34411240.0,85.0,2002-09-06,5.2,281.0
5568.0,9000000.0,17000000.0,90.0,1984-12-21,6.276,205.0
5569.0,90000.0,0.0,84.0,1972-08-30,6.025,762.0
5570.0,0.0,2647055.0,124.0,1996-04-11,7.5,912.0
5572.0,12000000.0,77063924.0,102.0,2002-04-01,6.39,518.0
5573.0,25000000.0,14277032.0,85.0,2002-09-13,4.8,141.0
5574.0,21000000.0,43900000.0,92.0,2002-10-02,6.718,5681.0
5575.0,0.0,0.0,103.0,2001-09-01,6.1,29.0
5577.0,9000000.0,4777465.0,98.0,2002-09-13,6.57,342.0
5580.0,0.0,8041049.0,113.0,1993-01-22,5.843,35.0
5581.0,0.0,19740070.0,94.0,1990-06-22,5.7,50.0
5582.0,24000000.0,22518097.0,100.0,1992-09-18,5.585,317.0
5584.0,0.0,25029791.0,81.0,1990-04-06,5.006,168.0
5585.0,0.0,0.0,91.0,1991-10-11,5.244,205.0
5588.0,350000.0,25000000.0,86.0,1977-07-22,6.17,976.0
5589.0,0.0,0.0,94.0,1993-04-23,6.267,73.0
5590.0,0.0,0.0,110.0,1973-04-04,6.435,62.0
5591.0,0.0,16453258.0,96.0,1994-03-18,5.7,214.0
5596.0,3000000.0,15369573.0,100.0,1990-04-27,4.7,80.0
5597.0,11000000.0,8000000.0,90.0,1991-10-04,4.677,195.0
5601.0,0.0,0.0,128.0,1946-12-18,6.649,100.0
5602.0,0.0,0.0,91.0,1955-12-08,7.3,519.0
5603.0,0.0,0.0,78.0,1951-06-28,7.199,277.0
5604.0,0.0,0.0,85.0,1951-08-07,6.905,201.0
5607.0,0.0,0.0,123.0,2001-08-16,7.473,223.0
5608.0,0.0,13782896.0,114.0,2001-03-08,7.411,1175.0
5609.0,70000000.0,19924033.0,91.0,2002-09-20,4.319,386.0
5610.0,10000000.0,38068353.0,98.0,2002-09-20,5.614,259.0
5611.0,35000000.0,29882645.0,131.0,2002-09-08,6.629,579.0
5612.0,30000000.0,13414416.0,106.0,2002-09-20,6.163,603.0
5613.0,8000000.0,42400000.0,103.0,2002-02-06,6.902,1045.0
5614.0,0.0,500930.0,111.0,2001-03-16,7.3,584.0
5615.0,0.0,0.0,128.0,2001-12-02,6.2,58.0
5617.0,4000000.0,9300000.0,111.0,2002-09-20,6.8,1829.0
5618.0,19000000.0,274925095.0,126.0,2001-07-20,8.533,17902.0
5619.0,0.0,0.0,80.0,2002-09-29,6.9,28.0
5620.0,30000000.0,180622424.0,107.0,2002-09-26,6.406,1643.0
5621.0,60000000.0,104400000.0,98.0,2002-09-27,5.738,2109.0
5625.0,21000000.0,10011050.0,117.0,2002-09-09,6.285,239.0
5628.0,15300000.0,10366360.0,95.0,2001-10-31,6.654,1390.0
5629.0,14000000.0,25615231.0,82.0,2002-10-04,6.212,104.0
5630.0,78000000.0,209196298.0,124.0,2002-10-02,7.034,4596.0
5632.0,0.0,773228.0,107.0,2002-01-25,7.26,333.0
5633.0,11000000.0,4251037.0,97.0,2002-02-06,6.442,274.0
5635.0,6500000.0,2006391.0,106.0,2001-09-13,5.9,62.0
5636.0,7000000.0,4402922.0,86.0,2002-10-04,6.112,237.0
5637.0,0.0,2415396.0,99.0,1991-03-20,6.7,80.0
5638.0,0.0,10000000.0,89.0,1964-04-29,7.031,325.0
5640.0,25000.0,2000000.0,81.0,1956-04-27,6.531,277.0
5643.0,2500000.0,589000.0,100.0,1988-04-29,7.26,177.0
5644.0,0.0,0.0,128.0,1942-07-14,7.395,133.0
5646.0,33000000.0,1132112.0,137.0,1989-11-17,6.703,290.0
5649.0,104880.0,3500000.0,82.0,1958-04-21,7.265,685.0
5650.0,4000000.0,1913389.0,90.0,1983-08-26,6.005,214.0
5651.0,0.0,0.0,99.0,1964-03-28,6.2,92.0
5657.0,0.0,6488144.0,108.0,1990-02-02,6.307,101.0
5663.0,40000000.0,2622015.0,104.0,2002-08-11,6.031,490.0
5664.0,8000000.0,27362712.0,109.0,2002-10-05,6.6,124.0
5665.0,15000000.0,12806614.0,90.0,2001-11-30,6.032,377.0
5666.0,4000000.0,11832822.0,110.0,2002-10-11,6.163,589.0
5667.0,15000000.0,19158074.0,90.0,2002-10-11,6.672,494.0
5668.0,16000000.0,21657770.0,110.0,2002-10-11,7.063,413.0
5669.0,4000000.0,35564473.0,120.0,2002-10-09,7.515,1645.0
5670.0,0.0,2744253.0,82.0,2002-10-11,6.624,89.0
5672.0,0.0,40807089.0,78.0,2001-07-06,6.472,447.0
5673.0,25000000.0,24665649.0,93.0,2002-10-11,7.107,2642.0
5675.0,10000000.0,598645.0,89.0,2002-10-11,4.742,306.0
5678.0,27000000.0,12881605.0,91.0,2001-12-07,6.1,653.0
5679.0,48000000.0,249348933.0,115.0,2002-10-18,6.694,6524.0
5680.0,7000000.0,2062066.0,106.0,2002-10-18,6.371,213.0
5682.0,5000000.0,621592.0,108.0,2001-09-13,6.6,173.0
5684.0,3000000.0,13000.0,89.0,2002-09-02,6.132,152.0
5685.0,3000000.0,7700000.0,86.0,2002-10-18,6.082,97.0
5688.0,0.0,466664.0,106.0,2002-11-01,6.22,25.0
5689.0,48000000.0,15565363.0,106.0,1991-11-01,5.753,233.0
5690.0,3700000.0,842132.0,88.0,1988-04-16,8.442,6330.0
5693.0,3500000.0,237113184.0,118.0,1977-12-16,6.7,2039.0
5694.0,22000000.0,64892670.0,96.0,1983-07-11,5.771,485.0
5696.0,10000000.0,53300000.0,129.0,1980-06-06,6.448,267.0
5699.0,0.0,9000000.0,94.0,1980-03-28,6.346,128.0
5700.0,0.0,0.0,97.0,1980-02-14,2.8,78.0
5704.0,150000.0,0.0,89.0,1980-09-26,5.3,135.0
5706.0,0.0,0.0,113.0,1981-03-01,6.179,56.0
5707.0,12000000.0,40716963.0,116.0,1981-11-19,6.649,241.0
5710.0,0.0,0.0,96.0,1982-03-24,6.683,488.0
5712.0,18000000.0,12000000.0,107.0,1981-07-24,7.4,1619.0
5720.0,0.0,0.0,99.0,1981-12-09,6.881,663.0
5721.0,0.0,0.0,108.0,1981-08-20,7.111,27.0
5723.0,0.0,15578237.0,103.0,1981-09-18,6.1,124.0
5733.0,8500000.0,4500000.0,103.0,1981-02-13,5.6,122.0
5735.0,0.0,0.0,105.0,1978-11-10,4.538,197.0
5736.0,5000.0,0.0,86.0,1985-03-10,3.5,42.0
5741.0,0.0,0.0,105.0,1981-09-30,7.057,331.0
5742.0,0.0,12480249.0,98.0,1981-08-21,6.056,27.0
5745.0,0.0,50427646.0,107.0,1981-05-22,6.238,63.0
5746.0,700000.0,0.0,81.0,1981-10-01,5.3,243.0
5747.0,2600000.0,17400000.0,105.0,1981-08-13,7.047,519.0
5749.0,0.0,0.0,111.0,1981-12-18,6.018,166.0
5752.0,0.0,7710.0,91.0,1981-04-23,6.739,142.0
5755.0,3500000.0,10600000.0,110.0,1981-05-15,6.02,225.0
5764.0,0.0,3282232.0,93.0,1981-10-30,6.1,125.0
5767.0,0.0,0.0,110.0,1981-05-04,7.798,94.0
5768.0,8000000.0,26154211.0,89.0,1981-12-25,5.36,93.0
5771.0,2200000.0,5672031.0,91.0,1981-02-11,6.44,539.0
5772.0,475000.0,5250000.0,111.0,1981-10-11,7.507,441.0
5773.0,8500000.0,29916207.0,95.0,1981-12-18,5.667,153.0
5779.0,145786.0,0.0,94.0,1982-07-13,4.3,299.0
5780.0,300000.0,1120000.0,90.0,1981-05-29,7.0,183.0
5782.0,0.0,0.0,105.0,1981-10-21,7.2,570.0
5784.0,35000000.0,71142361.0,91.0,2002-10-25,5.994,2591.0
5785.0,5000000.0,64282312.0,87.0,2002-10-25,6.318,1685.0
5786.0,0.0,3100000.0,98.0,2002-10-25,6.8,232.0
5787.0,0.0,0.0,99.0,2002-10-25,4.803,192.0
5788.0,9000000.0,2847049.0,123.0,2002-10-18,7.064,163.0
5791.0,12000000.0,56298474.0,123.0,2002-08-29,7.4,2136.0
5792.0,0.0,1300000.0,104.0,2002-05-09,6.115,204.0
5796.0,12000000.0,41744718.0,131.0,1967-04-18,5.258,799.0
5797.0,2000000.0,4389334.0,95.0,1984-09-21,6.3,373.0
5799.0,4000000.0,20000000.0,208.0,1960-12-15,6.674,219.0
5801.0,3900000.0,0.0,126.0,1966-05-25,6.439,123.0
5802.0,0.0,0.0,106.0,1964-03-19,5.8,48.0
5803.0,70000000.0,51386477.0,92.0,2002-10-31,5.4,1001.0
5804.0,65000000.0,172842355.0,104.0,2002-09-29,6.003,1399.0
5809.0,35000000.0,16800000.0,115.0,2002-04-30,6.157,637.0
5810.0,41000000.0,242875078.0,110.0,2002-11-08,7.141,7658.0
5812.0,13500000.0,29027914.0,107.0,2002-11-08,7.05,657.0
5816.0,100000000.0,876688482.0,161.0,2002-11-13,7.705,23211.0
5817.0,0.0,0.0,115.0,2002-05-20,6.1,93.0
5818.0,1800000.0,0.0,118.0,2002-10-01,6.7,297.0
5820.0,0.0,0.0,116.0,2002-09-11,6.9,45.0
5826.0,0.0,0.0,109.0,1950-11-15,6.807,379.0
5828.0,0.0,0.0,90.0,1997-05-01,5.346,13.0
5829.0,7500000.0,4245870.0,102.0,2002-09-20,5.191,34.0
5833.0,2000000.0,3537283.0,109.0,2002-05-10,6.715,957.0
5836.0,0.0,3500000.0,105.0,1958-11-19,6.399,193.0
5838.0,0.0,1942423.0,160.0,1991-03-03,6.3,143.0
5839.0,0.0,0.0,109.0,1990-08-29,7.3,327.0
5840.0,0.0,0.0,97.0,1990-10-26,7.2,293.0
5841.0,11000000.0,2807854.0,98.0,1991-08-02,6.193,1231.0
5843.0,10000000.0,15100000.0,107.0,1991-04-24,6.496,365.0
5847.0,0.0,0.0,155.0,1981-11-20,7.0,172.0
5849.0,0.0,0.0,107.0,1981-03-05,7.618,693.0
5853.0,4100000.0,14225876.0,103.0,1981-01-14,6.72,1309.0
5856.0,0.0,0.0,107.0,1981-04-10,7.392,83.0
5863.0,0.0,0.0,100.0,1981-04-24,5.25,18.0
5867.0,5500000.0,11494812.0,124.0,1981-03-27,7.2,799.0
5872.0,142000000.0,431971116.0,134.0,2002-11-17,6.002,3786.0
5873.0,0.0,16300000.0,108.0,2002-11-22,7.122,394.0
5874.0,20000000.0,33526835.0,85.0,2002-11-22,6.358,450.0
5875.0,125000.0,1025302.0,86.0,2002-01-12,5.8,45.0
5876.0,30000000.0,27674124.0,100.0,2002-11-22,6.542,322.0
5878.0,6500000.0,64826117.0,112.0,2002-03-15,7.579,1404.0
5879.0,3400000.0,23833131.0,76.0,2002-11-27,5.222,362.0
5880.0,40000000.0,10959475.0,90.0,2002-11-27,4.663,101.0
5881.0,47000000.0,30002758.0,99.0,2002-11-27,5.933,1407.0
5882.0,140000000.0,109578115.0,95.0,2002-11-26,7.6,4494.0
5883.0,17000000.0,12840842.0,90.0,2002-11-01,5.023,287.0
5884.0,0.0,0.0,86.0,1989-04-05,4.266,32.0
5888.0,0.0,0.0,95.0,1997-12-12,7.5,439.0
5889.0,0.0,0.0,142.0,1984-06-06,7.3,61.0
5890.0,0.0,0.0,89.0,2001-03-16,7.1,184.0
5891.0,80000.0,0.0,100.0,1978-11-02,6.024,693.0
5893.0,2500000.0,5842603.0,105.0,1994-05-26,6.762,411.0
5896.0,0.0,0.0,97.0,1999-09-12,6.596,26.0
5899.0,1720000.0,8000000.0,138.0,1964-01-22,7.375,552.0
5900.0,60000000.0,55003135.0,95.0,2002-12-06,5.823,1345.0
5901.0,4000000.0,18591272.0,99.0,2002-12-06,6.083,109.0
5902.0,19000000.0,32800000.0,116.0,2002-12-06,7.344,2697.0
5903.0,20000000.0,5400000.0,107.0,2002-12-06,7.047,4876.0
5909.0,60400.0,0.0,84.0,2001-03-17,6.371,529.0
5912.0,0.0,0.0,104.0,1981-10-01,7.636,118.0
5915.0,10000000.0,27453418.0,116.0,1981-06-17,6.894,973.0
5919.0,0.0,0.0,80.0,1982-10-15,5.3,55.0
5922.0,0.0,0.0,97.0,1982-12-22,5.985,233.0
5925.0,0.0,7742572.0,98.0,1982-02-12,5.4,119.0
5927.0,27500000.0,69702172.0,114.0,1982-07-23,6.2,172.0
5929.0,0.0,0.0,108.0,1982-12-08,6.424,649.0
5932.0,0.0,0.0,97.0,1982-10-01,7.5,145.0
5938.0,10000000.0,19000000.0,116.0,1982-03-19,6.648,291.0
5941.0,20000000.0,57600000.0,118.0,2002-12-13,6.9,548.0
5942.0,34000000.0,54639553.0,104.0,2002-12-13,6.358,2124.0
5943.0,55000000.0,154906693.0,105.0,2002-12-13,6.1,2023.0
5944.0,60000000.0,67336470.0,116.0,2002-12-13,6.295,1537.0
5945.0,30000000.0,105834556.0,125.0,2002-12-12,6.852,1333.0
5947.0,0.0,0.0,92.0,2002-09-30,6.4,110.0
5949.0,0.0,1864185.0,108.0,2001-11-06,6.6,195.0
5951.0,0.0,869820.0,93.0,2002-11-01,6.676,181.0
5952.0,79000000.0,926287400.0,180.0,2002-12-18,8.412,23368.0
5953.0,0.0,0.0,133.0,2001-10-26,8.221,183.0
5954.0,5000000.0,23932055.0,135.0,2002-12-19,7.322,2510.0
5955.0,12500000.0,23400000.0,117.0,2002-12-19,6.928,538.0
5956.0,100000000.0,193772504.0,170.0,2002-12-14,7.314,7042.0
5957.0,60000000.0,199043242.0,101.0,2002-12-19,6.355,2173.0
5959.0,6500000.0,12633747.0,100.0,2002-01-14,6.768,568.0
5961.0,0.0,8217997.0,102.0,1990-03-16,5.792,444.0
5962.0,30000000.0,38000000.0,99.0,1993-01-15,5.0,327.0
5963.0,3600000.0,3000000.0,103.0,1961-12-19,7.662,389.0
5965.0,900000.0,0.0,100.0,1977-08-31,7.231,609.0
5968.0,0.0,9888167.0,97.0,1990-04-20,6.021,211.0
5969.0,0.0,28000000.0,99.0,1994-02-11,6.0,525.0
5970.0,17000000.0,59490000.0,102.0,1991-11-27,7.404,2243.0
5971.0,3700000.0,41000000.0,87.0,1988-04-16,8.1,8595.0
5974.0,0.0,0.0,106.0,1940-02-19,7.135,289.0
5975.0,5000000.0,12000000.0,212.0,1956-08-21,6.663,260.0
5979.0,70000.0,0.0,62.0,1957-02-10,5.163,83.0
5980.0,686000.0,4000000.0,98.0,1974-10-11,6.9,917.0
5984.0,0.0,0.0,104.0,1975-08-27,5.488,173.0
5986.0,0.0,0.0,100.0,1972-07-26,7.043,173.0
5988.0,10000000.0,7246979.0,105.0,1986-02-14,5.5,97.0
5989.0,52000000.0,352114312.0,141.0,2002-12-16,7.977,16723.0
5990.0,40000000.0,41323171.0,108.0,2002-10-11,5.8,783.0
5991.0,45000000.0,306776732.0,113.0,2002-12-10,7.1,2833.0
5992.0,25000000.0,108846217.0,114.0,2002-12-27,7.255,1838.0
5993.0,11000000.0,0.0,106.0,2002-09-10,6.088,108.0
5994.0,10000000.0,3651462.0,132.0,2002-12-27,6.853,190.0
5995.0,35000000.0,120098945.0,149.0,2002-09-17,8.377,9885.0
5999.0,15000000.0,0.0,88.0,2000-04-19,6.025,244.0
6001.0,19000000.0,2536000.0,109.0,1982-12-18,7.8,2514.0
6002.0,1000000.0,223426.0,90.0,2002-12-30,6.389,117.0
6003.0,30000000.0,33013805.0,113.0,2002-12-31,6.7,1234.0
6005.0,0.0,604856.0,105.0,2003-01-10,5.936,55.0
6006.0,18000000.0,101564935.0,93.0,2003-01-08,5.791,1438.0
6009.0,0.0,0.0,102.0,2000-09-15,6.1,46.0
6012.0,20000000.0,17400000.0,101.0,2003-01-17,5.9,376.0
6013.0,60000000.0,88900000.0,89.0,2003-01-17,5.304,971.0
6014.0,0.0,50097949.0,88.0,2003-01-17,5.969,1039.0
6016.0,3300000.0,30641770.0,135.0,2002-08-30,8.427,7977.0
6020.0,342000.0,770000.0,99.0,1935-08-23,6.619,59.0
6021.0,0.0,0.0,128.0,1977-06-24,7.076,421.0
6022.0,16000000.0,13100000.0,125.0,1992-03-13,7.4,388.0
6023.0,120000.0,182857.0,95.0,1964-08-05,7.49,596.0
6025.0,6000000.0,17953778.0,85.0,1993-03-12,6.022,138.0
6027.0,0.0,397631.0,94.0,1991-10-04,6.9,135.0
6030.0,0.0,0.0,94.0,1962-11-21,5.338,66.0
6031.0,0.0,0.0,125.0,1959-04-09,7.456,309.0
6033.0,0.0,6166819.0,97.0,1991-08-16,5.8,55.0
6035.0,0.0,155895.0,94.0,1937-01-28,7.202,188.0
6036.0,0.0,8622757.0,90.0,1985-06-14,6.728,193.0
6039.0,9000000.0,25300000.0,86.0,1984-08-15,6.24,546.0
6040.0,0.0,0.0,82.0,2003-01-24,5.575,640.0
6041.0,0.0,0.0,132.0,2002-02-27,6.957,364.0
6042.0,0.0,378931.0,90.0,2002-03-22,6.4,23.0
6044.0,0.0,0.0,103.0,1984-03-15,4.1,28.0
6049.0,0.0,0.0,99.0,1993-03-12,5.5,35.0
6051.0,0.0,0.0,98.0,1972-08-01,6.534,118.0
6055.0,10000000.0,18225518.0,123.0,1994-02-25,5.6,101.0
6057.0,24000000.0,23510601.0,106.0,2003-01-31,6.258,384.0
6058.0,26000000.0,90941129.0,90.0,2003-01-31,6.3,4695.0
6059.0,46000000.0,101200000.0,115.0,2003-01-31,6.376,1859.0
6060.0,0.0,24128678.0,91.0,2002-08-21,5.3,242.0
6062.0,0.0,0.0,93.0,2002-02-11,7.046,229.0
6063.0,500000.0,264349.0,90.0,2003-04-11,6.585,690.0
6064.0,0.0,1350000.0,104.0,1956-05-08,7.161,149.0
6067.0,0.0,0.0,92.0,2000-01-07,6.14,240.0
6070.0,0.0,795312.0,135.0,1992-01-06,5.933,119.0
6078.0,18000000.0,70700000.0,137.0,1982-06-18,6.039,598.0
6086.0,0.0,0.0,111.0,1982-04-22,5.7,43.0
6090.0,0.0,15782478.0,101.0,1982-12-22,5.8,45.0
6093.0,0.0,6455530.0,92.0,1982-11-19,7.2,572.0
6095.0,0.0,0.0,102.0,1982-01-21,6.385,148.0
6100.0,0.0,9077413.0,87.0,1982-07-16,6.5,456.0
6101.0,9600000.0,14000000.0,122.0,1982-02-12,7.2,415.0
6104.0,0.0,327958.0,80.0,1982-06-25,7.376,174.0
6107.0,0.0,0.0,105.0,1982-09-16,7.088,125.0
6111.0,0.0,5588800.0,102.0,1982-03-12,6.0,128.0
6116.0,5900000.0,8996086.0,105.0,1982-08-06,5.148,44.0
6119.0,0.0,0.0,90.0,1982-08-25,7.312,1047.0
6122.0,0.0,0.0,82.0,1982-03-12,7.351,97.0
6123.0,0.0,30878.0,104.0,1983-03-02,7.435,260.0
6124.0,0.0,0.0,105.0,1982-04-09,6.5,30.0
6125.0,0.0,0.0,90.0,1982-03-01,6.0,5.0
6140.0,0.0,0.0,101.0,1982-10-28,6.8,677.0
6141.0,0.0,16894678.0,85.0,1982-11-10,5.015,33.0
6143.0,0.0,9056073.0,96.0,1982-12-03,5.217,306.0
6145.0,0.0,0.0,93.0,1981-11-28,5.604,91.0
6148.0,8000000.0,46509.0,90.0,1982-07-07,6.629,291.0
6153.0,0.0,16897768.0,98.0,1982-07-23,5.164,146.0
6155.0,50000000.0,177500000.0,110.0,2003-02-07,6.858,4355.0
6156.0,50000000.0,88323487.0,114.0,2003-02-06,6.137,2389.0
6157.0,78000000.0,179179718.0,102.0,2003-02-14,5.3,5356.0
6158.0,20000000.0,135700000.0,72.0,2003-02-07,5.892,1178.0
6159.0,2500000.0,548712.0,108.0,2003-02-14,5.9,110.0
6162.0,3500000.0,255000.0,103.0,2002-09-20,6.074,340.0
6163.0,0.0,5126264.0,92.0,2002-03-27,6.675,246.0
6166.0,35000000.0,117270765.0,95.0,1993-06-09,5.882,1551.0
6169.0,0.0,9800000.0,103.0,1983-03-25,6.444,63.0
6170.0,2700000.0,37799643.0,117.0,1979-10-13,7.0,316.0
6178.0,800000.0,6792000.0,105.0,1965-12-10,7.547,118.0
6181.0,1640000.0,0.0,69.0,1951-09-27,6.4,65.0
6182.0,0.0,0.0,108.0,1963-07-17,7.074,81.0
6183.0,1600000.0,18750000.0,110.0,1959-10-07,7.131,312.0
6184.0,1500000.0,0.0,139.0,1976-03-18,6.4,573.0
6185.0,15000000.0,12150301.0,116.0,2002-12-14,6.2,357.0
6186.0,56000000.0,12900000.0,219.0,2003-02-21,6.316,190.0
6187.0,50000000.0,38955598.0,132.0,2003-02-21,7.436,2141.0
6188.0,24000000.0,87100000.0,92.0,2003-02-21,6.62,2040.0
6192.0,0.0,0.0,113.0,2002-09-06,7.1,120.0
6193.0,4000000.0,563711.0,99.0,2002-06-30,6.331,89.0
6195.0,0.0,0.0,127.0,2002-01-11,6.7,7.0
6196.0,25000000.0,56500000.0,101.0,2003-02-28,6.1,983.0
6197.0,10000000.0,5809240.0,98.0,2002-11-06,6.6,911.0
6201.0,8500000.0,0.0,142.0,1986-02-07,6.9,110.0
6202.0,0.0,0.0,100.0,2001-10-24,6.0,35.0
6203.0,13000000.0,4102526.0,92.0,1991-06-05,5.66,213.0
6204.0,20000000.0,8000000.0,100.0,1993-08-06,5.765,189.0
6210.0,0.0,0.0,120.0,2001-12-08,5.972,88.0
6212.0,20000000.0,132700000.0,105.0,2003-03-07,5.977,728.0
6213.0,75000000.0,86500000.0,120.0,2003-03-07,6.883,2543.0
6214.0,3500000.0,6500000.0,99.0,2002-05-22,7.18,3186.0
6215.0,0.0,4600000.0,103.0,2003-03-07,5.968,217.0
6216.0,0.0,0.0,141.0,2001-12-11,7.06,176.0
6217.0,0.0,0.0,121.0,2002-10-25,6.413,52.0
6218.0,3500000.0,76585951.0,112.0,2002-04-11,6.32,1987.0
6219.0,55000000.0,34234008.0,95.0,2003-03-11,6.16,885.0
6220.0,22000000.0,8564586.0,96.0,2003-03-14,6.1,353.0
6222.0,0.0,0.0,91.0,2003-06-13,6.319,328.0
6223.0,2000000.0,0.0,92.0,2003-02-07,6.576,502.0
6225.0,7775000.0,13400000.0,171.0,1961-10-11,7.2,225.0
6228.0,1000000.0,1100000.0,118.0,1942-08-20,7.329,120.0
6232.0,0.0,0.0,95.0,1966-03-14,6.8,128.0
6234.0,0.0,0.0,137.0,1977-10-16,7.0,141.0
6235.0,0.0,5575304.0,112.0,1990-11-14,7.241,270.0
6237.0,0.0,0.0,113.0,1954-01-04,6.943,157.0
6238.0,12500000.0,29888235.0,108.0,1990-12-23,6.129,525.0
6239.0,3440000.0,10000000.0,132.0,1959-12-15,6.9,498.0
6241.0,0.0,0.0,90.0,1983-03-23,6.986,243.0
6242.0,1200000.0,19400000.0,96.0,1998-01-31,7.076,1587.0
6244.0,450000.0,7434176.0,113.0,1988-08-24,7.3,116.0
6245.0,8000000.0,20000000.0,128.0,1969-02-25,6.884,86.0
6246.0,0.0,0.0,92.0,1991-04-26,6.25,4.0
6249.0,20000000.0,8586376.0,91.0,2002-10-01,5.262,679.0
6250.0,68000000.0,81240206.0,128.0,2003-03-21,5.631,1864.0
6251.0,46000000.0,62870546.0,75.0,2003-03-16,6.7,394.0
6252.0,30000000.0,19526014.0,87.0,2003-03-21,5.6,592.0
6254.0,600000.0,3000000.0,91.0,1937-10-21,7.201,341.0
6263.0,50000000.0,42792561.0,98.0,2003-04-18,6.503,1110.0
6264.0,60000000.0,74208267.0,134.0,2003-03-28,5.809,2076.0
6265.0,35200000.0,37788228.0,95.0,2003-03-28,5.558,308.0
6266.0,20000000.0,50700000.0,104.0,2003-03-27,6.3,1702.0
6267.0,0.0,0.0,114.0,2003-03-08,5.3,46.0
6268.0,800000.0,2816116.0,88.0,2002-05-16,6.8,44.0
6269.0,0.0,97000.0,145.0,2002-09-09,6.919,31.0
6270.0,12000000.0,2970161.0,118.0,1990-05-11,7.715,535.0
6271.0,700000.0,850000.0,111.0,1973-05-24,7.755,640.0
6273.0,0.0,0.0,94.0,1950-05-17,7.605,648.0
6279.0,30000000.0,0.0,108.0,2003-02-28,6.1,138.0
6280.0,36000000.0,44350926.0,113.0,2003-04-04,6.107,940.0
6281.0,13000000.0,97837138.0,81.0,2003-01-06,6.86,4020.0
6283.0,0.0,0.0,116.0,2001-09-01,7.724,995.0
6285.0,7500000.0,723000.0,100.0,2003-03-16,6.082,116.0
6286.0,0.0,921.0,97.0,2002-03-01,7.418,417.0
6287.0,75000000.0,195745823.0,101.0,2003-04-11,6.16,3358.0
6288.0,250000.0,3800000.0,101.0,2002-01-12,6.3,97.0
6289.0,13000000.0,17040871.0,60.0,2003-04-10,6.848,223.0
6290.0,7000000.0,17949758.0,89.0,2003-04-11,6.192,1711.0
6291.0,2700000.0,1007747.0,109.0,2002-08-23,7.616,639.0
6294.0,52000000.0,37713879.0,104.0,2003-03-28,5.504,978.0
6295.0,0.0,6126237.0,80.0,2003-04-16,6.748,127.0
6296.0,6000000.0,18750246.0,92.0,2003-04-16,6.7,256.0
6297.0,20000000.0,71406573.0,117.0,2003-04-18,6.889,1495.0
6298.0,15000000.0,34000000.0,82.0,2003-04-10,5.142,278.0
6299.0,35866397.0,20217080.0,98.0,2001-12-12,7.6,192.0
6300.0,0.0,0.0,109.0,2000-11-03,7.1,235.0
6301.0,2200000.0,3251794.0,118.0,1971-11-25,7.152,1030.0
6302.0,0.0,0.0,73.0,1957-06-28,3.789,38.0
6303.0,6500000.0,12376563.0,130.0,1971-03-12,7.046,758.0
6305.0,1500000.0,2000000.0,113.0,1966-09-07,7.118,1042.0
6306.0,0.0,0.0,92.0,2002-06-21,7.6,14.0
6308.0,40000000.0,93151591.0,116.0,1986-06-18,6.0,226.0
6310.0,0.0,0.0,103.0,1988-09-28,5.1,18.0
6313.0,16000000.0,17854933.0,88.0,1990-10-26,5.1,58.0
6314.0,0.0,12416686.0,90.0,1993-09-10,6.1,166.0
6315.0,0.0,26285544.0,106.0,1986-02-14,6.267,202.0
6316.0,24000000.0,21049053.0,134.0,1978-10-24,6.069,284.0
6319.0,0.0,0.0,105.0,1991-10-23,5.6,136.0
6320.0,3000000.0,9563393.0,89.0,1991-02-22,5.1,76.0
6322.0,15000000.0,23014206.0,95.0,2003-04-25,6.3,469.0
6323.0,28000000.0,90259536.0,90.0,2003-04-25,7.171,4217.0
6324.0,0.0,0.0,109.0,2003-04-25,6.0,77.0
6327.0,0.0,34837.0,110.0,2003-04-25,7.9,41.0
6329.0,0.0,0.0,102.0,2001-01-27,6.9,113.0
6330.0,20000000.0,5484302.0,100.0,2002-11-21,5.237,179.0
6331.0,0.0,0.0,97.0,2002-03-14,7.359,117.0
6332.0,17000000.0,55534455.0,94.0,2003-05-02,6.323,1309.0
6333.0,110000000.0,407711549.0,135.0,2003-04-27,7.032,10698.0
6334.0,1000000.0,464000.0,92.0,2003-04-25,6.1,54.0
6335.0,0.0,5227348.0,135.0,2002-09-20,6.078,64.0
6336.0,0.0,0.0,108.0,2002-10-09,6.9,12.0
6337.0,10000000.0,1271244.0,104.0,2003-05-02,6.726,188.0
6338.0,60000000.0,164433867.0,92.0,2003-05-09,5.918,2214.0
6339.0,0.0,7727906.0,90.0,2002-10-02,6.7,104.0
6341.0,0.0,735992.0,96.0,2003-07-24,6.134,152.0
6342.0,0.0,306567.0,95.0,2002-11-01,6.102,44.0
6344.0,0.0,0.0,88.0,2000-05-31,6.153,124.0
6345.0,25000000.0,14202899.0,113.0,1985-12-10,6.2,195.0
6347.0,0.0,0.0,110.0,1984-06-08,6.844,93.0
6348.0,0.0,0.0,94.0,1984-12-21,4.977,86.0
6349.0,1200000.0,38682707.0,87.0,1984-05-04,6.617,163.0
6350.0,3000000.0,5228752.0,124.0,1986-08-02,8.0,4565.0
6357.0,2800000.0,8200000.0,111.0,1956-07-17,6.801,254.0
6358.0,1981000.0,3117000.0,109.0,1953-11-26,6.4,90.0
6365.0,150000000.0,738599701.0,138.0,2003-05-15,7.07,11683.0
6367.0,35000000.0,20298207.0,97.0,2003-05-08,6.1,768.0
6368.0,0.0,0.0,79.0,2002-07-06,6.8,50.0
6370.0,5300000.0,3897799.0,120.0,2002-06-19,7.118,1200.0
6371.0,0.0,27756381.0,93.0,2002-07-13,6.7,373.0
6373.0,80000000.0,484592874.0,101.0,2003-05-23,6.724,11272.0
6374.0,40000000.0,26800000.0,98.0,2003-05-23,5.635,301.0
6375.0,0.0,0.0,102.0,2003-05-23,8.2,9.0
6376.0,0.0,0.0,95.0,2002-05-18,6.6,115.0
6377.0,94000000.0,940335536.0,101.0,2003-05-30,7.817,20230.0
6378.0,60000000.0,176070171.0,111.0,2003-05-30,6.784,5868.0
6379.0,12600000.0,28650575.0,84.0,2003-05-30,6.378,2915.0
6380.0,0.0,4076990.0,107.0,2003-05-30,7.128,352.0
6382.0,0.0,0.0,117.0,2002-09-10,6.9,61.0
6383.0,76000000.0,236350661.0,107.0,2003-06-05,6.513,7974.0
6385.0,8000000.0,41400000.0,97.0,2003-01-30,7.1,433.0
6386.0,0.0,0.0,120.0,1966-06-10,6.727,183.0
6387.0,0.0,4303351.0,108.0,1991-02-02,6.8,171.0
6390.0,0.0,0.0,118.0,1957-06-28,6.8,60.0
6395.0,275000.0,143784.0,103.0,1973-03-16,6.076,397.0
6400.0,0.0,0.0,111.0,2001-09-14,7.458,59.0
6402.0,0.0,0.0,91.0,1999-09-09,5.846,13.0
6405.0,0.0,4419657.0,96.0,1950-07-19,6.6,225.0
6407.0,0.0,0.0,114.0,1966-06-29,6.5,81.0
6408.0,0.0,0.0,92.0,1974-01-31,7.4,77.0
6410.0,0.0,0.0,97.0,1976-10-22,5.946,120.0
6412.0,0.0,0.0,94.0,1939-11-30,7.2,186.0
6415.0,0.0,0.0,112.0,1987-10-01,6.8,92.0
6417.0,9000000.0,0.0,85.0,1992-09-03,5.207,92.0
6422.0,0.0,17268889.0,105.0,1965-06-03,6.942,154.0
6424.0,35000000.0,23562716.0,110.0,1991-04-26,6.339,553.0
6425.0,0.0,0.0,107.0,1997-03-28,6.055,173.0
6427.0,375000.0,0.0,104.0,1970-12-21,6.701,97.0
6428.0,2500000.0,5050000.0,114.0,1970-03-02,6.954,639.0
6429.0,0.0,2250000.0,92.0,1950-07-06,7.305,387.0
6433.0,0.0,0.0,68.0,1929-05-12,7.84,783.0
6434.0,0.0,0.0,142.0,1945-02-17,6.8,92.0
6436.0,0.0,4104962.0,114.0,1993-04-09,7.125,1052.0
6440.0,9000000.0,6153939.0,116.0,1991-08-01,7.456,1823.0
6442.0,0.0,0.0,109.0,1992-12-04,6.639,202.0
6448.0,5355000.0,0.0,142.0,1965-12-15,7.212,356.0
6449.0,0.0,0.0,149.0,1960-07-15,6.6,54.0
6452.0,0.0,0.0,115.0,1958-05-17,7.034,219.0
6453.0,0.0,0.0,76.0,1934-05-06,7.2,52.0
6454.0,0.0,6263883.0,124.0,1989-12-22,7.1,174.0
6460.0,1300000.0,94243.0,119.0,1962-08-25,7.421,543.0
6461.0,5000000.0,0.0,125.0,1960-04-06,6.2,220.0
6464.0,8500000.0,23712993.0,95.0,1997-07-25,6.129,560.0
6465.0,0.0,0.0,106.0,1978-02-01,5.9,79.0
6466.0,5000000.0,7332515.0,118.0,1991-09-18,6.4,95.0
6476.0,22000000.0,11500000.0,98.0,1991-10-11,6.131,221.0
6477.0,2000000.0,0.0,164.0,1943-12-21,7.0,125.0
6480.0,0.0,0.0,152.0,1967-03-22,6.9,96.0
6482.0,19000000.0,39267515.0,85.0,2003-04-14,4.1,888.0
6483.0,12000000.0,4922166.0,81.0,2003-06-20,3.241,108.0
6484.0,75000000.0,51142659.0,110.0,2003-06-09,5.231,680.0
6493.0,30000000.0,15368897.0,96.0,2003-06-20,5.218,211.0
6502.0,8000000.0,82784517.0,112.0,2002-10-31,7.237,8176.0
6503.0,120000000.0,259175788.0,105.0,2003-06-25,5.489,3219.0
6506.0,0.0,181662.0,95.0,2001-08-03,6.8,153.0
6509.0,130000.0,186757.0,93.0,1974-03-05,7.736,443.0
6510.0,2500000.0,764083.0,95.0,1993-04-09,5.7,34.0
6514.0,0.0,0.0,71.0,1961-06-11,1.7,24.0
6515.0,575.0,0.0,86.0,1937-01-23,7.11,188.0
6516.0,3520000.0,4300000.0,105.0,1956-12-13,6.8,182.0
6517.0,0.0,17530973.0,115.0,1992-04-17,5.588,164.0
6523.0,0.0,20000000.0,109.0,1992-10-01,5.782,140.0
6527.0,3005000.0,6746000.0,110.0,1952-05-08,7.0,96.0
6528.0,0.0,0.0,90.0,1970-02-04,5.786,42.0
6530.0,0.0,5100000.0,125.0,1976-05-26,7.607,1208.0
6533.0,4000000.0,66000000.0,94.0,1972-03-09,7.357,435.0
6534.0,137000000.0,245360480.0,140.0,2003-06-19,5.577,6154.0
6535.0,45000000.0,124914842.0,96.0,2003-07-02,5.709,1708.0
6536.0,60000000.0,80767884.0,81.0,2003-07-02,6.996,2154.0
6537.0,200000000.0,435000000.0,109.0,2003-07-02,6.183,7083.0
6538.0,7800000.0,22441323.0,102.0,2003-05-21,6.484,771.0
6539.0,140000000.0,655011224.0,143.0,2003-07-09,7.818,21824.0
6541.0,78000000.0,179265204.0,110.0,2003-07-11,5.976,4264.0
6542.0,0.0,0.0,99.0,2002-09-12,7.0,115.0
6545.0,8000000.0,6586341.0,108.0,2003-05-09,6.737,97.0
6547.0,1900000.0,1600000.0,103.0,2003-07-11,5.9,81.0
6548.0,130000000.0,273339556.0,147.0,2003-07-18,6.656,5806.0
6549.0,0.0,0.0,101.0,2003-07-18,5.4,159.0
6550.0,40000000.0,160466000.0,90.0,2003-03-14,6.286,3686.0
6551.0,2500000.0,0.0,101.0,2002-07-18,4.75,20.0
6552.0,0.0,0.0,93.0,2002-09-05,6.88,479.0
6553.0,0.0,384336.0,101.0,2002-09-06,7.2,249.0
6554.0,0.0,0.0,105.0,2002-10-03,5.371,35.0
6557.0,0.0,0.0,100.0,1995-03-31,5.314,43.0
6558.0,0.0,33691313.0,101.0,1991-10-25,6.371,560.0
6559.0,20000000.0,19300000.0,142.0,1994-10-14,6.472,460.0
6560.0,15000000.0,5585154.0,94.0,1990-02-09,4.968,111.0
6561.0,0.0,0.0,83.0,1959-07-17,6.355,131.0
6563.0,0.0,546106.0,112.0,2003-07-25,5.036,56.0
6564.0,95000000.0,160099222.0,117.0,2003-07-21,5.758,4426.0
6565.0,87000000.0,148300000.0,141.0,2003-07-22,7.057,905.0
6566.0,38000000.0,197101678.0,84.0,2003-07-25,5.143,2330.0
6567.0,15000000.0,2300805.0,98.0,2002-10-31,6.277,343.0
6568.0,0.0,1628154.0,114.0,2003-09-05,5.483,89.0
6571.0,4000000.0,146402.0,113.0,2002-09-27,7.227,242.0
6572.0,7000000.0,0.0,89.0,2003-05-17,5.5,130.0
6573.0,2750000.0,3000000.0,138.0,1972-12-17,6.931,259.0
6574.0,13000000.0,5451119.0,99.0,1991-01-18,4.553,57.0
6577.0,0.0,1250712.0,87.0,1991-01-30,5.508,197.0
6578.0,3500000.0,10000000.0,126.0,1964-12-22,7.0,207.0
6579.0,3000000.0,4000000.0,109.0,1961-12-15,7.501,411.0
6581.0,10000000.0,1500000.0,125.0,1970-10-29,6.8,321.0
6582.0,40000000.0,14393902.0,112.0,1985-10-11,6.2,273.0
6583.0,0.0,882290.0,100.0,1989-10-19,5.821,151.0
6584.0,400000.0,0.0,80.0,1966-11-02,5.306,198.0
6586.0,55000000.0,231449203.0,99.0,2003-08-01,6.218,4295.0
6587.0,75600000.0,7266209.0,121.0,2003-08-01,4.024,485.0
6588.0,0.0,0.0,133.0,2002-05-29,5.645,31.0
6591.0,5000000.0,21107578.0,116.0,2002-08-30,7.422,449.0
6592.0,0.0,0.0,104.0,2002-09-09,5.721,34.0
6593.0,26000000.0,160846332.0,97.0,2003-08-05,6.6,4187.0
6595.0,80000000.0,207700000.0,117.0,2003-08-08,6.155,2644.0
6596.0,0.0,12991996.0,117.0,2003-08-08,4.932,161.0
6597.0,0.0,77567.0,92.0,2001-12-15,5.682,33.0
6598.0,0.0,0.0,88.0,2003-08-05,7.2,37.0
6603.0,0.0,0.0,104.0,1947-12-25,6.3,81.0
6604.0,0.0,0.0,90.0,1966-05-04,7.228,359.0
6609.0,0.0,0.0,137.0,1965-03-03,7.4,400.0
6611.0,0.0,71461.0,89.0,1952-01-20,7.876,723.0
6612.0,0.0,0.0,104.0,1992-09-09,6.991,56.0
6614.0,0.0,0.0,97.0,1990-04-06,6.39,278.0
6615.0,30000000.0,116643421.0,95.0,2003-08-15,6.086,2760.0
6616.0,6000000.0,5141166.0,104.0,2003-08-15,5.9,151.0
6617.0,22000000.0,68296293.0,139.0,2003-08-11,7.222,1168.0
6618.0,10000005.0,42776760.0,90.0,2001-07-05,7.2,2455.0
6619.0,20000000.0,44617342.0,92.0,2003-08-15,6.898,1060.0
6620.0,2000000.0,6003587.0,101.0,2003-08-15,7.2,522.0
6624.0,28000000.0,58795814.0,102.0,2003-03-14,5.5,1143.0
6625.0,0.0,0.0,96.0,1994-08-26,5.885,163.0
6628.0,4506756.0,20307325.0,96.0,1984-01-13,4.77,74.0
6629.0,1000000.0,23750319.0,88.0,1953-04-16,6.9,370.0
6631.0,6000000.0,12974636.0,87.0,1993-11-19,5.868,136.0
6636.0,4500000.0,18135531.0,95.0,1985-03-01,6.476,313.0
6638.0,350000.0,17343596.0,99.0,1983-04-08,5.99,260.0
6639.0,4000000.0,11000000.0,108.0,1967-10-26,7.333,579.0
6643.0,0.0,0.0,126.0,1953-11-03,8.2,1179.0
6644.0,0.0,0.0,94.0,1986-08-29,7.443,271.0
6645.0,777000.0,2437000.0,89.0,1971-03-11,6.442,1026.0
6650.0,0.0,0.0,104.0,1949-06-21,7.641,589.0
6654.0,0.0,0.0,94.0,1963-12-22,6.554,56.0
6656.0,0.0,0.0,79.0,1958-04-01,5.016,63.0
6658.0,7000000.0,107000000.0,120.0,1979-10-05,5.747,292.0
6659.0,11000000.0,48572000.0,96.0,1990-01-19,6.9,3468.0
6660.0,500000.0,10000000.0,133.0,1948-09-06,7.981,726.0
6662.0,0.0,10878107.0,115.0,1963-12-18,6.849,1149.0
6663.0,6000000.0,33833201.0,103.0,1976-09-16,6.857,596.0
6664.0,10000000.0,57500000.0,88.0,1985-10-03,6.692,3048.0
6665.0,0.0,0.0,109.0,1979-07-20,6.359,277.0
6666.0,800000.0,103230.0,101.0,1972-09-15,7.467,882.0
6667.0,0.0,0.0,136.0,1997-09-19,7.564,47.0
6668.0,0.0,0.0,89.0,1999-10-16,7.453,222.0
6669.0,0.0,55240.0,143.0,1952-10-09,8.316,1288.0
6670.0,0.0,0.0,92.0,2002-09-03,5.245,49.0
6671.0,0.0,0.0,158.0,1990-09-20,7.0,180.0
6678.0,13000000.0,4960385.0,109.0,1990-02-15,6.1,267.0
6679.0,0.0,0.0,85.0,2001-03-09,6.946,83.0
6684.0,0.0,0.0,131.0,1971-03-05,7.225,527.0
6686.0,38000000.0,34300000.0,88.0,2003-08-15,5.604,1167.0
6687.0,14000000.0,0.0,85.0,2003-08-21,5.049,718.0
6688.0,0.0,0.0,95.0,2001-09-27,6.95,20.0
6689.0,1000000.0,0.0,79.0,2003-08-22,5.652,56.0
6691.0,0.0,0.0,127.0,2001-08-29,5.3,30.0
6692.0,0.0,0.0,82.0,2004-06-25,5.867,15.0
6695.0,17000000.0,63102666.0,104.0,2003-08-08,6.2,1762.0
6696.0,0.0,0.0,101.0,2002-10-25,5.613,31.0
6699.0,0.0,0.0,104.0,2002-09-06,6.2,55.0
6702.0,17000000.0,23769505.0,98.0,2003-09-04,5.1,202.0
6705.0,5000000.0,742898.0,98.0,2003-09-05,5.781,192.0
6706.0,20000000.0,0.0,105.0,2002-03-07,6.2,47.0
6707.0,1500000.0,30600000.0,94.0,2003-08-15,5.694,1403.0
6708.0,62000000.0,65565672.0,112.0,2003-09-12,7.004,1905.0
6709.0,29000000.0,98769390.0,105.0,2003-09-11,6.296,2335.0
6710.0,0.0,71646.0,91.0,2002-09-12,5.9,95.0
6711.0,4000000.0,119723856.0,102.0,2003-09-18,7.385,7869.0
6713.0,0.0,37641.0,87.0,2002-09-14,7.84,978.0
6715.0,0.0,0.0,92.0,1991-09-06,4.192,39.0
6718.0,0.0,8800000.0,101.0,1985-05-03,5.9,160.0
6720.0,10000000.0,21142815.0,102.0,1992-01-10,5.7,219.0
6721.0,0.0,3826459.0,134.0,1991-08-15,7.101,472.0
6722.0,0.0,30399676.0,108.0,1992-04-16,7.166,277.0
6723.0,0.0,27540561.0,105.0,1993-01-14,6.47,214.0
6724.0,2500000.0,30900000.0,102.0,1973-05-09,7.9,795.0
6731.0,3750000.0,34000000.0,101.0,1985-07-03,7.04,1346.0
6732.0,24000000.0,33208099.0,148.0,1969-12-12,6.987,374.0
6734.0,40000000.0,14358033.0,99.0,1992-02-28,5.9,627.0
6744.0,3200000.0,10000000.0,94.0,1985-11-15,5.794,355.0
6746.0,0.0,0.0,92.0,1976-07-30,4.9,126.0
6748.0,1355000.0,5000000.0,92.0,1979-05-25,6.719,786.0
6750.0,18000000.0,13585075.0,108.0,2003-08-27,6.142,650.0
6751.0,45000000.0,29119434.0,118.0,2003-09-19,5.375,527.0
6752.0,15000000.0,30238577.0,119.0,2003-09-19,5.7,130.0
6753.0,0.0,0.0,111.0,2003-09-19,7.2,809.0
6754.0,22000000.0,95708457.0,115.0,2003-09-19,6.844,6471.0
6755.0,1000000.0,1239541.0,92.0,2002-06-09,6.489,679.0
6760.0,0.0,0.0,88.0,2003-03-28,6.241,54.0
6763.0,40000000.0,19322135.0,89.0,2003-09-26,6.081,1755.0
6764.0,85000000.0,80900000.0,104.0,2003-09-26,6.441,2121.0
6765.0,18000000.0,58878723.0,113.0,2003-09-20,6.881,943.0
6768.0,30000000.0,29400000.0,123.0,2003-10-29,6.447,331.0
6769.0,4361898.0,3031801.0,90.0,2003-06-06,5.938,88.0
6770.0,2500000.0,12300000.0,106.0,2003-03-07,6.082,492.0
6772.0,1000000.0,0.0,104.0,2002-08-28,7.3,145.0
6773.0,9500000.0,14776760.0,78.0,2003-06-11,7.397,1016.0
6774.0,5952000.0,2120439.0,88.0,1983-02-04,7.3,2399.0
6775.0,0.0,0.0,86.0,2001-04-22,7.2,14.0
6776.0,5200000.0,8100000.0,224.0,2001-06-15,7.262,620.0
6777.0,3000000.0,10000000.0,179.0,1961-12-18,8.0,907.0
6780.0,0.0,2279692.0,80.0,1991-10-01,7.2,123.0
6782.0,0.0,0.0,79.0,1989-03-24,6.926,196.0
6783.0,8847685.0,273520.0,112.0,1939-07-09,7.505,647.0
6785.0,0.0,5000000.0,103.0,1954-07-22,7.105,560.0
6786.0,1250000.0,17000000.0,120.0,1985-07-26,7.0,329.0
6787.0,8500000.0,70600000.0,139.0,1976-04-09,7.7,2003.0
6788.0,0.0,9398308.0,108.0,1994-03-04,5.703,37.0
6789.0,0.0,0.0,116.0,1996-07-27,6.758,233.0
6790.0,8000000.0,8826094.0,107.0,2001-01-20,6.5,340.0
6791.0,0.0,4398938.0,103.0,1987-08-11,7.198,431.0
6793.0,0.0,147214049.0,83.0,1992-04-03,5.834,2200.0
6794.0,15000000.0,118243066.0,84.0,1993-12-14,5.554,1045.0
6796.0,6500000.0,57504069.0,112.0,1991-07-12,7.6,2175.0
6797.0,30000000.0,49114016.0,136.0,1991-12-10,6.327,421.0
6798.0,0.0,0.0,93.0,1976-07-22,6.582,304.0
6800.0,25000000.0,49042224.0,87.0,1986-01-01,6.148,1896.0
6803.0,3800000.0,0.0,105.0,1985-01-25,6.8,892.0
6804.0,3000000.0,5101.0,83.0,1985-04-12,5.497,159.0
6807.0,9000000.0,42749697.0,107.0,1983-03-31,7.303,2036.0
6808.0,7700000.0,21000000.0,158.0,1968-12-04,7.511,955.0
6809.0,0.0,48143579.0,115.0,1984-08-17,6.145,373.0
6810.0,19000000.0,175000000.0,99.0,1991-01-13,6.491,1180.0
6811.0,9000000.0,4350774.0,81.0,1994-04-29,6.0,132.0
6812.0,10000000.0,21600000.0,118.0,1990-12-07,5.877,595.0
6814.0,25000000.0,38348988.0,93.0,1984-12-07,5.5,205.0
6816.0,6000000.0,3685862.0,97.0,1987-10-09,6.789,292.0
6817.0,24000000.0,2300000.0,112.0,1990-05-16,6.381,297.0
6818.0,0.0,20929648.0,136.0,1985-10-17,8.217,1743.0
6820.0,5000000.0,0.0,108.0,2000-08-10,6.926,965.0
6821.0,2500000.0,15000000.0,110.0,1979-08-03,5.2,106.0
6827.0,8000000.0,60822.0,77.0,1994-08-26,3.081,74.0
6832.0,25000000.0,43001500.0,107.0,1991-07-10,6.537,625.0
6835.0,0.0,0.0,95.0,1980-08-02,5.229,142.0
6836.0,0.0,0.0,58.0,1960-02-01,3.875,60.0
6837.0,0.0,0.0,88.0,1939-04-07,7.0,120.0
6849.0,5000000.0,6000000.0,113.0,1970-11-05,6.814,161.0
6850.0,20000000.0,23400000.0,108.0,1992-12-18,5.811,225.0
6851.0,0.0,1345236.0,101.0,1992-07-10,6.3,68.0
6852.0,3500000.0,13007551.0,134.0,1967-12-15,7.5,415.0
6853.0,4900000.0,989528.0,94.0,1987-04-10,3.786,7.0
6856.0,0.0,0.0,126.0,1942-05-29,7.0,226.0
6857.0,0.0,0.0,94.0,1993-06-05,7.772,716.0
6858.0,0.0,0.0,94.0,1962-03-09,7.277,459.0
6860.0,23000000.0,20246790.0,104.0,1991-07-26,6.242,190.0
6862.0,50000000.0,55495563.0,105.0,2003-10-03,6.346,1264.0
6863.0,35000000.0,131100000.0,108.0,2003-10-03,7.082,6026.0
6867.0,500000.0,8701337.0,89.0,2003-12-05,7.35,756.0
6868.0,5000000.0,2466444.0,104.0,2003-10-23,6.1,286.0
6869.0,0.0,217201.0,118.0,2002-10-22,7.3,138.0
6870.0,25000000.0,156800000.0,138.0,2003-10-08,7.743,7249.0
6872.0,12000000.0,13818181.0,90.0,2003-04-11,3.1,415.0
6873.0,60000000.0,119940815.0,96.0,2003-10-10,5.95,1613.0
6874.0,30000000.0,180906076.0,110.0,2003-10-10,7.971,18527.0
6879.0,60000000.0,80154140.0,127.0,2003-01-16,6.928,1486.0
6880.0,9500000.0,107967319.0,98.0,2003-05-21,6.3,2834.0
6881.0,300000.0,0.0,80.0,2003-10-17,6.475,263.0
6882.0,0.0,73060.0,116.0,2002-08-31,6.516,245.0
6883.0,7000000.0,10000000.0,110.0,2003-10-17,5.734,120.0
6884.0,17000000.0,9439660.0,98.0,2003-07-11,6.7,327.0
6885.0,12000000.0,23726793.0,102.0,2003-10-22,5.1,449.0
6886.0,35000000.0,0.0,127.0,2003-10-23,6.415,427.0
6887.0,35000000.0,53293628.0,109.0,2003-10-24,7.304,809.0
6888.0,45000000.0,220673217.0,84.0,2003-10-24,6.0,4346.0
6889.0,128000000.0,250397798.0,82.0,2003-10-23,7.3,5664.0
6890.0,3000000.0,10000000.0,81.0,2003-09-20,7.0,2048.0
6893.0,3000000.0,0.0,100.0,1969-06-02,6.957,830.0
6898.0,0.0,0.0,106.0,2002-09-07,7.0,240.0
6899.0,0.0,0.0,87.0,1988-02-26,3.368,72.0
6902.0,7000000.0,0.0,116.0,2002-04-13,7.373,750.0
6909.0,10706075.0,1766761.0,98.0,2002-05-09,6.586,448.0
6911.0,0.0,0.0,128.0,1946-10-10,6.6,17.0
6912.0,0.0,0.0,88.0,1941-09-25,6.4,59.0
6918.0,0.0,170215.0,110.0,1956-10-11,7.862,279.0
6920.0,0.0,0.0,140.0,1970-10-19,7.605,703.0
6927.0,30000000.0,24900000.0,103.0,2003-10-29,6.009,498.0
6932.0,6000000.0,2944752.0,94.0,2003-11-14,6.96,461.0
6934.0,150000000.0,424988211.0,128.0,2003-11-05,6.751,10556.0
6935.0,0.0,0.0,74.0,2003-03-07,7.7,53.0
6936.0,32000000.0,228500000.0,97.0,2003-11-07,6.666,4445.0
6938.0,0.0,54.0,88.0,2003-11-07,8.0,3.0
6939.0,0.0,585604.0,112.0,1999-10-21,7.7,65.0
6942.0,40000000.0,250779876.0,135.0,2003-09-07,7.1,7252.0
6944.0,20000000.0,89325780.0,105.0,1991-12-20,6.472,1462.0
6945.0,0.0,0.0,116.0,2003-11-12,6.774,31.0
6946.0,80000000.0,68500000.0,91.0,2003-11-14,6.4,1580.0
6947.0,150000000.0,211623421.0,134.0,2003-11-14,7.176,3421.0
6948.0,300000.0,7808524.0,112.0,2003-11-14,7.9,167.0
6949.0,0.0,0.0,94.0,2003-05-16,6.057,81.0
6950.0,60000000.0,38364277.0,137.0,2003-11-26,6.305,676.0
6951.0,109000000.0,133800000.0,83.0,2003-11-21,5.287,1756.0
6952.0,40000000.0,141591324.0,100.0,2003-11-21,6.119,2434.0
6953.0,20000000.0,60427839.0,124.0,2003-09-06,7.325,3316.0
6954.0,8000000.0,34883010.0,99.0,2003-09-24,7.051,390.0
6957.0,23000000.0,76500000.0,88.0,2003-11-26,6.559,2326.0
6958.0,90000000.0,182290266.0,84.0,2003-11-26,5.688,2102.0
6959.0,80000000.0,43935763.0,115.0,2003-11-26,5.729,1141.0
6961.0,11000000.0,31000000.0,111.0,1992-12-02,6.583,653.0
6962.0,0.0,0.0,76.0,2002-05-09,5.444,9.0
6963.0,0.0,0.0,77.0,2002-01-11,6.571,35.0
6965.0,0.0,0.0,79.0,2002-03-08,6.6,7.0
6966.0,14000000.0,48878502.0,95.0,1990-08-24,6.435,1472.0
6967.0,0.0,0.0,103.0,1945-09-09,7.215,295.0
6969.0,0.0,0.0,95.0,1983-04-06,6.347,161.0
6970.0,0.0,0.0,103.0,1957-08-02,7.0,124.0
6971.0,0.0,1007976.0,112.0,1991-06-27,7.348,349.0
6973.0,32000000.0,28600000.0,120.0,1992-02-07,5.722,306.0
6974.0,0.0,0.0,103.0,1990-07-20,6.308,299.0
6975.0,0.0,2506.0,109.0,1997-08-23,7.307,2012.0
6978.0,23000.0,1228108.0,100.0,1991-07-05,6.732,330.0
6979.0,12000000.0,124600000.0,114.0,1983-06-03,7.065,2077.0
6981.0,0.0,0.0,126.0,1955-01-09,7.945,401.0
6982.0,0.0,10188.0,82.0,1952-05-09,7.774,343.0
6983.0,1705000.0,3550000.0,97.0,1943-12-24,6.913,149.0
6984.0,1000000.0,0.0,128.0,1935-12-25,6.8,77.0
6985.0,0.0,18121.0,82.0,1928-04-21,8.0,1056.0
6986.0,3900000.0,9000000.0,143.0,1925-12-25,7.3,110.0
6987.0,18000.0,8811.0,77.0,1920-02-27,7.93,1726.0
6989.0,0.0,15856028.0,128.0,1983-12-15,6.3,331.0
6990.0,6000000.0,0.0,110.0,1978-12-14,6.7,417.0
6992.0,20000000.0,27058304.0,96.0,1994-03-11,5.988,344.0
6993.0,6400000.0,40084041.0,105.0,1986-02-07,7.475,1129.0
6994.0,24000000.0,65595485.0,111.0,1991-03-08,6.146,463.0
6996.0,34000000.0,15556340.0,109.0,1991-01-13,4.7,930.0
6997.0,35000000.0,0.0,140.0,1992-12-25,6.246,345.0
6998.0,0.0,0.0,109.0,1993-06-25,6.2,78.0
6999.0,26000000.0,94900635.0,102.0,1992-06-12,6.135,456.0
7000.0,65000000.0,17218080.0,100.0,1991-05-23,5.704,1098.0
7001.0,3500000.0,24946533.0,115.0,1978-12-20,7.223,1262.0
7004.0,15000000.0,201957688.0,111.0,1990-12-21,6.114,2717.0
7005.0,23000000.0,52487045.0,97.0,1991-02-15,5.3,313.0
7007.0,29000000.0,114500000.0,106.0,1991-12-13,6.828,2079.0
7008.0,1250000.0,36182181.0,129.0,1972-12-15,6.9,1315.0
7009.0,30000000.0,7300000.0,127.0,1992-12-30,7.1,554.0
7010.0,0.0,5013090.0,115.0,1992-01-22,6.978,741.0
7012.0,20000000.0,15379253.0,100.0,1990-10-12,6.2,220.0
7013.0,795000.0,0.0,93.0,1955-07-26,7.861,1772.0
7015.0,0.0,25092802.0,104.0,1991-05-24,6.055,182.0
7016.0,25000000.0,16057580.0,93.0,1987-02-13,6.445,1814.0
7017.0,15000000.0,44065653.0,80.0,1992-11-06,5.995,1086.0
7018.0,22000000.0,221303188.0,127.0,1990-07-27,6.803,783.0
7019.0,18000000.0,18532286.0,107.0,1987-04-17,6.275,271.0
7020.0,0.0,2155000.0,90.0,1991-08-15,6.63,107.0
7022.0,4500000.0,30600000.0,114.0,2000-12-16,7.269,3710.0
7023.0,875000.0,23633459.0,106.0,1993-03-01,7.215,279.0
7024.0,800000.0,1800000.0,115.0,1976-01-10,6.3,2232.0
7025.0,0.0,0.0,108.0,1992-04-24,6.5,120.0
7026.0,0.0,35114428.0,97.0,1987-07-22,6.365,271.0
7027.0,23000000.0,32192570.0,133.0,1985-07-10,6.952,788.0
7028.0,15000000.0,15260154.0,89.0,1990-07-13,6.689,402.0
7030.0,35000000.0,4651977.0,114.0,1992-02-21,6.995,203.0
7031.0,24000000.0,6484246.0,100.0,1993-09-10,5.674,259.0
7032.0,0.0,15645616.0,123.0,1990-02-16,6.486,468.0
7033.0,12000000.0,110996879.0,111.0,1987-04-10,6.49,677.0
7034.0,0.0,0.0,89.0,1998-10-23,7.09,575.0
7036.0,1200000.0,80000000.0,91.0,1985-08-23,6.197,1231.0
7037.0,0.0,1710057.0,113.0,1991-10-23,7.051,443.0
7038.0,0.0,1433668.0,109.0,2000-05-27,5.758,99.0
7040.0,6000000.0,17307019.0,115.0,1985-11-01,7.125,735.0
7041.0,0.0,5777916.0,111.0,1994-12-02,5.651,273.0
7044.0,9500000.0,14569027.0,127.0,1990-08-17,7.0,1844.0
7045.0,11000000.0,15400000.0,91.0,1990-05-25,6.9,1345.0
7046.0,22000000.0,63766510.0,114.0,1987-06-12,6.539,1518.0
7047.0,24000000.0,18707466.0,135.0,1985-08-16,6.828,468.0
7048.0,25000000.0,44480039.0,98.0,1997-07-18,6.595,669.0
7049.0,0.0,0.0,89.0,1933-12-22,6.2,69.0
7050.0,747000.0,2727000.0,110.0,1936-02-20,6.8,72.0
7051.0,0.0,18820000.0,108.0,1965-06-22,6.0,163.0
7052.0,864000.0,1276000.0,123.0,1936-07-28,6.2,38.0
7053.0,0.0,0.0,106.0,1935-03-07,7.0,46.0
7054.0,2776000.0,5910000.0,122.0,1949-03-10,7.381,226.0
7055.0,886000.0,2600000.0,103.0,1936-08-28,6.843,245.0
7056.0,151000.0,557000.0,84.0,1931-04-23,7.244,379.0
7057.0,0.0,25002557.0,133.0,1935-10-09,6.34,47.0
7058.0,0.0,0.0,118.0,1947-09-13,6.7,69.0
7059.0,2770000.0,5840000.0,123.0,1945-01-26,7.2,116.0
7060.0,3500000.0,24593103.0,107.0,1973-08-15,7.1,601.0
7061.0,0.0,0.0,104.0,1939-04-20,6.952,155.0
7062.0,2650000.0,3100000.0,147.0,1962-07-04,7.509,332.0
7063.0,370000.0,37041.0,94.0,1972-12-29,7.452,1201.0
7064.0,0.0,0.0,96.0,1946-10-29,7.507,653.0
7065.0,100000.0,11000000.0,193.0,1915-03-08,5.953,576.0
7067.0,0.0,78550.0,137.0,1965-10-22,7.227,332.0
7069.0,2400000.0,1000000.0,141.0,1971-12-20,7.1,295.0
7070.0,3000000.0,9012000.0,126.0,1948-09-17,7.345,574.0
7071.0,1000000.0,12200000.0,155.0,1974-11-18,7.791,547.0
7072.0,531374.0,1103757.0,97.0,1939-03-02,7.616,1198.0
7073.0,0.0,12368234.0,115.0,1964-06-23,7.174,617.0
7074.0,0.0,0.0,69.0,1924-09-28,7.141,266.0
7075.0,4000000.0,0.0,101.0,1955-12-24,7.251,211.0
7076.0,5500000.0,42300000.0,113.0,1968-10-17,7.147,1245.0
7078.0,1250000.0,0.0,104.0,1938-03-26,6.998,211.0
7079.0,1800000.0,6877900.0,113.0,1939-08-31,7.306,211.0
7080.0,439000.0,2281000.0,89.0,1933-03-11,6.917,210.0
7082.0,0.0,0.0,99.0,1962-06-14,6.425,181.0
7083.0,0.0,0.0,115.0,1985-10-02,6.5,60.0
7084.0,0.0,0.0,85.0,1972-05-04,7.481,629.0
7085.0,0.0,9129247.0,100.0,1964-10-14,6.8,141.0
7086.0,350000.0,0.0,96.0,1938-10-06,7.0,156.0
7087.0,14500000.0,40000000.0,163.0,1984-12-14,6.836,317.0
7088.0,0.0,0.0,107.0,1959-06-12,6.956,225.0
7089.0,0.0,0.0,127.0,1973-12-18,7.895,1180.0
7090.0,31000000.0,177394432.0,98.0,2002-07-22,7.506,2429.0
7091.0,0.0,0.0,68.0,1932-08-19,6.886,242.0
7092.0,1152000.0,1439000.0,95.0,1935-08-30,6.527,92.0
7093.0,4000000.0,15000000.0,105.0,1974-11-01,7.3,375.0
7096.0,0.0,0.0,90.0,2001-02-13,7.3,42.0
7099.0,1000000.0,9016411.0,117.0,1984-03-11,8.0,3952.0
7101.0,20000000.0,54830779.0,104.0,1991-08-02,6.4,663.0
7102.0,20000000.0,66700000.0,101.0,1987-06-26,5.987,522.0
7103.0,0.0,0.0,90.0,1990-02-16,5.317,82.0
7104.0,35000000.0,94900000.0,118.0,1979-12-14,5.774,667.0
7107.0,5000000.0,45000000.0,116.0,1978-07-14,6.311,254.0
7108.0,0.0,194720.0,107.0,1993-06-24,6.8,194.0
7109.0,0.0,0.0,110.0,1995-10-27,6.128,137.0
7114.0,0.0,0.0,119.0,1965-06-17,7.32,220.0
7115.0,0.0,2900000.0,100.0,1975-03-07,7.7,1561.0
7116.0,0.0,0.0,114.0,1955-01-29,7.9,1067.0
7117.0,1000000.0,8600000.0,91.0,1993-01-08,5.558,839.0
7118.0,8000000.0,0.0,121.0,1987-03-14,6.829,146.0
7121.0,1728000.0,9470000.0,101.0,1949-11-18,7.109,330.0
7122.0,0.0,0.0,102.0,1966-12-21,6.9,81.0
7123.0,16000000.0,2641357.0,115.0,1991-12-27,7.006,1175.0
7124.0,0.0,0.0,80.0,1999-09-15,6.5,35.0
7125.0,0.0,0.0,110.0,2000-12-10,6.433,15.0
7127.0,16000000.0,4409328.0,91.0,1991-02-01,6.024,62.0
7131.0,0.0,0.0,130.0,1959-11-18,6.5,52.0
7132.0,0.0,0.0,91.0,1935-11-15,7.422,538.0
7134.0,0.0,0.0,104.0,1984-05-14,6.349,219.0
7137.0,4000000.0,10400000.0,97.0,2003-11-26,6.702,382.0
7139.0,0.0,25382911.0,106.0,2003-09-22,7.158,379.0
7141.0,0.0,0.0,83.0,2003-04-25,8.1,19.0
7142.0,18000000.0,62646763.0,94.0,2003-12-05,6.344,1218.0
7143.0,140000000.0,456800000.0,154.0,2003-12-05,7.598,7341.0
7147.0,70000000.0,123200000.0,125.0,2003-12-04,7.759,7609.0
7149.0,80000000.0,270000000.0,128.0,2003-12-12,6.634,1711.0
7150.0,55000000.0,65784503.0,118.0,2003-12-10,5.341,700.0
7151.0,10500000.0,33030115.0,100.0,2003-12-12,6.626,1457.0
7153.0,94000000.0,1118888979.0,201.0,2003-12-17,8.493,25963.0
7154.0,72300000.0,141337989.0,119.0,2003-12-19,6.908,1871.0
7155.0,10000000.0,96542059.0,103.0,2003-09-02,6.539,395.0
7156.0,0.0,0.0,100.0,2003-10-26,7.692,292.0
7158.0,16500000.0,16942795.0,126.0,2003-12-19,7.155,828.0
7160.0,8000000.0,58469210.0,109.0,2003-12-24,7.21,2479.0
7161.0,40000000.0,190212113.0,99.0,2003-12-24,6.281,2896.0
7162.0,79000000.0,173013509.0,148.0,2003-12-24,6.936,1922.0
7163.0,60000000.0,117248958.0,119.0,2003-12-25,6.217,1963.0
7164.0,100000000.0,121975011.0,113.0,2003-12-18,7.1,2729.0
7165.0,15000000.0,2281585.0,108.0,2003-12-25,5.3,116.0
7167.0,5740000.0,4098613.0,107.0,2003-08-30,6.305,77.0
7169.0,23000000.0,12195626.0,101.0,2004-01-09,6.224,639.0
7171.0,0.0,0.0,92.0,2003-11-21,6.703,145.0
7173.0,42000000.0,178300000.0,90.0,2004-01-16,6.025,2972.0
7175.0,40000000.0,46546197.0,84.0,2004-01-16,5.276,616.0
7176.0,0.0,400768.0,96.0,2003-09-12,6.9,84.0
7177.0,46000.0,3910519.0,80.0,2004-03-24,6.984,127.0
7178.0,6500000.0,26533200.0,146.0,1974-03-27,6.309,501.0
7179.0,0.0,0.0,102.0,1992-10-16,6.638,290.0
7181.0,0.0,0.0,149.0,1965-07-29,6.6,95.0
7184.0,4620000.0,2600000.0,110.0,1966-08-03,6.423,98.0
7190.0,0.0,0.0,110.0,1970-12-01,7.056,18.0
7191.0,0.0,3000000.0,78.0,1992-01-24,5.3,58.0
7192.0,6000000.0,3283371.0,99.0,1993-08-27,6.973,202.0
7193.0,49000000.0,20423389.0,102.0,1990-07-11,6.054,222.0
7202.0,3000000.0,0.0,95.0,2003-04-04,5.945,391.0
7205.0,4500000.0,9200000.0,119.0,1975-05-22,6.52,201.0
7206.0,0.0,0.0,116.0,1958-05-10,7.4,601.0
7208.0,0.0,0.0,113.0,1941-08-12,6.5,181.0
7209.0,0.0,0.0,88.0,1953-02-25,6.927,512.0
7211.0,0.0,4200000.0,110.0,1951-08-29,7.132,95.0
7212.0,0.0,0.0,105.0,1949-08-26,6.944,142.0
7215.0,0.0,3650000.0,100.0,1945-01-20,7.45,560.0
7216.0,455000.0,0.0,100.0,1941-01-23,7.054,345.0
7217.0,1678000.0,3430000.0,106.0,1947-09-05,7.3,341.0
7218.0,565000.0,0.0,72.0,1943-03-11,7.723,420.0
7219.0,539000.0,1596000.0,95.0,1940-07-26,6.908,130.0
7222.0,100000.0,0.0,65.0,1938-06-15,4.304,125.0
7223.0,0.0,0.0,83.0,1949-12-23,6.93,187.0
7225.0,1000000.0,0.0,86.0,1977-01-18,7.116,511.0
7228.0,30000000.0,14110589.0,97.0,1992-07-10,5.631,783.0
7234.0,0.0,0.0,100.0,1954-09-23,7.911,1146.0
7235.0,1400010.0,80631.0,129.0,2001-12-22,6.995,1065.0
7236.0,400000.0,6900000.0,91.0,1975-03-23,6.3,367.0
7238.0,0.0,0.0,103.0,1958-10-03,7.4,265.0
7243.0,385907.0,1750000.0,163.0,1916-09-04,7.057,366.0
7245.0,0.0,0.0,75.0,1960-09-22,4.94,58.0
7247.0,10000000.0,7500445.0,146.0,1968-12-17,6.818,719.0
7248.0,11000000.0,14000000.0,140.0,2001-08-17,5.7,22.0
7251.0,3000000.0,390152.0,98.0,1992-09-11,6.1,59.0
7254.0,13000000.0,96800000.0,119.0,2004-01-17,7.571,8028.0
7255.0,17000000.0,16980098.0,95.0,2004-01-23,5.7,506.0
7256.0,0.0,13885802.0,106.0,2003-09-05,7.543,443.0
7257.0,50000000.0,6808550.0,88.0,2004-01-30,4.961,268.0
7258.0,0.0,10900000.0,92.0,2004-01-30,5.812,500.0
7259.0,8000000.0,50576805.0,95.0,2004-01-30,6.325,457.0
7260.0,850000.0,819939.0,107.0,2004-01-30,6.8,270.0
7261.0,18000000.0,65070412.0,106.0,2004-01-20,6.013,307.0
7262.0,18000000.0,16951702.0,91.0,2004-02-06,5.594,316.0
7263.0,28000000.0,64400000.0,135.0,2004-02-06,7.1,652.0
7264.0,0.0,0.0,97.0,2002-09-12,5.5,21.0
7265.0,15000000.0,15100000.0,116.0,2003-10-10,7.2,3031.0
7266.0,40000.0,143312.0,90.0,2001-09-12,6.202,85.0
7282.0,0.0,0.0,86.0,2000-10-31,1.8,21.0
7285.0,2000000.0,10128960.0,100.0,2003-08-20,6.666,1719.0
7292.0,18000000.0,19265302.0,90.0,1984-07-20,4.3,127.0
7293.0,75000000.0,196482882.0,99.0,2004-02-13,6.868,7574.0
7294.0,30000000.0,14000000.0,110.0,2004-02-24,5.087,183.0
7297.0,0.0,0.0,95.0,2003-05-15,6.972,123.0
7299.0,0.0,11576431.0,91.0,2003-09-17,7.013,159.0
7301.0,0.0,0.0,116.0,1951-02-07,7.5,279.0
7302.0,1135654.0,1490419.0,149.0,1924-03-18,7.33,174.0
7303.0,3000000.0,0.0,180.0,1959-03-18,7.173,368.0
7304.0,0.0,0.0,85.0,1976-03-12,7.058,112.0
7305.0,10500000.0,25205460.0,102.0,1987-02-06,6.145,217.0
7306.0,0.0,52000.0,120.0,1999-11-09,7.939,196.0
7307.0,6500000.0,100000.0,126.0,1985-08-30,6.6,421.0
7308.0,12500000.0,15057465.0,95.0,1985-11-22,5.423,452.0
7310.0,8500000.0,16209459.0,97.0,1986-06-06,5.825,859.0
7311.0,0.0,0.0,114.0,1939-07-28,7.4,133.0
7312.0,0.0,0.0,131.0,1966-12-01,6.552,29.0
7315.0,39000000.0,6432551.0,110.0,2004-02-20,5.043,129.0
7316.0,15000000.0,29331068.0,89.0,2004-02-17,5.709,941.0
7317.0,25000000.0,22605153.0,90.0,2004-02-20,6.613,2849.0
7318.0,30000000.0,610063468.0,127.0,2004-02-25,7.518,5004.0
7319.0,8500000.0,5001655.0,104.0,2004-02-27,5.181,386.0
7320.0,25000000.0,27685016.0,82.0,2004-02-27,6.414,689.0
7321.0,50000000.0,40954603.0,93.0,2004-02-27,5.58,587.0
7323.0,4800000.0,79384880.0,121.0,2003-02-13,7.537,2566.0
7324.0,100000000.0,108103450.0,136.0,2004-02-04,6.902,1303.0
7325.0,60000000.0,170300000.0,100.0,2004-03-05,5.824,2459.0
7326.0,0.0,0.0,112.0,2004-02-26,6.359,117.0
7327.0,0.0,0.0,85.0,1966-10-18,8.141,2360.0
7328.0,0.0,0.0,101.0,1969-11-10,7.469,194.0
7333.0,0.0,0.0,91.0,1943-09-28,7.547,308.0
7335.0,780000.0,0.0,80.0,1953-05-27,7.361,313.0
7336.0,2000000.0,5000000.0,150.0,1969-10-30,7.261,224.0
7340.0,11500000.0,11528900.0,100.0,1985-04-26,6.441,330.0
7344.0,0.0,0.0,94.0,1963-03-17,6.6,43.0
7345.0,26000000.0,28818995.0,100.0,2004-03-12,5.615,667.0
7346.0,21000000.0,31635150.0,110.0,2004-04-09,6.735,3899.0
7347.0,40000000.0,92900000.0,96.0,2004-03-12,6.566,3853.0
7348.0,19250000.0,8112712.0,102.0,2004-03-12,6.186,405.0
7349.0,0.0,0.0,84.0,2002-10-24,6.9,30.0
7352.0,0.0,0.0,111.0,2002-11-08,6.5,100.0
7354.0,19000000.0,11081586.0,97.0,1993-03-05,6.018,393.0
7357.0,0.0,0.0,162.0,1957-12-13,6.7,84.0
7360.0,26000000.0,102278712.0,104.0,2004-03-19,7.052,4343.0
7361.0,20000000.0,72258126.0,108.0,2004-03-19,8.1,15991.0
7362.0,45000000.0,65470529.0,103.0,2004-03-19,6.379,1706.0
7364.0,5000000.0,4856298.0,105.0,2003-08-29,6.2,163.0
7366.0,35000000.0,35492921.0,103.0,2004-03-25,6.183,1127.0
7367.0,35000000.0,76700000.0,104.0,2004-03-25,6.131,1697.0
7368.0,3000000.0,5923000.0,84.0,2004-03-26,5.477,130.0
7369.0,80000000.0,181466833.0,93.0,2004-03-24,6.1,2864.0
7371.0,10000000.0,16690617.0,178.0,2003-05-21,7.8,2616.0
7372.0,0.0,6585516.0,110.0,2003-03-22,6.1,382.0
7373.0,66000000.0,99318987.0,122.0,2004-04-02,6.678,7264.0
7375.0,0.0,0.0,111.0,2004-03-28,6.2,1029.0
7376.0,46000000.0,57223888.0,85.0,2004-04-02,6.3,1612.0
7377.0,0.0,343847.0,108.0,2003-05-15,6.475,336.0
7379.0,107000000.0,25819961.0,137.0,2004-04-07,5.8,352.0
7380.0,31000000.0,27400000.0,96.0,2004-04-09,6.473,1940.0
7381.0,40000000.0,26155781.0,95.0,2004-04-07,5.743,1010.0
7382.0,0.0,0.0,108.0,2003-02-08,7.109,949.0
7386.0,13000000.0,122700000.0,220.0,1956-10-05,7.765,1786.0
7387.0,640000.0,55000000.0,115.0,1978-09-02,7.49,2239.0
7390.0,0.0,86277.0,104.0,2003-09-26,4.7,29.0
7394.0,5600000.0,29950000.0,132.0,1965-06-16,6.794,189.0
7395.0,0.0,0.0,85.0,1950-03-31,6.3,85.0
7396.0,150000.0,0.0,169.0,1974-09-15,8.052,393.0
7411.0,0.0,0.0,87.0,1987-03-01,4.7,71.0
7414.0,5500000.0,30000000.0,97.0,1979-12-25,6.905,58.0
7419.0,4500000.0,10609321.0,98.0,1985-09-13,7.5,1675.0
7438.0,30000000.0,152159461.0,137.0,2004-04-16,7.877,14759.0
7439.0,33000000.0,54700105.0,124.0,2004-04-15,6.354,3051.0
7440.0,0.0,0.0,82.0,2004-09-08,6.9,18.0
7443.0,0.0,0.0,89.0,2003-01-01,4.6,7.0
7444.0,37000000.0,96458118.0,98.0,2004-04-13,6.8,5448.0
7445.0,70000000.0,130300000.0,146.0,2004-04-23,7.457,5511.0
7448.0,40000000.0,14494036.0,95.0,2004-04-30,4.878,543.0
7449.0,25000000.0,30120671.0,102.0,2004-04-30,4.859,517.0
7450.0,28000000.0,30000000.0,87.0,2004-04-04,5.811,444.0
7451.0,17000000.0,130195052.0,98.0,2004-04-30,7.2,9298.0
7454.0,160000000.0,300257475.0,130.0,2004-05-03,6.392,6441.0
7455.0,800000.0,62852.0,93.0,2003-01-17,6.6,94.0
7457.0,10000000.0,12500000.0,85.0,2004-05-14,6.0,99.0
7458.0,175000000.0,497409852.0,163.0,2004-05-13,7.167,10815.0
7459.0,3684600.0,10782155.0,146.0,2003-03-21,7.6,587.0
7460.0,0.0,7897645.0,96.0,2004-03-12,6.906,1013.0
7477.0,55000000.0,6632383.0,96.0,2002-01-04,5.582,695.0
7479.0,0.0,0.0,114.0,1943-08-27,6.765,49.0
7481.0,40000000.0,12300000.0,108.0,1985-12-12,6.9,1032.0
7482.0,850000.0,21531361.0,95.0,1973-08-17,7.416,2034.0
7486.0,125000.0,5000000.0,96.0,1997-05-30,7.561,775.0
7487.0,0.0,11567449.0,137.0,1990-09-28,6.047,220.0
7492.0,250000.0,0.0,95.0,1978-05-10,6.8,304.0
7493.0,965000.0,1400000.0,91.0,1957-12-19,7.223,148.0
7541.0,0.0,0.0,95.0,2000-09-01,5.751,481.0
7560.0,0.0,0.0,95.0,1964-10-07,7.814,449.0
7561.0,0.0,241278.0,92.0,1988-09-10,6.503,154.0
7562.0,0.0,0.0,103.0,1997-06-18,6.477,547.0
7564.0,0.0,0.0,183.0,1965-01-06,7.7,437.0
7566.0,0.0,0.0,136.0,1984-11-20,7.48,74.0
7569.0,9500000.0,111600000.0,117.0,1967-06-13,6.591,2390.0
7570.0,27500000.0,187500000.0,131.0,1983-06-05,6.355,2143.0
7572.0,0.0,0.0,99.0,2001-02-09,7.3,120.0
7573.0,36000000.0,160000000.0,135.0,1983-10-07,6.054,1560.0
7579.0,0.0,0.0,118.0,1940-07-26,6.906,149.0
7581.0,0.0,0.0,114.0,1949-06-25,6.843,153.0
7584.0,1000000.0,2700000.0,118.0,1942-02-05,6.944,162.0
7587.0,0.0,215245.0,105.0,1967-10-25,7.765,1210.0
7614.0,0.0,0.0,148.0,1955-10-10,6.606,180.0
7615.0,350000.0,2400000.0,91.0,1985-10-01,7.03,166.0
7616.0,10000000.0,8801940.0,114.0,1984-10-25,6.766,883.0
7618.0,31000000.0,9493259.0,143.0,1992-12-17,7.419,1175.0
7619.0,500000.0,2500000.0,106.0,1962-05-23,7.899,331.0
7620.0,0.0,311245.0,87.0,1992-05-15,6.2,12.0
7624.0,18000000.0,14700000.0,100.0,1992-09-18,6.5,418.0
7636.0,12000000.0,37170057.0,92.0,1992-08-07,6.066,380.0
7646.0,,,,,,
7647.0,12000000.0,2280148.0,103.0,1992-03-20,7.15,210.0
7649.0,0.0,0.0,94.0,1998-01-04,7.195,164.0
7650.0,83000.0,1500000.0,87.0,1968-05-17,6.502,261.0
7657.0,400000.0,0.0,120.0,2000-10-23,6.246,193.0
7669.0,,,,,,
7698.0,5900000.0,51718367.0,117.0,1979-03-16,7.166,499.0
7700.0,0.0,0.0,153.0,1953-04-22,8.002,1045.0
7701.0,12000000.0,120889074.0,81.0,1990-12-14,5.475,1452.0
7702.0,0.0,21300000.0,126.0,1945-12-27,6.815,146.0
7704.0,9000000.0,17768900.0,125.0,1986-02-14,5.937,474.0
7705.0,0.0,0.0,95.0,1952-06-13,6.3,70.0
7706.0,0.0,0.0,95.0,1930-08-08,6.9,255.0
7707.0,15000000.0,9804775.0,126.0,1991-02-22,5.8,129.0
7708.0,600000.0,0.0,103.0,1967-10-30,6.163,169.0
7713.0,134000.0,4000000.0,73.0,1942-12-05,6.927,658.0
7714.0,13000000.0,31500000.0,179.0,1967-10-25,6.2,75.0
7716.0,0.0,0.0,90.0,1984-01-27,6.205,151.0
7720.0,0.0,8760000.0,108.0,1974-10-31,6.43,208.0
7727.0,12000000.0,26200000.0,96.0,1984-12-21,5.5,89.0
7728.0,1683000.0,5086000.0,126.0,1946-05-02,7.033,365.0
7730.0,14000000.0,9532895.0,99.0,1993-01-29,6.6,311.0
7742.0,0.0,0.0,82.0,1989-01-18,6.306,85.0
7743.0,25000000.0,9900000.0,109.0,1985-07-12,6.257,488.0
7745.0,0.0,0.0,100.0,1993-06-08,7.033,210.0
7748.0,300000.0,0.0,115.0,1965-11-05,7.349,918.0
7749.0,250000.0,0.0,105.0,1967-12-29,6.893,309.0
7753.0,0.0,0.0,89.0,1999-12-05,7.3,40.0
7756.0,0.0,0.0,112.0,1938-11-24,7.041,229.0
7757.0,3000000.0,2100000.0,104.0,1963-06-13,7.163,667.0
7762.0,,,,,,
7766.0,0.0,13422.0,110.0,1957-01-15,7.916,951.0
7767.0,0.0,2693053.0,366.0,2003-06-22,8.066,594.0
7772.0,1644000.0,4327000.0,111.0,1946-11-11,5.9,50.0
7773.0,0.0,0.0,87.0,2003-06-11,7.089,157.0
7781.0,0.0,33856.0,94.0,1989-06-30,5.5,38.0
7782.0,0.0,18994652.0,98.0,1993-01-29,6.185,454.0
7786.0,0.0,0.0,87.0,1999-07-19,6.9,17.0
7789.0,0.0,0.0,134.0,2002-09-04,6.432,118.0
7792.0,0.0,0.0,102.0,1974-06-14,6.813,348.0
7802.0,4000000.0,22490039.0,92.0,1979-02-01,7.67,2300.0
7810.0,0.0,0.0,94.0,1999-05-12,6.869,126.0
7811.0,0.0,0.0,94.0,1998-12-20,6.394,118.0
7812.0,0.0,0.0,94.0,1998-07-17,6.659,138.0
7815.0,0.0,0.0,89.0,1986-10-10,6.7,136.0
7820.0,0.0,700000.0,90.0,1960-02-08,7.845,660.0
7822.0,0.0,0.0,116.0,1953-09-23,6.4,169.0
7826.0,0.0,956625.0,105.0,1947-09-01,6.8,136.0
7831.0,1107000.0,2223000.0,103.0,1939-11-17,7.117,133.0
7832.0,1401000.0,2814000.0,100.0,1944-12-24,7.095,100.0
7833.0,821000.0,2301000.0,97.0,1941-11-21,7.0,116.0
7834.0,673000.0,3165000.0,102.0,1936-12-25,7.348,191.0
7835.0,1670000.0,2305000.0,86.0,1947-08-28,6.735,95.0
7839.0,889900.0,2000000.0,99.0,1941-05-23,6.743,37.0
7840.0,1915000.0,2807000.0,117.0,1939-01-26,6.534,176.0
7841.0,,,,,,
7842.0,,,,,,
7843.0,0.0,0.0,93.0,2001-08-23,6.907,221.0
7844.0,0.0,3956913.0,95.0,1993-03-04,6.958,177.0
7845.0,4000000.0,0.0,100.0,1996-04-09,6.307,1021.0
7846.0,6000000.0,0.0,104.0,2001-10-02,5.8,687.0
7879.0,0.0,0.0,95.0,2002-06-29,5.375,16.0
7882.0,0.0,0.0,86.0,1966-01-12,6.3,147.0
7883.0,0.0,0.0,68.0,1943-04-21,6.791,321.0
7884.0,0.0,0.0,103.0,1991-09-05,6.8,21.0
7888.0,3500000.0,2500000.0,121.0,1967-03-09,6.733,60.0
7889.0,4638783.0,11000000.0,122.0,1973-05-23,7.2,445.0
7891.0,300000.0,0.0,86.0,1964-05-06,6.592,468.0
7894.0,0.0,0.0,157.0,1971-10-29,7.689,1149.0
7895.0,1500000.0,700000.0,112.0,1974-08-01,7.092,406.0
7896.0,813000.0,0.0,93.0,1962-05-09,7.1,240.0
7899.0,0.0,0.0,93.0,1976-04-24,6.6,97.0
7900.0,0.0,0.0,101.0,1969-05-22,6.3,128.0
7916.0,0.0,1500000.0,95.0,1959-04-09,5.902,41.0
7920.0,65000.0,0.0,91.0,1977-05-27,6.4,114.0
7924.0,0.0,47005.0,122.0,1949-10-17,7.5,341.0
7925.0,0.0,57673.0,139.0,1958-12-28,7.975,672.0
7926.0,250000.0,0.0,143.0,1963-03-01,8.344,1074.0
7930.0,6000000.0,31400000.0,102.0,1991-11-01,6.542,729.0
7932.0,0.0,333843.0,82.0,2000-08-30,7.248,119.0
7934.0,13500000.0,11798616.0,79.0,1983-07-15,7.4,902.0
7936.0,0.0,0.0,103.0,1968-09-29,7.519,236.0
7937.0,0.0,0.0,96.0,1963-09-23,7.503,394.0
7938.0,0.0,0.0,81.0,1963-02-11,7.891,488.0
7939.0,0.0,8939.0,92.0,1961-10-16,7.774,527.0
7940.0,0.0,0.0,101.0,1958-12-26,7.4,236.0
7943.0,0.0,0.0,102.0,1946-08-30,7.35,421.0
7944.0,3000000.0,12000000.0,125.0,1964-08-06,7.2,161.0
7951.0,11000000.0,8862354.0,102.0,1990-02-16,6.38,515.0
7976.0,1300000.0,447741.0,92.0,2003-01-30,6.007,661.0
7979.0,0.0,0.0,79.0,1968-12-26,7.296,93.0
7980.0,22000000.0,50750000.0,176.0,1977-06-15,7.213,898.0
7981.0,6400000.0,8836958.0,97.0,2002-12-12,7.803,1803.0
7982.0,15100000.0,1100000.0,115.0,2003-06-13,7.095,1296.0
7983.0,8000000.0,10600497.0,84.0,1984-01-27,7.138,479.0
7984.0,4500000.0,1261000.0,86.0,1986-10-24,6.497,634.0
7986.0,10000000.0,0.0,85.0,1990-11-21,5.493,142.0
7987.0,0.0,0.0,77.0,1986-10-27,6.4,362.0
7988.0,25000000.0,1614266.0,95.0,1996-10-04,5.423,189.0
7991.0,300000.0,8000000.0,80.0,1975-04-30,6.1,534.0
7993.0,50000.0,180000.0,66.0,1959-10-21,6.591,159.0
8008.0,0.0,0.0,108.0,1954-09-08,6.521,165.0
8010.0,18000000.0,2827107.0,126.0,1992-03-27,7.5,148.0
8011.0,0.0,0.0,92.0,2002-11-17,6.704,49.0
8012.0,0.0,0.0,116.0,1999-06-05,7.5,580.0
8014.0,0.0,8945072.0,103.0,2003-09-19,7.8,1168.0
8015.0,0.0,0.0,90.0,1970-11-07,6.8,81.0
8016.0,3352254.0,36734619.0,123.0,1972-12-13,7.123,631.0
8019.0,4000000.0,1686839.0,101.0,2002-01-19,6.826,680.0
8024.0,14000000.0,1029721.0,117.0,1993-08-27,6.153,147.0
8025.0,2000000.0,1126506.0,96.0,1997-08-31,7.061,99.0
8033.0,6400000.0,4400000.0,123.0,1966-07-13,7.5,641.0
8035.0,3800000.0,0.0,119.0,1996-01-26,5.429,287.0
8042.0,500000.0,3000000.0,110.0,1973-10-14,7.058,2243.0
8043.0,0.0,5145823.0,99.0,1993-04-02,6.4,59.0
8044.0,195845.0,0.0,92.0,1932-11-09,7.8,222.0
8045.0,0.0,13839404.0,112.0,1987-08-07,6.559,495.0
8057.0,0.0,0.0,120.0,1962-03-21,6.772,127.0
8092.0,11500000.0,334748.0,82.0,1990-11-02,5.7,126.0
8093.0,8500000.0,0.0,120.0,1999-02-13,6.4,181.0
8094.0,1271000.0,3788000.0,81.0,1955-01-13,7.279,402.0
8117.0,0.0,0.0,91.0,1999-09-10,7.3,282.0
8118.0,0.0,6698361.0,117.0,1990-08-24,5.504,224.0
8119.0,0.0,5738952.0,99.0,1986-03-14,7.351,461.0
8121.0,0.0,0.0,109.0,2003-05-20,6.9,88.0
8125.0,0.0,1636000.0,78.0,1927-11-04,7.823,877.0
8126.0,0.0,0.0,102.0,1963-09-25,6.964,281.0
8128.0,3000000.0,4542825.0,103.0,1987-10-07,7.521,707.0
8131.0,0.0,0.0,93.0,2001-01-17,4.7,5.0
8132.0,20000000.0,9223441.0,101.0,1992-03-06,7.593,380.0
8136.0,0.0,0.0,72.0,1956-03-24,4.236,53.0
8137.0,50000.0,0.0,61.0,1959-10-30,4.417,115.0
8138.0,0.0,0.0,62.0,1959-07-15,4.095,79.0
8142.0,4615.0,0.0,105.0,1999-11-27,6.4,171.0
8143.0,0.0,0.0,113.0,1955-12-23,6.825,140.0
8147.0,950000.0,814666.0,103.0,1968-09-23,6.434,113.0
8153.0,0.0,0.0,122.0,1956-09-15,7.2,203.0
8154.0,0.0,19647000.0,167.0,1960-02-05,8.048,1998.0
8157.0,0.0,94072.0,102.0,1999-11-17,7.407,539.0
8158.0,17000000.0,0.0,120.0,1991-12-22,6.641,150.0
8167.0,1200000.0,0.0,99.0,1935-12-26,7.22,254.0
8169.0,25000000.0,65088797.0,106.0,1987-12-18,6.7,774.0
8183.0,0.0,0.0,110.0,1983-06-16,6.8,199.0
8188.0,0.0,0.0,120.0,1954-03-31,8.1,413.0
8189.0,0.0,0.0,92.0,1960-10-28,6.602,182.0
8190.0,0.0,0.0,115.0,1964-10-27,6.639,79.0
8191.0,0.0,0.0,145.0,1969-12-18,7.1,124.0
8195.0,0.0,0.0,135.0,1960-09-14,7.537,741.0
8196.0,2090000.0,9000000.0,105.0,1970-06-17,6.1,210.0
8197.0,0.0,3193.0,90.0,1959-06-10,7.686,899.0
8199.0,0.0,0.0,94.0,1953-03-26,8.003,627.0
8207.0,0.0,16056255.0,140.0,1973-05-16,7.5,652.0
8225.0,4200000.0,5835247.0,92.0,1990-10-19,6.842,917.0
8228.0,0.0,0.0,75.0,1931-05-23,6.3,52.0
8232.0,0.0,0.0,99.0,1940-08-09,7.2,54.0
8235.0,121000.0,1500000.0,70.0,1923-04-01,7.73,560.0
8236.0,0.0,0.0,100.0,1956-04-19,6.887,142.0
8238.0,0.0,0.0,110.0,1971-02-09,6.778,63.0
8239.0,0.0,679244.0,91.0,1962-04-01,7.655,539.0
8241.0,0.0,1935539.0,106.0,1997-08-22,5.3,49.0
8253.0,7202188.0,8194857.0,100.0,1979-07-06,7.51,1105.0
8254.0,19000000.0,112547.0,141.0,1993-01-06,7.173,745.0
8261.0,1500000.0,5568.0,124.0,1977-04-29,7.1,335.0
8264.0,0.0,30966.0,95.0,1976-02-19,7.3,242.0
8266.0,7200000.0,68392977.0,111.0,1984-07-27,6.701,402.0
8268.0,0.0,30038362.0,108.0,1993-03-19,6.215,729.0
8270.0,0.0,0.0,82.0,1990-10-03,6.795,222.0
8275.0,0.0,0.0,66.0,1927-09-10,6.7,125.0
8290.0,0.0,0.0,97.0,1975-09-10,3.2,44.0
8293.0,0.0,0.0,115.0,1992-12-16,5.7,36.0
8302.0,0.0,0.0,101.0,1931-04-04,6.5,80.0
8327.0,0.0,0.0,113.0,2002-10-12,7.6,346.0
8331.0,0.0,0.0,112.0,1941-12-24,6.944,90.0
8335.0,0.0,0.0,91.0,1937-05-09,7.528,213.0
8336.0,0.0,2500000.0,101.0,1942-09-16,7.0,143.0
8337.0,2000000.0,21750000.0,120.0,1954-06-24,7.204,358.0
8338.0,1200000.0,0.0,101.0,1947-05-26,7.507,535.0
8340.0,8000000.0,43004381.0,113.0,1979-06-22,7.504,3051.0
8341.0,375000.0,400000.0,111.0,1948-06-28,7.6,250.0
8360.0,150000000.0,935454538.0,83.0,2004-05-19,7.305,13166.0
8361.0,125000000.0,552639571.0,123.0,2004-05-26,6.548,8641.0
8362.0,50000000.0,49700000.0,119.0,2004-05-27,6.136,682.0
8363.0,16000000.0,14800000.0,92.0,2004-05-28,5.422,481.0
8364.0,0.0,365248.0,108.0,2004-05-28,6.456,57.0
8366.0,5000000.0,10100000.0,92.0,2004-06-11,6.431,504.0
8368.0,130000000.0,789804554.0,142.0,2004-05-31,8.0,22792.0
8369.0,27000000.0,21100000.0,106.0,2004-05-07,6.453,1279.0
8370.0,2500000.0,34196922.0,116.0,2003-09-06,7.234,927.0
8371.0,105000000.0,115772733.0,119.0,2004-06-11,6.547,4368.0
8372.0,50000000.0,200800000.0,81.0,2004-06-10,5.731,4186.0
8373.0,90000000.0,102000000.0,93.0,2004-06-10,5.687,1394.0
8375.0,0.0,376612.0,90.0,2004-04-27,5.571,14.0
8376.0,400000.0,46118097.0,94.0,2004-06-11,6.776,2078.0
8378.0,12000000.0,38120905.0,123.0,1991-07-24,6.5,82.0
8379.0,0.0,0.0,118.0,1983-12-06,6.756,78.0
8380.0,0.0,3418141.0,95.0,1993-08-27,5.78,91.0
8382.0,0.0,20419446.0,92.0,1987-11-06,5.7,95.0
8383.0,0.0,1600000.0,90.0,2003-05-09,5.3,168.0
8385.0,0.0,16937969.0,107.0,1961-12-20,6.966,163.0
8387.0,10000000.0,126247.0,83.0,1994-06-09,4.604,951.0
8391.0,11000000.0,0.0,120.0,1978-05-26,6.9,188.0
8402.0,0.0,1.0,82.0,1990-08-03,5.389,18.0
8405.0,0.0,0.0,90.0,1968-02-19,7.389,531.0
8410.0,0.0,0.0,75.0,1954-09-17,6.382,114.0
8424.0,340691.0,0.0,83.0,1930-04-19,6.205,56.0
8425.0,5000000.0,485772.0,90.0,1990-06-06,5.397,39.0
8426.0,0.0,0.0,90.0,1987-07-21,6.658,79.0
8427.0,0.0,0.0,86.0,1979-08-10,3.5,11.0
8446.0,1000000.0,7800000.0,100.0,1950-01-01,6.4,156.0
8447.0,800000.0,1700000.0,87.0,1955-06-10,6.0,228.0
8450.0,1192000.0,2750000.0,141.0,1936-08-26,5.7,33.0
8451.0,0.0,0.0,105.0,1955-03-25,6.915,159.0
8454.0,0.0,0.0,105.0,1999-09-08,6.2,40.0
8456.0,0.0,0.0,111.0,1970-10-16,8.166,851.0
8458.0,0.0,0.0,122.0,1946-03-12,6.862,29.0
8459.0,2600000.0,2300000.0,115.0,1949-10-06,7.74,269.0
8461.0,3070000.0,4627000.0,147.0,1944-07-20,6.588,17.0
8462.0,0.0,0.0,104.0,1954-04-30,7.041,61.0
8463.0,0.0,0.0,102.0,1948-09-14,6.818,74.0
8464.0,65000.0,28575078.0,98.0,2004-01-17,6.72,1738.0
8465.0,0.0,0.0,107.0,1941-12-09,6.074,47.0
8477.0,0.0,0.0,29.0,1962-02-16,7.9,965.0
8481.0,0.0,0.0,121.0,1940-02-23,6.5,58.0
8482.0,0.0,0.0,110.0,1945-03-03,7.136,290.0
8484.0,0.0,0.0,207.0,1959-01-15,8.1,273.0
8487.0,1775000.0,5150000.0,106.0,1960-03-31,6.119,80.0
8491.0,1300000.0,3483000.0,114.0,1949-09-02,7.652,523.0
8492.0,0.0,0.0,86.0,1951-11-30,7.441,357.0
8493.0,23000000.0,0.0,107.0,1990-09-07,6.734,408.0
8494.0,0.0,15260000.0,102.0,1965-10-15,6.963,294.0
8495.0,3600000.0,43805.0,94.0,2000-10-13,6.321,252.0
8500.0,0.0,1330000.0,84.0,1974-03-21,7.0,274.0
8501.0,6000000.0,5844868.0,98.0,1986-01-17,6.957,1014.0
8502.0,2300000.0,11000000.0,107.0,1951-07-19,6.1,76.0
8506.0,6600000.0,0.0,91.0,2003-01-13,5.798,196.0
8507.0,310607.0,0.0,64.0,1932-01-01,7.8,1278.0
8511.0,0.0,0.0,24.0,1917-06-17,7.287,305.0
8512.0,4400000.0,36145695.0,87.0,1976-06-17,6.532,325.0
8518.0,0.0,0.0,89.0,1930-02-21,6.0,54.0
8521.0,535000.0,1300000.0,96.0,1931-12-24,7.2,319.0
8526.0,110000000.0,72178895.0,116.0,2004-06-16,5.951,2643.0
8528.0,20000000.0,168423227.0,99.0,2004-06-18,6.362,3716.0
8529.0,60000000.0,219417255.0,129.0,2004-06-17,7.349,8497.0
8530.0,0.0,1656829.0,100.0,2004-05-18,7.037,214.0
8531.0,37000000.0,113100000.0,109.0,2004-06-23,6.931,4384.0
8532.0,7500000.0,6715067.0,111.0,2004-07-18,6.063,222.0
8533.0,29000000.0,115600000.0,123.0,2004-06-25,7.9,12297.0
8534.0,74500000.0,62172050.0,109.0,2004-04-07,7.075,856.0
8535.0,15000000.0,18400000.0,125.0,2004-07-02,6.101,144.0
8542.0,2016000.0,2305000.0,109.0,1937-06-11,7.1,224.0
8571.0,2000000.0,30000000.0,105.0,1969-09-17,6.21,107.0
8574.0,0.0,0.0,24.0,1987-12-21,7.071,21.0
8575.0,0.0,0.0,90.0,2000-06-12,6.4,43.0
8577.0,0.0,0.0,99.0,2003-02-14,6.476,45.0
8578.0,645000.0,187847.0,104.0,2003-09-04,5.46,235.0
8580.0,0.0,0.0,153.0,1991-03-15,8.1,50.0
8581.0,0.0,0.0,95.0,1999-06-20,7.028,581.0
8582.0,0.0,0.0,167.0,1992-11-06,7.586,93.0
8587.0,0.0,0.0,94.0,2003-06-17,6.8,29.0
8588.0,25000000.0,7775138.0,100.0,2002-05-10,5.584,353.0
8591.0,9000000.0,8103330.0,102.0,1984-10-05,6.091,433.0
8593.0,5000000.0,20146880.0,96.0,1992-01-17,7.2,435.0
8596.0,12000000.0,49579269.0,99.0,1978-01-08,6.41,461.0
8600.0,633000.0,1700000.0,93.0,1938-11-26,7.533,345.0
8601.0,0.0,0.0,41.0,1933-04-07,6.9,258.0
8604.0,8700000.0,44218015.0,86.0,1998-04-08,6.715,2643.0
8605.0,14500000.0,64497208.0,90.0,2003-01-29,5.758,1611.0
8607.0,0.0,607735.0,92.0,2003-12-05,7.922,1461.0
8609.0,0.0,0.0,75.0,1923-11-19,7.485,309.0
8610.0,0.0,36403064.0,93.0,1984-09-21,6.5,362.0
8611.0,0.0,0.0,97.0,1947-03-26,7.1,38.0
8614.0,22000000.0,26700000.0,112.0,1987-12-16,6.817,937.0
8617.0,0.0,0.0,109.0,1960-11-04,6.237,93.0
8620.0,0.0,0.0,93.0,1962-05-16,7.934,712.0
8622.0,6000000.0,222400000.0,123.0,2004-06-25,7.085,1489.0
8623.0,12000000.0,40050884.0,107.0,1987-06-19,6.411,664.0
8626.0,0.0,0.0,98.0,1965-02-23,6.4,187.0
8632.0,0.0,4275.0,92.0,2000-10-29,3.333,3.0
8633.0,15000000.0,28733290.0,101.0,1984-07-13,6.601,743.0
8636.0,200000000.0,788976453.0,128.0,2004-06-25,7.3,16024.0
8638.0,2700000.0,15992615.0,80.0,2004-06-16,7.8,3692.0
8640.0,120000000.0,203567857.0,126.0,2004-07-07,6.298,2867.0
8641.0,26000000.0,90574188.0,94.0,2004-06-28,6.707,4453.0
8643.0,19000000.0,70067909.0,95.0,2004-07-16,6.589,3333.0
8644.0,120000000.0,347234916.0,120.0,2004-07-15,6.959,12417.0
8645.0,3000000.0,12450821.0,101.0,2004-01-18,7.201,418.0
8650.0,500000.0,0.0,170.0,1962-10-09,6.957,74.0
8656.0,0.0,0.0,84.0,1988-03-11,7.623,386.0
8665.0,75000000.0,288500217.0,108.0,2004-07-23,7.325,7969.0
8666.0,100000000.0,82102379.0,104.0,2004-07-22,4.62,3515.0
8667.0,6500000.0,1548955.0,97.0,2004-07-23,6.374,171.0
8670.0,0.0,27690.0,121.0,1933-04-21,7.633,275.0
8677.0,0.0,0.0,220.0,1940-03-03,5.8,23.0
8684.0,0.0,0.0,99.0,1956-11-11,7.939,595.0
8685.0,0.0,0.0,91.0,1955-02-24,7.3,275.0
8690.0,3200000.0,0.0,100.0,1972-03-15,6.494,243.0
8695.0,1961000.0,5550000.0,95.0,1947-09-01,6.9,137.0
8711.0,0.0,0.0,94.0,1948-03-25,6.987,191.0
8712.0,921000.0,2057000.0,88.0,1940-05-17,6.991,167.0
8713.0,5000000.0,3569939.0,100.0,1988-03-01,5.848,79.0
8714.0,0.0,0.0,128.0,1946-07-02,5.868,34.0
8718.0,0.0,0.0,108.0,1948-11-04,7.1,111.0
8720.0,22000000.0,11000863.0,85.0,1991-10-04,5.908,120.0
8724.0,0.0,0.0,170.0,1963-03-27,7.723,917.0
8727.0,0.0,0.0,145.0,1975-05-07,6.4,106.0
8730.0,14000000.0,0.0,108.0,2001-09-02,6.4,176.0
8738.0,160000.0,100655.0,88.0,1961-09-06,7.3,394.0
8743.0,0.0,112132.0,92.0,1986-05-30,5.182,77.0
8748.0,0.0,0.0,118.0,1963-12-21,7.443,457.0
8753.0,0.0,0.0,50.0,2002-09-17,7.1,11.0
8754.0,0.0,0.0,116.0,1969-02-24,6.879,124.0
8755.0,0.0,0.0,246.0,1999-09-11,7.58,69.0
8765.0,512423.0,1000000.0,81.0,1942-04-24,6.97,186.0
8771.0,0.0,0.0,63.0,1946-02-01,6.559,143.0
8772.0,0.0,0.0,108.0,1965-12-16,7.071,322.0
8773.0,0.0,0.0,68.0,1942-12-25,6.4,136.0
8774.0,0.0,0.0,57.0,1945-06-15,6.457,140.0
8778.0,0.0,0.0,58.0,1946-05-24,6.608,130.0
8781.0,80000000.0,96105964.0,130.0,2004-07-30,6.476,1676.0
8782.0,57000000.0,28283637.0,95.0,2004-07-23,4.997,306.0
8783.0,60000000.0,256700000.0,108.0,2004-07-30,6.489,4489.0
8784.0,2500000.0,26781723.0,102.0,2004-07-28,7.08,1990.0
8795.0,0.0,0.0,86.0,2001-09-23,6.3,42.0
8796.0,0.0,0.0,99.0,1966-10-16,6.046,119.0
8798.0,65000000.0,220239925.0,120.0,2004-08-04,7.2,6095.0
8799.0,35000000.0,22035509.0,106.0,2004-08-06,5.312,357.0
8800.0,7500000.0,0.0,93.0,2003-09-02,6.172,387.0
8804.0,0.0,0.0,108.0,1988-09-14,7.3,177.0
8807.0,9000000.0,23936908.0,85.0,2004-07-02,6.556,2206.0
8808.0,40000000.0,134734481.0,113.0,2004-08-06,6.7,3369.0
8809.0,0.0,0.0,100.0,2003-05-16,6.045,78.0
8810.0,70000000.0,177427090.0,100.0,2004-08-12,5.9,4819.0
8813.0,3000000.0,2037545.0,101.0,2004-08-13,5.6,116.0
8814.0,19000000.0,69600000.0,98.0,2004-08-20,5.614,691.0
8815.0,80000000.0,78000586.0,116.0,2004-08-20,5.392,864.0
8827.0,0.0,0.0,105.0,1983-05-20,7.425,60.0
8830.0,20000000.0,70992898.0,97.0,2004-08-25,5.5,1071.0
8831.0,27000000.0,13000000.0,99.0,2004-08-27,5.534,340.0
8832.0,10000000.0,6106178.0,114.0,2003-09-23,6.2,99.0
8833.0,23000000.0,16123851.0,141.0,2004-09-01,5.8,356.0
8835.0,20000000.0,16800000.0,84.0,2004-09-03,5.295,205.0
8836.0,30000000.0,13000000.0,114.0,2004-09-03,6.8,723.0
8838.0,1800000.0,21000000.0,112.0,1974-12-09,6.959,511.0
8840.0,0.0,0.0,90.0,1968-09-13,6.12,208.0
8844.0,0.0,0.0,113.0,1979-11-16,7.489,182.0
8848.0,0.0,0.0,103.0,1953-09-17,7.642,723.0
8860.0,25000000.0,57678321.0,95.0,2004-09-06,6.385,2035.0
8861.0,45000000.0,129342769.0,90.0,2004-09-10,6.354,4625.0
8864.0,30000000.0,21800000.0,104.0,2004-06-15,5.3,176.0
8865.0,70000000.0,57958696.0,106.0,2004-09-17,5.901,1338.0
8866.0,31000000.0,41512007.0,97.0,2004-09-13,6.224,1053.0
8869.0,30000000.0,10592180.0,106.0,2004-09-24,6.162,988.0
8870.0,42000000.0,117592831.0,91.0,2004-09-24,5.932,1206.0
8873.0,0.0,57663224.0,126.0,2004-02-06,7.411,1392.0
8874.0,6000000.0,39396175.0,99.0,2004-04-09,7.538,9106.0
8875.0,0.0,0.0,99.0,1953-03-06,7.216,37.0
8879.0,1400000.0,35700000.0,130.0,1974-11-22,7.1,1533.0
8880.0,7500000.0,48230162.0,120.0,1985-03-08,7.244,480.0
8894.0,17500000.0,14717854.0,92.0,1977-07-22,6.2,451.0
8905.0,47000000.0,7191399.0,149.0,1992-08-09,6.3,891.0
8906.0,100000.0,2000000.0,86.0,1980-02-07,6.278,1804.0
8907.0,75000000.0,367300000.0,90.0,2004-09-20,6.029,6589.0
8908.0,60000000.0,100572044.0,115.0,2004-10-01,6.444,837.0
8910.0,22000000.0,20094909.0,106.0,2004-09-10,6.284,688.0
8911.0,15000000.0,14867514.0,107.0,2004-08-10,6.5,852.0
8912.0,25000000.0,71255003.0,97.0,2004-10-06,5.567,1135.0
8914.0,7000.0,545436.0,77.0,2004-10-08,6.761,2341.0
8915.0,0.0,776691.0,110.0,2004-09-03,6.6,144.0
8916.0,50000000.0,170128460.0,106.0,2004-10-15,6.401,1255.0
8917.0,32000000.0,50826898.0,97.0,2004-10-10,6.733,1991.0
8918.0,6500000.0,89781.0,91.0,2004-10-15,6.422,139.0
8919.0,0.0,273023.0,97.0,2004-10-15,5.552,77.0
8920.0,0.0,0.0,104.0,1954-12-15,6.949,88.0
8921.0,0.0,0.0,117.0,1955-12-12,6.9,82.0
8928.0,2000000.0,0.0,108.0,1967-11-13,6.952,805.0
8933.0,1800000.0,30000000.0,102.0,1986-06-19,6.69,168.0
8934.0,0.0,8442162.0,73.0,1992-07-31,5.9,69.0
8937.0,30000000.0,61255921.0,117.0,2004-10-08,6.9,612.0
8938.0,218.0,1162014.0,91.0,2003-10-19,6.768,84.0
8939.0,0.0,3222439.0,95.0,2004-10-15,6.062,745.0
8943.0,18000000.0,14300000.0,104.0,2004-09-03,6.394,118.0
8946.0,45000000.0,14793624.0,91.0,2004-09-21,5.721,578.0
8947.0,10000000.0,183474602.0,91.0,2004-10-22,5.921,3113.0
8948.0,60000000.0,35060882.0,106.0,2004-10-22,5.842,860.0
8949.0,16000000.0,109502303.0,126.0,2004-10-22,7.113,1831.0
8950.0,5000000.0,8203235.0,102.0,2004-09-24,7.526,5995.0
8951.0,11000000.0,13300000.0,125.0,2004-10-22,7.16,384.0
8952.0,0.0,0.0,109.0,2003-11-13,5.818,22.0
8954.0,0.0,0.0,103.0,2004-02-12,7.3,6.0
8955.0,0.0,156767.0,108.0,2004-10-22,6.034,133.0
8957.0,1200000.0,104045735.0,103.0,2004-10-01,7.4,9837.0
8958.0,40000000.0,124700000.0,152.0,2004-10-29,7.447,2135.0
8959.0,20000000.0,23900000.0,96.0,2004-10-29,6.0,730.0
8961.0,92000000.0,631442092.0,115.0,2004-11-05,7.72,18585.0
8964.0,0.0,0.0,111.0,2002-09-18,6.3,34.0
8965.0,165000000.0,318432432.0,100.0,2004-11-10,6.725,6768.0
8966.0,11000000.0,17050017.0,113.0,2004-09-04,6.608,505.0
8967.0,12000000.0,24829644.0,87.0,2004-11-12,5.5,1722.0
8968.0,60000000.0,61300000.0,98.0,2004-11-12,6.155,834.0
8969.0,40000000.0,265126918.0,100.0,2004-11-10,6.23,2982.0
8970.0,25000000.0,116766556.0,101.0,2004-10-29,7.321,3687.0
8972.0,100000000.0,347500000.0,130.0,2004-11-19,6.6,6702.0
8973.0,5000000.0,40266982.0,110.0,2004-03-19,7.362,1036.0
8974.0,30000000.0,141067890.0,87.0,2004-11-19,7.068,3112.0
8977.0,155000000.0,167298192.0,170.0,2004-11-21,5.951,3443.0
8978.0,60000000.0,0.0,99.0,2004-11-24,6.16,1280.0
8979.0,0.0,0.0,89.0,2004-11-26,6.273,11.0
8981.0,27000000.0,115505027.0,94.0,2004-12-03,6.831,3668.0
8982.0,0.0,0.0,90.0,2003-12-03,6.8,104.0
8983.0,15000000.0,92863945.0,119.0,2004-08-03,7.266,1749.0
8984.0,110000000.0,362744280.0,125.0,2004-12-09,6.565,7724.0
8985.0,65000000.0,128905366.0,106.0,2004-12-08,5.861,4205.0
8987.0,0.0,0.0,80.0,2004-03-13,6.9,12.0
8989.0,0.0,0.0,111.0,1958-09-26,6.4,41.0
8998.0,3200000.0,19100000.0,135.0,1974-06-21,7.4,65.0
9004.0,10000000.0,7840873.0,100.0,1985-06-14,6.411,352.0
9005.0,15000000.0,19885552.0,109.0,1993-03-12,6.642,664.0
9008.0,281743.0,0.0,81.0,1940-01-12,6.268,136.0
9010.0,0.0,8561371.0,93.0,2003-09-17,7.236,1856.0
9018.0,0.0,2586511.0,84.0,2004-01-15,7.364,59.0
25746.0,1250000.0,0.0,113.0,1923-09-06,6.515,131.0
25750.0,0.0,0.0,45.0,1924-04-17,8.043,1128.0
25752.0,0.0,0.0,76.0,1925-09-20,7.0,124.0
25753.0,665603.0,274827.0,100.0,1924-12-04,7.3,196.0
25757.0,422000.0,2600000.0,89.0,1927-10-06,6.108,245.0
25769.0,0.0,0.0,70.0,1928-05-09,7.602,381.0
25771.0,124797.0,0.0,16.0,1929-06-05,7.395,1382.0
25773.0,281000.0,752000.0,79.0,1931-01-25,6.851,290.0
25782.0,0.0,0.0,93.0,1932-11-11,6.973,146.0
25788.0,800000.0,600000.0,93.0,1932-04-09,7.423,664.0
25795.0,435000.0,2156000.0,113.0,1933-12-22,6.7,122.0
25797.0,433000.0,3200000.0,97.0,1933-05-27,7.185,168.0
25805.0,0.0,0.0,89.0,1934-04-24,7.488,457.0
25825.0,604000.0,1300000.0,92.0,1936-06-05,7.4,248.0
25826.0,0.0,0.0,98.0,1936-10-09,7.275,129.0
25827.0,0.0,0.0,111.0,1936-04-09,7.551,396.0
25833.0,0.0,0.0,109.0,1936-12-26,6.938,144.0
25834.0,1645000.0,0.0,115.0,1937-06-25,7.444,180.0
25841.0,952000.0,1762000.0,92.0,1937-10-08,7.035,130.0
25850.0,0.0,0.0,92.0,1938-05-26,7.295,281.0
25855.0,0.0,0.0,106.0,1939-10-28,7.521,259.0
25856.0,0.0,0.0,104.0,1939-04-07,7.174,302.0
25865.0,0.0,0.0,95.0,1940-11-21,7.27,239.0
25870.0,0.0,0.0,94.0,1941-08-07,6.975,120.0
25886.0,1210000.0,8147000.0,125.0,1942-12-17,7.3,113.0
25887.0,0.0,0.0,118.0,1942-08-05,6.314,35.0
25898.0,0.0,0.0,97.0,1943-11-13,7.949,246.0
25905.0,0.0,0.0,98.0,1944-09-18,6.799,122.0
25906.0,0.0,0.0,145.0,1944-05-25,6.758,66.0
25923.0,400000.0,420000.0,118.0,1946-12-26,7.294,366.0
25927.0,1034000.0,3220000.0,95.0,1946-06-02,7.219,621.0
25937.0,0.0,0.0,107.0,1948-07-08,7.003,150.0
25940.0,2300000.0,1564609.0,87.0,1947-12-24,7.343,709.0
25946.0,4474000.0,8412000.0,125.0,1948-10-20,6.7,156.0
25947.0,0.0,0.0,105.0,1948-12-10,7.211,123.0
25952.0,0.0,5400000.0,103.0,1949-01-20,7.2,169.0
25959.0,3768785.0,8000000.0,107.0,1950-05-17,6.7,82.0
25962.0,2300000.0,15057465.0,103.0,1950-11-09,6.5,125.0
25963.0,0.0,0.0,82.0,1950-12-09,8.03,521.0
25996.0,5019770.0,12000000.0,182.0,1954-10-01,7.143,325.0
25999.0,0.0,0.0,79.0,1953-12-30,6.56,319.0
26002.0,0.0,0.0,93.0,1955-06-27,6.85,187.0
26003.0,0.0,0.0,33.0,1956-01-29,8.237,544.0
26038.0,0.0,0.0,120.0,1958-04-01,6.808,99.0
26048.0,0.0,0.0,178.0,1959-11-20,8.2,212.0
26052.0,0.0,0.0,80.0,1959-12-16,7.271,550.0
26059.0,0.0,0.0,111.0,1960-01-15,7.959,123.0
26073.0,0.0,0.0,190.0,1961-01-28,8.4,203.0
26078.0,0.0,2000000.0,139.0,1962-06-06,7.139,115.0
26082.0,0.0,0.0,135.0,1962-09-15,8.4,1159.0
26084.0,4240000.0,15000000.0,151.0,1962-06-19,7.1,189.0
26085.0,19000000.0,13680000.0,168.0,1962-11-08,7.037,338.0
26095.0,0.0,0.0,76.0,1963-05-31,6.504,91.0
26116.0,2200000.0,4000000.0,133.0,1964-12-16,7.291,280.0
26122.0,0.0,0.0,103.0,1964-11-21,7.7,461.0
26124.0,1200000.0,0.0,109.0,1964-06-01,6.278,151.0
26131.0,800000.0,964028.0,121.0,1966-09-08,7.881,859.0
26133.0,96000.0,0.0,25.0,1965-12-09,7.7,757.0
26142.0,3800000.0,14873.0,124.0,1965-03-15,6.659,170.0
26147.0,0.0,0.0,118.0,1965-12-13,7.067,30.0
26150.0,0.0,24173.0,150.0,1966-12-16,7.963,918.0
26151.0,0.0,39388.0,96.0,1966-05-25,7.522,494.0
26152.0,1377800.0,3900000.0,105.0,1966-07-30,6.408,1020.0
26158.0,0.0,0.0,92.0,1966-11-18,7.195,259.0
26159.0,0.0,0.0,82.0,1966-04-10,7.084,202.0
26169.0,0.0,0.0,91.0,1967-06-15,7.194,248.0
26171.0,0.0,0.0,126.0,1967-12-13,7.721,636.0
26172.0,2500000.0,3200000.0,91.0,1967-08-30,7.0,416.0
26176.0,0.0,0.0,84.0,1967-10-03,7.234,139.0
26183.0,0.0,1090041.0,72.0,1968-12-19,6.936,1009.0
26184.0,0.0,2258.0,94.0,1969-05-23,7.765,315.0
26195.0,500000.0,0.0,101.0,1968-12-01,6.262,61.0
26198.0,0.0,0.0,111.0,1968-04-24,6.9,149.0
26225.0,0.0,0.0,105.0,1970-12-11,7.278,286.0
26231.0,900500.0,0.0,101.0,1970-08-03,6.7,194.0
26236.0,0.0,0.0,83.0,1969-12-14,7.219,160.0
26237.0,7000000.0,1000000.0,105.0,1970-03-26,7.016,429.0
26242.0,450000.0,2544.0,86.0,1971-11-13,7.419,2009.0
26249.0,0.0,0.0,114.0,1970-12-22,7.553,1407.0
26258.0,400000.0,0.0,125.0,1970-12-18,7.058,648.0
26265.0,75000.0,0.0,89.0,1972-07-01,6.299,152.0
26283.0,0.0,0.0,111.0,1973-09-19,7.343,270.0
26285.0,60000.0,0.0,85.0,1974-03-30,5.969,623.0
26303.0,500000.0,1000000.0,93.0,1973-03-26,6.695,430.0
26308.0,250000.0,0.0,104.0,1973-02-22,6.815,203.0
26313.0,0.0,5000000.0,108.0,1974-08-07,6.597,134.0
26317.0,500000.0,20200000.0,90.0,1974-06-25,5.958,802.0
26322.0,1000000.0,40000000.0,105.0,1974-07-28,6.2,181.0
26326.0,750000.0,96262.0,114.0,1973-11-29,7.531,992.0
26340.0,0.0,0.0,82.0,1976-06-26,7.332,1317.0
26344.0,4300000.0,12500000.0,119.0,1975-05-18,6.809,452.0
26347.0,0.0,0.0,192.0,1975-12-31,7.275,255.0
26350.0,0.0,768744.0,126.0,1975-02-28,7.2,528.0
26357.0,0.0,0.0,72.0,1975-03-04,6.2,180.0
26359.0,9000000.0,0.0,325.0,1976-08-28,7.796,666.0
26365.0,2500000.0,4200000.0,107.0,1976-07-14,5.89,350.0
26366.0,0.0,0.0,105.0,1977-01-23,7.5,110.0
26375.0,6500000.0,51100000.0,113.0,1976-12-03,6.701,354.0
26386.0,4015000.0,31063038.0,94.0,1977-12-25,6.453,386.0
26391.0,14000000.0,16400000.0,162.0,1977-06-21,6.5,490.0
26394.0,0.0,0.0,119.0,1977-11-14,6.5,65.0
26399.0,0.0,0.0,97.0,1978-08-12,6.7,158.0
26401.0,0.0,0.0,106.0,1979-11-22,7.03,50.0
26409.0,257000.0,0.0,90.0,1979-08-01,4.37,46.0
26413.0,92.0,0.0,98.0,1978-03-01,7.3,343.0
26422.0,11000000.0,15313606.0,121.0,1979-03-15,7.3,717.0
26429.0,0.0,43885000.0,96.0,1979-04-26,5.954,108.0
26444.0,0.0,0.0,199.0,1981-02-09,7.211,152.0
26453.0,,,,,,
26464.0,22000000.0,42313354.0,110.0,1983-02-05,6.199,526.0
26467.0,0.0,0.0,130.0,1983-12-10,6.8,424.0
26471.0,0.0,0.0,69.0,1983-10-15,7.621,340.0
26472.0,800000.0,0.0,140.0,1983-10-11,7.117,77.0
26492.0,10000000.0,29450920.0,101.0,1983-06-24,6.5,776.0
26498.0,0.0,0.0,100.0,1984-11-21,6.7,119.0
26504.0,0.0,9700000.0,101.0,1984-06-01,6.345,153.0
26510.0,3000000.0,0.0,96.0,1984-12-21,5.872,407.0
26523.0,1065000.0,2491460.0,79.0,1984-11-09,5.927,429.0
26524.0,0.0,0.0,90.0,1984-10-07,7.216,116.0
26527.0,0.0,706685.0,101.0,1984-10-25,7.1,261.0
26528.0,0.0,0.0,199.0,1985-12-01,8.08,250.0
26539.0,0.0,0.0,130.0,1985-08-16,6.903,176.0
26542.0,5000000.0,0.0,94.0,1985-11-24,5.423,339.0
26547.0,500000.0,18724000.0,100.0,1985-12-14,7.523,996.0
26554.0,1000000.0,0.0,91.0,1985-09-08,6.606,599.0
26555.0,22000000.0,60088980.0,102.0,1985-12-06,6.181,680.0
26562.0,0.0,42160849.0,136.0,1985-11-22,6.743,140.0
26564.0,3000000.0,10000000.0,126.0,1986-09-23,7.1,102.0
26567.0,15000000.0,12308521.0,91.0,1986-07-11,5.043,93.0
26578.0,0.0,1095380.0,149.0,1986-05-09,7.7,596.0
26585.0,0.0,4999517.0,95.0,1986-08-02,7.4,588.0
,,,,,,
26590.0,0.0,0.0,93.0,1987-06-19,6.5,102.0
26593.0,0.0,0.0,83.0,1988-01-29,5.5,166.0
26599.0,600000.0,1400000.0,100.0,1987-02-07,7.102,324.0
26603.0,3000000.0,14182492.0,103.0,1987-10-23,6.782,1115.0
26606.0,1250000.0,0.0,98.0,1987-07-18,7.289,323.0
26612.0,150000.0,0.0,105.0,1987-12-17,7.1,305.0
26614.0,,,,,,
26622.0,0.0,0.0,111.0,1988-03-18,6.8,47.0
26629.0,1800000.0,43625095.0,86.0,1988-05-27,6.6,1124.0
26630.0,22000000.0,67000000.0,93.0,1988-10-29,7.0,603.0
26631.0,0.0,0.0,86.0,1988-08-03,7.4,347.0
26645.0,0.0,0.0,90.0,1988-02-03,6.741,452.0
26649.0,,,,,,
26662.0,6900000.0,4493017.0,102.0,1989-07-29,7.8,4445.0
26676.0,25000000.0,6939946.0,95.0,1990-12-21,5.754,116.0
26680.0,11000000.0,8266343.0,85.0,1990-04-06,6.528,1552.0
26681.0,3500000.0,0.0,136.0,1990-08-17,7.585,300.0
26686.0,30000000.0,25421633.0,84.0,1990-06-29,5.091,219.0
26693.0,,,,,,
26694.0,0.0,0.0,95.0,1990-04-21,7.2,173.0
26695.0,0.0,9060847.0,119.0,1990-04-27,6.061,114.0
26696.0,6000000.0,24271196.0,108.0,1990-06-07,6.577,1117.0
26700.0,0.0,10959015.0,89.0,1990-03-16,5.848,158.0
26701.0,0.0,0.0,100.0,1989-07-15,6.957,173.0
26704.0,7000000.0,1911542.0,135.0,1990-09-14,6.926,399.0
26712.0,0.0,0.0,116.0,1991-08-29,7.6,55.0
26713.0,0.0,3255404.0,100.0,1990-12-15,7.26,564.0
26717.0,33000.0,0.0,72.0,1991-06-05,5.9,337.0
26726.0,17000000.0,4603929.0,107.0,1991-07-19,6.419,217.0
26729.0,0.0,1394661.0,96.0,1991-11-27,7.913,400.0
26732.0,0.0,0.0,115.0,1991-10-24,7.337,1057.0
26736.0,0.0,0.0,92.0,1991-10-05,6.9,356.0
26741.0,13000000.0,3800000.0,95.0,1991-05-17,5.781,167.0
26743.0,0.0,473110.0,118.0,1991-07-20,7.38,1208.0
26745.0,0.0,0.0,103.0,1991-10-18,6.124,149.0
26750.0,0.0,21413845.0,119.0,1990-10-17,6.701,416.0
26761.0,,,,,,
26764.0,3000000.0,0.0,97.0,1990-12-14,4.496,445.0
26765.0,0.0,0.0,99.0,1993-01-14,6.581,442.0
26776.0,9200000.0,44600000.0,93.0,1992-07-18,7.8,3607.0
26777.0,0.0,931280.0,114.0,1992-04-10,7.638,94.0
26778.0,20000000.0,14796494.0,90.0,1992-03-27,5.6,175.0
26782.0,0.0,6742168.0,104.0,1992-02-28,6.3,130.0
26791.0,35000000.0,43800000.0,127.0,1992-01-31,6.47,218.0
26792.0,7500000.0,17200000.0,101.0,1992-12-17,5.254,183.0
26796.0,0.0,1666511.0,105.0,1992-09-02,7.255,218.0
26797.0,0.0,0.0,92.0,1992-09-17,7.0,49.0
26810.0,750000.0,0.0,108.0,1993-09-01,6.998,291.0
26812.0,0.0,0.0,106.0,1993-03-20,6.813,48.0
26819.0,8000000.0,6739141.0,88.0,1992-12-18,6.045,712.0
26828.0,10000000.0,4348572.0,84.0,1993-04-02,5.108,199.0
26838.0,0.0,0.0,90.0,1993-08-06,6.4,86.0
26840.0,0.0,58834.0,93.0,1993-09-10,7.5,670.0
26849.0,,,,,,
26854.0,4000000.0,0.0,93.0,1995-07-11,5.6,293.0
26861.0,13000000.0,29296.0,86.0,1993-10-01,6.115,178.0
26865.0,0.0,1907743.0,103.0,1994-12-22,7.472,585.0
26870.0,25000000.0,30626182.0,105.0,1994-03-30,5.723,354.0
26871.0,0.0,0.0,90.0,1994-02-04,5.3,211.0
26875.0,0.0,0.0,111.0,1994-05-15,7.418,380.0
26887.0,,,,,,
26900.0,0.0,0.0,91.0,1995-02-17,5.762,21.0
26901.0,0.0,0.0,118.0,1995-09-08,6.7,100.0
26903.0,0.0,0.0,110.0,1995-07-15,7.948,2210.0
26913.0,0.0,0.0,101.0,1994-08-06,7.056,304.0
26928.0,0.0,0.0,113.0,1996-06-05,7.3,251.0
26940.0,6000000.0,0.0,95.0,1996-02-24,6.367,64.0
26947.0,965000.0,0.0,110.0,1996-08-30,7.0,829.0
26958.0,0.0,0.0,105.0,1996-10-02,6.585,135.0
26965.0,0.0,16534578.0,113.0,1997-12-31,6.707,295.0
26974.0,1300000.0,116799.0,89.0,1997-10-17,6.632,687.0
26985.0,0.0,0.0,113.0,1997-01-24,6.458,296.0
26999.0,0.0,0.0,81.0,1998-10-24,6.939,4608.0
27002.0,,,,,,
27003.0,20000000.0,1531251.0,99.0,1999-03-31,4.3,242.0
27006.0,0.0,0.0,84.0,1999-11-20,6.393,98.0
27008.0,5000000.0,6374.0,90.0,1999-03-16,4.631,508.0
27020.0,0.0,0.0,120.0,1998-01-31,7.109,798.0
27022.0,0.0,3121.0,83.0,1998-09-25,6.922,344.0
27032.0,0.0,0.0,108.0,1998-01-17,7.118,948.0
27036.0,,,,,,
27074.0,0.0,0.0,87.0,1998-04-19,5.4,44.0
27075.0,0.0,0.0,87.0,1998-12-23,4.776,290.0
27105.0,0.0,0.0,94.0,1999-01-10,7.181,124.0
27124.0,0.0,0.0,98.0,1999-08-06,6.686,199.0
27134.0,0.0,13240767.0,93.0,2001-09-18,5.95,565.0
27140.0,0.0,0.0,93.0,1999-07-09,4.534,264.0
27155.0,0.0,0.0,64.0,1997-10-04,7.35,257.0
27156.0,0.0,20563523.0,87.0,1997-07-19,8.26,1784.0
27176.0,0.0,0.0,70.0,1984-01-23,7.4,56.0
27178.0,0.0,0.0,100.0,2000-08-23,7.2,231.0
27186.0,4495000.0,0.0,70.0,1998-12-09,7.3,1146.0
27193.0,10500000.0,64433844.0,88.0,2000-03-25,6.27,1846.0
27246.0,0.0,0.0,96.0,2000-03-05,6.509,108.0
27251.0,,,,,,
27255.0,0.0,259510.0,118.0,1999-09-12,7.1,188.0
27266.0,12000000.0,20205757.0,129.0,2004-10-20,7.243,1041.0
27306.0,0.0,0.0,85.0,2001-03-10,5.757,37.0
27311.0,0.0,0.0,87.0,2000-12-12,7.34,1175.0
27317.0,250000.0,359853.0,115.0,2000-03-03,7.12,1708.0
27320.0,0.0,0.0,87.0,2000-03-01,6.6,20.0
27328.0,0.0,0.0,100.0,2000-04-29,6.9,59.0
27329.0,0.0,0.0,130.0,2000-07-28,7.164,122.0
27368.0,58500000.0,131116046.0,107.0,2002-01-30,7.373,3715.0
27369.0,0.0,0.0,75.0,2000-08-27,7.3,74.0
27370.0,0.0,0.0,91.0,2001-06-22,6.224,49.0
27373.0,0.0,0.0,129.0,2001-04-28,6.955,144.0
27397.0,12500000.0,0.0,110.0,2000-09-09,7.822,788.0
27408.0,30000000.0,6200000.0,110.0,2002-09-02,6.398,303.0
27416.0,0.0,871351.0,88.0,2000-12-22,6.2,126.0
27420.0,0.0,28554.0,83.0,2002-01-10,4.25,38.0
27426.0,25697387.0,790144.0,83.0,2001-01-18,6.02,506.0
27434.0,10600000.0,33988736.0,102.0,2002-10-11,5.6,417.0
27441.0,0.0,0.0,48.0,2000-11-18,6.839,358.0
27450.0,53000000.0,0.0,124.0,2004-02-09,4.828,239.0
27473.0,10000000.0,0.0,88.0,2002-06-18,4.478,462.0
27478.0,7000000.0,23280529.0,90.0,2002-03-21,6.048,1455.0
27480.0,0.0,0.0,97.0,2000-12-02,6.877,102.0
27482.0,0.0,3563603.0,95.0,2002-04-15,5.488,1560.0
27491.0,25000000.0,318451.0,118.0,2001-02-03,6.667,639.0
27513.0,0.0,545527.0,120.0,2001-09-03,6.5,102.0
27523.0,0.0,32000000.0,137.0,2001-07-27,7.533,628.0
27537.0,0.0,0.0,90.0,2003-09-09,5.854,113.0
27539.0,8000000.0,1868949.0,94.0,2002-12-04,6.135,111.0
27549.0,0.0,0.0,89.0,2002-01-12,5.6,66.0
27555.0,350000.0,0.0,80.0,2002-05-24,6.104,53.0
27563.0,1500000.0,0.0,113.0,2002-02-23,6.9,218.0
27584.0,900000.0,898994.0,85.0,2003-12-12,6.361,581.0
27592.0,4000000.0,1954937.0,121.0,2002-03-29,7.5,1617.0
27595.0,100000.0,0.0,84.0,2001-06-10,4.89,114.0
27604.0,250000.0,0.0,99.0,2001-10-29,6.5,537.0
27611.0,,,,,,
27618.0,80000000.0,11700000.0,110.0,2005-05-15,4.838,427.0
27619.0,0.0,1465.0,77.0,2004-10-28,6.577,3096.0
27627.0,0.0,0.0,133.0,2002-08-09,7.7,269.0
27644.0,0.0,0.0,125.0,2003-02-11,5.8,242.0
27660.0,5000000.0,68000000.0,100.0,2003-05-09,7.203,1712.0
27664.0,100000.0,365734.0,93.0,2003-11-14,5.4,261.0
27667.0,4000000.0,0.0,70.0,2000-02-11,6.765,296.0
27674.0,6000000.0,0.0,86.0,2003-09-05,6.805,925.0
27683.0,5000000.0,0.0,96.0,2004-01-02,5.749,501.0
27685.0,0.0,0.0,90.0,2004-01-13,5.94,445.0
27689.0,0.0,40152148.0,100.0,2004-02-18,6.118,753.0
27692.0,0.0,0.0,112.0,2003-09-07,6.705,95.0
27695.0,0.0,5751007.0,93.0,2003-10-03,6.6,90.0
27704.0,9080000.0,14902587.0,121.0,2003-07-05,4.981,520.0
27705.0,17000000.0,293671.0,96.0,2003-11-24,6.589,593.0
27706.0,140000000.0,209073645.0,108.0,2004-12-16,6.817,5199.0
27708.0,,,,,,
27716.0,0.0,0.0,100.0,2003-03-08,7.1,323.0
27721.0,47000000.0,0.0,134.0,2004-10-27,7.316,1293.0
27722.0,0.0,0.0,112.0,2003-08-03,7.2,157.0
27728.0,0.0,10079829.0,100.0,2004-03-06,7.3,946.0
27731.0,0.0,54016370.0,75.0,2002-07-19,7.1,2391.0
27741.0,5000000.0,7372769.0,125.0,2002-11-02,7.8,343.0
27744.0,0.0,15530077.0,102.0,2003-02-27,6.954,327.0
27746.0,0.0,0.0,94.0,2004-01-30,6.434,354.0
27751.0,,,,,,
27762.0,0.0,0.0,106.0,2004-01-27,5.8,25.0
27768.0,4293360.0,10485817.0,104.0,2004-02-05,6.314,78.0
27769.0,0.0,0.0,104.0,2004-01-14,6.5,38.0
27772.0,3500000.0,3657876.0,92.0,2002-10-18,6.752,901.0
27773.0,3000000.0,17500000.0,120.0,2003-11-21,8.241,9539.0
27776.0,0.0,0.0,106.0,2004-03-03,5.453,53.0
27778.0,3500000.0,0.0,94.0,2004-07-10,6.084,298.0
27784.0,1700000.0,17605379.0,112.0,2003-11-03,6.237,463.0
27788.0,29000000.0,21733230.0,103.0,2005-03-04,6.873,1628.0
27790.0,7500000.0,11782282.0,98.0,2005-04-08,6.415,405.0
27793.0,7000000.0,0.0,88.0,2004-05-19,4.453,677.0
27801.0,1100000.0,20112926.0,108.0,2003-01-31,7.131,1817.0
27802.0,125000.0,3208262.0,115.0,2003-10-01,7.318,461.0
27803.0,12806000.0,43731621.0,125.0,2004-09-03,7.573,985.0
27808.0,80000000.0,55470154.0,125.0,2004-12-17,6.03,1358.0
27815.0,5300000.0,83600000.0,97.0,2004-03-17,7.731,2550.0
27816.0,780000.0,1310470.0,90.0,2003-09-11,6.283,299.0
27820.0,0.0,0.0,87.0,2004-08-12,7.046,108.0
27821.0,80000000.0,162944923.0,120.0,2005-04-08,6.306,1527.0
27822.0,120000.0,54683487.0,80.0,2004-08-06,5.55,1110.0
27826.0,0.0,0.0,91.0,2004-07-16,6.037,54.0
27829.0,0.0,0.0,85.0,2004-03-15,6.5,8.0
27830.0,20000000.0,0.0,120.0,2004-04-30,5.9,50.0
27831.0,6500000.0,11900000.0,105.0,2004-09-30,6.911,2300.0
27834.0,0.0,8482993.0,110.0,2003-06-25,7.267,682.0
27837.0,45000000.0,21009180.0,113.0,2004-12-17,5.99,915.0
27838.0,500000.0,603943.0,86.0,2004-08-20,6.843,401.0
27839.0,50000000.0,161451538.0,110.0,2005-03-10,5.752,2397.0
27846.0,0.0,4500000.0,145.0,2003-09-10,7.623,277.0
27850.0,0.0,0.0,91.0,2003-09-07,6.84,100.0
27865.0,0.0,0.0,128.0,2003-05-10,6.9,353.0
27866.0,0.0,0.0,126.0,2004-06-11,6.953,106.0
27869.0,1500000.0,0.0,140.0,2004-02-05,7.99,750.0
27873.0,0.0,0.0,140.0,2004-06-10,7.072,235.0
27878.0,350000.0,3529201.0,83.0,2004-12-08,6.802,245.0
27879.0,0.0,228828.0,107.0,2004-05-14,6.7,66.0
27882.0,2600000.0,3166000.0,105.0,2004-07-09,7.592,49.0
27899.0,0.0,10000000.0,108.0,2004-04-23,5.099,126.0
27904.0,8700000.0,7659918.0,100.0,2006-07-07,6.801,1885.0
27905.0,6000000.0,12353768.0,142.0,2004-04-24,5.887,253.0
27912.0,0.0,0.0,74.0,2004-07-14,7.021,70.0
30707.0,30000000.0,216763646.0,132.0,2004-12-05,7.954,10153.0
30745.0,250000.0,0.0,130.0,2003-07-11,6.759,228.0
30749.0,17500000.0,38000000.0,120.0,2004-12-22,7.7,3075.0
30793.0,150000000.0,475000000.0,115.0,2005-07-13,7.038,15889.0
30803.0,0.0,3403957.0,90.0,2004-10-15,7.821,1231.0
30810.0,50000000.0,34808403.0,118.0,2004-12-10,7.076,3088.0
30812.0,110000000.0,213719942.0,170.0,2004-12-17,7.2,5697.0
30816.0,70000000.0,154674241.0,140.0,2004-12-08,7.3,1739.0
30818.0,25000000.0,8400000.0,118.0,2004-11-16,6.3,173.0
30820.0,4000000.0,4700000.0,87.0,2004-12-24,6.86,511.0
30822.0,0.0,61314565.0,109.0,2004-12-29,6.0,670.0
30825.0,80000000.0,516642939.0,115.0,2004-12-22,6.256,5047.0
30846.0,0.0,4426087.0,95.0,2004-05-17,6.498,299.0
30848.0,0.0,1841260.0,119.0,2004-09-02,6.771,412.0
30850.0,30000000.0,21600000.0,132.0,2004-12-03,6.772,595.0
30883.0,45000000.0,48600000.0,93.0,2004-12-25,5.1,268.0
30890.0,0.0,0.0,105.0,2004-09-10,6.451,82.0
30892.0,0.0,0.0,81.0,2004-01-15,7.1,40.0
30894.0,10000000.0,91196419.0,93.0,2005-01-07,5.612,849.0
30898.0,12000000.0,28237488.0,115.0,2005-03-11,6.287,286.0
30994.0,0.0,6321392.0,103.0,1980-03-21,6.571,49.0
31000.0,0.0,0.0,106.0,1986-05-16,5.3,39.0
31030.0,0.0,0.0,134.0,1948-03-09,7.135,63.0
31038.0,0.0,0.0,91.0,1985-09-21,6.3,64.0
31049.0,0.0,0.0,88.0,1989-03-03,5.9,26.0
31083.0,30000000.0,4096030.0,100.0,1992-07-17,4.9,64.0
31086.0,150000.0,0.0,99.0,1973-01-13,7.3,116.0
31101.0,15000000.0,0.0,116.0,2003-10-10,6.2,114.0
31114.0,10000000.0,0.0,111.0,2004-09-14,6.492,118.0
31116.0,1400000.0,16361885.0,134.0,1941-09-27,7.201,226.0
31123.0,27440000.0,27729359.0,85.0,2003-10-22,6.685,883.0
31150.0,2000000.0,9000000.0,80.0,1977-02-09,6.158,228.0
31162.0,0.0,0.0,122.0,2004-10-01,6.568,190.0
31184.0,10000000.0,1461989.0,100.0,2004-04-17,6.692,381.0
31193.0,,,,,,
31221.0,43000000.0,56681566.0,100.0,2005-01-13,5.0,2600.0
31223.0,30000000.0,90754475.0,103.0,2005-01-06,5.887,646.0
31225.0,30000000.0,76669554.0,137.0,2005-01-14,7.571,3199.0
31260.0,0.0,0.0,96.0,1938-09-08,6.778,99.0
31297.0,0.0,0.0,95.0,1935-03-15,6.4,54.0
31309.0,0.0,0.0,192.0,1960-10-07,7.99,642.0
31364.0,2800000.0,26000000.0,129.0,2003-04-25,8.1,4390.0
31367.0,26000000.0,8000000.0,88.0,1994-03-04,5.774,376.0
31410.0,16000000.0,92181574.0,155.0,2004-09-16,7.855,4185.0
31420.0,30000000.0,35294470.0,110.0,2005-01-19,6.2,1172.0
31422.0,32000000.0,97918663.0,95.0,2005-01-20,5.691,1033.0
31424.0,20000000.0,12693645.0,96.0,2005-01-28,3.243,645.0
31427.0,30000000.0,127369981.0,96.0,2005-01-27,6.332,1674.0
31431.0,20000000.0,67192859.0,89.0,2005-02-04,4.952,788.0
31433.0,15000000.0,47175038.0,90.0,2005-02-04,6.819,1238.0
31435.0,0.0,0.0,104.0,2004-10-15,7.426,223.0
31437.0,0.0,0.0,141.0,2004-08-07,7.983,609.0
31445.0,0.0,0.0,98.0,2004-01-17,5.7,155.0
31522.0,0.0,0.0,120.0,1979-03-23,7.359,291.0
31545.0,0.0,33187.0,131.0,1960-03-18,8.246,539.0
31553.0,3500000.0,2341309.0,86.0,1994-11-04,4.543,373.0
31590.0,0.0,0.0,94.0,1954-03-17,7.164,271.0
31610.0,0.0,0.0,127.0,2003-07-04,6.619,21.0
31617.0,6250000.0,26600000.0,175.0,1961-10-24,6.8,292.0
31658.0,24000000.0,236049757.0,119.0,2004-09-09,8.4,10790.0
31660.0,26000000.0,18900000.0,126.0,2004-07-17,6.9,473.0
31664.0,0.0,0.0,121.0,1999-02-12,6.423,405.0
31685.0,70000000.0,371600000.0,118.0,2005-02-11,6.575,6098.0
31692.0,0.0,0.0,104.0,2003-12-05,7.6,10.0
31694.0,7000000.0,24700000.0,112.0,2004-02-11,6.438,398.0
31696.0,100000000.0,230900000.0,121.0,2005-02-08,7.119,7814.0
31698.0,84000000.0,59918422.0,97.0,2005-02-11,4.2,1928.0
31700.0,14000000.0,32645546.0,106.0,2005-02-18,6.488,249.0
31702.0,0.0,1075462.0,98.0,2004-09-10,7.7,236.0
31737.0,0.0,0.0,107.0,1965-10-03,7.2,201.0
31804.0,10000000.0,50336279.0,115.0,2004-07-08,6.229,786.0
31851.0,0.0,0.0,68.0,1933-12-29,7.045,258.0
31867.0,40000000.0,21577624.0,93.0,2005-02-25,5.764,494.0
31878.0,20000000.0,102034104.0,99.0,2004-02-10,7.481,3067.0
31903.0,0.0,0.0,150.0,2003-09-04,6.962,52.0
31909.0,0.0,8403433.0,95.0,1992-10-23,5.5,173.0
31921.0,5000000.0,0.0,113.0,1976-10-24,6.222,106.0
31923.0,4500000.0,22018000.0,105.0,1973-12-11,6.749,343.0
31925.0,0.0,0.0,102.0,1975-10-10,5.804,28.0
31952.0,500000.0,1277800.0,105.0,2003-11-20,7.173,286.0
31973.0,0.0,0.0,76.0,1948-07-11,7.6,414.0
32009.0,5500000.0,50652203.0,116.0,2005-02-25,6.5,233.0
32011.0,35000000.0,19300000.0,96.0,2005-02-25,5.424,756.0
32017.0,56000000.0,198636868.0,95.0,2005-03-04,6.07,3189.0
32019.0,53000000.0,95200000.0,119.0,2005-03-04,5.457,950.0
32022.0,0.0,0.0,85.0,2004-09-11,6.283,23.0
32029.0,52000000.0,77944725.0,113.0,2005-03-10,6.345,1711.0
32031.0,75000000.0,262511490.0,92.0,2005-03-10,6.479,4827.0
32058.0,0.0,0.0,110.0,1991-03-15,6.307,171.0
32060.0,0.0,325550.0,87.0,1927-08-20,6.9,83.0
32116.0,0.0,0.0,97.0,1984-11-07,5.6,43.0
32139.0,10000000.0,4000000.0,139.0,1965-09-16,7.1,147.0
32160.0,0.0,0.0,91.0,1934-05-11,6.8,110.0
32179.0,0.0,263404.0,88.0,1958-01-29,7.6,675.0
32213.0,825000.0,0.0,97.0,2004-10-10,5.666,1117.0
32234.0,7840000.0,20700000.0,117.0,1977-10-01,6.5,157.0
32243.0,3000000.0,59466.0,109.0,2003-05-17,6.0,36.0
32289.0,25000000.0,27645491.0,98.0,2005-03-17,6.405,935.0
32291.0,16000000.0,20085825.0,100.0,2004-12-22,6.184,488.0
32294.0,0.0,0.0,90.0,2003-01-18,1.0,2.0
32296.0,0.0,101393569.0,115.0,2005-03-11,5.748,1938.0
32298.0,35000000.0,103100000.0,105.0,2005-03-25,6.005,959.0
32300.0,3500000.0,97446.0,91.0,2005-03-25,6.491,613.0
32302.0,0.0,0.0,93.0,2004-05-05,6.3,11.0
32314.0,1400000.0,37493.0,94.0,2004-12-17,5.8,92.0
32371.0,0.0,0.0,111.0,1948-02-13,6.734,171.0
32387.0,0.0,0.0,115.0,1966-02-25,7.726,250.0
32392.0,4380750.0,1947000.0,125.0,2002-10-18,5.874,107.0
32440.0,0.0,7788597.0,88.0,1991-03-15,6.1,174.0
32442.0,0.0,13145977.0,113.0,1994-03-04,6.148,281.0
32456.0,0.0,0.0,119.0,1994-07-16,7.2,1156.0
32460.0,3500000.0,0.0,90.0,1997-02-20,7.692,566.0
32469.0,0.0,3000000.0,106.0,1955-07-07,7.2,202.0
32511.0,0.0,0.0,175.0,1970-07-10,7.6,220.0
32515.0,5800000.0,257043.0,95.0,1987-12-04,6.4,83.0
32554.0,0.0,0.0,113.0,1995-12-23,7.5,541.0
32582.0,0.0,0.0,83.0,2003-10-09,7.1,26.0
32584.0,1500000.0,712294.0,111.0,2005-02-25,6.13,167.0
32587.0,40000000.0,158733820.0,123.0,2005-04-01,7.461,8645.0
32589.0,25000000.0,36351350.0,105.0,2005-04-22,6.301,540.0
32596.0,130000000.0,119269486.0,125.0,2005-04-06,5.901,1592.0
32598.0,30000000.0,50500000.0,104.0,2005-04-06,6.222,744.0
,,,,,,
32620.0,0.0,0.0,115.0,2003-12-03,5.647,34.0
32632.0,0.0,0.0,114.0,1973-05-17,6.9,99.0
32649.0,0.0,0.0,106.0,1977-08-11,8.041,742.0
32657.0,0.0,0.0,30.0,1987-05-13,8.003,173.0
32659.0,0.0,24272365.0,104.0,2001-11-21,5.956,487.0
32666.0,0.0,527000.0,90.0,2003-06-15,3.167,33.0
32728.0,0.0,0.0,91.0,1976-12-25,7.003,337.0
32743.0,6000000.0,11918069.0,99.0,2000-01-22,6.1,278.0
32770.0,0.0,0.0,110.0,2004-08-27,6.773,110.0
32799.0,0.0,0.0,88.0,1931-11-27,7.1,116.0
32862.0,0.0,0.0,95.0,1968-08-07,6.3,40.0
32875.0,0.0,0.0,87.0,1949-05-11,7.036,238.0
32892.0,0.0,0.0,95.0,1962-05-09,7.832,808.0
32898.0,5985.0,0.0,14.0,1902-06-15,7.899,1939.0
32906.0,0.0,0.0,111.0,1977-04-02,7.85,234.0
32914.0,5000000.0,0.0,132.0,2002-11-04,6.12,544.0
32917.0,0.0,0.0,150.0,1962-02-23,6.9,146.0
33004.0,50000000.0,104500000.0,109.0,2005-04-28,6.68,4133.0
33085.0,19000000.0,107516369.0,90.0,2005-04-14,6.121,2301.0
33090.0,200000.0,29687.0,83.0,2002-06-14,6.196,28.0
33124.0,4500000.0,3764219.0,106.0,2004-07-04,7.0,353.0
33126.0,9200000.0,9300000.0,119.0,1979-07-06,6.1,160.0
33132.0,0.0,1691706.0,94.0,2005-04-13,5.694,18.0
33138.0,0.0,809686.0,100.0,2005-03-09,6.198,169.0
33145.0,30000000.0,42886719.0,107.0,2005-04-21,6.828,1341.0
33148.0,15000000.0,4139856.0,95.0,2005-04-22,4.8,56.0
33154.0,0.0,0.0,110.0,2005-04-22,7.151,291.0
33158.0,60000000.0,71410636.0,101.0,2005-04-27,5.08,1978.0
33162.0,130000000.0,218366336.0,144.0,2005-05-03,7.014,4764.0
33164.0,40000000.0,68766121.0,113.0,2005-05-05,6.019,3246.0
33166.0,6500000.0,98400000.0,112.0,2005-05-06,7.216,3753.0
33171.0,3000000.0,2148548.0,105.0,2005-03-30,7.7,1220.0
33188.0,0.0,8692426.0,100.0,1985-02-08,6.6,152.0
33201.0,0.0,3470643.0,115.0,1999-01-14,5.3,55.0
33237.0,1300000.0,5273000.0,115.0,1936-06-26,6.5,77.0
33294.0,0.0,0.0,80.0,1985-12-21,6.6,521.0
33310.0,0.0,0.0,89.0,2004-05-14,6.344,32.0
33312.0,500000.0,1800000.0,96.0,1929-05-23,6.5,122.0
33421.0,0.0,0.0,105.0,2005-02-04,5.785,135.0
33435.0,0.0,0.0,170.0,2004-07-28,7.6,60.0
33437.0,45000000.0,50871113.0,102.0,2005-02-02,6.938,2118.0
33493.0,113000000.0,850000000.0,140.0,2005-05-17,7.458,14634.0
33495.0,45000000.0,56070433.0,95.0,2005-05-13,5.807,670.0
33499.0,43000000.0,154749918.0,97.0,2005-05-13,6.212,1724.0
33558.0,0.0,0.0,104.0,2003-09-11,6.939,122.0
33564.0,0.0,0.0,105.0,1961-12-20,7.873,516.0
33615.0,75000000.0,542064525.0,83.0,2005-05-25,6.9,11492.0
33629.0,2600000.0,2850263.0,91.0,1993-09-17,5.945,82.0
33639.0,500000.0,9400000.0,105.0,2005-05-13,6.703,32.0
33644.0,30000000.0,251495.0,132.0,2005-05-20,5.344,400.0
33646.0,90000000.0,191466556.0,113.0,2005-05-27,6.665,3593.0
33649.0,2500000.0,1230000.0,97.0,2004-09-12,7.271,255.0
33660.0,88000000.0,108539911.0,144.0,2005-06-02,7.567,2343.0
33669.0,25000000.0,39053061.0,119.0,2005-06-01,6.513,1334.0
33672.0,25000000.0,13411957.0,107.0,2005-06-03,7.095,784.0
33677.0,0.0,0.0,93.0,2005-02-27,6.1,15.0
33679.0,110000000.0,487287646.0,120.0,2005-06-07,6.689,11005.0
33681.0,50000000.0,72000000.0,93.0,2005-06-10,5.203,1587.0
33683.0,2500000.0,6291958.0,95.0,2003-06-18,6.8,1424.0
33725.0,2000000.0,120620.0,90.0,2004-09-12,6.568,199.0
33779.0,0.0,0.0,114.0,1999-06-13,7.7,79.0
33781.0,7623000.0,21037000.0,171.0,1951-11-08,7.098,441.0
33794.0,150000000.0,374218673.0,140.0,2005-06-10,7.72,22194.0
33801.0,19500000.0,12000000.0,125.0,2004-12-04,7.073,349.0
33815.0,0.0,0.0,92.0,2005-06-17,6.144,808.0
33826.0,0.0,489389.0,95.0,2005-08-05,6.994,79.0
33830.0,50000000.0,144100000.0,101.0,2005-06-19,5.82,2384.0
33834.0,15000000.0,47074133.0,93.0,2005-06-18,6.199,1706.0
33836.0,85000000.0,131426169.0,102.0,2005-06-21,5.086,1622.0
33838.0,0.0,0.0,86.0,2005-01-15,6.7,46.0
33880.0,0.0,0.0,87.0,2005-06-17,7.015,365.0
33893.0,6000000.0,9040667.0,104.0,2004-09-10,6.711,341.0
33896.0,77532.0,516930.0,126.0,2004-08-20,6.788,400.0
33903.0,0.0,0.0,127.0,2004-10-25,7.166,364.0
33966.0,4000000.0,40700000.0,97.0,1993-04-02,4.497,158.0
34018.0,0.0,0.0,87.0,1939-10-20,6.4,95.0
34048.0,132000000.0,603873119.0,116.0,2005-06-28,6.529,8942.0
34072.0,8000000.0,127392693.0,84.0,2005-01-26,7.079,1191.0
34129.0,45000000.0,16809014.0,86.0,2005-07-01,5.586,347.0
34143.0,30000000.0,68357079.0,100.0,2005-07-08,5.678,1088.0
34148.0,6400000.0,9293785.0,107.0,2005-03-16,6.9,483.0
34150.0,100000000.0,333535934.0,110.0,2005-06-29,5.803,9827.0
34153.0,300000.0,1750211.0,88.0,2005-07-22,7.088,102.0
34162.0,40000000.0,288500000.0,114.0,2005-07-13,6.492,4615.0
34164.0,0.0,0.0,128.0,2005-01-20,5.556,116.0
34271.0,8000000.0,23563727.0,116.0,2005-07-22,7.158,424.0
34292.0,1500000.0,5728953.0,94.0,1990-09-14,5.902,330.0
34312.0,0.0,0.0,89.0,2004-04-30,5.535,58.0
34319.0,126000000.0,162949164.0,132.0,2005-07-21,6.7,5739.0
34321.0,30000000.0,34252847.0,113.0,2005-07-22,5.8,280.0
34323.0,7000000.0,20901859.0,104.0,2005-07-22,6.743,1508.0
34326.0,5000000.0,1900000.0,97.0,2005-06-12,5.537,397.0
34330.0,0.0,959831.0,104.0,2003-09-26,7.018,56.0
34332.0,35000000.0,86369815.0,100.0,2005-07-29,6.253,2411.0
34334.0,135000000.0,76932943.0,121.0,2005-07-27,5.466,1131.0
34336.0,30000000.0,58405313.0,98.0,2005-07-21,5.933,485.0
34338.0,0.0,0.0,89.0,2005-07-29,5.9,173.0
34359.0,0.0,0.0,99.0,1966-08-04,6.176,51.0
34397.0,25000000.0,0.0,89.0,2001-05-05,5.112,267.0
34405.0,39000000.0,38869464.0,119.0,2005-09-25,7.362,3769.0
34437.0,10000000.0,46720491.0,106.0,2005-07-31,6.931,1445.0
34450.0,0.0,34036029.0,122.0,1989-06-15,7.122,176.0
34482.0,0.0,0.0,90.0,1951-04-06,7.615,100.0
34520.0,50000000.0,110803676.0,107.0,2005-08-05,5.602,1270.0
34523.0,6800000.0,351401.0,102.0,2005-06-08,6.471,206.0
34528.0,1000000.0,0.0,106.0,2005-08-03,6.537,243.0
34530.0,22000000.0,45109561.0,83.0,2005-08-12,5.297,990.0
34532.0,43000000.0,93983911.0,100.0,2005-07-29,6.622,2227.0
34534.0,45000000.0,92374674.0,108.0,2005-08-11,6.8,2319.0
34536.0,80000000.0,10166502.0,132.0,2005-08-12,6.542,370.0
34540.0,0.0,0.0,104.0,2005-01-22,5.775,142.0
34542.0,0.0,0.0,103.0,2005-08-12,7.5,922.0
34800.0,0.0,331816.0,82.0,1985-05-03,5.7,223.0
34811.0,0.0,0.0,96.0,2004-12-25,7.2,504.0
35015.0,12000000.0,995000.0,100.0,2005-04-22,7.323,201.0
35347.0,350000.0,0.0,73.0,1954-12-28,7.015,517.0
35807.0,0.0,0.0,123.0,1957-01-14,6.159,44.0
35836.0,26000000.0,177400000.0,117.0,2005-08-11,6.415,7070.0
35957.0,26000000.0,57891803.0,82.0,2005-08-10,6.392,2469.0
36276.0,8500000.0,16197824.0,117.0,2005-10-05,7.0,1218.0
36289.0,48500000.0,101644060.0,109.0,1999-02-03,6.011,2005.0
36363.0,0.0,0.0,135.0,1986-12-01,7.683,276.0
36397.0,35000000.0,61746888.0,75.0,2005-03-25,5.575,949.0
36401.0,88000000.0,105300000.0,119.0,2005-08-26,5.844,2889.0
36477.0,0.0,0.0,91.0,2005-08-26,6.01,51.0
36509.0,30000000.0,33296457.0,97.0,2005-08-26,5.438,1000.0
36517.0,25000000.0,82468097.0,128.0,2005-08-31,6.991,1663.0
36519.0,32000000.0,89100000.0,87.0,2005-08-03,6.324,3850.0
36525.0,58000000.0,102900000.0,95.0,2005-09-16,7.0,2515.0
36527.0,20000000.0,7535331.0,100.0,2005-09-05,6.34,721.0
36529.0,50000000.0,72600000.0,122.0,2005-09-16,7.339,5175.0
36533.0,1000000.0,10047674.0,90.0,2005-09-16,5.8,578.0
36535.0,7000000.0,3601974.0,105.0,2005-09-05,7.3,806.0
36537.0,3000000.0,1919197.0,96.0,2005-09-16,6.17,256.0
36708.0,0.0,0.0,88.0,2005-07-23,6.928,415.0
36850.0,750000.0,11477301.0,101.0,1988-08-13,7.075,601.0
36931.0,20000000.0,8712057.0,124.0,2004-09-23,7.148,798.0
37211.0,0.0,0.0,80.0,1940-12-06,6.5,94.0
37240.0,0.0,0.0,98.0,2005-01-20,7.483,121.0
37380.0,60000000.0,58100000.0,104.0,2005-10-20,5.187,2376.0
37382.0,50000000.0,22900000.0,128.0,2005-10-14,5.9,1265.0
37384.0,3000000.0,18637690.0,91.0,2005-10-07,6.204,962.0
37386.0,62000000.0,53321673.0,93.0,2005-11-30,5.644,2392.0
37444.0,0.0,0.0,100.0,1984-08-14,5.5,17.0
37475.0,30000000.0,18618284.0,108.0,2005-09-09,6.8,681.0
37477.0,33000000.0,13485145.0,85.0,2005-09-08,5.808,606.0
37495.0,0.0,0.0,120.0,2004-09-25,7.2,214.0
37545.0,0.0,0.0,82.0,1979-05-25,6.601,194.0
37720.0,19000000.0,145166804.0,117.0,2005-09-09,6.604,2976.0
37727.0,55000000.0,223387299.0,98.0,2005-09-22,6.451,2890.0
37729.0,40000000.0,118133252.0,75.0,2005-09-12,7.585,9998.0
37731.0,0.0,4333271.0,109.0,2005-09-09,7.276,2507.0
37733.0,32000000.0,61477797.0,95.0,2005-09-23,7.162,3596.0
37736.0,50000000.0,42580321.0,130.0,2005-09-23,6.748,1222.0
37739.0,26000000.0,15431177.0,120.0,2005-09-30,7.302,521.0
37741.0,7000000.0,49327405.0,110.0,2005-09-30,6.982,1587.0
37830.0,0.0,0.0,100.0,2005-07-14,7.159,1210.0
37844.0,10.0,0.0,107.0,2005-09-23,6.684,119.0
37853.0,50000000.0,46117696.0,110.0,2005-09-30,5.911,1596.0
37857.0,4000000.0,973613.0,101.0,2005-01-25,6.414,350.0
38038.0,30000000.0,192610372.0,85.0,2005-09-15,7.113,3011.0
38061.0,15000000.0,15785148.0,102.0,2005-09-14,7.2,2921.0
38095.0,0.0,7600000.0,118.0,2005-04-01,7.438,962.0
38159.0,0.0,0.0,87.0,1988-08-21,7.784,406.0
38164.0,0.0,0.0,141.0,1940-07-05,7.283,53.0
38198.0,,,,,,
38294.0,0.0,92076.0,104.0,2005-09-14,5.6,244.0
38304.0,2000000.0,0.0,208.0,2005-07-21,7.729,142.0
38388.0,10000000.0,27610873.0,120.0,2005-09-29,6.756,1179.0
38583.0,2700000.0,3500000.0,93.0,1986-10-01,6.362,497.0
38798.0,0.0,83073883.0,130.0,2005-10-07,6.2,1253.0
38886.0,1500000.0,11100000.0,81.0,2005-10-05,6.947,1049.0
38992.0,35000000.0,30526509.0,122.0,2005-10-07,6.048,703.0
39183.0,14000000.0,178043761.0,128.0,2005-10-22,7.8,7407.0
39231.0,57000000.0,52164016.0,124.0,2005-10-14,6.193,1171.0
39234.0,35000000.0,25224242.0,124.0,2005-02-12,7.231,716.0
39292.0,7000000.0,54600000.0,93.0,2005-09-16,7.074,1069.0
39307.0,0.0,0.0,106.0,2005-09-10,7.027,426.0
39381.0,2000000.0,5048693.0,104.0,2005-10-06,7.023,690.0
39400.0,18000000.0,46201432.0,96.0,2005-10-14,4.555,801.0
39414.0,10284523.0,11588205.0,104.0,2005-10-21,5.766,273.0
39427.0,50000000.0,8342132.0,99.0,2005-09-24,6.595,1463.0
39435.0,75000000.0,142400065.0,130.0,2005-10-24,6.121,3031.0
39444.0,20000000.0,12482775.0,101.0,2005-10-20,6.147,1050.0
39446.0,4000000.0,152925093.0,95.0,2005-10-28,6.604,5735.0
39449.0,22000000.0,67900000.0,100.0,2005-09-21,6.0,832.0
39516.0,0.0,11837022.0,125.0,2004-03-12,6.976,292.0
39715.0,7000000.0,0.0,94.0,2005-11-23,5.468,2185.0
39801.0,12148397.0,15787492.0,124.0,2005-08-06,6.3,75.0
39869.0,14200000.0,674918.0,139.0,2005-06-03,6.888,384.0
40148.0,27000000.0,7164778.0,114.0,2005-09-11,6.351,1486.0
40278.0,72000000.0,97076152.0,123.0,2005-11-04,6.673,3101.0
40339.0,150000000.0,314400000.0,77.0,2005-11-04,5.908,4086.0
40412.0,0.0,0.0,90.0,2004-09-29,7.121,582.0
40414.0,22000000.0,17709155.0,116.0,2005-11-09,7.372,908.0
40478.0,0.0,0.0,88.0,1972-10-04,4.434,114.0
40491.0,83038.0,0.0,70.0,1990-01-12,7.4,287.0
40578.0,0.0,0.0,85.0,1965-09-18,7.444,71.0
40581.0,0.0,50817508.0,94.0,2005-11-23,6.208,1740.0
40583.0,50000000.0,93974620.0,127.0,2005-11-23,6.42,1452.0
40597.0,1800000.0,1011700.0,88.0,2002-09-06,6.0,23.0
40614.0,22000000.0,57479076.0,110.0,2005-11-11,6.36,1106.0
40617.0,0.0,7480424.0,102.0,2004-08-10,5.999,820.0
40629.0,28000000.0,124604345.0,127.0,2005-09-16,8.1,8591.0
,,,,,,
40723.0,1000000.0,30894796.0,95.0,2005-09-16,6.232,1252.0
40732.0,3500000.0,57130027.0,100.0,2005-07-08,6.978,4268.0
40815.0,150000000.0,895921036.0,157.0,2005-11-16,7.801,21809.0
40819.0,28000000.0,186800000.0,137.0,2005-09-13,7.499,3058.0
40826.0,40000000.0,31670620.0,135.0,2005-11-17,6.842,588.0
40851.0,65000000.0,65079104.0,105.0,2005-11-06,6.431,3493.0
40870.0,0.0,3692417.0,127.0,2005-05-27,7.484,492.0
40946.0,0.0,0.0,70.0,2005-02-11,6.388,80.0
40955.0,0.0,3900000.0,122.0,2005-11-16,7.221,428.0
40959.0,16000000.0,10156958.0,92.0,2005-11-23,5.909,325.0
40962.0,45000000.0,72028752.0,88.0,2005-11-23,6.178,883.0
40966.0,11000000.0,10900000.0,115.0,2004-09-16,5.918,474.0
41014.0,500000.0,0.0,98.0,1970-02-27,7.14,820.0
41285.0,15000000.0,85638656.0,123.0,2005-10-26,7.359,4283.0
41527.0,2000000.0,3395627.0,87.0,2005-09-07,6.883,278.0
41566.0,180000000.0,745013115.0,140.0,2005-12-07,7.136,11287.0
41569.0,207000000.0,562363449.0,188.0,2005-12-12,6.887,8332.0
41571.0,85000000.0,162242962.0,146.0,2005-12-06,7.646,3308.0
41573.0,19000000.0,92884429.0,99.0,2005-12-15,6.296,1111.0
41617.0,9000000.0,371000.0,85.0,2005-10-16,5.255,346.0
41627.0,0.0,0.0,128.0,1967-05-27,8.2,259.0
41712.0,0.0,0.0,90.0,1999-08-23,6.9,62.0
41716.0,10000000.0,17300000.0,96.0,2005-05-12,6.314,505.0
41724.0,0.0,0.0,98.0,2005-11-04,6.223,74.0
41769.0,12000000.0,84967.0,91.0,2005-09-10,6.134,149.0
41828.0,0.0,0.0,132.0,1966-12-08,7.924,1431.0
41863.0,15000000.0,12036149.0,120.0,2005-11-17,7.024,628.0
41997.0,70000000.0,130982129.0,163.0,2005-12-23,7.138,2903.0
42002.0,45000000.0,38058335.0,128.0,2005-12-25,6.17,504.0
42004.0,1000000.0,13350369.0,103.0,2005-02-14,6.996,496.0
42007.0,70000000.0,88900000.0,96.0,2005-12-22,5.677,1226.0
42009.0,60000000.0,129181830.0,90.0,2005-12-21,6.161,2065.0
42011.0,100000000.0,202026112.0,90.0,2005-12-21,6.216,2597.0
42013.0,0.0,40442437.0,90.0,2005-12-23,5.7,340.0
42015.0,20000000.0,37700000.0,112.0,2005-12-25,6.446,925.0
42018.0,20000000.0,27876417.0,103.0,2005-09-08,6.65,227.0
42176.0,0.0,0.0,95.0,1990-01-01,7.209,67.0
42191.0,0.0,0.0,2.0,1986-08-17,7.035,644.0
42285.0,700000.0,0.0,92.0,1996-06-07,5.525,321.0
42418.0,30000000.0,30500000.0,172.0,2005-12-25,6.521,1239.0
42422.0,0.0,0.0,25.0,2002-02-02,6.5,324.0
42556.0,0.0,0.0,100.0,1964-03-18,6.9,94.0
42559.0,0.0,0.0,122.0,1965-01-03,7.3,57.0
42602.0,0.0,0.0,84.0,2005-03-11,7.1,7.0
42632.0,0.0,23803308.0,115.0,2005-07-29,7.523,1854.0
42638.0,0.0,6876.0,88.0,2004-06-18,5.849,43.0
42718.0,12000000.0,11169386.0,95.0,2004-11-09,6.805,1943.0
42723.0,4800000.0,81979826.0,94.0,2006-01-06,5.951,3857.0
42725.0,5000000.0,6538177.0,94.0,2006-01-06,6.5,722.0
42728.0,31000000.0,28000000.0,127.0,2006-04-07,6.676,831.0
42730.0,0.0,42647449.0,117.0,2006-01-13,7.421,770.0
42732.0,45000000.0,38399961.0,112.0,2006-01-13,7.243,839.0
42734.0,8000000.0,110000000.0,80.0,2005-12-16,6.3,1860.0
42738.0,50000000.0,111476513.0,106.0,2006-01-12,6.601,4281.0
42740.0,0.0,0.0,98.0,2006-01-20,4.931,29.0
42761.0,0.0,0.0,91.0,1998-09-10,5.9,409.0
42943.0,28000000.0,358574.0,121.0,1985-12-25,5.338,120.0
42946.0,0.0,18000000.0,106.0,1983-12-22,7.193,523.0
43289.0,0.0,0.0,118.0,1998-06-10,7.186,86.0
43333.0,0.0,10422387.0,118.0,2005-11-04,6.8,120.0
43376.0,0.0,0.0,105.0,2005-02-13,7.114,448.0
43396.0,25000000.0,18300000.0,126.0,2005-10-12,7.675,848.0
43419.0,35000000.0,18381890.0,95.0,2006-01-18,6.027,1155.0
43460.0,0.0,3931707.0,94.0,2005-07-17,6.136,147.0
43549.0,0.0,0.0,137.0,2004-07-23,5.743,76.0
43556.0,26000000.0,17496992.0,108.0,2006-01-27,6.854,552.0
43558.0,40000000.0,141522961.0,100.0,2006-01-26,5.775,1672.0
43560.0,25000000.0,123276807.0,94.0,2005-10-21,6.7,3170.0
43677.0,0.0,0.0,106.0,1995-08-25,7.1,127.0
43679.0,25000000.0,118890272.0,93.0,2006-02-09,6.149,4448.0
43684.0,0.0,11400000.0,99.0,2006-01-29,6.422,255.0
43708.0,3000000.0,11718595.0,103.0,2005-09-12,6.766,124.0
43744.0,1000000.0,2500000.0,94.0,2006-01-27,7.572,1088.0
43836.0,65000000.0,158851357.0,93.0,2006-02-10,5.9,2059.0
43869.0,50000000.0,69834815.0,87.0,2006-02-10,6.516,546.0
43871.0,45000000.0,82800000.0,105.0,2006-02-08,5.843,1011.0
43904.0,15000000.0,67062123.0,87.0,2006-02-03,5.738,1124.0
43908.0,0.0,0.0,92.0,2005-09-03,5.9,333.0
43912.0,37665000.0,14655628.0,111.0,2006-02-17,5.238,353.0
43914.0,3500000.0,113783.0,98.0,2006-02-07,6.0,128.0
43917.0,40000000.0,120453565.0,120.0,2006-02-17,7.035,1792.0
43919.0,20000000.0,85749034.0,83.0,2006-02-17,4.274,1031.0
43921.0,17000000.0,9500000.0,120.0,2006-01-06,7.0,1110.0
43928.0,30000000.0,31070211.0,87.0,2006-03-03,5.2,1683.0
43930.0,28000000.0,38159905.0,103.0,2006-05-12,6.164,1982.0
43932.0,38000000.0,29907685.0,94.0,2006-08-11,5.064,580.0
43936.0,55000000.0,65664721.0,105.0,2006-03-01,6.447,2043.0
44004.0,50000000.0,130224158.0,97.0,2006-03-10,5.8,1742.0
44020.0,0.0,6700000.0,72.0,2006-02-21,6.863,386.0
44022.0,80000000.0,660998756.0,91.0,2006-03-29,6.716,10182.0
44189.0,0.0,2500000.0,117.0,2006-02-02,5.396,158.0
44191.0,54000000.0,134686457.0,132.0,2006-02-23,7.897,15281.0
44193.0,20000000.0,57194667.0,105.0,2006-03-17,6.814,3228.0
44195.0,6500000.0,24793509.0,92.0,2005-09-09,7.187,2340.0
44197.0,13000000.0,2636637.0,119.0,2006-03-16,6.587,527.0
44199.0,45000000.0,186003591.0,130.0,2006-03-17,7.399,6201.0
44204.0,3000000.0,9891303.0,94.0,2005-12-23,6.95,337.0
44225.0,12000000.0,23006849.0,104.0,2006-03-03,6.454,1555.0
44238.0,2000000.0,2300000.0,85.0,1994-04-08,5.494,360.0
44241.0,1200000.0,0.0,93.0,1995-06-27,5.827,349.0
44243.0,1600000.0,0.0,95.0,1997-02-25,4.615,257.0
44301.0,1380000.0,1615018.0,77.0,2006-02-03,6.7,155.0
44397.0,15000000.0,69623713.0,100.0,2006-03-10,6.452,3260.0
44399.0,50000000.0,87134280.0,98.0,2006-03-09,4.901,582.0
44511.0,0.0,0.0,88.0,2005-06-01,6.5,14.0
44555.0,2000000.0,77672685.0,137.0,2006-03-23,8.039,3997.0
44597.0,0.0,0.0,91.0,1963-04-21,6.9,85.0
44613.0,30000000.0,65742992.0,115.0,2006-03-17,6.869,730.0
44633.0,0.0,0.0,109.0,2006-03-31,7.698,139.0
44657.0,0.0,0.0,81.0,1967-03-28,7.434,272.0
44665.0,27000000.0,56300000.0,110.0,2006-02-24,7.476,4346.0
44694.0,9400000.0,85605851.0,121.0,2006-03-17,7.47,1862.0
44709.0,8000000.0,18948425.0,112.0,2006-04-28,7.041,345.0
44719.0,0.0,0.0,84.0,2001-06-22,7.9,225.0
44731.0,9000000.0,27105095.0,85.0,2006-03-24,5.786,806.0
44759.0,70000000.0,38629478.0,110.0,2006-03-29,4.982,818.0
44761.0,475000.0,3900000.0,110.0,2006-03-31,6.816,1335.0
44773.0,150000.0,0.0,90.0,2000-02-08,4.7,40.0
44777.0,500000.0,0.0,93.0,2006-03-10,5.047,116.0
44788.0,0.0,302179.0,98.0,2006-01-25,7.079,366.0
44828.0,15000000.0,12834936.0,96.0,2006-03-31,6.537,1671.0
44840.0,33000000.0,65000000.0,80.0,2006-04-07,5.846,917.0
44849.0,18000000.0,1831348.0,105.0,2006-03-16,6.532,278.0
44851.0,0.0,0.0,87.0,2004-12-31,6.144,59.0
44864.0,6500000.0,13400000.0,88.0,2006-04-07,5.135,598.0
44889.0,25000000.0,8972.0,109.0,2006-03-01,6.587,86.0
44929.0,0.0,2105096.0,116.0,2006-05-25,7.1,629.0
44931.0,0.0,0.0,75.0,1927-04-11,6.2,30.0
44937.0,0.0,5507396.0,96.0,2005-10-19,7.087,275.0
44943.0,0.0,0.0,112.0,2002-03-10,7.9,118.0
44972.0,40000000.0,178710620.0,83.0,2006-04-12,5.486,3473.0
44974.0,950000.0,7000000.0,93.0,2005-01-14,6.814,2722.0
45028.0,10000000.0,25978375.0,105.0,2006-06-01,6.26,314.0
45062.0,60000000.0,78810595.0,108.0,2006-04-19,6.063,879.0
45074.0,80000000.0,102338515.0,82.0,2006-04-06,5.5,1109.0
45081.0,50000000.0,100605135.0,125.0,2006-04-21,6.613,4693.0
45106.0,17000000.0,16700000.0,108.0,2006-03-04,5.032,311.0
45175.0,10000000.0,9950133.0,107.0,2005-08-30,6.705,354.0
45183.0,6000000.0,27165581.0,94.0,2005-08-11,7.124,905.0
45186.0,150000000.0,398479497.0,125.0,2006-04-25,6.758,7453.0
45208.0,50000000.0,87528173.0,99.0,2006-04-28,5.884,1763.0
45210.0,15000000.0,76300000.0,105.0,2006-04-28,7.101,1591.0
45221.0,0.0,0.0,105.0,2006-04-21,6.816,595.0
45361.0,14000000.0,29612137.0,93.0,2005-05-05,5.533,521.0
45382.0,8000000.0,852872.0,114.0,2005-05-13,5.934,228.0
45431.0,80000000.0,343397247.0,85.0,2006-05-17,6.585,4726.0
45440.0,0.0,3307157.0,102.0,2006-05-05,6.096,230.0
45442.0,160000000.0,181700000.0,98.0,2006-05-03,5.864,2247.0
45447.0,125000000.0,760006945.0,149.0,2006-05-17,6.727,9867.0
45499.0,210000000.0,459359555.0,105.0,2006-05-24,6.415,10187.0
45501.0,52000000.0,205700000.0,102.0,2006-06-01,5.903,2777.0
45503.0,0.0,0.0,120.0,2006-03-30,7.43,459.0
45517.0,120000000.0,461983149.0,111.0,2006-06-08,7.02,14848.0
45635.0,90.0,1410778.0,91.0,2005-09-14,6.258,182.0
45648.0,1000000.0,129201.0,87.0,2006-03-10,4.5,44.0
45658.0,0.0,878122.0,105.0,2005-08-18,6.4,32.0
45662.0,25000000.0,119975084.0,108.0,2006-06-06,5.7,1158.0
45666.0,35000000.0,99255460.0,92.0,2006-06-16,6.5,1795.0
45668.0,40000000.0,114830111.0,94.0,2006-06-16,7.027,2920.0
45672.0,82500000.0,240685326.0,107.0,2006-06-23,6.3,7404.0
45720.0,35000000.0,326706115.0,110.0,2006-06-29,7.391,12748.0
45722.0,200000000.0,1066179747.0,150.0,2006-07-06,7.374,16852.0
45726.0,54000000.0,130628903.0,108.0,2006-07-13,5.617,1408.0
45728.0,5000000.0,26888376.0,98.0,2006-07-21,6.895,1453.0
45730.0,70000000.0,72785169.0,109.0,2006-07-19,5.557,1456.0
45732.0,0.0,61108981.0,97.0,2006-07-20,5.143,1508.0
45880.0,40000000.0,60917189.0,123.0,2006-05-24,6.7,2899.0
45928.0,1000000.0,1678874.0,92.0,2006-08-04,7.232,196.0
45950.0,1000000.0,46243000.0,94.0,2006-05-24,6.976,942.0
45969.0,6000000.0,11336986.0,83.0,1991-03-29,6.9,725.0
46062.0,4200000.0,3746.0,93.0,2006-01-20,6.5,4730.0
46105.0,0.0,0.0,98.0,2006-04-12,5.4,49.0
46231.0,0.0,0.0,98.0,2005-11-18,5.1,50.0
46322.0,0.0,68072848.0,104.0,2006-01-26,7.507,1369.0
46335.0,85000000.0,158964610.0,104.0,2006-06-03,6.5,7423.0
46337.0,60000000.0,141700000.0,82.0,2006-06-15,5.615,2317.0
46347.0,0.0,0.0,98.0,2005-09-14,7.6,164.0
46367.0,15000000.0,3067917.0,99.0,1992-10-16,6.188,96.0
46530.0,223000000.0,391081192.0,154.0,2006-06-28,5.8,4458.0
46559.0,0.0,1508153.0,95.0,2006-03-09,6.836,125.0
46572.0,10000000.0,0.0,82.0,2006-07-14,5.918,208.0
46574.0,5000000.0,648183.0,88.0,2006-03-30,5.2,106.0
46578.0,8000000.0,100523181.0,102.0,2006-07-26,7.692,7646.0
46664.0,0.0,0.0,95.0,1948-09-30,7.165,188.0
46723.0,25000000.0,135330835.0,135.0,2006-10-26,7.17,3982.0
46772.0,3500000.0,2254124.0,86.0,2006-06-28,5.6,96.0
46850.0,0.0,0.0,94.0,2006-06-26,6.9,46.0
46855.0,0.0,906133.0,140.0,1969-09-10,7.908,719.0
46862.0,0.0,0.0,70.0,1979-02-22,6.617,120.0
46865.0,64000000.0,101600000.0,90.0,2006-08-31,5.935,1856.0
46948.0,75000000.0,140175006.0,91.0,2006-06-30,6.702,4236.0
46965.0,33000000.0,62022014.0,105.0,2006-08-17,5.478,1921.0
46967.0,4000000.0,39220946.0,95.0,2006-07-27,6.592,1704.0
46970.0,72500000.0,163000000.0,108.0,2006-08-04,6.4,1829.0
46972.0,110000000.0,574480841.0,109.0,2006-12-20,6.594,10749.0
46974.0,65000000.0,163200000.0,130.0,2006-08-09,6.143,1767.0
46976.0,30000000.0,53653224.0,95.0,2006-11-10,7.283,2458.0
47044.0,135000000.0,163800000.0,140.0,2006-07-27,6.021,1913.0
47099.0,55000000.0,307077295.0,118.0,2006-12-14,7.886,10386.0
47122.0,18000000.0,68844775.0,89.0,2006-07-27,6.107,1440.0
47124.0,50000000.0,55200000.0,89.0,2006-07-28,5.8,1443.0
47200.0,12000000.0,42900000.0,88.0,2006-08-31,6.7,4088.0
47202.0,5000000.0,0.0,112.0,2005-12-15,6.959,222.0
47254.0,30000000.0,7000000.0,100.0,2005-01-17,6.3,1116.0
47261.0,4000000.0,10639686.0,80.0,2006-02-12,5.507,283.0
47382.0,12000000.0,114197742.0,103.0,2006-08-11,6.873,3839.0
47384.0,75600000.0,12506188.0,83.0,2006-08-11,5.3,629.0
47404.0,0.0,36613.0,103.0,2004-08-07,7.461,319.0
47423.0,700000.0,4911725.0,107.0,2006-08-11,6.64,927.0
47446.0,0.0,0.0,86.0,2005-06-09,6.1,116.0
47465.0,12000000.0,566611.0,120.0,2005-10-13,6.525,596.0
47491.0,3700000.0,0.0,94.0,2005-04-15,7.449,763.0
47516.0,15000000.0,11449638.0,98.0,2006-08-18,5.3,472.0
47518.0,23000000.0,38505009.0,90.0,2006-08-18,6.44,1717.0
47538.0,0.0,0.0,108.0,1977-04-01,6.986,694.0
47566.0,0.0,0.0,92.0,1947-04-30,6.709,91.0
47610.0,16500000.0,87892388.0,110.0,2006-08-18,7.295,5202.0
47629.0,15000000.0,123384128.0,99.0,2006-09-15,6.948,1396.0
47640.0,17500000.0,19179969.0,110.0,2006-08-25,5.856,588.0
47644.0,30000000.0,57800000.0,105.0,2006-08-25,7.013,1000.0
47646.0,0.0,0.0,115.0,2006-08-25,5.6,63.0
47721.0,0.0,48980.0,34.0,1956-08-24,7.737,430.0
47725.0,15000000.0,9995168.0,90.0,2005-12-21,6.958,771.0
47736.0,0.0,0.0,63.0,1940-01-25,6.83,109.0
47774.0,0.0,0.0,90.0,1989-02-16,7.3,33.0
47793.0,15000.0,0.0,85.0,2006-06-02,6.043,58.0
47810.0,40000000.0,38805380.0,102.0,2006-08-31,4.342,1391.0
47894.0,6500000.0,22900000.0,124.0,2006-06-23,7.334,872.0
47937.0,0.0,5515163.0,91.0,2006-05-19,6.28,652.0
47950.0,0.0,16803753.0,126.0,2006-08-31,6.088,437.0
47952.0,20000000.0,37597471.0,97.0,2006-09-07,5.6,1072.0
47970.0,20000000.0,15851622.0,104.0,2006-09-10,6.0,395.0
47978.0,2000000.0,622806.0,96.0,2006-09-08,6.1,144.0
47997.0,30000000.0,495303.0,84.0,2006-09-01,6.365,3402.0
47999.0,0.0,1013596.0,84.0,2006-09-15,6.993,370.0
48001.0,950000.0,2032404.0,90.0,2005-05-12,6.883,218.0
48032.0,35000000.0,24000000.0,114.0,2005-10-14,6.748,489.0
48043.0,35000000.0,15304890.0,96.0,2006-11-22,6.908,3009.0
48045.0,0.0,0.0,99.0,1994-03-09,7.461,1321.0
48082.0,6000000.0,9524340.0,105.0,2006-06-25,6.986,818.0
48142.0,50000000.0,49332692.0,121.0,2006-09-15,5.633,1180.0
48150.0,0.0,0.0,91.0,2006-04-24,5.7,290.0
48161.0,30000000.0,41500000.0,125.0,2006-09-15,7.044,1061.0
48214.0,0.0,0.0,123.0,2004-09-10,6.1,48.0
48262.0,25000.0,179780.0,93.0,2006-10-27,6.79,221.0
48304.0,40000000.0,120654337.0,132.0,2006-12-07,7.596,6066.0
48319.0,60000000.0,17858059.0,139.0,2006-09-22,6.538,836.0
48322.0,11000000.0,72778712.0,92.0,2006-09-22,6.576,1223.0
48326.0,55000000.0,9450897.0,128.0,2006-09-10,5.777,328.0
48342.0,450000.0,982814.0,84.0,2006-06-07,6.326,178.0
48385.0,18000000.0,262552893.0,90.0,2006-11-01,6.784,5805.0
48394.0,19000000.0,83258226.0,113.0,2006-10-11,7.758,11233.0
48412.0,10000000.0,94973540.0,137.0,2006-09-28,7.132,1622.0
48414.0,85000000.0,197300000.0,90.0,2006-09-27,6.177,2925.0
48416.0,20000000.0,17800000.0,100.0,2006-09-29,5.476,377.0
48516.0,90000000.0,291465000.0,151.0,2006-10-04,8.16,15839.0
48518.0,16000000.0,50517763.0,91.0,2006-10-05,6.156,1902.0
48520.0,12000000.0,38528984.0,103.0,2006-10-06,5.598,682.0
48560.0,12000000.0,6754898.0,116.0,2006-10-27,5.753,255.0
48593.0,20000000.0,42500000.0,115.0,2006-10-09,5.92,487.0
48596.0,20000000.0,22165608.0,92.0,2006-10-13,6.0,805.0
48598.0,13000000.0,2689799.0,118.0,2006-10-13,6.498,215.0
48638.0,0.0,0.0,123.0,1976-12-10,6.9,240.0
48649.0,0.0,0.0,93.0,1934-11-07,5.8,32.0
48678.0,3200000.0,658573.0,87.0,2005-10-14,6.2,592.0
48696.0,26000000.0,14821658.0,137.0,2006-10-06,7.06,1108.0
48698.0,0.0,201275.0,99.0,2006-06-24,7.114,207.0
48738.0,6000000.0,48600000.0,125.0,2006-09-27,7.415,2300.0
48741.0,0.0,0.0,99.0,2006-09-15,6.669,68.0
48744.0,2000000.0,5557564.0,102.0,2006-10-04,6.254,560.0
48774.0,76000000.0,70595464.0,109.0,2006-09-22,7.612,7645.0
48780.0,40000000.0,109676311.0,130.0,2006-10-17,8.206,17173.0
48783.0,90000000.0,65900249.0,132.0,2006-10-19,6.858,1971.0
48872.0,0.0,767311.0,93.0,2006-02-08,7.034,248.0
48877.0,10000000.0,164874275.0,121.0,2006-10-26,6.418,4832.0
48879.0,14000000.0,5700000.0,104.0,2006-10-27,6.205,139.0
48883.0,2000000.0,167000.0,90.0,2006-10-27,5.6,77.0
48982.0,149000000.0,178120010.0,95.0,2006-10-22,6.3,4018.0
48997.0,63700000.0,135039924.0,147.0,2006-09-13,7.365,4882.0
49013.0,12000000.0,84500122.0,98.0,2006-11-02,5.581,1149.0
49110.0,14000000.0,2000000.0,88.0,1992-07-24,4.837,86.0
49130.0,35000000.0,42064105.0,118.0,2006-09-09,6.669,1593.0
49132.0,0.0,0.0,93.0,2006-10-27,6.691,47.0
49220.0,12000000.0,5542025.0,86.0,2006-11-17,5.7,174.0
49263.0,0.0,19791.0,93.0,2006-11-10,6.36,86.0
49265.0,0.0,0.0,114.0,2006-03-08,7.5,158.0
49272.0,150000000.0,599045960.0,138.0,2006-11-14,7.568,11411.0
49274.0,100000000.0,384335608.0,108.0,2006-11-16,6.2,5362.0
49276.0,4000000.0,4630045.0,89.0,2006-11-17,5.8,319.0
49278.0,75000000.0,180557550.0,130.0,2006-11-22,6.873,5150.0
49280.0,0.0,0.0,117.0,2006-09-05,6.412,416.0
49284.0,400.0,1.0,102.0,2006-09-11,6.193,274.0
49286.0,85000000.0,205233866.0,135.0,2006-12-05,7.099,5523.0
49314.0,2000000.0,6000000.0,115.0,2005-09-11,6.439,748.0
49347.0,0.0,2209322.0,114.0,2006-11-17,6.047,390.0
49389.0,150.0,0.0,12.0,1903-12-07,6.989,679.0
49396.0,22000000.0,13405595.0,93.0,2006-11-22,6.8,1716.0
49524.0,35000000.0,46400000.0,101.0,2006-11-30,6.928,250.0
49530.0,100000000.0,171700000.0,143.0,2006-12-08,7.552,8133.0
49647.0,85000000.0,148964660.0,97.0,2006-12-07,6.2,1430.0
49649.0,100000000.0,250425512.0,105.0,2006-12-14,5.127,3398.0
49651.0,24000000.0,155929020.0,105.0,2006-12-20,6.879,3715.0
49666.0,16800000.0,2312717.0,122.0,2006-08-30,6.106,298.0
49688.0,0.0,0.0,125.0,1955-05-16,6.908,153.0
49735.0,500000.0,745327.0,94.0,2006-04-28,5.975,216.0
49772.0,19400000.0,26910847.0,124.0,2006-12-09,7.253,1239.0
49793.0,65000000.0,43500000.0,131.0,2006-12-12,6.9,765.0
49822.0,85000000.0,100266865.0,167.0,2006-12-11,6.35,1258.0
49824.0,70000000.0,154937680.0,130.0,2006-12-25,6.718,1062.0
49910.0,21000000.0,43095175.0,124.0,2007-01-05,7.922,2369.0
49917.0,,,,,,
49932.0,15000000.0,4304157.0,180.0,2006-12-06,7.005,1226.0
49957.0,4000000.0,13401952.0,109.0,2006-10-02,6.626,211.0
49961.0,15000000.0,49814392.0,92.0,2006-12-25,7.1,957.0
50003.0,21000000.0,7600000.0,81.0,2006-09-07,5.25,893.0
50005.0,45000000.0,78568977.0,114.0,2006-12-14,6.8,793.0
50064.0,32000000.0,5914908.0,105.0,2006-12-15,5.808,338.0
50068.0,19000000.0,68673228.0,139.0,2006-12-09,7.477,2213.0
50147.0,9000000.0,21510851.0,80.0,2006-12-15,5.176,597.0
50158.0,13000000.0,75511123.0,115.0,2007-05-16,7.069,499.0
50160.0,30000000.0,35078241.0,93.0,2006-12-03,6.6,534.0
50189.0,0.0,0.0,97.0,2006-12-13,5.507,2141.0
50274.0,0.0,0.0,95.0,2006-09-02,6.632,155.0
50354.0,0.0,0.0,105.0,1953-06-05,7.2,302.0
50356.0,0.0,0.0,107.0,1952-03-28,7.6,299.0
50440.0,0.0,15291277.0,93.0,2007-01-12,6.068,438.0
50442.0,9500000.0,32400000.0,116.0,2006-01-27,6.643,1468.0
50445.0,10000000.0,25400000.0,80.0,2007-01-19,5.868,963.0
50514.0,0.0,0.0,120.0,2006-02-24,7.1,471.0
50601.0,60000000.0,137587063.0,95.0,2007-02-15,7.305,5103.0
50610.0,2800000.0,472000.0,86.0,2006-09-15,5.1,69.0
50613.0,0.0,0.0,78.0,2004-10-01,4.65,40.0
50658.0,0.0,238073.0,135.0,2006-10-06,7.3,54.0
50685.0,1500000.0,22240529.0,108.0,2007-05-25,6.716,561.0
50740.0,0.0,0.0,40.0,1964-05-05,7.196,107.0
50792.0,25000000.0,16162580.0,107.0,2006-10-20,5.93,595.0
50794.0,17000000.0,57103895.0,110.0,2006-12-09,6.479,1773.0
50796.0,15000000.0,6300000.0,98.0,2007-01-26,5.556,324.0
50798.0,20000000.0,87238158.0,89.0,2007-01-25,3.873,1638.0
50800.0,16000000.0,55060212.0,90.0,2007-02-02,5.747,843.0
50802.0,0.0,69485490.0,102.0,2007-02-02,5.9,662.0
50804.0,75000000.0,82169884.0,115.0,2007-02-06,6.251,2352.0
50806.0,10000000.0,159814490.0,101.0,2007-02-08,5.669,2536.0
50842.0,3000000.0,3111395.0,99.0,2006-12-08,6.6,310.0
50851.0,0.0,167078.0,118.0,2006-11-03,7.253,184.0
50872.0,150000000.0,623726000.0,110.0,2007-06-28,7.8,18137.0
50912.0,13000000.0,17489601.0,115.0,2006-06-21,6.768,812.0
50923.0,13000000.0,11130889.0,104.0,2007-02-23,6.252,360.0
50942.0,0.0,0.0,93.0,2004-12-28,6.019,187.0
50954.0,15500000.0,7385434.0,95.0,2006-07-15,6.518,1089.0
50999.0,0.0,0.0,85.0,2006-09-10,5.6,102.0
51024.0,,,,,,
51037.0,3700000.0,3419456.0,85.0,2006-11-03,6.246,449.0
51077.0,110000000.0,228738393.0,105.0,2007-01-15,5.587,6310.0
51080.0,23000000.0,41000000.0,110.0,2007-02-12,6.6,648.0
51082.0,10000000.0,31600000.0,95.0,2007-02-14,6.9,136.0
51084.0,40000000.0,145896422.0,103.0,2007-02-09,6.435,1760.0
51086.0,30000000.0,77677553.0,98.0,2007-02-23,6.414,3422.0
51088.0,10000000.0,20342161.0,84.0,2007-02-23,5.775,265.0
51091.0,15000000.0,10900000.0,116.0,2006-12-31,6.852,929.0
51167.0,0.0,4187299.0,116.0,2005-11-18,7.439,370.0
51174.0,7000000.0,3572632.0,90.0,2006-12-29,6.002,265.0
51255.0,12000000.0,80600000.0,121.0,2007-02-14,7.562,8108.0
51314.0,0.0,0.0,118.0,2006-09-22,6.483,143.0
51357.0,0.0,0.0,103.0,1995-02-25,7.185,372.0
51412.0,70000000.0,76066841.0,96.0,2007-04-25,6.121,3178.0
51471.0,0.0,32120360.0,118.0,2006-09-16,6.901,313.0
51498.0,3000000.0,0.0,87.0,2005-05-12,5.4,285.0
51540.0,65000000.0,84785914.0,156.0,2007-03-02,7.526,11296.0
51545.0,0.0,0.0,108.0,2005-08-22,7.2,411.0
51562.0,0.0,0.0,95.0,1993-12-12,6.42,188.0
51573.0,275.0,0.0,14.0,1943-01-01,7.594,427.0
51575.0,60000000.0,253625427.0,100.0,2007-03-02,5.966,2406.0
51662.0,65000000.0,456082343.0,115.0,2007-03-07,7.193,14449.0
51666.0,3000000.0,4529892.0,99.0,2006-09-11,5.494,250.0
51694.0,0.0,0.0,96.0,2006-09-13,6.372,442.0
51698.0,0.0,27308918.0,90.0,2007-02-09,6.331,477.0
51705.0,10000000.0,28041861.0,106.0,2006-12-13,6.4,762.0
51709.0,11000000.0,88489643.0,121.0,2006-07-27,7.0,3036.0
51834.0,16500000.0,39380831.0,115.0,2007-03-02,7.313,1235.0
51884.0,12000000.0,20354321.0,122.0,2006-09-02,6.739,182.0
51903.0,11000000.0,13196245.0,90.0,2007-03-07,5.3,196.0
51925.0,20000000.0,84297309.0,93.0,2007-02-08,6.272,1642.0
51927.0,20000000.0,22382047.0,91.0,2007-03-16,6.449,2391.0
51931.0,20000000.0,22222308.0,124.0,2007-03-22,7.215,1145.0
51933.0,20000000.0,7094650.0,104.0,2007-03-23,6.582,67.0
51935.0,61000000.0,95700000.0,124.0,2007-03-22,7.12,5294.0
51937.0,15000000.0,37697773.0,90.0,2007-03-22,5.569,1570.0
51939.0,34000000.0,95608995.0,86.0,2007-03-23,6.16,1179.0
52042.0,21000000.0,26768563.0,145.0,2006-09-14,7.445,1225.0
52241.0,16000000.0,5367030.0,100.0,2007-03-09,6.669,685.0
52245.0,53000000.0,118200000.0,93.0,2007-03-30,6.112,1859.0
52279.0,0.0,58400000.0,92.0,2007-04-04,5.833,669.0
52281.0,,,,,,
52283.0,40000000.0,62771059.0,98.0,2007-04-04,5.751,872.0
52287.0,150000000.0,169332978.0,102.0,2007-03-23,6.929,3060.0
52299.0,0.0,0.0,100.0,2006-09-22,6.822,59.0
52319.0,0.0,0.0,98.0,1978-02-08,6.3,246.0
52328.0,50000000.0,34800000.0,104.0,2007-04-05,6.967,4111.0
52375.0,25000000.0,11772461.0,116.0,2006-10-14,6.248,228.0
52435.0,315000.0,0.0,26.0,1966-12-18,7.502,1108.0
52458.0,20000000.0,117760134.0,104.0,2007-03-27,6.684,3981.0
52462.0,750000.0,5500000.0,86.0,2007-04-13,6.496,130.0
52579.0,25000000.0,86274793.0,140.0,2007-02-14,7.376,1702.0
52604.0,10000000.0,91354215.0,108.0,2007-04-19,7.263,4202.0
52644.0,19000000.0,35300645.0,85.0,2007-04-20,6.269,1586.0
52668.0,10000000.0,17562071.0,97.0,2007-04-20,5.869,516.0
52694.0,25000000.0,232225908.0,90.0,2007-03-22,6.377,3038.0
52712.0,30000000.0,26810113.0,96.0,2007-04-27,6.339,570.0
52715.0,0.0,4692108.0,108.0,2007-04-27,4.706,97.0
52722.0,258000000.0,894983373.0,139.0,2007-05-01,6.449,14923.0
52724.0,55000000.0,8461686.0,124.0,2007-05-01,5.661,280.0
52730.0,0.0,0.0,85.0,2002-11-29,6.0,101.0
52767.0,0.0,0.0,100.0,1977-05-09,7.428,76.0
52784.0,0.0,0.0,90.0,2006-09-11,7.563,64.0
52831.0,1100000.0,671382.0,85.0,1988-05-13,6.083,519.0
52867.0,0.0,5178640.0,90.0,2006-12-01,5.284,250.0
52885.0,2600000.0,946590.0,90.0,2006-10-01,7.8,2754.0
52950.0,4200000.0,42918532.0,132.0,2006-01-01,6.124,580.0
52952.0,2380000.0,8176544.0,99.0,2007-04-27,7.475,1365.0
52967.0,3000000.0,9194283.0,110.0,2007-05-04,7.009,235.0
52973.0,30000000.0,219900000.0,119.0,2007-06-01,6.307,4169.0
52975.0,75000000.0,90450008.0,117.0,2007-07-19,6.662,2582.0
53000.0,15000000.0,72304846.0,96.0,2007-04-26,6.607,5332.0
53022.0,0.0,0.0,108.0,1984-08-17,6.902,425.0
53024.0,0.0,0.0,86.0,2006-04-26,7.1,88.0
53121.0,160000000.0,813367380.0,93.0,2007-05-17,6.302,9594.0
53123.0,160000.0,20710513.0,85.0,2007-03-23,7.415,1420.0
53125.0,300000000.0,961691209.0,168.0,2007-05-19,7.267,15178.0
53127.0,4000000.0,8095658.0,98.0,2007-02-21,6.123,595.0
53129.0,20000000.0,48443734.0,120.0,2007-05-31,6.926,1824.0
53138.0,0.0,0.0,95.0,2006-09-09,6.3,615.0
53140.0,0.0,0.0,106.0,2004-07-12,6.3,687.0
53143.0,2000000.0,193607.0,117.0,2007-05-18,5.5,81.0
53161.0,0.0,4354510.0,105.0,2006-12-07,7.026,575.0
53280.0,0.0,1675484.0,87.0,2006-05-17,5.4,408.0
53318.0,0.0,2300000.0,94.0,2007-01-17,6.957,1348.0
53322.0,85000000.0,311312624.0,122.0,2007-06-05,6.724,6733.0
53326.0,0.0,2727971.0,73.0,2006-07-19,6.146,579.0
53355.0,0.0,12891924.0,84.0,1999-10-07,6.714,119.0
53435.0,10200000.0,35728183.0,93.0,2007-06-07,5.847,2161.0
53447.0,3000000.0,4545747.0,84.0,2007-07-12,6.536,581.0
53450.0,0.0,0.0,104.0,1980-10-31,6.767,15.0
53453.0,0.0,0.0,92.0,1978-12-21,4.149,205.0
53460.0,85000000.0,149000000.0,85.0,2007-06-08,6.5,2674.0
53464.0,130000000.0,301913131.0,92.0,2007-06-13,5.629,8270.0
53466.0,20000000.0,30715465.0,99.0,2007-06-15,6.084,543.0
53468.0,8000000.0,426224.0,92.0,2006-09-07,6.426,475.0
53519.0,25000000.0,31126421.0,110.0,2007-05-22,6.84,5484.0
53550.0,10000000.0,7177143.0,126.0,2007-06-23,6.956,1367.0
53574.0,2000000.0,265198.0,84.0,2007-04-06,5.977,88.0
53578.0,0.0,29326868.0,85.0,2006-03-29,5.965,547.0
53808.0,0.0,0.0,99.0,2006-07-18,6.74,853.0
53883.0,,,,,,
53894.0,9000000.0,24538513.0,123.0,2007-05-18,7.363,757.0
53921.0,16000000.0,18928871.0,100.0,2007-06-22,6.4,350.0
53953.0,25000000.0,133000000.0,96.0,2007-06-22,6.699,4757.0
53956.0,9000000.0,46789413.0,90.0,2007-08-17,6.915,1879.0
53972.0,110000000.0,383531464.0,128.0,2007-06-20,6.638,6200.0
53974.0,35000000.0,69307224.0,90.0,2007-07-04,5.664,899.0
53993.0,175000000.0,174440724.0,96.0,2007-06-09,5.6,4488.0
53996.0,150000000.0,709709780.0,144.0,2007-06-27,6.821,11967.0
54001.0,150000000.0,938212738.0,138.0,2007-07-08,7.673,20482.0
54004.0,85000000.0,187134117.0,115.0,2007-07-12,6.086,2479.0
54116.0,0.0,382267.0,121.0,2006-05-05,6.118,170.0
54121.0,0.0,3600000.0,93.0,1950-07-21,6.7,215.0
54185.0,0.0,240239.0,90.0,2006-09-09,7.102,54.0
54190.0,45000000.0,29625761.0,133.0,2007-09-14,7.123,1413.0
54256.0,25000000.0,14353654.0,88.0,2007-08-03,6.394,1065.0
54259.0,70000000.0,137500000.0,122.0,2007-08-10,7.285,4333.0
54272.0,75000000.0,527068851.0,88.0,2007-07-25,7.019,8407.0
54274.0,12000000.0,9620399.0,105.0,2007-07-27,4.49,389.0
54276.0,28000000.0,92601050.0,103.0,2007-06-15,6.7,1451.0
54281.0,12000000.0,5254986.0,97.0,2008-02-22,6.679,675.0
54286.0,70000000.0,442824138.0,115.0,2007-08-03,7.435,8171.0
54354.0,0.0,0.0,86.0,2011-01-03,5.6,13.0
54372.0,11700000.0,0.0,125.0,2006-11-01,7.231,1477.0
54503.0,20000000.0,170800000.0,113.0,2007-08-17,7.259,7861.0
54617.0,4289601.0,33026616.0,98.0,2005-03-30,5.514,1264.0
54648.0,140000000.0,258097122.0,91.0,2007-08-08,6.482,3603.0
54686.0,67000000.0,25303038.0,101.0,2007-04-19,5.607,836.0
54732.0,0.0,41098065.0,90.0,2007-08-29,5.28,583.0
54734.0,16500000.0,13620075.0,103.0,2007-09-21,6.477,1089.0
54736.0,70000000.0,86658558.0,110.0,2007-08-22,6.725,1768.0
54745.0,0.0,0.0,101.0,2007-01-19,6.235,196.0
54768.0,6000000.0,18197398.0,89.0,2007-08-08,4.9,497.0
54771.0,80000000.0,40170558.0,99.0,2007-08-17,6.038,1643.0
54780.0,20000000.0,47817020.0,104.0,2007-08-24,6.4,1216.0
54785.0,15000000.0,80460948.0,121.0,2007-08-31,6.215,2498.0
54787.0,20000000.0,16974459.0,110.0,2007-08-31,6.777,1214.0
54796.0,0.0,19776159.0,96.0,2007-02-09,6.245,413.0
54881.0,0.0,0.0,83.0,2007-03-25,7.7,476.0
54908.0,17500000.0,65114802.0,90.0,2007-02-10,5.601,1312.0
54910.0,0.0,69136.0,91.0,2006-08-29,6.47,495.0
54934.0,0.0,0.0,93.0,2007-09-07,5.031,145.0
54962.0,0.0,0.0,100.0,2007-01-21,5.98,460.0
54995.0,23000000.0,11446172.0,105.0,2007-04-06,6.685,3728.0
54997.0,55000000.0,70000000.0,122.0,2007-09-06,7.226,3910.0
54999.0,39000000.0,26800000.0,90.0,2007-07-26,6.482,2004.0
55020.0,5250000.0,785528.0,96.0,2007-08-03,4.789,205.0
55036.0,0.0,0.0,116.0,1996-08-17,6.468,95.0
55052.0,30000000.0,131016624.0,123.0,2007-02-27,7.6,4590.0
55061.0,0.0,0.0,74.0,2006-05-21,6.724,123.0
55067.0,0.0,99963.0,92.0,2006-03-02,6.6,112.0
55069.0,852510.0,1185783.0,113.0,2007-08-24,7.5,790.0
55071.0,2000000.0,1431623.0,102.0,2007-07-27,7.756,90.0
55080.0,70000000.0,69766619.0,122.0,2007-09-12,6.594,1032.0
55094.0,23000000.0,29541790.0,120.0,2007-09-14,6.8,1065.0
55110.0,4000000.0,1200000.0,105.0,2007-09-14,6.0,210.0
55112.0,0.0,0.0,106.0,2007-03-17,5.88,71.0
55116.0,15000000.0,7600000.0,101.0,2007-09-03,6.503,346.0
55118.0,51500000.0,56106607.0,101.0,2007-09-14,7.347,3611.0
55156.0,0.0,0.0,122.0,2007-01-31,7.8,19.0
55167.0,4200000.0,0.0,111.0,2006-10-21,7.348,401.0
55190.0,9000000.0,6400000.0,91.0,2006-09-09,5.733,343.0
55205.0,0.0,1441846.0,83.0,2007-07-13,6.347,170.0
55207.0,,,,,,
55232.0,45000000.0,147717833.0,90.0,2007-09-20,6.303,4452.0
55241.0,22000000.0,33700000.0,88.0,2007-09-14,5.043,473.0
55245.0,25000000.0,59768495.0,99.0,2007-09-21,5.908,1613.0
55247.0,15000000.0,56255142.0,148.0,2007-09-21,7.801,9953.0
55250.0,22000000.0,147880543.0,110.0,2007-09-28,6.507,2148.0
55253.0,15000000.0,67100000.0,158.0,2007-09-24,7.2,770.0
55259.0,45000000.0,31852619.0,95.0,2007-10-05,5.4,435.0
55261.0,60000000.0,128453183.0,115.0,2007-10-05,5.742,1712.0
55267.0,25000000.0,68474305.0,96.0,2007-10-26,6.571,1316.0
55269.0,16000000.0,24377151.0,91.0,2007-09-07,7.153,3819.0
55272.0,21000000.0,55033767.0,114.0,2007-10-12,6.696,1464.0
55274.0,55000000.0,74237563.0,114.0,2007-09-09,6.709,1289.0
55276.0,25000000.0,92991835.0,119.0,2007-09-28,6.788,1909.0
55278.0,0.0,342835.0,86.0,2007-10-12,6.279,570.0
55280.0,12000000.0,11293663.0,106.0,2007-10-12,7.194,1998.0
55282.0,30000000.0,80276156.0,113.0,2007-10-17,6.43,2983.0
55290.0,19000000.0,34600000.0,115.0,2007-09-18,7.303,4063.0
55292.0,15000000.0,13500000.0,107.0,2007-10-19,4.883,162.0
55294.0,0.0,0.0,90.0,2007-10-12,5.969,65.0
55363.0,30000000.0,14711793.0,160.0,2007-09-20,7.053,2689.0
55391.0,8000000.0,143451.0,107.0,2006-02-19,5.896,111.0
55442.0,7300000.0,0.0,95.0,2007-06-27,7.885,2088.0
55444.0,5000000.0,8200000.0,119.0,2007-09-12,7.5,907.0
55451.0,6000000.0,7163566.0,106.0,2007-09-09,6.49,388.0
55492.0,0.0,0.0,101.0,2006-09-11,5.3,230.0
55553.0,0.0,5000000.0,87.0,2006-09-10,5.767,801.0
55555.0,3800000.0,17804565.0,122.0,2007-09-27,7.217,345.0
55577.0,10000000.0,139352653.0,96.0,2007-10-25,6.167,4014.0
55620.0,0.0,312751.0,98.0,2007-10-05,6.938,56.0
55687.0,0.0,0.0,82.0,2007-10-05,6.97,50.0
55721.0,4000000.0,14759148.0,115.0,2007-10-12,8.1,2620.0
55729.0,10000000.0,1045786.0,93.0,2007-01-24,6.427,375.0
55765.0,100000000.0,269755430.0,157.0,2007-11-02,7.587,5854.0
55768.0,150000000.0,287594577.0,90.0,2007-10-28,6.027,5134.0
55805.0,18000000.0,25005257.0,116.0,2007-09-26,7.116,1671.0
55814.0,14000020.0,19777647.0,112.0,2007-05-23,7.578,1246.0
55820.0,25000000.0,171627166.0,122.0,2007-11-09,7.947,12957.0
55830.0,20000000.0,30600000.0,94.0,2008-02-21,6.311,1434.0
55844.0,1000000.0,18479.0,87.0,2007-09-28,5.462,52.0
55854.0,0.0,0.0,100.0,1947-11-11,5.947,47.0
55872.0,25000000.0,66122026.0,114.0,2007-11-21,7.414,2792.0
55908.0,200000.0,0.0,87.0,2007-06-10,7.633,2796.0
55946.0,35000000.0,64811540.0,90.0,2007-10-22,6.002,811.0
55995.0,70000000.0,195735876.0,115.0,2007-11-05,5.909,2985.0
56003.0,17000000.0,374743.0,144.0,2007-11-14,5.2,588.0
56012.0,0.0,0.0,239.0,2006-11-28,7.132,53.0
56022.0,0.0,0.0,99.0,1995-08-13,6.7,55.0
56060.0,0.0,0.0,115.0,2007-01-11,6.819,113.0
56145.0,18000000.0,57470220.0,120.0,2007-11-21,6.9,5666.0
56152.0,85000000.0,340487652.0,108.0,2007-11-20,6.8,5624.0
56156.0,24000000.0,101276318.0,92.0,2007-11-21,6.149,3568.0
56169.0,86000000.0,14373825.0,84.0,2007-11-28,6.546,1463.0
56171.0,180000000.0,372234864.0,113.0,2007-12-04,6.08,4746.0
56174.0,150000000.0,585410052.0,100.0,2007-12-12,7.21,16532.0
56176.0,60000000.0,361366633.0,90.0,2007-12-13,5.826,4666.0
56251.0,0.0,0.0,89.0,2007-11-27,7.371,744.0
56274.0,10000000.0,2900219.0,92.0,2007-11-16,5.824,310.0
56286.0,20000000.0,4001121.0,135.0,2007-10-01,6.499,755.0
56333.0,0.0,10653221.0,114.0,2007-11-28,6.887,421.0
56336.0,4000000.0,0.0,93.0,2007-08-25,6.142,1499.0
56339.0,3400000.0,78638987.0,106.0,2007-05-20,7.228,3051.0
56367.0,7500000.0,232372681.0,91.0,2007-12-05,7.055,7504.0
56379.0,0.0,0.0,90.0,2006-03-10,6.833,30.0
56389.0,10000000.0,21800000.0,95.0,2007-11-28,6.409,826.0
56563.0,0.0,0.0,80.0,2007-09-12,7.185,173.0
56587.0,45000000.0,175400000.0,94.0,2007-12-25,7.184,4000.0
56607.0,20000000.0,73276047.0,128.0,2007-12-14,7.327,1222.0
56620.0,10000.0,10000.0,87.0,2008-07-18,5.6,286.0
56715.0,1000000.0,454026.0,88.0,2007-10-19,6.957,601.0
56757.0,50000000.0,153384272.0,115.0,2007-12-21,7.179,6223.0
56775.0,130000000.0,459200000.0,128.0,2007-12-19,6.37,5424.0
56782.0,25000000.0,77208711.0,158.0,2007-12-26,8.1,7210.0
56788.0,75000000.0,119483446.0,105.0,2007-12-19,6.536,1603.0
56801.0,40000000.0,130290885.0,94.0,2007-12-25,5.179,3212.0
56805.0,35000000.0,18317151.0,96.0,2007-12-21,6.607,728.0
56837.0,0.0,0.0,127.0,2006-09-01,5.735,98.0
56869.0,0.0,0.0,112.0,2006-09-27,7.1,147.0
56908.0,0.0,0.0,95.0,2007-08-24,6.363,106.0
56915.0,40000000.0,103967384.0,112.0,2007-12-25,6.535,1127.0
56921.0,0.0,0.0,88.0,2007-11-12,7.171,448.0
56941.0,30000000.0,156835339.0,126.0,2007-11-15,7.184,3429.0
56949.0,30000000.0,160300000.0,110.0,2008-01-10,6.449,3326.0
57147.0,15000000.0,22687639.0,108.0,2007-10-31,6.28,815.0
57183.0,2600000.0,28430000.0,175.0,2007-12-21,7.953,1288.0
57243.0,0.0,0.0,90.0,2007-09-13,7.009,166.0
57274.0,1500000.0,32511655.0,78.0,2007-11-23,7.223,4746.0
57326.0,60000000.0,13097915.0,127.0,2007-11-29,4.76,896.0
57368.0,25000000.0,170764026.0,85.0,2008-01-15,6.703,7591.0
57421.0,1500000.0,155873.0,84.0,2006-04-27,5.8,699.0
57499.0,0.0,0.0,104.0,1990-11-24,6.2,16.0
57502.0,0.0,0.0,33.0,2001-02-21,7.067,164.0
57504.0,0.0,3478290.0,104.0,2006-07-15,7.785,2173.0
57522.0,20000000.0,38800000.0,96.0,2008-01-11,5.651,258.0
57526.0,35000000.0,52659594.0,101.0,2008-01-22,6.229,961.0
57528.0,50000000.0,113200000.0,90.0,2008-01-24,6.689,4164.0
57532.0,30000000.0,85897593.0,79.0,2008-01-24,4.092,1803.0
57536.0,20000000.0,7000000.0,87.0,2008-02-01,4.888,241.0
57637.0,50000.0,249905.0,103.0,2007-07-13,5.915,323.0
57640.0,85000000.0,160388063.0,119.0,2008-07-11,6.769,5495.0
57669.0,15000000.0,34533783.0,101.0,2008-02-08,7.496,5601.0
57772.0,,,,,,
57843.0,4000000.0,0.0,119.0,2007-09-07,6.321,226.0
57910.0,2000000.0,2340110.0,96.0,2008-01-18,5.389,789.0
57951.0,70000000.0,111231041.0,111.0,2008-02-07,5.789,1554.0
58025.0,85000000.0,222231186.0,87.0,2008-02-13,6.2,6089.0
58047.0,0.0,55447968.0,112.0,2008-02-08,6.94,2572.0
58078.0,0.0,0.0,95.0,2007-02-07,6.267,386.0
58103.0,40000000.0,152039882.0,99.0,2008-02-01,6.402,2118.0
58105.0,90000000.0,164200000.0,97.0,2008-02-14,6.678,2789.0
58107.0,23000000.0,150988382.0,102.0,2008-02-14,6.686,2382.0
58154.0,35000000.0,78269970.0,115.0,2008-02-28,6.7,2185.0
58156.0,55000000.0,33500000.0,91.0,2008-02-28,5.63,853.0
58162.0,10000000.0,33478921.0,100.0,2007-09-06,6.209,724.0
58191.0,1000000.0,274661.0,106.0,2008-01-18,6.913,248.0
58287.0,0.0,15233.0,110.0,2007-08-10,4.2,60.0
58291.0,25000000.0,51549674.0,80.0,2008-03-07,5.462,404.0
58293.0,105000000.0,269784201.0,109.0,2008-03-04,5.502,3111.0
58295.0,20000000.0,64828421.0,111.0,2008-02-28,6.834,2518.0
58297.0,30000000.0,22472631.0,112.0,2008-03-14,5.941,1361.0
58299.0,85000000.0,298572799.0,86.0,2008-03-03,6.514,3477.0
58301.0,15000000.0,7938872.0,111.0,2008-03-14,6.563,2204.0
58303.0,6250000.0,20200000.0,98.0,2007-03-22,7.4,669.0
58306.0,18000000.0,26527510.0,125.0,2007-09-20,6.8,744.0
58309.0,0.0,0.0,105.0,2007-02-15,7.2,19.0
58315.0,62000000.0,40854735.0,105.0,2008-06-20,4.064,754.0
58332.0,2000000.0,5540941.0,95.0,2007-05-26,5.567,855.0
58347.0,15000000.0,21156270.0,101.0,2007-11-17,6.7,1453.0
58351.0,0.0,307076.0,110.0,2007-08-31,7.04,290.0
58376.0,7000000.0,0.0,118.0,2007-06-01,6.96,519.0
58404.0,3500000.0,5231128.0,72.0,2008-02-26,6.828,551.0
58425.0,0.0,0.0,97.0,2007-09-27,7.676,88.0
58492.0,0.0,414404.0,107.0,2007-03-07,6.434,160.0
58554.0,145625.0,4117.0,98.0,2007-03-16,7.436,236.0
58559.0,185000000.0,1004558444.0,152.0,2008-07-16,8.526,35104.0
58627.0,20000000.0,41627431.0,110.0,2008-03-04,6.775,2436.0
58655.0,40000000.0,32900000.0,102.0,2008-02-04,5.824,1077.0
58783.0,1000000.0,2624759.0,124.0,2007-10-26,6.111,235.0
58803.0,35000000.0,159808370.0,122.0,2008-03-27,6.693,4932.0
58806.0,7000000.0,10569964.0,95.0,2008-04-11,5.829,277.0
58826.0,8500000.0,0.0,95.0,2008-03-04,5.967,209.0
58839.0,58000000.0,41299492.0,114.0,2008-03-24,5.859,483.0
58842.0,16000000.0,34786960.0,120.0,2007-10-09,6.969,146.0
58870.0,0.0,3070596.0,115.0,2004-01-30,6.264,89.0
58876.0,25000000.0,11207130.0,112.0,2008-03-28,6.129,268.0
58879.0,1000000.0,15773307.0,122.0,2008-04-04,6.835,179.0
58964.0,3000000.0,792184.0,83.0,2007-06-13,6.741,897.0
58972.0,37000000.0,100104565.0,100.0,2008-04-03,5.9,1170.0
58975.0,8000000.0,22818256.0,90.0,2008-04-02,5.924,1402.0
58998.0,30000000.0,105173115.0,111.0,2008-04-17,6.504,3611.0
59014.0,35000000.0,71571300.0,85.0,2008-03-28,5.286,1961.0
59016.0,20000000.0,66476363.0,109.0,2008-04-10,6.639,1620.0
59018.0,4000000.0,18197518.0,105.0,2008-02-21,7.13,489.0
59022.0,12000000.0,43493123.0,97.0,2008-04-25,6.314,1586.0
59026.0,13442285.0,12500000.0,99.0,2007-09-26,6.6,778.0
59037.0,120000000.0,93900000.0,129.0,2008-05-07,6.3,1719.0
59103.0,55000000.0,127906624.0,113.0,2008-04-17,6.624,1860.0
59118.0,4100000.0,18696602.0,118.0,2008-04-18,6.6,493.0
59126.0,0.0,0.0,101.0,2008-10-01,7.006,623.0
59129.0,0.0,0.0,90.0,2008-03-11,5.854,263.0
59131.0,0.0,0.0,80.0,2006-09-12,3.669,62.0
59141.0,4913400.0,10871449.0,96.0,2007-01-22,6.717,476.0
59143.0,600000.0,0.0,89.0,2007-10-13,5.774,166.0
59220.0,0.0,690905.0,102.0,2007-09-28,6.42,169.0
59258.0,30000000.0,64400000.0,99.0,2008-04-25,5.969,681.0
59295.0,3500000.0,7700000.0,90.0,2008-04-18,3.79,69.0
59306.0,20000000.0,14800000.0,85.0,2008-04-10,5.068,778.0
59315.0,140000000.0,585174222.0,125.0,2008-04-30,7.655,27698.0
59333.0,40000000.0,106407672.0,101.0,2008-04-30,6.4,1754.0
59336.0,7000000.0,0.0,99.0,2008-04-07,6.451,286.0
59369.0,25000000.0,226830568.0,94.0,2008-02-18,7.399,11856.0
59387.0,30000000.0,3984390.0,117.0,2006-09-09,7.618,1471.0
59421.0,35000000.0,219400000.0,100.0,2008-05-07,6.108,3222.0
59429.0,10000000.0,18610260.0,88.0,2007-12-19,5.65,1976.0
59440.0,3300000.0,12100000.0,91.0,2006-09-09,6.3,99.0
59501.0,225000000.0,419665568.0,143.0,2008-05-15,6.629,6657.0
59549.0,500000.0,142666.0,97.0,2007-06-16,7.8,495.0
59604.0,0.0,0.0,84.0,2007-07-19,6.646,759.0
59615.0,185000000.0,786636033.0,122.0,2008-05-21,6.019,8839.0
59667.0,0.0,0.0,94.0,2006-09-28,6.604,48.0
59725.0,65000000.0,418800000.0,146.0,2008-05-12,6.563,2232.0
59727.0,9000000.0,83051676.0,86.0,2008-05-29,6.125,2608.0
59731.0,0.0,308575.0,105.0,2008-05-30,6.83,135.0
59738.0,750000.0,1757270.0,98.0,2006-09-09,5.568,694.0
59784.0,130000000.0,632091832.0,82.0,2008-06-04,7.313,12354.0
59810.0,0.0,0.0,111.0,2008-05-25,6.803,183.0
59814.0,3000000.0,231156.0,100.0,2007-01-31,6.808,234.0
59900.0,90000000.0,204313400.0,117.0,2008-06-05,5.7,3977.0
59915.0,5000000.0,151449.0,94.0,2007-05-21,6.179,193.0
59947.0,0.0,0.0,91.0,1985-06-15,6.0,196.0
59985.0,0.0,240476.0,87.0,2007-10-26,6.299,431.0
59995.0,0.0,1200398.0,100.0,2008-07-23,7.118,485.0
60030.0,1500000.0,0.0,90.0,2007-01-27,6.134,86.0
60037.0,60000000.0,163403799.0,90.0,2008-06-11,5.397,3860.0
60040.0,150000000.0,264770996.0,112.0,2008-06-12,6.231,12453.0
60046.0,40000000.0,7785317.0,123.0,2008-04-03,6.659,164.0
60069.0,180000000.0,521311860.0,98.0,2008-06-22,8.107,19882.0
60072.0,75000000.0,342463063.0,110.0,2008-06-19,6.525,7438.0
60074.0,150000000.0,629400000.0,102.0,2008-07-01,6.352,10054.0
60126.0,80000000.0,230685453.0,110.0,2008-06-19,6.201,3785.0
60128.0,1500000.0,0.0,87.0,2007-09-05,5.776,232.0
60141.0,14000000.0,29066483.0,97.0,2007-12-21,5.902,487.0
60161.0,0.0,0.0,90.0,2008-06-24,6.97,596.0
60289.0,10000000.0,17700000.0,101.0,2008-07-02,6.5,137.0
60291.0,0.0,0.0,115.0,2008-07-18,6.902,127.0
60293.0,6000000.0,3175469.0,100.0,2008-07-03,6.41,301.0
60303.0,0.0,0.0,108.0,2005-12-24,7.212,203.0
60333.0,0.0,0.0,99.0,2007-09-01,7.5,289.0
60363.0,0.0,0.0,90.0,2008-04-18,4.838,420.0
60365.0,0.0,0.0,25.0,1969-12-07,6.934,373.0
60389.0,0.0,0.0,93.0,2007-09-11,6.2,129.0
60397.0,52000000.0,609841637.0,108.0,2008-07-03,6.974,6891.0
60408.0,11000000.0,245144417.0,107.0,2008-02-20,6.7,2535.0
60471.0,20000000.0,4600000.0,95.0,2007-11-08,6.3,743.0
60487.0,0.0,0.0,25.0,1966-10-27,7.474,441.0
60514.0,45000000.0,101702060.0,88.0,2008-07-10,6.089,5059.0
60516.0,60000000.0,50650079.0,90.0,2008-07-08,5.293,1507.0
60522.0,0.0,0.0,96.0,2008-01-02,5.993,220.0
60538.0,0.0,4910682.0,85.0,2007-08-16,4.868,398.0
60647.0,15000000.0,5926410.0,111.0,2008-01-18,6.407,783.0
60674.0,7000000.0,0.0,100.0,2008-07-29,7.162,567.0
60684.0,130000000.0,185258983.0,162.0,2009-03-04,7.3,9762.0
60735.0,250000.0,168237.0,92.0,2007-10-01,6.929,204.0
60737.0,2000000.0,0.0,94.0,2007-05-01,6.314,175.0
60753.0,2900000.0,0.0,104.0,2008-07-17,7.145,944.0
60756.0,65000000.0,128100000.0,98.0,2008-07-25,6.562,3308.0
60760.0,30000000.0,69363381.0,104.0,2008-07-24,5.854,1604.0
60766.0,0.0,2957978.0,94.0,2008-08-01,7.37,935.0
60803.0,0.0,0.0,25.0,1968-12-19,6.572,160.0
60818.0,9364800.0,0.0,185.0,2007-10-12,6.833,183.0
60832.0,8000000.0,0.0,93.0,2008-04-11,5.688,501.0
60857.0,700000.0,31576.0,77.0,2007-09-12,5.944,126.0
60885.0,0.0,0.0,97.0,2007-09-01,6.352,118.0
60894.0,0.0,0.0,110.0,2008-06-20,6.185,391.0
60904.0,0.0,0.0,136.0,1988-11-11,7.863,179.0
60937.0,145000000.0,403449830.0,111.0,2008-07-01,5.512,4703.0
60941.0,15000000.0,3533227.0,98.0,2008-08-07,6.2,1214.0
60943.0,1000000.0,5457664.0,97.0,2008-03-26,6.614,342.0
60950.0,15000000.0,96409830.0,97.0,2008-08-15,6.794,3935.0
60979.0,3500000.0,0.0,76.0,2008-07-08,6.717,746.0
61011.0,10000000.0,590416.0,108.0,2007-02-13,5.2,105.0
61024.0,27000000.0,101624843.0,112.0,2008-08-06,6.643,4081.0
61026.0,80341000.0,250100000.0,146.0,2008-07-10,7.109,869.0
61071.0,27000000.0,44352417.0,119.0,2008-08-06,6.253,801.0
61073.0,0.0,194287.0,84.0,2008-08-08,5.1,216.0
61123.0,7000000.0,0.0,101.0,2007-08-17,6.5,3831.0
61132.0,92000000.0,195702811.0,116.0,2008-08-09,6.7,6751.0
61160.0,8500000.0,68282844.0,98.0,2008-08-05,6.145,2156.0
61167.0,0.0,1829917.0,94.0,2008-08-15,5.916,184.0
61210.0,8000000.0,2131057.0,111.0,2008-08-07,5.316,490.0
61236.0,1500000.0,11179372.0,87.0,2008-06-12,7.677,1028.0
61240.0,4000000.0,10785801.0,114.0,2008-10-24,7.549,3172.0
61246.0,9000000.0,4886216.0,92.0,2008-01-21,5.881,189.0
61248.0,45000000.0,76000000.0,110.0,2008-08-22,6.289,4028.0
61250.0,25000000.0,70442940.0,97.0,2008-08-22,5.7,1992.0
61255.0,15000000.0,8762890.0,102.0,2008-08-20,6.039,617.0
61257.0,0.0,0.0,85.0,2008-01-19,6.961,38.0
61262.0,35000000.0,72400000.0,111.0,2008-08-14,6.279,1980.0
61289.0,3800000.0,2725258.0,121.0,2007-09-15,6.192,355.0
61319.0,0.0,0.0,71.0,2008-08-22,6.82,100.0
61323.0,37000000.0,163700000.0,96.0,2008-09-05,6.669,5075.0
61348.0,25000000.0,34816824.0,87.0,2008-08-29,3.197,1103.0
61350.0,70000000.0,72109200.0,101.0,2008-08-20,5.665,2211.0
61352.0,22000000.0,23530831.0,114.0,2008-08-23,6.649,691.0
61394.0,0.0,0.0,80.0,2008-05-31,6.1,244.0
61401.0,60000000.0,39164441.0,103.0,2008-12-25,4.765,1044.0
61406.0,,,,,,
61465.0,45000000.0,42487390.0,98.0,2008-08-21,5.207,1075.0
61628.0,0.0,0.0,129.0,2005-09-10,6.0,15.0
61692.0,8000000.0,0.0,88.0,2006-12-19,5.403,242.0
61697.0,60000000.0,79498846.0,100.0,2008-09-11,5.879,1322.0
61705.0,20000000.0,27640028.0,111.0,2008-09-19,5.974,1128.0
61729.0,20000000.0,27100000.0,104.0,2008-09-19,6.527,1032.0
61818.0,8000000.0,0.0,99.0,2005-05-04,3.698,243.0
61986.0,20000000.0,20211394.0,115.0,2008-09-19,6.574,1057.0
62008.0,0.0,0.0,82.0,2008-08-05,4.4,8.0
62081.0,80000000.0,178800000.0,114.0,2008-09-25,6.48,3045.0
62113.0,28000000.0,17286299.0,110.0,2008-10-02,6.003,819.0
62155.0,9000000.0,33600000.0,89.0,2008-10-03,6.4,1250.0
62208.0,0.0,0.0,94.0,1954-01-15,7.325,63.0
62250.0,0.0,34861529.0,135.0,2008-05-16,6.876,1271.0
62293.0,17759769.0,43306325.0,110.0,2008-09-05,6.994,1770.0
62299.0,4600000.0,0.0,88.0,2008-09-01,3.6,106.0
62336.0,,,,,,
62344.0,12000000.0,16937968.0,113.0,2008-09-03,6.293,615.0
62374.0,70000000.0,113280098.0,128.0,2008-10-09,6.63,3239.0
62376.0,55000000.0,17869048.0,95.0,2008-10-07,6.347,1850.0
62383.0,200000.0,8000000.0,85.0,1916-12-24,6.183,60.0
62394.0,35000000.0,85416905.0,100.0,2008-10-15,5.394,2207.0
62434.0,24000000.0,42105111.0,102.0,2008-09-18,6.343,2602.0
62437.0,25100000.0,29506464.0,120.0,2008-10-17,6.178,667.0
62439.0,20000000.0,41624687.0,100.0,2008-09-19,5.648,788.0
62511.0,20000000.0,4383538.0,124.0,2008-10-24,7.543,1545.0
62553.0,11000000.0,39952437.0,110.0,2008-09-17,7.465,561.0
62586.0,20000000.0,7000000.0,82.0,2008-10-03,4.136,107.0
62644.0,7500000.0,32350637.0,108.0,2008-03-13,7.48,3530.0
62662.0,0.0,0.0,92.0,1985-04-24,7.1,99.0
62718.0,0.0,14924998.0,100.0,2008-07-25,6.485,826.0
62792.0,30000000.0,31200557.0,130.0,2008-09-09,6.34,922.0
62799.0,40000000.0,9793496.0,130.0,2008-10-10,7.119,278.0
62834.0,0.0,0.0,90.0,2002-04-30,5.962,105.0
62836.0,0.0,0.0,75.0,2007-09-03,6.444,117.0
62849.0,18000000.0,25740863.0,114.0,2008-09-04,6.951,3191.0
62956.0,0.0,0.0,88.0,2008-11-03,6.903,583.0
62970.0,,,,,,
62999.0,150000000.0,603900354.0,95.0,2008-10-30,6.524,7284.0
63033.0,25000000.0,19844979.0,121.0,2008-05-14,6.514,1335.0
63062.0,55000000.0,113400000.0,142.0,2008-10-24,7.581,4395.0
63072.0,32000000.0,27635305.0,111.0,2009-11-25,7.012,4151.0
63082.0,15000000.0,378400000.0,120.0,2008-11-12,7.729,11102.0
63113.0,200000000.0,589593688.0,107.0,2008-10-29,6.335,8345.0
63131.0,28000000.0,92380927.0,99.0,2008-11-07,6.483,2072.0
63179.0,0.0,1133863.0,105.0,2008-08-16,6.902,255.0
63222.0,6000000.0,2342211.0,96.0,2008-06-04,6.634,549.0
63239.0,0.0,0.0,88.0,1997-11-02,6.5,203.0
63276.0,0.0,22036607.0,130.0,2007-10-26,7.069,376.0
63312.0,8000000.0,0.0,120.0,2008-09-07,5.882,221.0
63393.0,0.0,0.0,97.0,2008-06-20,6.404,2151.0
63433.0,,,,,,
63436.0,10800000.0,118209778.0,95.0,2008-10-23,6.173,3729.0
63479.0,19000000.0,18755936.0,109.0,2008-10-16,6.388,1445.0
63515.0,0.0,3557508.0,112.0,2006-11-23,6.89,159.0
63540.0,20000000.0,149281606.0,92.0,2008-10-03,5.382,1090.0
63768.0,0.0,0.0,87.0,1965-11-13,7.0,20.0
63808.0,0.0,28814580.0,124.0,2008-09-24,6.988,705.0
63826.0,0.0,124191.0,82.0,2008-10-31,6.176,759.0
63853.0,130000000.0,211787511.0,158.0,2008-11-18,6.583,2406.0
63859.0,150000000.0,309979994.0,96.0,2008-11-21,6.536,6385.0
63876.0,20000000.0,54600000.0,128.0,2008-11-05,7.2,2349.0
63992.0,37000000.0,393616788.0,122.0,2008-11-20,6.3,14194.0
64010.0,0.0,0.0,84.0,2008-12-05,6.0,407.0
64030.0,30000000.0,109000000.0,105.0,2008-11-26,6.163,3576.0
64032.0,80000000.0,164112721.0,88.0,2008-11-26,5.825,1232.0
64034.0,12500000.0,20416563.0,95.0,2008-05-07,7.818,7527.0
64114.0,500000.0,33473297.0,118.0,2008-09-26,7.67,834.0
64116.0,25000000.0,30700000.0,80.0,2008-09-19,5.951,578.0
64167.0,,,,,,
64197.0,0.0,2724474.0,100.0,2008-05-15,7.239,1176.0
64231.0,20500000.0,10089373.0,107.0,2008-12-05,5.831,1259.0
64249.0,60000000.0,0.0,30.0,2007-11-28,6.364,900.0
64278.0,0.0,0.0,151.0,2006-10-06,7.337,169.0
64285.0,0.0,0.0,29.0,2008-12-26,7.356,585.0
64497.0,80000000.0,233093859.0,102.0,2008-12-10,5.654,3648.0
64499.0,58000000.0,0.0,127.0,2008-09-05,6.8,803.0
64501.0,58000000.0,8638163.0,127.0,2008-12-12,6.643,670.0
64575.0,20000000.0,50907234.0,104.0,2008-12-12,7.205,1859.0
64614.0,33000000.0,270000000.0,116.0,2008-12-12,7.988,11321.0
64620.0,25000000.0,27426335.0,121.0,2008-10-15,7.277,1263.0
64622.0,32000000.0,108902486.0,123.0,2008-12-10,7.467,3312.0
64695.0,0.0,0.0,102.0,2007-09-29,7.6,452.0
64716.0,55000000.0,168167691.0,123.0,2008-12-18,7.603,7100.0
64839.0,6000000.0,44734660.0,109.0,2008-09-07,7.539,3900.0
64957.0,150000000.0,335802786.0,166.0,2008-12-25,7.597,13476.0
64969.0,70000000.0,223200000.0,104.0,2008-12-09,6.684,7226.0
64983.0,75000000.0,200276000.0,120.0,2008-12-25,6.9,3979.0
64993.0,5000000.0,548192.0,63.0,2007-03-03,7.3,2095.0
64997.0,1000000.0,0.0,100.0,2005-06-28,5.2,68.0
65037.0,1500000.0,27.0,90.0,2007-08-26,6.944,320.0
65088.0,80000000.0,212874864.0,109.0,2008-12-24,6.159,2926.0
65126.0,3000000.0,3982459.0,92.0,2008-09-26,6.1,424.0
65130.0,35000000.0,76000000.0,125.0,2008-12-19,7.0,4041.0
65133.0,4250000.0,0.0,34.0,1999-03-29,6.986,178.0
65135.0,,,,,,
65188.0,0.0,0.0,94.0,2008-10-31,8.03,563.0
65193.0,20000000.0,22000000.0,98.0,2008-08-15,6.71,1894.0
65216.0,32000000.0,51155219.0,137.0,2008-12-31,6.845,1845.0
65225.0,0.0,0.0,123.0,2008-10-02,7.233,253.0
65230.0,60000000.0,255700000.0,110.0,2008-12-25,7.184,4738.0
65261.0,34000000.0,202404009.0,100.0,2008-07-19,7.756,4687.0
65350.0,0.0,0.0,98.0,1936-11-17,6.3,21.0
65359.0,,,,,,
65514.0,11700000.0,22100000.0,106.0,2008-12-12,7.76,4006.0
65577.0,60000000.0,87000000.0,90.0,2008-12-18,6.132,986.0
65585.0,30000000.0,115375850.0,100.0,2009-01-09,6.25,3150.0
65588.0,0.0,0.0,105.0,2008-08-14,6.923,39.0
65596.0,25000000.0,15000000.0,113.0,2008-10-22,7.304,986.0
65601.0,15000000.0,102836002.0,103.0,2009-01-16,5.6,1278.0
65631.0,8000000.0,908847.0,98.0,2007-09-07,6.322,256.0
65642.0,2600000.0,553198.0,89.0,2007-11-01,7.019,1391.0
65651.0,3000000.0,0.0,85.0,2008-09-18,5.1,73.0
65682.0,35000000.0,92158961.0,85.0,2009-01-22,6.544,3872.0
65685.0,60000000.0,62803180.0,107.0,2008-12-11,6.3,2200.0
65738.0,0.0,0.0,93.0,1992-07-13,4.577,124.0
65740.0,0.0,0.0,92.0,1994-05-09,4.558,121.0
65802.0,26000000.0,183293131.0,91.0,2009-01-15,5.444,2663.0
65810.0,0.0,43051547.0,114.0,2009-01-16,6.939,776.0
65882.0,0.0,41624046.0,87.0,2009-01-30,6.451,1584.0
65982.0,50000000.0,7033683.0,115.0,2008-04-24,6.443,1369.0
66090.0,12850990.0,3984669.0,90.0,2008-09-12,6.829,2014.0
66097.0,60000000.0,185860104.0,100.0,2009-02-05,7.899,8760.0
66171.0,38000000.0,49678401.0,111.0,2009-02-04,6.144,2378.0
66198.0,50000000.0,60161391.0,118.0,2009-02-03,6.251,1373.0
66203.0,40000000.0,178866158.0,130.0,2009-02-06,6.6,3965.0
66240.0,5000000.0,0.0,87.0,2009-02-17,6.289,289.0
66297.0,0.0,0.0,90.0,2009-02-06,7.058,588.0
66310.0,3000000.0,0.0,103.0,2007-07-01,6.159,778.0
66320.0,0.0,0.0,95.0,2007-08-17,6.713,94.0
66335.0,0.0,0.0,100.0,2009-10-16,6.848,211.0
66371.0,0.0,69932387.0,131.0,2008-09-13,7.847,897.0
66427.0,1500000.0,173066.0,84.0,2007-10-01,5.805,354.0
66509.0,75000000.0,71600000.0,146.0,2009-07-30,5.888,1378.0
66511.0,0.0,598894.0,105.0,2008-10-01,6.828,354.0
66544.0,,,,,,
66665.0,17000000.0,15779455.0,98.0,2009-06-05,6.659,611.0
66744.0,7275000.0,11260366.0,108.0,2008-05-28,7.628,1168.0
66783.0,19000000.0,91509154.0,97.0,2009-02-11,5.8,2793.0
66785.0,10000000.0,0.0,128.0,2008-07-16,7.17,787.0
66798.0,70000000.0,75871032.0,92.0,2009-02-06,5.709,1210.0
66915.0,18000000.0,11657385.0,77.0,1991-08-02,6.2,307.0
66934.0,,,,,,
66943.0,0.0,0.0,91.0,2008-02-07,5.961,255.0
67087.0,41000000.0,92000000.0,107.0,2009-03-20,6.581,1877.0
67168.0,0.0,0.0,87.0,2008-10-14,5.8,215.0
67186.0,10000000.0,77578320.0,98.0,2009-03-27,6.173,1166.0
67193.0,60000000.0,78176181.0,125.0,2009-03-18,5.9,846.0
67197.0,50000000.0,155446362.0,121.0,2009-03-19,6.24,5657.0
67255.0,13000000.0,109421911.0,152.0,2009-02-27,7.531,3148.0
67267.0,5000000.0,16174377.0,91.0,2008-01-18,6.592,818.0
67295.0,0.0,0.0,25.0,2008-11-08,6.779,458.0
67361.0,0.0,2186782.0,101.0,2009-02-27,6.2,475.0
67408.0,175000000.0,381509870.0,93.0,2009-03-19,6.238,4867.0
67508.0,19700000.0,26937355.0,145.0,2008-09-25,6.953,636.0
67534.0,7500000.0,8742330.0,109.0,2007-11-03,6.585,991.0
67618.0,0.0,0.0,100.0,2008-12-02,6.08,75.0
67665.0,0.0,0.0,80.0,2008-01-14,7.584,269.0
67695.0,18000000.0,24007324.0,86.0,2009-04-10,5.4,729.0
67734.0,9800000.0,17200000.0,107.0,2009-04-03,6.399,2303.0
67788.0,40000000.0,108394089.0,104.0,2009-02-05,6.5,2713.0
67799.0,0.0,0.0,100.0,2009-01-09,5.502,602.0
67888.0,0.0,0.0,66.0,1935-08-03,6.063,16.0
67923.0,85000000.0,363164265.0,107.0,2009-04-02,6.687,7662.0
67997.0,1100000.0,6200000.0,106.0,2009-01-22,7.038,749.0
68073.0,50000000.0,36348784.0,136.0,2009-04-01,7.224,2239.0
68135.0,20000000.0,136300000.0,100.0,2009-03-11,6.312,5344.0
68157.0,70000000.0,321457747.0,153.0,2009-08-02,8.215,23681.0
68159.0,60000000.0,87800000.0,127.0,2009-04-17,6.8,2079.0
68194.0,10000000.0,0.0,97.0,2009-03-27,7.228,672.0
68205.0,20000000.0,34600000.0,95.0,2009-04-16,6.079,3063.0
68237.0,5000000.0,9760104.0,97.0,2009-06-12,7.6,6098.0
68269.0,35000000.0,29196409.0,104.0,2009-03-04,7.171,1056.0
68319.0,150000000.0,373062864.0,105.0,2009-04-28,6.284,11051.0
68347.0,0.0,5102705.0,96.0,2009-03-20,7.604,739.0
68358.0,150000000.0,386839614.0,128.0,2009-05-06,7.4,10298.0
68444.0,0.0,900689.0,90.0,2008-01-18,6.004,265.0
68480.0,0.0,0.0,108.0,1980-03-01,6.199,166.0
68486.0,80000000.0,121059225.0,142.0,2009-01-07,7.277,481.0
68522.0,15000000.0,109000000.0,90.0,2007-10-10,7.6,360.0
68536.0,0.0,0.0,141.0,2001-05-02,7.398,197.0
68552.0,25000000.0,1037335.0,112.0,2009-02-10,6.118,397.0
68554.0,150000000.0,485930816.0,139.0,2009-04-20,6.716,7181.0
68597.0,0.0,0.0,114.0,1973-04-11,6.133,108.0
68600.0,0.0,0.0,87.0,2009-01-13,5.1,119.0
68650.0,0.0,17835.0,106.0,2009-05-08,6.114,245.0
68659.0,3900000.0,948753.0,90.0,2009-02-06,6.13,877.0
68791.0,200000000.0,371353001.0,108.0,2009-05-20,6.078,6870.0
68793.0,150000000.0,413106170.0,107.0,2009-05-20,6.152,7157.0
68835.0,0.0,120000.0,97.0,2008-06-24,6.239,95.0
68848.0,20000000.0,5530764.0,109.0,2008-09-09,6.551,693.0
68872.0,0.0,0.0,126.0,1946-12-10,7.518,342.0
68886.0,0.0,0.0,90.0,2006-11-01,6.418,341.0
68932.0,60000000.0,38332994.0,117.0,2009-04-24,6.681,802.0
68945.0,0.0,15877.0,91.0,1997-03-15,7.4,480.0
68952.0,30000000.0,91388487.0,99.0,2009-05-27,6.5,3973.0
68954.0,175000000.0,735103954.0,95.0,2009-05-28,7.96,21294.0
68959.0,0.0,10197984.0,110.0,2005-07-21,7.284,380.0
69069.0,20000000.0,18599102.0,91.0,2009-02-20,6.118,679.0
69118.0,0.0,0.0,102.0,2009-04-15,6.1,452.0
69122.0,35000000.0,469310836.0,95.0,2009-06-02,7.329,17784.0
69131.0,0.0,2960993.0,95.0,2008-11-13,5.782,309.0
69134.0,11000000.0,7413863.0,104.0,2009-05-20,6.624,2765.0
69140.0,0.0,0.0,90.0,2006-01-03,6.3,113.0
69211.0,5000000.0,0.0,80.0,2005-08-02,4.83,53.0
69224.0,0.0,0.0,105.0,1997-11-19,6.8,59.0
69227.0,0.0,0.0,99.0,1993-11-12,4.2,59.0
69251.0,1000000.0,7202.0,81.0,2006-11-17,6.266,101.0
69275.0,800000.0,2166797.0,88.0,2009-01-09,5.981,1199.0
69278.0,100000000.0,68688831.0,101.0,2009-06-05,5.439,1399.0
69304.0,55000000.0,23000000.0,107.0,2009-06-19,6.0,587.0
69306.0,100000000.0,150166126.0,105.0,2009-06-10,6.355,3312.0
69394.0,0.0,1100000.0,114.0,2009-06-26,7.6,246.0
69406.0,40000000.0,317400000.0,107.0,2009-06-02,7.15,7310.0
69436.0,60000000.0,62357900.0,87.0,2009-06-18,4.991,1972.0
69453.0,625000.0,4408872.0,90.0,1974-08-13,5.661,189.0
69469.0,0.0,11445294.0,70.0,2009-09-11,5.533,107.0
69481.0,15000000.0,49259766.0,131.0,2008-10-10,7.257,6012.0
69495.0,0.0,46060.0,95.0,2007-11-16,6.2,50.0
69516.0,0.0,0.0,116.0,2009-05-01,6.011,305.0
69524.0,,,,,,
69526.0,200000000.0,836303693.0,151.0,2009-06-19,6.211,8992.0
69529.0,0.0,0.0,120.0,2009-06-03,7.803,535.0
69604.0,15000000.0,36020534.0,92.0,2009-06-19,7.077,1816.0
69606.0,37500000.0,102366815.0,100.0,2009-05-01,5.958,2389.0
69640.0,100000000.0,214104620.0,133.0,2009-07-01,6.686,4725.0
69644.0,90000000.0,886686817.0,100.0,2009-06-26,6.763,8721.0
69654.0,0.0,0.0,89.0,2009-09-10,7.523,709.0
69685.0,0.0,0.0,65.0,2002-01-21,7.3,77.0
69712.0,30000000.0,95714875.0,104.0,2009-06-26,7.369,2210.0
69720.0,5000000.0,25900.0,84.0,2006-06-27,4.759,79.0
69746.0,0.0,0.0,26.0,2009-03-24,6.649,218.0
69757.0,7500000.0,60781545.0,96.0,2009-07-17,7.299,10811.0
69784.0,42000000.0,138805831.0,83.0,2009-07-08,5.641,1855.0
69805.0,0.0,0.0,95.0,2008-10-25,6.3,515.0
69844.0,250000000.0,933959197.0,153.0,2009-07-15,7.682,20454.0
69849.0,,,,,,
69860.0,8000000.0,0.0,100.0,2007-09-22,6.0,99.0
69904.0,1200000.0,6816129.0,95.0,2006-07-10,5.468,706.0
69951.0,30000000.0,64352607.0,122.0,2009-10-01,6.4,2824.0
69953.0,0.0,0.0,113.0,2008-08-24,5.798,89.0
69988.0,0.0,0.0,95.0,2009-01-16,5.296,102.0
70015.0,0.0,0.0,77.0,2009-02-06,7.1,680.0
70159.0,20000000.0,77912251.0,123.0,2009-07-24,7.0,5541.0
70183.0,38000000.0,321700000.0,96.0,2009-07-24,6.509,3703.0
70206.0,3400000.0,114000000.0,86.0,2009-07-09,6.612,1608.0
70208.0,14000000.0,22852638.0,98.0,2009-06-08,6.4,1354.0
70286.0,30000000.0,210888950.0,110.0,2009-08-05,7.46,10101.0
70293.0,40000000.0,129500000.0,123.0,2009-08-06,6.714,2185.0
70301.0,20000000.0,73830340.0,108.0,2009-02-26,5.746,684.0
70305.0,50000000.0,106387141.0,98.0,2009-03-13,5.8,1779.0
70334.0,35000000.0,155545279.0,102.0,2009-04-10,6.6,2077.0
70336.0,175000000.0,302500000.0,120.0,2009-08-03,5.8,4828.0
70361.0,22000000.0,17280326.0,108.0,2009-03-19,5.905,829.0
70451.0,6500000.0,0.0,118.0,2008-12-18,7.106,263.0
70492.0,0.0,0.0,54.0,1936-07-06,5.1,29.0
70521.0,,,,,,
70533.0,7000000.0,20121073.0,101.0,2007-09-01,7.6,1053.0
70545.0,5000000.0,0.0,86.0,2008-01-29,5.345,74.0
70565.0,10000000.0,15300000.0,89.0,2009-05-29,5.381,235.0
70599.0,39000000.0,101344412.0,107.0,2009-08-14,6.941,2640.0
70637.0,0.0,40945.0,85.0,2008-06-01,7.495,327.0
70641.0,6000000.0,4591629.0,90.0,2009-03-13,5.537,375.0
70663.0,18000000.0,15300000.0,97.0,2009-07-10,6.0,938.0
70687.0,1000000.0,1296971.0,88.0,2009-08-07,5.711,116.0
70697.0,150000000.0,292817841.0,89.0,2009-07-24,5.481,1968.0
70703.0,40000000.0,8251071.0,120.0,1992-08-20,4.7,57.0
70708.0,15000000.0,2852915.0,127.0,2009-06-11,6.709,203.0
70728.0,230000.0,2300000.0,82.0,2009-03-13,6.961,2609.0
70862.0,0.0,1896244.0,97.0,2008-09-05,7.2,189.0
70932.0,17000000.0,20455276.0,90.0,2009-06-05,6.141,430.0
70946.0,65000.0,0.0,95.0,1990-10-12,3.968,463.0
70984.0,30000000.0,9975737.0,118.0,2009-08-26,6.202,466.0
70990.0,0.0,0.0,97.0,1996-09-11,6.6,81.0
70994.0,10000000.0,39421467.0,101.0,2009-08-28,5.326,1508.0
71033.0,2000000.0,33965843.0,129.0,2009-08-13,7.975,2773.0
71057.0,30000000.0,48428063.0,79.0,2009-08-19,6.9,3788.0
71106.0,0.0,23820.0,79.0,2009-04-24,6.9,652.0
71108.0,21555450.0,11652157.0,144.0,2009-09-24,7.47,1109.0
71129.0,3500000.0,0.0,77.0,2009-07-28,6.953,483.0
71131.0,0.0,0.0,60.0,2007-04-24,7.3,81.0
71135.0,33000000.0,20648328.0,108.0,2009-09-08,6.586,2567.0
71147.0,0.0,0.0,84.0,1955-09-07,7.083,109.0
71156.0,24000000.0,68729358.0,90.0,2009-10-17,5.965,2346.0
71160.0,,,,,,
71205.0,16000000.0,31556061.0,107.0,2009-09-18,6.0,4130.0
71211.0,22000000.0,41771168.0,108.0,2009-09-18,6.151,956.0
71248.0,8000000.0,10848783.0,92.0,2009-09-03,5.832,660.0
71252.0,40000000.0,187384627.0,81.0,2009-08-26,5.617,3802.0
71254.0,50000000.0,40800000.0,95.0,2009-09-03,5.7,2554.0
71264.0,100000000.0,242988466.0,90.0,2009-09-17,6.655,6327.0
71268.0,19000000.0,51733921.0,113.0,2009-09-11,6.236,140.0
71282.0,1000000.0,4606199.0,94.0,2008-09-07,7.349,640.0
71302.0,88000.0,480000.0,65.0,1958-05-18,4.8,160.0
71304.0,5000000.0,13085023.0,133.0,2009-04-30,7.112,1046.0
71327.0,10000000.0,14374652.0,119.0,2009-09-18,6.61,474.0
71341.0,0.0,0.0,90.0,2009-10-09,5.356,295.0
71379.0,15000.0,193355800.0,83.0,2007-09-14,6.041,5319.0
71429.0,10000000.0,295750.0,98.0,2009-08-20,6.605,636.0
71438.0,0.0,3511120.0,114.0,2008-06-28,7.8,422.0
71453.0,0.0,0.0,23.0,1949-01-01,7.481,80.0
71462.0,0.0,1162422.0,92.0,2009-07-31,7.943,654.0
71464.0,7000000.0,31400000.0,105.0,2009-10-02,6.71,2280.0
71466.0,6000000.0,7875862.0,104.0,2009-03-06,6.938,390.0
71468.0,250000.0,0.0,106.0,2009-01-23,6.345,324.0
71484.0,5060730.0,0.0,86.0,2009-10-21,6.1,187.0
71494.0,10000000.0,0.0,77.0,2009-09-12,5.906,203.0
71500.0,12000000.0,27909.0,82.0,2007-12-09,6.991,2021.0
71518.0,15000000.0,16633035.0,111.0,2009-04-09,6.701,1103.0
71520.0,18500000.0,32400000.0,100.0,2009-10-02,6.208,2256.0
71530.0,80000000.0,122444772.0,85.0,2009-09-24,6.137,3355.0
71535.0,23600000.0,102391540.0,88.0,2009-10-02,7.26,12914.0
71550.0,11500000.0,69564.0,93.0,2008-01-17,5.732,319.0
71579.0,7500000.0,26100000.0,95.0,2009-10-29,6.948,1397.0
71619.0,0.0,0.0,110.0,2009-04-22,6.872,1011.0
71640.0,0.0,0.0,84.0,2008-11-12,7.2,42.0
71668.0,70000000.0,171844840.0,107.0,2009-09-19,5.551,2053.0
71732.0,750000.0,8050.0,85.0,2008-08-07,5.983,200.0
71745.0,100000000.0,100140916.0,101.0,2009-10-16,6.49,1970.0
71810.0,20000000.0,67900000.0,95.0,1998-12-03,5.802,595.0
71823.0,14700000.0,9961023.0,103.0,2008-09-06,5.951,578.0
71838.0,53000000.0,127900000.0,104.0,2009-10-15,7.388,5535.0
71867.0,0.0,0.0,88.0,2009-10-07,7.177,212.0
71899.0,8240000.0,1740429.0,92.0,2009-04-09,7.874,2188.0
71902.0,0.0,12035862.0,97.0,2009-01-16,5.536,919.0
71910.0,8000000.0,0.0,91.0,2009-05-01,5.949,658.0
71970.0,0.0,0.0,94.0,1944-11-17,6.9,25.0
71999.0,0.0,0.0,111.0,1924-09-24,5.9,79.0
72011.0,25000000.0,166842739.0,109.0,2009-12-04,6.888,3880.0
72104.0,0.0,0.0,7.0,1989-05-25,7.537,136.0
72129.0,11000000.0,69752402.0,92.0,2009-10-22,6.287,3434.0
72142.0,0.0,0.0,237.0,2008-11-29,8.0,500.0
72165.0,40000000.0,28169671.0,109.0,2009-10-23,5.847,1153.0
72167.0,8000000.0,10629321.0,118.0,2009-11-24,5.98,791.0
72171.0,2900000.0,296557.0,90.0,2009-10-16,7.097,683.0
72178.0,8000000.0,33579813.0,132.0,2005-08-04,7.446,194.0
72224.0,10000000.0,118492.0,89.0,2009-09-30,5.642,183.0
72226.0,40000000.0,46471023.0,88.0,2009-10-14,7.812,5926.0
72294.0,200000000.0,325286646.0,96.0,2009-11-04,6.905,4840.0
72308.0,0.0,0.0,112.0,2009-10-27,6.761,466.0
72330.0,0.0,2860973.0,93.0,2009-07-07,5.85,224.0
72356.0,0.0,0.0,6.0,2009-05-28,7.758,1081.0
72378.0,200000000.0,791217826.0,158.0,2009-10-10,5.866,12505.0
72395.0,10000000.0,47536959.0,109.0,2009-11-06,7.32,1728.0
72405.0,25000000.0,10589102.0,120.0,2009-09-11,6.182,1229.0
72407.0,50000000.0,709827462.0,131.0,2009-11-18,5.993,9613.0
72424.0,11000000.0,297835.0,88.0,2002-05-19,5.144,296.0
72479.0,6500000.0,1595417.0,113.0,2009-11-13,6.752,467.0
72489.0,40000000.0,61601280.0,99.0,2009-09-29,6.672,1705.0
72554.0,5700000.0,19300483.0,113.0,2009-11-06,7.444,1327.0
72591.0,25000000.0,0.0,90.0,1998-07-10,5.611,397.0
72601.0,0.0,0.0,78.0,2009-11-21,7.245,151.0
72603.0,0.0,0.0,30.0,2009-11-16,6.494,312.0
72605.0,26000000.0,43500000.0,105.0,2009-12-02,7.32,3844.0
72624.0,0.0,0.0,90.0,2007-10-05,6.6,44.0
72641.0,29000000.0,309231694.0,128.0,2009-11-20,7.668,6701.0
72692.0,0.0,0.0,66.0,1999-10-31,7.1,705.0
72694.0,5100000.0,303431.0,100.0,2009-07-24,6.185,243.0
72696.0,35000000.0,96753696.0,88.0,2009-11-24,5.538,770.0
72701.0,70000000.0,104945765.0,91.0,2009-11-19,5.885,2111.0
72714.0,0.0,0.0,95.0,2005-09-24,8.099,327.0
72720.0,7000000.0,25000000.0,99.0,2009-12-11,7.273,1631.0
72731.0,65000000.0,93600000.0,128.0,2009-12-26,7.065,4859.0
72733.0,60000000.0,122400000.0,132.0,2009-12-11,7.178,4282.0
72737.0,105000000.0,270997378.0,97.0,2009-12-08,7.2,5991.0
72874.0,0.0,0.0,98.0,1997-08-22,4.7,48.0
72919.0,58000000.0,85280250.0,103.0,2009-12-17,5.39,1015.0
72921.0,0.0,0.0,63.0,1916-12-24,5.8,15.0
72982.0,,,,,,
72998.0,237000000.0,2923706026.0,166.0,2009-12-16,7.6,33386.0
73015.0,85000000.0,219103655.0,120.0,2009-12-23,6.5,1480.0
73017.0,90000000.0,524028679.0,129.0,2009-12-23,7.216,14551.0
73023.0,7000000.0,47405566.0,112.0,2009-12-16,6.914,1152.0
73042.0,75000000.0,443140005.0,90.0,2009-12-21,5.651,3071.0
73106.0,8000000.0,5021219.0,93.0,2009-12-02,5.256,1803.0
73160.0,90000.0,0.0,80.0,1988-01-29,4.728,134.0
73211.0,1500000.0,32000.0,97.0,2009-03-06,6.448,688.0
73266.0,18000000.0,19651093.0,91.0,2009-09-11,6.153,959.0
73268.0,20000000.0,51417188.0,98.0,2010-01-06,6.3,2105.0
73290.0,16000000.0,46800000.0,92.0,2009-06-08,8.007,7040.0
73319.0,19000000.0,32686500.0,100.0,2010-01-08,6.898,2119.0
73321.0,80000000.0,157107755.0,109.0,2010-01-14,6.795,6523.0
73323.0,4000000.0,43498108.0,148.0,2009-11-27,7.059,1450.0
73344.0,13000000.0,17874044.0,155.0,2009-08-26,7.57,1682.0
73386.0,0.0,0.0,92.0,2009-02-07,6.021,117.0
73431.0,20000000.0,96008.0,86.0,2009-05-09,5.646,367.0
73488.0,30000000.0,5874530.0,99.0,2009-04-02,5.8,407.0
73499.0,0.0,0.0,93.0,1994-05-14,6.3,61.0
73501.0,0.0,0.0,74.0,1958-04-25,5.4,9.0
73515.0,2000000.0,53760.0,79.0,2008-04-25,5.6,74.0
73569.0,0.0,18700000.0,102.0,1987-07-25,7.153,320.0
73676.0,0.0,0.0,135.0,2006-09-28,6.966,657.0
73681.0,0.0,0.0,120.0,2009-11-04,7.229,522.0
73741.0,10000000.0,36100000.0,83.0,2009-10-22,6.1,393.0
73804.0,97250400.0,131856927.0,113.0,2008-01-25,5.223,2072.0
73808.0,2600000.0,0.0,123.0,2008-02-14,7.759,1466.0
73822.0,0.0,0.0,102.0,1983-10-16,6.663,104.0
73854.0,0.0,0.0,47.0,1964-12-06,7.4,629.0
73858.0,2000000.0,0.0,83.0,2007-11-13,5.551,107.0
73876.0,8000000.0,71000000.0,97.0,2006-04-11,7.4,885.0
73881.0,9000000.0,70000000.0,164.0,2009-12-23,7.999,2631.0
73929.0,26000000.0,67918658.0,99.0,2010-01-21,5.899,2796.0
74075.0,365000.0,1400000.0,90.0,2009-10-23,4.2,497.0
74089.0,0.0,0.0,101.0,1960-12-08,6.674,23.0
74095.0,0.0,0.0,80.0,1987-04-19,6.7,279.0
74154.0,55000000.0,43042835.0,91.0,2010-01-29,5.935,1256.0
74226.0,0.0,0.0,138.0,1992-10-01,7.235,49.0
74228.0,12000000.0,1594955.0,99.0,2009-10-16,6.921,2877.0
74275.0,13000000.0,20768906.0,93.0,2010-02-04,6.418,1774.0
74282.0,0.0,0.0,230.0,1987-05-19,7.9,123.0
74324.0,0.0,0.0,107.0,2010-02-06,7.828,529.0
74342.0,0.0,0.0,120.0,1963-12-25,6.6,31.0
74370.0,0.0,0.0,95.0,2009-10-30,6.292,822.0
74450.0,52000000.0,216528528.0,123.0,2010-02-10,5.92,3122.0
74452.0,150000000.0,140700000.0,114.0,2010-02-10,5.88,2133.0
74458.0,80000000.0,294804195.0,138.0,2010-02-14,8.2,25351.0
74508.0,0.0,0.0,120.0,2007-04-01,7.243,280.0
74510.0,4400000.0,67126795.0,129.0,2009-09-18,6.992,1760.0
74530.0,95000000.0,226497209.0,122.0,2010-02-01,6.21,7725.0
74532.0,30000000.0,55600000.0,100.0,2010-02-26,5.549,1592.0
74545.0,45000000.0,60300000.0,123.0,2010-02-12,6.816,2389.0
74553.0,8000000.0,1803412.0,75.0,2009-02-09,7.4,758.0
74580.0,28000000.0,66166000.0,94.0,2010-01-15,5.872,1374.0
74624.0,70000000.0,39457342.0,121.0,2009-05-17,6.988,1519.0
74647.0,5000000.0,726936.0,90.0,2009-01-21,5.0,134.0
74668.0,15000000.0,14103752.0,98.0,2009-02-18,6.379,1231.0
74677.0,0.0,0.0,87.0,2009-01-18,7.02,102.0
74683.0,0.0,0.0,89.0,2001-09-28,6.993,67.0
74685.0,20000000.0,54956140.0,99.0,2010-02-26,6.305,2204.0
74688.0,25000000.0,114977104.0,103.0,2010-02-04,6.847,4244.0
74696.0,0.0,288.0,85.0,2009-06-06,7.4,67.0
74698.0,48000000.0,112462508.0,110.0,2010-01-14,5.476,2073.0
74727.0,0.0,0.0,82.0,1971-12-13,7.81,252.0
74750.0,5600000.0,18469680.0,81.0,2009-09-15,6.622,2135.0
74754.0,6000000.0,1752988.0,99.0,2003-06-27,3.982,1491.0
74789.0,200000000.0,1025467110.0,108.0,2010-03-03,6.637,14585.0
74791.0,0.0,0.0,74.0,2009-06-17,7.5,203.0
74795.0,100000000.0,94882889.0,115.0,2010-03-11,6.485,2323.0
74851.0,52000000.0,52800000.0,93.0,2010-02-04,6.352,2230.0
74868.0,0.0,4706919.0,107.0,2009-09-09,6.043,2207.0
74916.0,25000000.0,6344112.0,107.0,2010-03-26,5.87,610.0
74946.0,20000000.0,49800000.0,100.0,2010-03-11,6.481,2284.0
74948.0,7300000.0,10329747.0,93.0,2009-11-11,6.815,1135.0
75341.0,16000000.0,56000000.0,113.0,2010-03-11,7.102,3665.0
75389.0,7000000.0,0.0,96.0,2008-09-09,5.876,230.0
75395.0,0.0,3065860.0,93.0,2010-02-05,5.998,1964.0
75416.0,7000000.0,0.0,87.0,1996-02-20,4.177,65.0
75446.0,2500000.0,767567.0,112.0,2008-10-06,5.855,131.0
75803.0,14000000.0,21409028.0,98.0,2010-03-12,5.6,137.0
75805.0,40000000.0,136300000.0,110.0,2010-03-16,5.852,2991.0
75813.0,9000000.0,1034214.0,105.0,2009-09-13,6.016,447.0
75816.0,3000000.0,18097.0,92.0,2009-11-13,5.1,127.0
75947.0,0.0,0.0,108.0,1962-03-30,6.258,97.0
75985.0,32000000.0,18409891.0,118.0,2010-03-18,6.322,2043.0
76030.0,27000000.0,29000000.0,109.0,2009-08-13,6.315,2347.0
76054.0,0.0,19406406.0,104.0,2010-01-22,7.434,325.0
76060.0,0.0,60421.0,98.0,2009-12-11,5.8,196.0
76077.0,36000000.0,64780213.0,100.0,2010-03-26,6.049,2663.0
76091.0,5000000.0,17112713.0,130.0,2009-05-28,7.7,1640.0
76093.0,165000000.0,495141736.0,86.0,2010-03-18,7.855,14062.0
76143.0,0.0,0.0,121.0,2009-02-09,7.36,107.0
76173.0,33000000.0,14000000.0,104.0,2009-10-28,6.628,643.0
76175.0,125000000.0,493214993.0,106.0,2010-03-26,5.9,6558.0
76251.0,28000000.0,96188903.0,117.0,2010-03-26,7.123,12177.0
76293.0,55000000.0,152300000.0,97.0,2010-04-08,6.106,2998.0
76301.0,0.0,0.0,72.0,2005-12-05,6.409,1324.0
76738.0,580000.0,0.0,80.0,2010-03-26,7.075,40.0
76743.0,0.0,0.0,103.0,2003-02-07,5.6,137.0
76751.0,0.0,0.0,118.0,2007-01-01,6.761,23.0
76763.0,10000000.0,2995811.0,106.0,2010-03-19,6.5,820.0
77177.0,,,,,,
77191.0,21000000.0,49050886.0,92.0,2010-04-15,5.876,1039.0
77201.0,5650000.0,31000.0,90.0,2009-09-04,6.111,1294.0
77206.0,15000000.0,76196538.0,94.0,2010-03-19,6.3,1725.0
77233.0,200000.0,0.0,104.0,2007-05-08,7.247,79.0
77266.0,0.0,0.0,113.0,2008-09-06,6.2,84.0
77364.0,25000000.0,23580000.0,97.0,2010-04-23,6.249,1920.0
77414.0,20000000.0,89137047.0,103.0,2010-03-31,7.2,3366.0
77421.0,7000000.0,9900000.0,91.0,2010-06-18,5.9,440.0
77427.0,2000000.0,252207.0,91.0,2009-10-31,5.188,2328.0
77455.0,0.0,4790751.0,86.0,2010-03-05,7.543,935.0
77561.0,200000000.0,623933331.0,117.0,2010-04-28,6.8,22027.0
77667.0,10000000.0,9322895.0,94.0,2010-05-21,5.41,592.0
77688.0,0.0,2052466.0,106.0,1985-09-18,6.352,284.0
77709.0,0.0,0.0,117.0,2008-08-02,6.7,169.0
77795.0,4500000.0,0.0,112.0,2009-09-24,5.922,421.0
77798.0,35000000.0,115665418.0,95.0,2010-04-30,5.526,2860.0
77800.0,3900000.0,6200000.0,101.0,2010-05-07,6.951,1233.0
77841.0,9000000.0,11198830.0,101.0,2009-12-18,5.6,230.0
77846.0,1750000.0,2000000.0,117.0,1997-08-17,7.685,420.0
77866.0,200000000.0,321669741.0,140.0,2010-05-12,6.394,4909.0
77881.0,0.0,0.0,119.0,2002-02-01,4.5,17.0
77893.0,0.0,154660.0,107.0,2009-08-06,6.491,230.0
77931.0,0.0,0.0,61.0,2009-01-20,6.7,16.0
78034.0,0.0,0.0,113.0,2010-04-14,6.5,299.0
78039.0,1000000.0,15440333.0,112.0,2010-12-26,7.0,3454.0
78041.0,75000000.0,98159963.0,93.0,2010-06-04,5.953,2280.0
78088.0,1987650.0,19152480.0,95.0,2010-09-24,6.635,2969.0
78103.0,11000000.0,0.0,112.0,2007-09-28,7.2,63.0
78105.0,200000000.0,336365676.0,116.0,2010-05-19,6.296,7034.0
78116.0,3000000.0,4313829.0,90.0,2010-04-30,6.196,163.0
78142.0,30000000.0,16017513.0,150.0,2009-09-25,7.215,661.0
78160.0,0.0,0.0,73.0,2003-11-17,7.147,78.0
78174.0,100000000.0,290700000.0,146.0,2010-05-26,6.069,1705.0
78209.0,40000000.0,90029656.0,109.0,2010-06-03,5.982,1883.0
78218.0,15000000.0,0.0,97.0,2010-05-26,6.805,1391.0
78264.0,35000000.0,77477008.0,108.0,2010-04-23,6.128,1467.0
78266.0,26000000.0,0.0,104.0,2010-06-03,5.9,2387.0
78316.0,30000000.0,82148538.0,105.0,2010-05-13,7.003,2974.0
78349.0,600000.0,394717.0,101.0,2009-06-19,6.7,2230.0
78467.0,47000000.0,10539000.0,81.0,2010-06-18,4.956,1516.0
78469.0,110000000.0,177238796.0,118.0,2010-06-09,6.408,4893.0
78499.0,200000000.0,1067316101.0,103.0,2010-06-16,7.804,15435.0
78544.0,0.0,0.0,79.0,2007-11-12,7.008,59.0
78574.0,2000000.0,13831503.0,100.0,2010-06-11,6.789,1933.0
78620.0,0.0,0.0,103.0,1968-02-29,6.4,113.0
78626.0,0.0,0.0,106.0,2000-02-19,6.77,287.0
78637.0,165000000.0,752600867.0,93.0,2010-05-20,6.394,7800.0
78703.0,0.0,0.0,99.0,2009-05-14,6.273,252.0
78746.0,0.0,0.0,93.0,2009-03-14,7.082,176.0
78772.0,68000000.0,698491347.0,124.0,2010-06-23,6.198,9129.0
78836.0,13000000.0,754249.0,154.0,2010-05-05,7.299,1933.0
78893.0,150000000.0,319713881.0,103.0,2010-06-30,4.645,4179.0
78959.0,22000000.0,0.0,109.0,2009-01-18,5.816,49.0
79006.0,0.0,0.0,151.0,2004-09-20,7.756,203.0
79008.0,0.0,0.0,67.0,2008-03-11,7.914,292.0
79057.0,40000000.0,127233108.0,107.0,2010-07-07,6.297,4483.0
79073.0,0.0,0.0,90.0,2010-04-09,7.298,223.0
79091.0,69000000.0,543284256.0,95.0,2010-07-08,7.255,15813.0
79132.0,160000000.0,839030630.0,148.0,2010-07-15,8.37,38610.0
79134.0,80000000.0,271457606.0,102.0,2010-06-24,6.4,6521.0
79139.0,150000000.0,215300000.0,104.0,2010-07-13,6.1,5180.0
79185.0,117000000.0,261989769.0,105.0,2010-06-15,6.227,4796.0
79224.0,40000000.0,359126022.0,139.0,2010-06-10,6.566,6425.0
79242.0,3500000.0,34705850.0,104.0,2010-07-09,6.612,1559.0
79251.0,0.0,0.0,104.0,2010-01-06,5.433,2165.0
79259.0,0.0,0.0,86.0,2009-02-08,5.5,122.0
79274.0,0.0,6629178.0,75.0,2010-07-27,7.753,1693.0
79293.0,110000000.0,293329073.0,104.0,2010-07-21,6.413,5807.0
,,,,,,
79333.0,0.0,9928.0,94.0,1966-05-22,7.6,133.0
79357.0,47000000.0,2331721.0,141.0,2009-11-06,7.799,6106.0
79428.0,69000000.0,86387857.0,114.0,2010-07-30,5.725,1898.0
79501.0,0.0,0.0,96.0,2002-09-21,6.5,30.0
79536.0,2500000.0,0.0,136.0,2009-01-09,6.39,50.0
79553.0,12900000.0,36000000.0,108.0,2010-04-29,7.461,2427.0
79572.0,15000000.0,27293743.0,103.0,2010-07-23,6.548,778.0
79590.0,0.0,21791288.0,94.0,2009-09-16,6.506,942.0
79592.0,100000000.0,170432927.0,116.0,2010-08-06,6.323,4459.0
79677.0,0.0,0.0,100.0,2010-06-22,7.302,48.0
79684.0,0.0,13514.0,110.0,2009-06-15,6.3,360.0
79695.0,80000000.0,274470394.0,105.0,2010-08-07,6.249,8133.0
79702.0,73000000.0,51825248.0,112.0,2010-08-12,7.5,8376.0
79798.0,0.0,0.0,96.0,2009-06-05,7.452,1146.0
79868.0,0.0,0.0,114.0,2010-05-21,5.835,173.0
79879.0,24000000.0,83188165.0,85.0,2010-08-20,5.416,2346.0
79895.0,25000000.0,34604339.0,107.0,2010-04-09,6.245,1457.0
79897.0,700000.0,10522511.0,100.0,2010-07-30,6.712,326.0
79946.0,10000000.0,7022728.0,96.0,2010-04-16,6.2,625.0
80083.0,0.0,9060335.0,45.0,1989-07-15,6.8,601.0
80094.0,1800000.0,69400000.0,87.0,2010-08-27,5.7,1089.0
80124.0,0.0,0.0,83.0,2001-05-10,6.75,90.0
80126.0,20000000.0,67900000.0,103.0,2010-08-31,5.972,1461.0
80139.0,0.0,0.0,64.0,2007-12-18,6.135,594.0
80162.0,3100000.0,2943372.0,98.0,2010-02-10,6.0,498.0
80166.0,19000000.0,49830607.0,99.0,2010-05-11,6.23,1999.0
80219.0,10500000.0,45491656.0,105.0,2010-09-01,6.338,3475.0
80241.0,32000000.0,42045846.0,102.0,2010-08-27,6.1,763.0
80363.0,60000000.0,300228084.0,96.0,2010-09-01,6.1,4101.0
80454.0,0.0,0.0,104.0,2010-09-10,5.774,31.0
80463.0,40000000.0,224920315.0,120.0,2010-10-01,7.371,12875.0
80478.0,0.0,0.0,130.0,1967-07-08,6.729,24.0
80489.0,37000000.0,154026136.0,123.0,2010-09-15,7.2,5469.0
80549.0,8000000.0,75026327.0,92.0,2010-09-16,6.809,7244.0
80551.0,60000000.0,204594016.0,136.0,2010-08-12,6.249,2580.0
80553.0,5000000.0,1183258.0,84.0,2010-08-26,6.5,190.0
80572.0,0.0,626396.0,108.0,2010-09-10,6.0,392.0
80584.0,0.0,3250537.0,103.0,2008-09-12,6.8,113.0
80586.0,14000000.0,4324817.0,90.0,2010-08-06,8.007,3246.0
80590.0,70000000.0,134748021.0,131.0,2010-09-20,6.09,1639.0
80615.0,80000000.0,140073390.0,99.0,2010-07-10,6.82,2421.0
80693.0,8000000.0,6491240.0,101.0,2010-10-08,6.957,2419.0
80727.0,22000000.0,0.0,105.0,2009-05-17,6.482,336.0
80748.0,0.0,0.0,76.0,1933-12-18,6.1,62.0
80831.0,20000000.0,24145613.0,116.0,2010-10-01,6.789,2159.0
80834.0,450000.0,0.0,15.0,2010-09-30,7.382,170.0
80839.0,35000000.0,60300000.0,116.0,2010-08-20,7.408,627.0
80846.0,10000000.0,33583175.0,80.0,2010-09-16,6.097,3039.0
80858.0,20000000.0,32054369.0,105.0,2010-09-23,6.3,1278.0
80860.0,38000000.0,105734416.0,114.0,2010-10-02,6.901,3239.0
80862.0,30000.0,3045943.0,87.0,2010-09-17,6.8,544.0
80864.0,22000000.0,36015260.0,98.0,2010-09-22,5.916,889.0
80880.0,22000000.0,9479718.0,105.0,2010-10-07,5.293,719.0
80906.0,2000000.0,7871522.0,110.0,2010-10-08,7.702,1010.0
80917.0,500000.0,5639730.0,94.0,2010-06-18,6.189,1724.0
80969.0,15000000.0,9918093.0,103.0,2010-03-18,6.843,2412.0
81018.0,18000000.0,6007194.0,76.0,2010-06-16,7.259,660.0
81087.0,2300000.0,3000000.0,156.0,2009-01-30,6.566,68.0
81132.0,500000.0,98017.0,85.0,2010-11-09,5.915,1091.0
81156.0,20000000.0,117224271.0,95.0,2010-10-15,6.616,1424.0
81158.0,0.0,1437000.0,93.0,2010-06-25,7.252,353.0
81191.0,0.0,0.0,111.0,2010-09-24,6.922,143.0
81229.0,58000000.0,199006387.0,111.0,2010-10-13,6.704,7021.0
81257.0,15000000.0,13004198.0,118.0,2010-08-26,7.117,440.0
81383.0,8700000.0,47355187.0,110.0,2010-03-17,6.63,1390.0
81417.0,3000000.0,177512032.0,98.0,2010-10-20,5.8,2579.0
81456.0,464229.0,62985.0,95.0,2010-06-11,7.105,1040.0
81512.0,50000000.0,107000000.0,128.0,2010-10-22,6.135,1778.0
81520.0,3000000.0,76500000.0,96.0,2010-04-17,7.545,986.0
81535.0,17000000.0,136151680.0,90.0,2010-10-22,6.0,3224.0
81537.0,65000000.0,211800000.0,95.0,2010-11-03,6.4,5682.0
81562.0,18000000.0,35700000.0,94.0,2010-11-12,7.085,7921.0
81564.0,130000000.0,321885765.0,96.0,2010-10-28,7.016,7309.0
81591.0,13000000.0,329398046.0,108.0,2010-12-03,7.7,15291.0
81681.0,0.0,0.0,81.0,1949-02-26,6.254,57.0
81782.0,100000000.0,167805466.0,95.0,2010-11-04,6.605,3786.0
81784.0,40000000.0,60040976.0,107.0,2010-11-10,6.366,1599.0
81786.0,7000000.0,7736632.0,106.0,2010-05-19,6.997,435.0
81788.0,30000000.0,67448651.0,133.0,2010-11-18,7.083,3026.0
81791.0,8000000.0,14788642.0,98.0,2010-09-03,6.08,790.0
81819.0,0.0,25147786.0,138.0,2010-10-20,7.257,1180.0
81831.0,0.0,0.0,111.0,2010-01-15,7.256,514.0
81834.0,250000000.0,954305868.0,146.0,2010-11-17,7.736,20057.0
81845.0,15000000.0,414211549.0,118.0,2010-11-26,7.733,9140.0
81847.0,260000000.0,592461732.0,101.0,2010-11-24,7.6,12158.0
81910.0,0.0,0.0,101.0,2010-02-26,6.9,45.0
81932.0,25000000.0,129190869.0,113.0,2010-12-10,7.4,4615.0
81949.0,4500000.0,123820.0,95.0,2010-09-10,4.9,259.0
82041.0,4000000.0,358399.0,84.0,2010-08-04,6.703,819.0
82053.0,12500000.0,1083683.0,109.0,2010-09-16,5.869,317.0
82088.0,0.0,0.0,96.0,2010-04-21,6.7,123.0
82093.0,25000000.0,8307227.0,103.0,2010-11-10,5.885,795.0
82095.0,10500000.0,66984887.0,93.0,2010-11-11,5.013,1717.0
82152.0,17000000.0,43200000.0,83.0,2011-01-21,6.3,2842.0
82167.0,30000000.0,102800000.0,112.0,2010-11-22,7.039,5481.0
82169.0,155000000.0,415686217.0,115.0,2010-12-02,6.4,5804.0
82202.0,100000000.0,278731369.0,103.0,2010-12-08,6.179,5663.0
82242.0,0.0,0.0,80.0,2010-12-03,6.211,648.0
82366.0,2500000.0,156190.0,85.0,2010-10-01,5.545,397.0
82378.0,0.0,1754389.0,120.0,2010-12-03,6.055,968.0
82459.0,38000000.0,252300000.0,110.0,2010-12-22,7.304,5616.0
82461.0,170000000.0,409912892.0,127.0,2010-12-14,6.5,7743.0
82499.0,120000000.0,48668907.0,121.0,2010-12-17,5.326,1034.0
82527.0,30000000.0,8454301.0,134.0,2010-10-26,6.97,480.0
82534.0,15000000.0,4882577.0,112.0,2010-10-21,6.527,785.0
82641.0,0.0,0.0,111.0,1967-07-26,6.855,107.0
82667.0,6000000.0,12966357.0,142.0,2010-08-12,7.8,2891.0
82684.0,0.0,24998.0,78.0,2010-05-07,5.209,134.0
82744.0,24000000.0,23081726.0,98.0,2010-11-23,6.345,2042.0
82765.0,25000000.0,0.0,96.0,2010-02-14,6.901,333.0
82767.0,5000000.0,5144717.0,92.0,2010-12-16,6.665,638.0
82848.0,0.0,0.0,25.0,1920-08-29,7.915,310.0
82852.0,100000000.0,310650585.0,105.0,2010-12-21,5.657,3389.0
82854.0,112000000.0,237382724.0,81.0,2010-12-23,5.216,2494.0
82857.0,0.0,206728.0,101.0,2009-11-18,6.8,27.0
83086.0,55000000.0,89500000.0,100.0,2010-11-23,7.2,2344.0
83132.0,23000000.0,149660003.0,94.0,2010-07-16,7.7,3076.0
83134.0,5000000.0,5224938.0,88.0,2010-01-22,7.393,3037.0
83177.0,80000000.0,203509374.0,80.0,2010-12-17,5.6,924.0
83270.0,7200000.0,12629471.0,113.0,2010-10-01,6.691,320.0
83349.0,120000000.0,227817248.0,117.0,2011-01-12,5.595,3409.0
83369.0,30000000.0,24172201.0,133.0,2010-11-22,6.998,1711.0
83374.0,42000000.0,11100000.0,100.0,2010-12-01,6.566,648.0
83480.0,40000000.0,91627228.0,95.0,2011-01-07,5.524,2592.0
83601.0,0.0,0.0,90.0,2009-09-23,6.2,169.0
83613.0,163000000.0,174822325.0,118.0,2011-07-29,5.641,5294.0
83796.0,10000000.0,0.0,96.0,2008-12-03,6.974,293.0
83803.0,0.0,0.0,6.0,2010-06-17,7.702,931.0
83827.0,0.0,58.0,83.0,2010-03-12,7.2,66.0
83910.0,70000000.0,67112664.0,111.0,2011-01-13,5.332,900.0
83969.0,0.0,0.0,89.0,1940-10-11,6.2,26.0
83976.0,0.0,951179.0,111.0,2011-04-24,6.653,308.0
84152.0,27000000.0,161900000.0,105.0,2011-03-17,7.193,11233.0
84156.0,0.0,338987.0,90.0,2010-09-03,7.276,136.0
84187.0,10000000.0,44339362.0,112.0,2009-06-26,7.8,965.0
84189.0,2000000.0,572809.0,107.0,2010-06-17,6.506,2487.0
84240.0,10600000.0,0.0,103.0,2011-01-05,6.993,287.0
84246.0,0.0,0.0,116.0,1947-04-17,7.03,84.0
84273.0,0.0,0.0,161.0,2011-01-15,7.08,224.0
84374.0,25000000.0,149200000.0,115.0,2011-01-21,6.3,4911.0
84392.0,40000000.0,85412898.0,118.0,2011-03-17,7.202,3530.0
84414.0,3500000.0,0.0,77.0,2011-01-01,6.848,541.0
84512.0,0.0,0.0,80.0,1931-11-07,6.333,9.0
84523.0,0.0,0.0,115.0,1968-06-22,6.9,77.0
84553.0,0.0,0.0,82.0,1957-08-23,5.2,8.0
84601.0,30000000.0,130786397.0,110.0,2011-02-16,6.687,4082.0
84615.0,0.0,6861102.0,97.0,2011-02-11,5.928,452.0
84637.0,36000000.0,189712432.0,84.0,2011-01-13,5.898,2039.0
84696.0,10000000.0,4791599.0,91.0,2010-10-29,6.073,498.0
84716.0,0.0,0.0,117.0,2009-05-14,7.922,722.0
84772.0,40000000.0,98000000.0,104.0,2011-02-14,6.735,6116.0
84799.0,0.0,0.0,99.0,1972-12-05,5.987,79.0
84844.0,1500000.0,1080000.0,122.0,2000-05-11,7.11,299.0
84847.0,,,,,,
84942.0,50000000.0,40909909.0,104.0,2011-02-24,5.528,1983.0
84944.0,135000000.0,245700000.0,100.0,2011-03-02,6.888,6935.0
84950.0,19000000.0,6900000.0,97.0,2011-03-04,5.972,708.0
84952.0,0.0,45203103.0,107.0,2010-06-04,7.585,951.0
84954.0,50200000.0,127900000.0,106.0,2011-03-03,6.773,4798.0
85020.0,40000000.0,51070807.0,92.0,2011-01-13,6.529,3494.0
85022.0,36000000.0,83200000.0,105.0,2011-02-25,5.701,2064.0
85025.0,25000000.0,27122040.0,111.0,2011-02-08,6.248,1391.0
85056.0,50000000.0,149900000.0,109.0,2011-02-18,6.18,4875.0
85131.0,70000000.0,211800000.0,116.0,2011-03-08,5.812,3648.0
85179.0,0.0,18434328.0,114.0,2009-08-01,7.453,999.0
85213.0,0.0,0.0,91.0,2011-02-12,7.208,490.0
85259.0,0.0,0.0,25.0,1966-02-04,7.562,89.0
85261.0,150000000.0,39000000.0,84.0,2011-03-09,5.952,753.0
85295.0,0.0,3400000.0,83.0,2010-10-16,6.167,525.0
85316.0,0.0,0.0,25.0,1974-09-20,7.767,60.0
85334.0,0.0,0.0,96.0,1987-03-01,5.07,128.0
85342.0,0.0,63027681.0,115.0,2010-10-08,7.828,1983.0
85354.0,25000000.0,15000000.0,130.0,2008-11-19,7.273,929.0
85367.0,80000000.0,214945591.0,111.0,2011-02-10,6.701,6011.0
85394.0,0.0,6467348.0,90.0,2010-11-03,7.085,352.0
85397.0,42000000.0,89162162.0,100.0,2011-03-10,5.979,3273.0
85399.0,32000000.0,82686066.0,107.0,2011-02-16,5.554,1285.0
85401.0,2500000.0,1185012.0,96.0,2010-11-26,6.543,1692.0
85412.0,3500000.0,4159678.0,103.0,2010-10-29,6.698,1702.0
85414.0,32000000.0,147332697.0,93.0,2011-03-30,7.306,8893.0
85438.0,13000000.0,34710627.0,120.0,2011-03-11,7.2,1537.0
85510.0,82000000.0,89792502.0,110.0,2011-03-24,6.196,4967.0
85565.0,8000000.0,5468650.0,110.0,2011-02-02,6.4,656.0
85736.0,0.0,0.0,8.0,2008-11-17,7.5,786.0
85774.0,0.0,8212430.0,106.0,2010-10-07,8.11,1150.0
85780.0,,,,,,
85788.0,1500000.0,100106454.0,102.0,2011-03-31,6.943,7180.0
85796.0,3000000.0,748453.0,86.0,2011-05-06,5.898,668.0
85881.0,10831173.0,10654385.0,106.0,2011-03-18,6.822,539.0
85885.0,0.0,844281.0,109.0,2010-05-07,6.427,810.0
86000.0,0.0,9116968.0,88.0,2010-03-25,7.3,471.0
86014.0,21000000.0,72526996.0,99.0,2011-03-25,6.7,1220.0
86028.0,12000000.0,2200000.0,108.0,2010-01-14,5.825,369.0
86059.0,63000000.0,183953723.0,95.0,2011-03-30,5.792,1359.0
86066.0,0.0,0.0,97.0,2006-06-08,6.39,59.0
86068.0,0.0,0.0,75.0,2005-10-27,6.3,73.0
86142.0,6000000.0,17555141.0,126.0,2010-09-25,7.327,1223.0
86190.0,30000000.0,63782078.0,117.0,2011-04-07,6.588,3586.0
86237.0,,,,,,
86279.0,900000.0,0.0,75.0,2010-11-12,7.161,84.0
86286.0,0.0,0.0,72.0,1988-09-24,6.7,146.0
86290.0,0.0,90275.0,102.0,2010-04-10,7.437,79.0
86293.0,40000000.0,48147945.0,110.0,2011-04-08,5.55,775.0
86295.0,40000000.0,97231420.0,111.0,2011-04-13,6.5,4029.0
86298.0,90000000.0,483866772.0,90.0,2011-04-03,6.757,7040.0
86320.0,7400000.0,15946321.0,130.0,2011-05-26,7.159,3730.0
86332.0,150000000.0,449326618.0,115.0,2011-04-21,6.768,22037.0
86345.0,0.0,0.0,84.0,2010-01-26,7.829,296.0
86347.0,0.0,0.0,60.0,2008-10-01,7.859,205.0
86355.0,20000000.0,4627375.0,97.0,2011-04-14,5.443,212.0
86377.0,0.0,0.0,57.0,2007-01-13,7.78,173.0
86487.0,,,,,,
86504.0,0.0,0.0,77.0,2004-03-09,6.8,10.0
86548.0,38000000.0,117094902.0,122.0,2011-04-15,6.938,2584.0
86593.0,5000000.0,30857747.0,89.0,2011-04-21,7.4,245.0
86628.0,0.0,1188194.0,106.0,2011-03-10,6.774,678.0
86644.0,125000000.0,626100000.0,130.0,2011-04-20,7.241,8685.0
86668.0,0.0,0.0,60.0,2008-12-07,7.389,27.0
86721.0,0.0,0.0,78.0,2008-04-26,6.757,74.0
86781.0,6800000.0,6788659.0,123.0,2010-09-17,8.1,3132.0
86815.0,18000000.0,47088990.0,106.0,2011-04-08,7.0,1221.0
86817.0,35000000.0,65090821.0,112.0,2011-05-05,6.236,1077.0
86833.0,32500000.0,288383523.0,124.0,2011-05-13,6.511,4584.0
86835.0,60000000.0,84154026.0,83.0,2011-05-05,5.853,2454.0
86864.0,0.0,2237760.0,101.0,1961-07-30,7.136,176.0
86880.0,379000000.0,1046721266.0,140.0,2011-05-15,6.565,14716.0
86882.0,17000000.0,151119219.0,94.0,2011-05-11,7.515,7624.0
86892.0,1255000.0,43059790.0,119.0,2010-08-04,7.701,1435.0
86898.0,32000000.0,54700000.0,138.0,2011-05-17,6.73,3270.0
86911.0,80000000.0,586764305.0,102.0,2011-05-25,6.5,11068.0
86922.0,28000000.0,93800000.0,108.0,2010-12-20,5.87,1158.0
86960.0,0.0,0.0,93.0,2009-08-27,5.9,123.0
87028.0,16000000.0,52545707.0,101.0,2011-02-04,5.377,978.0
87192.0,14350531.0,3964682.0,88.0,2011-05-12,6.461,2207.0
87194.0,0.0,13900000.0,123.0,2010-09-10,7.128,631.0
87197.0,0.0,104731450.0,132.0,2010-12-20,7.768,340.0
87222.0,150000000.0,665692281.0,95.0,2011-05-25,7.057,7693.0
87232.0,160000000.0,353624124.0,130.0,2011-06-01,7.298,13339.0
87234.0,0.0,864659.0,97.0,2011-03-18,7.365,1552.0
87287.0,0.0,0.0,82.0,2011-02-04,6.7,64.0
87298.0,5000000.0,2614773.0,97.0,2011-05-13,6.164,647.0
87304.0,3200000.0,14311701.0,105.0,2011-06-03,6.841,1115.0
87306.0,50000000.0,260100000.0,112.0,2011-06-09,6.77,6935.0
87413.0,0.0,0.0,87.0,1996-11-27,6.786,281.0
87430.0,200000000.0,219851172.0,114.0,2011-06-14,5.176,7532.0
87444.0,0.0,10.0,98.0,2011-03-11,4.759,167.0
87483.0,55000000.0,187361754.0,100.0,2011-06-17,5.981,3118.0
87485.0,20000000.0,216197492.0,92.0,2011-05-16,5.613,4870.0
87520.0,195000000.0,1123794079.0,138.0,2011-06-28,6.2,8775.0
87522.0,30000000.0,75055070.0,99.0,2011-06-30,5.991,1389.0
87529.0,49900000.0,28013733.0,102.0,2011-04-08,5.322,1405.0
87660.0,0.0,0.0,95.0,2011-11-25,6.976,246.0
87785.0,32000000.0,80205382.0,105.0,2010-08-26,6.225,1345.0
87834.0,0.0,0.0,75.0,2001-12-15,6.987,39.0
87867.0,80000000.0,169900000.0,101.0,2011-07-06,5.43,1746.0
87869.0,35000000.0,209838559.0,100.0,2011-07-08,6.574,6669.0
87876.0,200000000.0,559852396.0,106.0,2011-06-11,6.171,8317.0
87960.0,0.0,0.0,56.0,2008-05-31,7.7,22.0
88069.0,4090000.0,18035000.0,101.0,2011-07-01,7.05,201.0
88094.0,0.0,0.0,101.0,2010-10-19,7.0,14.0
88108.0,20000000.0,39800000.0,109.0,2011-07-01,6.787,2294.0
88125.0,125000000.0,1341511219.0,130.0,2011-07-12,8.081,21638.0
88129.0,15000000.0,78100000.0,100.0,2011-09-15,7.582,13329.0
88140.0,140000000.0,370569774.0,124.0,2011-07-22,7.0,22420.0
88163.0,50000000.0,145079584.0,118.0,2011-07-29,7.269,9064.0
88179.0,15000000.0,59400000.0,106.0,2011-03-02,7.4,4462.0
88235.0,6000000.0,19560274.0,106.0,2011-07-07,6.984,1347.0
88267.0,30000000.0,49871429.0,60.0,2011-04-06,6.91,929.0
88272.0,0.0,0.0,102.0,2011-10-14,6.02,573.0
88327.0,0.0,0.0,94.0,1971-02-07,6.9,81.0
88345.0,0.0,0.0,3.0,2002-05-24,6.9,731.0
88356.0,110000000.0,563749323.0,104.0,2011-07-29,5.8,3945.0
88405.0,35000000.0,149500000.0,104.0,2011-07-21,6.648,8278.0
88448.0,0.0,0.0,118.0,2010-03-12,6.6,34.0
88515.0,15774948.0,15800000.0,97.0,2011-05-20,6.178,1755.0
88593.0,0.0,0.0,157.0,2010-12-22,7.349,548.0
88672.0,5000000.0,24816118.0,90.0,2011-08-26,6.151,1011.0
88697.0,0.0,0.0,81.0,1997-07-24,5.5,16.0
88699.0,7000000.0,0.0,110.0,2010-11-12,5.828,1173.0
88744.0,93000000.0,481800873.0,120.0,2011-08-03,7.339,12520.0
88746.0,0.0,655802.0,105.0,2011-07-01,6.327,153.0
88785.0,52000000.0,75500000.0,112.0,2011-08-05,6.155,2906.0
88810.0,25000000.0,216600000.0,146.0,2011-08-09,8.202,8849.0
88812.0,28000000.0,40500000.0,83.0,2011-08-11,5.766,1790.0
88911.0,0.0,0.0,82.0,2010-06-02,6.949,245.0
88932.0,40000000.0,157887643.0,95.0,2011-08-12,6.15,3978.0
88954.0,19000000.0,36192775.0,90.0,2011-11-04,5.995,1030.0
89028.0,25000000.0,36993168.0,99.0,2010-11-06,5.799,1106.0
89030.0,30000000.0,41002607.0,105.0,2011-08-18,6.233,2053.0
89039.0,100000.0,1938783.0,92.0,2011-07-22,6.711,1760.0
89047.0,7000000.0,449702.0,106.0,2010-01-22,6.796,728.0
89072.0,650000.0,33245.0,98.0,2010-09-30,6.2,849.0
89085.0,20000000.0,45636368.0,120.0,2010-09-30,6.565,939.0
89087.0,40000000.0,71508440.0,105.0,2011-07-27,6.64,2791.0
89090.0,0.0,1339650.0,85.0,2011-03-16,7.552,97.0
89118.0,13000000.0,33750478.0,120.0,2011-08-17,7.491,4529.0
89190.0,90000000.0,63523283.0,113.0,2011-08-17,5.311,1966.0
89208.0,10000000.0,0.0,92.0,2009-02-20,4.8,193.0
89281.0,10000.0,0.0,93.0,2010-02-27,2.214,364.0
89305.0,4500000.0,88823111.0,97.0,2011-08-19,6.201,960.0
89343.0,4000000.0,1104682.0,88.0,2011-08-19,6.058,1014.0
89386.0,0.0,471334.0,119.0,2011-09-20,7.783,113.0
89388.0,24000000.0,31410151.0,89.0,2011-09-16,5.179,408.0
89427.0,28000000.0,10126458.0,90.0,2011-09-02,5.075,601.0
89470.0,60000000.0,137551594.0,106.0,2011-09-08,6.648,6397.0
89492.0,50000000.0,110206216.0,133.0,2011-09-23,7.285,5585.0
89580.0,0.0,0.0,124.0,2010-10-08,6.773,150.0
89582.0,0.0,0.0,146.0,2011-01-29,6.9,382.0
89586.0,0.0,0.0,77.0,2011-08-05,7.102,591.0
89678.0,0.0,0.0,93.0,2007-10-24,6.804,314.0
89745.0,220000000.0,1518815515.0,145.0,2012-04-25,7.931,35637.0
89753.0,30000000.0,80600000.0,127.0,2011-09-16,6.625,2845.0
89759.0,5000000.0,24426169.0,123.0,2011-02-15,7.895,1909.0
89761.0,15000000.0,27462041.0,99.0,2011-09-30,6.355,2179.0
89774.0,25000000.0,23300000.0,140.0,2011-09-09,7.845,4880.0
89804.0,12500000.0,76338111.0,101.0,2011-10-07,6.675,2648.0
89837.0,500000.0,450275.0,90.0,2011-09-02,6.2,846.0
89840.0,66000000.0,57777106.0,117.0,2011-09-22,6.266,2261.0
89862.0,17000.0,101236.0,106.0,2011-04-16,5.845,165.0
89864.0,8000000.0,39187783.0,99.0,2011-09-30,7.178,3999.0
89898.0,7000000.0,0.0,112.0,2011-04-14,6.339,121.0
89904.0,15000000.0,133432856.0,100.0,2011-10-12,7.442,3446.0
89939.0,0.0,0.0,82.0,1949-10-05,5.929,14.0
89945.0,61733.0,0.0,13.0,2011-03-21,6.772,92.0
90057.0,5000000.0,3741098.0,120.0,2011-09-30,7.051,1924.0
90243.0,0.0,0.0,93.0,1964-05-13,7.4,108.0
90245.0,0.0,0.0,72.0,1984-05-25,7.2,32.0
90249.0,110000000.0,299300000.0,127.0,2011-09-28,7.063,8905.0
90343.0,24000000.0,63543328.0,113.0,2011-10-06,6.588,1701.0
90345.0,35000000.0,31505287.0,103.0,2011-10-12,6.229,3123.0
90353.0,0.0,63931.0,100.0,2011-06-03,5.967,105.0
90357.0,0.0,676111.0,91.0,2011-10-07,7.26,491.0
90374.0,1000000.0,3500000.0,101.0,2011-10-21,6.581,798.0
90376.0,7000000.0,10800000.0,107.0,2011-09-28,7.544,3020.0
90384.0,0.0,0.0,96.0,2006-10-17,4.849,126.0
90403.0,75000000.0,132274484.0,110.0,2011-08-31,5.803,2734.0
90405.0,40000000.0,173900000.0,109.0,2011-10-27,6.969,11942.0
90428.0,14000000.0,46495.0,150.0,2011-09-30,6.296,318.0
90430.0,25000000.0,30722632.0,89.0,2011-09-16,7.175,3087.0
90439.0,3500000.0,19504039.0,107.0,2011-09-28,6.866,2017.0
90469.0,5000000.0,207039844.0,94.0,2011-10-19,5.905,2327.0
90471.0,0.0,68945.0,99.0,2011-09-23,6.6,423.0
90522.0,45000000.0,160078586.0,101.0,2011-09-15,6.243,3498.0
90524.0,35000000.0,82087155.0,100.0,2011-09-22,5.846,2981.0
90528.0,25000000.0,11790979.0,118.0,2011-08-24,6.979,1288.0
90531.0,6500000.0,3909002.0,102.0,2011-10-02,6.93,3339.0
90576.0,20000000.0,30426096.0,117.0,2011-09-30,6.462,2410.0
90600.0,0.0,18962444.0,100.0,2011-08-26,7.241,1324.0
90603.0,0.0,0.0,64.0,2011-09-27,7.245,1026.0
90630.0,750000.0,0.0,85.0,2011-01-20,6.902,87.0
90647.0,,,,,,
90717.0,75000000.0,152930623.0,104.0,2011-11-02,6.114,3107.0
90719.0,35000000.0,84606030.0,136.0,2011-11-09,6.226,2535.0
90738.0,17000000.0,4729855.0,94.0,2011-10-27,5.808,700.0
90746.0,130000000.0,373993951.0,106.0,2011-10-24,6.917,5687.0
90769.0,0.0,0.0,103.0,2009-09-30,6.7,12.0
90809.0,1000000.0,0.0,82.0,2011-04-20,7.294,741.0
90863.0,,,,,,
90866.0,170000000.0,185770160.0,126.0,2011-11-22,7.2,7538.0
90888.0,75000000.0,226904017.0,110.0,2011-11-10,6.042,2749.0
90890.0,79000000.0,149700000.0,100.0,2011-11-11,4.395,2195.0
90943.0,0.0,0.0,105.0,2011-11-11,6.882,276.0
90945.0,,,,,,
91077.0,20000000.0,177200000.0,110.0,2011-09-09,6.835,2980.0
91079.0,250000.0,3542353.0,90.0,2011-10-28,6.359,1072.0
91094.0,45000000.0,165184237.0,99.0,2011-11-23,6.683,1650.0
91104.0,110000000.0,712171856.0,112.0,2011-11-16,6.192,9150.0
91126.0,66000000.0,177584879.0,146.0,2011-12-25,7.297,3587.0
91128.0,45000000.0,24000000.0,120.0,2011-10-13,5.879,1296.0
91233.0,0.0,0.0,5.0,2006-12-28,7.5,795.0
91261.0,15000000.0,17101695.0,115.0,2008-12-25,6.459,109.0
91266.0,5000000.0,0.0,92.0,2008-09-16,7.312,2096.0
91273.0,25000000.0,129706.0,124.0,2010-09-01,5.789,344.0
91323.0,25000000.0,34942188.0,81.0,2011-12-09,5.58,994.0
91325.0,40000000.0,55200000.0,129.0,2011-12-25,6.981,2106.0
91337.0,1100000.0,659483.0,105.0,2009-02-27,5.8,34.0
91353.0,0.0,768488.0,85.0,1994-09-29,6.207,629.0
91355.0,0.0,22501596.0,75.0,2006-04-12,6.098,742.0
91386.0,130000000.0,150406466.0,99.0,2011-11-17,6.2,1698.0
91414.0,10000000.0,151300000.0,98.0,2011-11-10,6.8,1596.0
91470.0,8000000.0,108139.0,88.0,2011-09-15,6.051,277.0
91483.0,55000000.0,9489829.0,91.0,2012-11-14,5.618,1343.0
91485.0,100000000.0,314975955.0,102.0,2012-08-08,6.348,7040.0
91488.0,0.0,0.0,27.0,1982-12-26,7.5,339.0
91500.0,75000000.0,694000000.0,142.0,2012-03-12,7.2,22960.0
91529.0,250000000.0,1081041287.0,164.0,2012-07-17,7.791,23945.0
91535.0,130000000.0,276600000.0,136.0,2012-08-08,6.238,5995.0
91542.0,125000000.0,334615000.0,129.0,2011-11-22,7.142,10768.0
91571.0,7700000.0,1072602.0,122.0,2011-02-14,5.847,480.0
91622.0,12000000.0,22939027.0,94.0,2011-11-11,5.812,1331.0
91628.0,56000000.0,142044638.0,118.0,2011-12-08,5.883,2208.0
91630.0,145000000.0,694713380.0,133.0,2011-12-07,7.108,10571.0
91653.0,50000000.0,120081841.0,123.0,2011-11-26,6.824,2879.0
91658.0,90000000.0,232617430.0,158.0,2011-12-14,7.4,7447.0
91660.0,30000000.0,64626786.0,89.0,2011-12-22,5.303,1558.0
91666.0,0.0,0.0,88.0,1950-05-15,7.13,54.0
91671.0,75000000.0,342695435.0,87.0,2011-12-14,5.695,2308.0
91688.0,5500000.0,89182.0,96.0,2011-07-15,5.3,81.0
91690.0,0.0,12186625.0,106.0,2012-03-09,5.963,486.0
91784.0,1000000.0,0.0,80.0,2011-03-07,5.127,83.0
91842.0,25000000.0,96262212.0,111.0,2012-01-12,6.334,2161.0
91860.0,0.0,0.0,143.0,1981-01-01,5.5,6.0
91869.0,0.0,286201.0,80.0,2011-10-21,7.2,148.0
91873.0,25000000.0,31158113.0,118.0,2012-01-13,6.4,164.0
91890.0,13000000.0,115890792.0,105.0,2011-12-26,6.36,1840.0
91935.0,0.0,0.0,90.0,2011-10-14,6.013,118.0
91947.0,0.0,0.0,110.0,2009-08-16,6.1,271.0
91974.0,70000000.0,160112671.0,88.0,2012-01-19,6.332,4273.0
91976.0,25000000.0,79781695.0,117.0,2012-01-26,6.567,4037.0
91978.0,42000000.0,46221189.0,102.0,2012-01-13,6.431,2746.0
91981.0,10000000.0,0.0,128.0,2010-12-17,6.0,54.0
92008.0,23000000.0,33372606.0,93.0,2011-11-01,5.714,1451.0
92046.0,0.0,0.0,98.0,2009-03-19,6.5,32.0
92048.0,0.0,0.0,112.0,2010-09-13,6.729,597.0
92094.0,0.0,0.0,90.0,2008-11-29,6.845,148.0
92192.0,5000000.0,25562924.0,86.0,2011-07-20,5.3,1066.0
92198.0,17000000.0,14089528.0,105.0,2011-09-02,5.916,1061.0
92234.0,58000000.0,50365377.0,125.0,2012-01-19,6.58,670.0
92243.0,94000000.0,95311434.0,145.0,2011-12-15,7.42,868.0
92259.0,13000000.0,426590315.0,112.0,2011-11-02,8.27,18113.0
92264.0,40000000.0,36893721.0,91.0,2012-01-26,5.555,994.0
92309.0,750000.0,78396.0,97.0,2011-08-18,5.41,698.0
92348.0,0.0,0.0,83.0,1969-03-18,7.0,33.0
92391.0,1000000.0,0.0,93.0,2011-09-09,6.312,1607.0
92420.0,15000000.0,145000000.0,84.0,2012-02-01,6.84,5596.0
92422.0,32000000.0,129000000.0,95.0,2012-02-03,6.141,3606.0
92427.0,0.0,0.0,108.0,2011-12-15,5.9,108.0
92439.0,0.0,1406224.0,90.0,2011-06-17,6.565,1340.0
92475.0,,,,,,
92494.0,0.0,0.0,88.0,2004-11-15,7.712,52.0
92507.0,85000000.0,208076205.0,115.0,2012-02-08,6.5,3831.0
92509.0,30000000.0,196114570.0,104.0,2012-02-05,7.234,4183.0
92535.0,250000.0,1000000.0,62.0,2011-12-10,7.822,245.0
92637.0,0.0,0.0,93.0,1962-07-01,7.31,108.0
92643.0,0.0,6581915.0,94.0,2011-09-10,7.166,340.0
92665.0,850000.0,1243961.0,88.0,2012-08-31,5.9,314.0
92674.0,0.0,0.0,114.0,2010-09-17,6.3,39.0
92681.0,79000000.0,355692760.0,94.0,2012-01-19,6.1,4448.0
92694.0,0.0,138868.0,92.0,2011-09-29,6.859,1216.0
92730.0,2200000.0,0.0,92.0,2001-12-21,6.6,17.0
92760.0,0.0,0.0,65.0,1963-09-01,3.406,49.0
92938.0,57000000.0,132563930.0,95.0,2011-12-10,5.009,3981.0
92954.0,0.0,0.0,85.0,2009-01-24,8.066,618.0
93006.0,,,,,,
93008.0,,,,,,
93022.0,0.0,90647.0,90.0,2010-06-10,5.186,59.0
93040.0,,,,,,
93114.0,0.0,0.0,122.0,1963-02-19,7.2,130.0
93134.0,0.0,0.0,106.0,2011-02-16,6.782,399.0
93139.0,100000.0,0.0,90.0,2010-12-21,3.943,174.0
93193.0,0.0,324424.0,95.0,2010-11-05,6.029,173.0
93208.0,0.0,0.0,24.0,1990-11-16,6.767,242.0
93242.0,0.0,18100189.0,94.0,2012-02-23,6.2,1209.0
93270.0,12000000.0,102731865.0,88.0,2012-03-01,6.885,6672.0
93272.0,70000000.0,349305397.0,87.0,2012-03-01,6.522,3793.0
93287.0,41000000.0,8200000.0,100.0,2011-10-13,5.989,860.0
93297.0,12000000.0,82499399.0,101.0,2012-02-24,6.5,1214.0
93320.0,0.0,0.0,67.0,1999-07-15,7.034,58.0
93326.0,65000000.0,156974557.0,100.0,2012-02-14,6.185,3526.0
93363.0,250000000.0,284100000.0,140.0,2012-03-07,6.4,5976.0
93443.0,12000000.0,6985158.0,92.0,2012-01-06,6.411,991.0
93502.0,10000000.0,610986.0,101.0,2011-05-06,6.156,374.0
93510.0,42000000.0,201585328.0,109.0,2012-03-14,6.883,10808.0
93512.0,10000000.0,4400000.0,83.0,2012-03-16,6.224,673.0
93563.0,20000000.0,32948113.0,96.0,2012-04-12,5.937,1938.0
93598.0,2000000.0,1349387.0,119.0,2011-05-19,6.293,340.0
93610.0,12000000.0,49827298.0,131.0,2010-12-01,6.454,250.0
93721.0,0.0,2550508.0,82.0,2011-06-11,7.7,752.0
93723.0,0.0,1314358.0,119.0,2012-04-06,5.485,203.0
93740.0,14400000.0,34564651.0,111.0,2012-03-09,6.42,934.0
93766.0,150000000.0,301970083.0,99.0,2012-03-28,5.757,4423.0
93790.0,0.0,1681521.0,97.0,2011-04-24,7.6,1917.0
93805.0,7500000.0,10109659.0,93.0,2012-04-04,5.742,1724.0
93819.0,70000.0,8555.0,87.0,2011-03-03,5.846,364.0
93831.0,50000000.0,234989584.0,114.0,2012-04-04,6.299,4616.0
93838.0,1100000.0,9148519.0,101.0,2012-03-22,7.4,3743.0
93840.0,30000000.0,71038838.0,95.0,2012-04-12,6.642,8364.0
93855.0,0.0,0.0,100.0,2012-05-11,6.957,1028.0
93980.0,30000000.0,54819301.0,92.0,2012-04-13,5.794,625.0
93982.0,26000000.0,29657751.0,111.0,2012-03-09,6.302,1407.0
93988.0,,,,,,
94011.0,17000000.0,0.0,101.0,2011-02-03,5.314,145.0
94015.0,85000000.0,183018522.0,105.0,2012-03-15,5.914,3249.0
94018.0,209000000.0,303025485.0,130.0,2012-04-11,5.882,5809.0
94070.0,10000000.0,150501815.0,125.0,2012-02-23,6.947,1431.0
94122.0,0.0,34665.0,88.0,2011-09-10,6.871,62.0
94130.0,1100000.0,3483795.0,92.0,2011-04-23,7.176,162.0
94150.0,0.0,9504139.0,99.0,2011-06-06,6.679,849.0
94160.0,0.0,0.0,88.0,2010-02-09,6.966,556.0
94262.0,0.0,0.0,72.0,1959-11-29,5.3,45.0
94266.0,30000000.0,54169363.0,125.0,2012-04-27,5.852,1387.0
94323.0,12000000.0,96070507.0,122.0,2012-04-20,6.803,878.0
94325.0,25000000.0,99400000.0,101.0,2012-04-19,7.2,3780.0
94405.0,30000000.0,40300000.0,95.0,2012-04-16,6.498,2612.0
94478.0,150000000.0,245527149.0,112.0,2012-05-09,6.098,7519.0
94494.0,0.0,0.0,93.0,2011-10-14,5.7,88.0
94503.0,0.0,0.0,89.0,2011-06-06,5.967,240.0
94661.0,1250000.0,0.0,156.0,2009-12-11,6.84,119.0
94677.0,65000000.0,179379533.0,83.0,2012-05-15,6.222,6273.0
94735.0,0.0,0.0,87.0,2005-11-05,7.172,32.0
94777.0,225000000.0,654213485.0,106.0,2012-05-23,6.538,10794.0
94780.0,170000000.0,396600000.0,126.0,2012-05-30,5.987,8127.0
94799.0,0.0,405614.0,85.0,2011-01-22,6.295,414.0
94810.0,7971518.0,0.0,94.0,2011-10-06,6.398,406.0
94833.0,60000000.0,123054041.0,89.0,2012-03-12,6.517,1174.0
94864.0,130000000.0,403354469.0,124.0,2012-05-30,6.592,12982.0
94867.0,0.0,0.0,89.0,2012-05-25,5.656,514.0
94896.0,5000000.0,9206470.0,104.0,2012-04-27,6.584,1003.0
94919.0,10000000.0,55089.0,100.0,2010-08-27,6.0,127.0
94931.0,0.0,4965950.0,116.0,2011-11-25,6.37,386.0
94953.0,35000000.0,24200000.0,99.0,2012-02-23,5.494,1306.0
94959.0,16000000.0,68263166.0,94.0,2012-05-16,7.676,6208.0
94985.0,35000000.0,8826837.0,92.0,2012-03-15,6.589,1737.0
95004.0,3500000.0,0.0,75.0,2007-09-18,6.733,690.0
95067.0,40000000.0,22044277.0,91.0,2012-03-07,6.097,1380.0
95088.0,750000.0,4424699.0,94.0,2012-06-08,6.773,1566.0
95105.0,145000000.0,746921274.0,93.0,2012-06-06,6.6,6445.0
95135.0,125000.0,3242802.0,90.0,2011-09-11,6.467,359.0
95145.0,0.0,7417517.0,48.0,1986-12-20,6.9,363.0
95147.0,0.0,0.0,45.0,1987-07-18,6.6,299.0
95149.0,0.0,0.0,65.0,2009-09-29,7.067,693.0
95163.0,0.0,9714846.0,45.0,1988-07-09,6.7,298.0
95165.0,0.0,1009767.0,60.0,1990-03-10,6.6,540.0
95167.0,185000000.0,538983207.0,93.0,2012-06-21,7.019,13948.0
95170.0,0.0,0.0,87.0,1997-11-11,6.225,1076.0
95175.0,0.0,0.0,1.0,2008-12-07,7.927,294.0
95182.0,0.0,8633074.0,60.0,1990-06-07,6.5,612.0
95193.0,0.0,0.0,72.0,1998-08-04,5.521,1417.0
95199.0,40000000.0,79700000.0,110.0,2012-05-17,5.999,1836.0
95201.0,17000000.0,73258078.0,111.0,2012-04-20,5.786,2067.0
95207.0,69000000.0,116500000.0,105.0,2012-06-20,5.8,3492.0
95218.0,0.0,894471.0,90.0,2011-09-11,7.234,47.0
95307.0,75000000.0,59400000.0,122.0,2012-06-13,6.189,1329.0
95309.0,10000000.0,9636289.0,100.0,2012-06-22,6.565,2207.0
95311.0,0.0,0.0,5.0,2008-06-27,7.788,1048.0
95313.0,0.0,0.0,4.0,2005-03-15,7.293,970.0
95377.0,0.0,0.0,4.0,2005-06-21,7.248,590.0
95441.0,50000000.0,549368315.0,107.0,2012-06-29,6.448,12939.0
95449.0,7000000.0,167200000.0,110.0,2012-06-28,6.172,3053.0
95473.0,0.0,19581369.0,44.0,1992-03-07,6.451,1086.0
95475.0,0.0,16331742.0,50.0,1991-07-20,7.006,725.0
95497.0,0.0,18554927.0,45.0,1992-07-11,6.922,599.0
95499.0,0.0,21658982.0,65.0,1993-03-06,7.216,973.0
95508.0,0.0,0.0,108.0,2012-03-08,5.643,340.0
95510.0,215000000.0,757930663.0,137.0,2012-06-23,6.725,18206.0
95519.0,0.0,18435583.0,49.0,1993-07-10,7.155,606.0
95543.0,95000000.0,877244782.0,88.0,2012-06-27,6.385,7971.0
95558.0,1800000.0,21107746.0,93.0,2012-06-29,6.833,1123.0
95583.0,45000000.0,82966152.0,130.0,2012-07-06,6.347,2245.0
95624.0,0.0,0.0,90.0,2009-09-18,5.709,86.0
95633.0,0.0,0.0,96.0,2009-09-25,4.475,20.0
95654.0,0.0,0.0,3.0,1997-11-24,7.632,1191.0
95690.0,300000.0,0.0,97.0,2011-04-14,6.022,113.0
95717.0,,,,,,
95720.0,68000000.0,68267862.0,100.0,2012-07-26,5.591,2425.0
95738.0,,,,,,
95744.0,8000000.0,1653792.0,91.0,2012-03-28,5.597,304.0
95761.0,10000000.0,4633668.0,102.0,2012-06-07,6.535,1539.0
95771.0,0.0,21916093.0,52.0,1994-03-12,6.8,704.0
95780.0,0.0,17121947.0,46.0,1994-07-09,5.773,553.0
95796.0,0.0,0.0,96.0,2008-10-23,4.6,357.0
95839.0,0.0,0.0,97.0,1999-12-05,6.948,221.0
95843.0,0.0,0.0,116.0,1964-11-18,5.8,27.0
95858.0,0.0,0.0,3.0,2000-11-02,7.485,1268.0
95873.0,8000000.0,9368803.0,100.0,2012-07-25,7.118,1737.0
95875.0,125000000.0,198800000.0,121.0,2012-08-02,6.026,5762.0
95939.0,0.0,7034007.0,101.0,2012-06-01,6.937,606.0
95949.0,0.0,22043584.0,108.0,2011-01-21,6.198,802.0
95965.0,0.0,0.0,48.0,1990-10-17,7.6,756.0
96004.0,0.0,0.0,48.0,1993-02-24,7.613,585.0
96007.0,0.0,0.0,46.0,1997-03-26,6.8,364.0
96020.0,11000000.0,2140.0,94.0,2011-06-01,7.502,309.0
96079.0,200000000.0,1108594176.0,143.0,2012-10-24,7.3,15870.0
96084.0,0.0,0.0,101.0,1963-10-11,7.4,151.0
96110.0,95000000.0,104907746.0,97.0,2012-08-09,5.836,1837.0
96114.0,0.0,4876.0,87.0,2012-03-22,5.805,213.0
96121.0,30000000.0,114281051.0,100.0,2012-08-07,6.263,819.0
96150.0,0.0,714544.0,100.0,2012-07-06,6.9,213.0
96281.0,60000000.0,107307220.0,87.0,2012-08-03,7.028,2713.0
96283.0,22000000.0,76196538.0,94.0,2012-08-02,6.3,1038.0
96373.0,0.0,0.0,90.0,2012-08-22,6.873,287.0
96411.0,0.0,0.0,42.0,2011-10-09,7.561,139.0
96417.0,35000000.0,31100000.0,91.0,2012-08-24,6.338,2235.0
96430.0,25000000.0,56012642.0,102.0,2012-08-15,7.002,1236.0
96432.0,26000000.0,55404207.0,116.0,2012-08-29,7.064,3238.0
96448.0,5000000.0,8493728.0,88.0,2012-05-11,4.319,1122.0
96471.0,,,,,,
96488.0,1000000.0,3696196.0,80.0,2012-06-30,7.896,996.0
96518.0,,,,,,
96520.0,,,,,,
96530.0,0.0,0.0,77.0,2011-04-28,4.5,28.0
96563.0,0.0,0.0,121.0,2012-10-13,7.371,143.0
96567.0,6000000.0,13231461.0,97.0,2012-09-07,6.671,1260.0
96588.0,17000000.0,115647426.0,112.0,2012-09-28,7.274,6788.0
96606.0,4000000.0,2639616.0,102.0,2011-09-16,8.057,669.0
96608.0,0.0,0.0,8.0,1995-08-11,6.669,86.0
96610.0,30000000.0,47042000.0,110.0,2012-09-26,6.901,10662.0
96616.0,70000000.0,57719093.0,114.0,2012-06-14,5.81,2112.0
96655.0,2500000.0,3325038.0,90.0,2012-08-24,6.907,1142.0
96691.0,65000000.0,240159255.0,95.0,2012-09-12,5.835,4223.0
96726.0,0.0,252603.0,83.0,2012-04-24,4.993,144.0
96728.0,32000000.0,28258060.0,137.0,2012-09-14,7.109,3220.0
96737.0,50000000.0,41037742.0,95.0,2012-09-07,6.856,5400.0
96811.0,7000000.0,55078146.0,108.0,2012-09-20,7.349,3518.0
96815.0,242000.0,100345.0,116.0,2012-07-28,6.097,1672.0
96821.0,13000000.0,33384127.0,103.0,2012-09-20,7.8,11007.0
96829.0,3800000.0,18300000.0,116.0,2012-10-25,8.098,4593.0
96832.0,4000000.0,641100.0,115.0,2012-07-02,6.986,1226.0
96861.0,45000000.0,376100000.0,98.0,2012-09-27,6.363,6984.0
96917.0,6900000.0,44287131.0,101.0,2012-09-21,5.788,1872.0
96935.0,0.0,0.0,97.0,2002-07-13,6.167,42.0
96945.0,0.0,0.0,94.0,2011-12-10,5.721,421.0
96964.0,18200000.0,7462847.0,105.0,2012-03-19,6.012,1204.0
96975.0,11000000.0,10500000.0,97.0,2012-02-10,6.102,2737.0
97024.0,15400000.0,25762027.0,115.0,2012-05-17,7.156,1446.0
97168.0,0.0,3512106.0,144.0,2012-04-20,7.548,273.0
97172.0,39000000.0,81493846.0,87.0,2012-10-04,7.0,3557.0
97188.0,3000000.0,82515113.0,109.0,2012-03-29,6.87,5897.0
97194.0,0.0,0.0,83.0,1998-09-08,7.4,28.0
97225.0,85000000.0,358375603.0,91.0,2012-09-20,6.964,9029.0
97230.0,0.0,0.0,99.0,2012-08-19,7.233,305.0
97285.0,0.0,0.0,79.0,1960-01-27,6.1,28.0
97304.0,44500000.0,232300000.0,120.0,2012-10-11,7.282,8761.0
97306.0,15000000.0,33035736.0,110.0,2012-10-12,6.822,4172.0
97328.0,0.0,327345.0,101.0,2012-09-14,6.463,566.0
97470.0,7000000.0,0.0,94.0,2011-12-08,5.06,365.0
97643.0,6400000.0,11019975.0,80.0,2012-03-30,5.322,1581.0
97665.0,61000000.0,61319383.0,109.0,2012-10-17,5.106,1376.0
97701.0,5000000.0,142802657.0,87.0,2012-10-17,5.412,1993.0
97742.0,45000000.0,30353232.0,101.0,2012-10-18,5.134,755.0
97752.0,102000000.0,130482868.0,172.0,2012-10-26,6.893,7388.0
97757.0,0.0,0.0,143.0,2004-07-27,7.2,9.0
97785.0,20000000.0,55975672.0,94.0,2012-10-10,5.5,1795.0
97836.0,42000000.0,73100000.0,105.0,2012-10-10,6.215,1546.0
97858.0,0.0,0.0,116.0,2012-10-04,5.6,85.0
97860.0,15000000.0,37930465.0,97.0,2012-07-30,6.023,2341.0
97866.0,0.0,898317.0,99.0,2012-07-13,7.32,772.0
97870.0,1000000.0,9138338.0,95.0,2012-05-02,6.878,591.0
97904.0,500000.0,377000.0,81.0,2012-01-22,6.457,302.0
97913.0,165000000.0,471222889.0,101.0,2012-11-01,7.353,12875.0
97921.0,21000000.0,236412453.0,122.0,2012-11-16,7.149,12467.0
97923.0,31000000.0,161772575.0,138.0,2012-02-22,6.855,6324.0
97936.0,40600000.0,68929150.0,129.0,2012-09-06,6.708,2377.0
97938.0,120000000.0,609016565.0,127.0,2012-11-20,7.406,13572.0
97950.0,15000000.0,20546518.0,96.0,2012-11-02,5.534,1186.0
97988.0,2000000.0,1581252.0,88.0,2012-09-13,5.773,835.0
98061.0,0.0,1234841.0,129.0,2011-09-05,7.0,168.0
98083.0,0.0,0.0,85.0,2011-04-01,6.343,661.0
98122.0,0.0,0.0,94.0,2012-05-18,7.524,485.0
98124.0,3500000.0,0.0,76.0,2012-09-25,7.731,1675.0
98154.0,65000000.0,275300000.0,150.0,2012-11-09,6.851,3975.0
98160.0,0.0,646.0,79.0,2012-03-10,4.098,46.0
98175.0,16000000.0,92748.0,92.0,2012-08-25,5.3,296.0
98203.0,120000000.0,829747654.0,115.0,2012-11-13,6.459,9262.0
98230.0,0.0,203373.0,101.0,2012-09-14,5.828,577.0
98239.0,65000000.0,44806783.0,90.0,2012-03-15,5.704,1707.0
98243.0,145000000.0,306941670.0,97.0,2012-11-21,7.371,7034.0
98279.0,1500000.0,96948.0,100.0,2012-06-07,5.669,310.0
98296.0,12000000.0,1900000.0,90.0,2012-11-08,5.973,706.0
98361.0,10000000.0,89237.0,118.0,2013-04-11,6.293,934.0
98491.0,0.0,0.0,6.0,2012-11-02,7.998,1771.0
98499.0,0.0,0.0,92.0,1979-02-17,6.7,172.0
98503.0,0.0,0.0,97.0,1978-06-30,6.2,87.0
98585.0,15700000.0,27039669.0,98.0,2012-11-22,6.555,1599.0
98604.0,22000000.0,61037844.0,91.0,2011-07-16,7.5,1892.0
98607.0,0.0,0.0,102.0,2009-08-14,7.516,536.0
98623.0,0.0,0.0,108.0,1983-07-07,6.886,207.0
98633.0,0.0,0.0,100.0,1985-02-10,6.57,230.0
98697.0,0.0,0.0,120.0,1972-05-04,6.701,177.0
98799.0,0.0,0.0,85.0,2012-09-08,6.0,52.0
98809.0,250000000.0,1021103568.0,169.0,2012-12-12,7.366,19277.0
98836.0,0.0,8887603.0,94.0,2012-12-07,5.254,207.0
98908.0,0.0,0.0,91.0,2010-07-13,4.3,52.0
98961.0,40000000.0,132800000.0,149.0,2012-12-19,6.994,4790.0
99005.0,20000000.0,2500277.0,97.0,2012-08-31,5.674,720.0
99007.0,35000000.0,117000000.0,97.0,2013-01-31,6.5,6299.0
99030.0,0.0,0.0,94.0,2012-09-05,6.277,375.0
99087.0,35000000.0,30962335.0,106.0,2012-11-29,5.652,715.0
99106.0,40000000.0,41863726.0,95.0,2012-12-19,5.612,753.0
99112.0,60000000.0,218300000.0,131.0,2012-12-20,6.652,7475.0
99114.0,100000000.0,425368238.0,165.0,2012-12-25,8.186,27513.0
99117.0,35000000.0,88200000.0,134.0,2012-12-20,5.897,2290.0
99122.0,0.0,0.0,101.0,1990-07-06,5.3,57.0
99130.0,2000000.0,0.0,86.0,1995-05-09,5.379,128.0
99145.0,45000000.0,198100000.0,107.0,2012-09-09,7.4,6561.0
99149.0,61000000.0,442636309.0,150.0,2012-12-18,7.3,5502.0
99191.0,0.0,0.0,88.0,1997-02-28,5.8,110.0
99415.0,25000000.0,119772232.0,100.0,2012-12-25,5.961,475.0
99437.0,1000000.0,142000.0,99.0,2013-01-25,6.283,708.0
99532.0,,,,,,
99574.0,15000000.0,8100000.0,106.0,2012-09-23,6.287,727.0
99636.0,2840000.0,11620000.0,134.0,2012-09-21,7.252,282.0
99638.0,0.0,0.0,112.0,2009-03-20,7.1,66.0
99721.0,20000000.0,47340586.0,92.0,2013-01-03,5.481,1777.0
99728.0,60000000.0,105200000.0,113.0,2013-01-09,6.378,4174.0
99750.0,20000000.0,1969193.0,105.0,2012-09-01,6.552,1108.0
99764.0,,,,,,
99813.0,3500000.0,0.0,75.0,2013-01-03,7.918,1570.0
99846.0,0.0,0.0,98.0,2012-10-05,7.1,74.0
99853.0,0.0,0.0,76.0,2012-01-06,4.7,15.0
99910.0,30000000.0,0.0,107.0,2013-01-12,6.069,2912.0
99917.0,100000.0,444098.0,96.0,2013-04-05,6.329,786.0
99992.0,6300000.0,1777709.0,100.0,2012-02-12,5.941,271.0
100044.0,,,,,,
100068.0,0.0,306724.0,90.0,2012-03-07,6.19,623.0
100083.0,6000000.0,32443111.0,90.0,2013-01-24,4.635,2456.0
100106.0,0.0,0.0,131.0,2012-11-15,7.337,144.0
100159.0,0.0,61782.0,89.0,2012-11-30,6.3,553.0
100163.0,50000000.0,226349749.0,88.0,2013-01-17,6.1,7002.0
100194.0,0.0,0.0,60.0,2012-10-30,7.681,72.0
100226.0,0.0,2400.0,88.0,2012-08-17,5.4,108.0
100277.0,0.0,0.0,120.0,2012-04-05,7.0,174.0
100302.0,60000000.0,22187813.0,108.0,2012-09-27,6.274,2576.0
100304.0,0.0,0.0,86.0,2012-11-24,5.7,208.0
100306.0,472000.0,0.0,83.0,1983-01-01,7.1,396.0
100326.0,15000000.0,5100000.0,99.0,2012-12-14,6.02,986.0
100383.0,30000000.0,63414135.0,106.0,2013-02-07,6.612,3250.0
100390.0,35000000.0,173965010.0,111.0,2013-02-07,5.852,3464.0
100397.0,0.0,23589.0,110.0,2013-03-08,4.951,627.0
100487.0,60000000.0,60052138.0,118.0,2013-02-13,6.033,2914.0
100498.0,92000000.0,304654182.0,96.0,2013-02-06,5.335,6654.0
100507.0,13000000.0,48065672.0,93.0,2013-03-01,5.824,1578.0
100527.0,28000000.0,97600000.0,115.0,2013-02-07,7.229,2391.0
100553.0,,,,,,
100556.0,1000000.0,722714.0,159.0,2012-11-08,7.7,741.0
100579.0,11500000.0,113706000.0,114.0,2012-10-04,5.561,472.0
100611.0,40000000.0,74597643.0,89.0,2013-02-14,5.751,796.0
100714.0,3000000.0,11176469.0,108.0,2013-04-05,7.5,2625.0
100737.0,35000000.0,42930462.0,112.0,2013-02-21,6.119,2443.0
100810.0,3500000.0,27858103.0,97.0,2013-02-21,6.327,1893.0
100843.0,300000.0,2750275.0,88.0,2012-11-01,7.2,346.0
100882.0,0.0,215637183.0,109.0,2013-02-07,6.912,422.0
100906.0,4000000.0,0.0,90.0,1990-07-18,5.9,258.0
101025.0,195000000.0,197700000.0,110.0,2013-02-27,5.9,5131.0
101070.0,0.0,6499169.0,98.0,2013-02-05,7.217,504.0
101072.0,0.0,0.0,113.0,2010-10-01,6.9,25.0
101074.0,0.0,0.0,34.0,1949-10-08,7.428,292.0
101076.0,130000000.0,371900000.0,110.0,2013-03-27,5.651,5694.0
101088.0,12000000.0,12077441.0,99.0,2013-02-28,6.64,2360.0
101112.0,200000000.0,491868548.0,127.0,2013-03-07,5.929,6719.0
101142.0,135000000.0,587204668.0,85.0,2013-03-15,6.928,7408.0
101283.0,30000000.0,27437881.0,100.0,2013-03-14,5.7,1497.0
101360.0,13000000.0,68572378.0,95.0,2013-03-14,6.792,3008.0
101362.0,70000000.0,170270201.0,119.0,2013-03-20,6.411,6944.0
101415.0,2000000.0,92654.0,95.0,2012-10-19,6.99,2141.0
101423.0,0.0,0.0,61.0,2000-05-25,6.474,58.0
101525.0,15000000.0,47135966.0,140.0,2013-03-20,7.0,5081.0
101529.0,0.0,0.0,106.0,2012-09-08,6.125,508.0
101531.0,0.0,0.0,95.0,2013-06-14,5.662,139.0
101577.0,44000000.0,63300000.0,125.0,2013-03-22,6.286,4029.0
101612.0,13000000.0,18637201.0,107.0,2013-03-21,5.602,642.0
101739.0,17000000.0,99010045.0,90.0,2013-04-05,6.582,4902.0
101741.0,20000000.0,24300000.0,95.0,2013-03-27,6.615,2300.0
101765.0,0.0,0.0,100.0,2012-10-29,5.876,650.0
101864.0,120000000.0,286168572.0,126.0,2013-04-10,6.666,11270.0
101884.0,25000000.0,432274.0,102.0,2012-03-28,4.731,234.0
101895.0,40000000.0,95020213.0,128.0,2013-04-12,7.189,1916.0
101962.0,0.0,55262158.0,117.0,2012-07-21,8.216,2422.0
101973.0,10000000.0,3428048.0,115.0,2013-04-12,7.057,1183.0
102007.0,0.0,0.0,83.0,2007-01-23,6.157,265.0
102025.0,0.0,0.0,79.0,1967-08-13,4.8,92.0
102033.0,25000000.0,87305549.0,130.0,2013-04-18,6.277,4705.0
102058.0,0.0,0.0,35.0,2009-01-27,7.1,279.0
102066.0,0.0,0.0,93.0,2013-01-25,6.347,441.0
102070.0,0.0,427335.0,94.0,2012-08-10,6.09,501.0
102084.0,0.0,0.0,76.0,2012-02-28,7.409,917.0
102088.0,38600000.0,64076736.0,122.0,2013-01-10,6.619,953.0
102123.0,32000000.0,126041322.0,107.0,2013-06-12,6.241,6686.0
102125.0,200000000.0,1215577205.0,130.0,2013-04-18,6.931,23101.0
102165.0,0.0,104810.0,91.0,2013-05-16,5.545,370.0
102194.0,10000000.0,32613173.0,130.0,2013-04-26,7.061,2988.0
102217.0,0.0,0.0,74.0,1993-05-27,8.0,70.0
102278.0,83000000.0,0.0,88.0,2013-04-23,5.521,193.0
102338.0,0.0,0.0,126.0,1976-12-22,6.2,34.0
102378.0,6000000.0,0.0,90.0,2013-06-07,5.495,198.0
102407.0,105000000.0,351040419.0,142.0,2013-05-09,7.356,12779.0
102445.0,190000000.0,467381584.0,130.0,2013-05-05,7.3,9479.0
102481.0,58000000.0,93500000.0,119.0,2013-06-07,6.237,4386.0
102590.0,0.0,0.0,93.0,2006-09-12,6.6,18.0
102602.0,0.0,0.0,97.0,1977-06-06,7.567,119.0
102666.0,0.0,0.0,93.0,1973-09-17,7.905,389.0
102684.0,4800000.0,10300000.0,90.0,2013-05-30,5.825,2538.0
102686.0,103000000.0,362000072.0,100.0,2013-05-23,6.209,9071.0
102716.0,160000000.0,788700000.0,130.0,2013-05-21,6.815,11018.0
102720.0,100000000.0,268426634.0,102.0,2013-05-15,6.542,2871.0
102735.0,0.0,0.0,97.0,1979-01-19,3.97,84.0
102742.0,0.0,0.0,551.0,2004-06-09,7.7,49.0
102747.0,0.0,0.0,24.0,1916-12-04,6.589,141.0
102749.0,0.0,0.0,83.0,1979-11-23,3.746,63.0
102760.0,31192.0,10000.0,93.0,2010-07-30,6.2,80.0
102800.0,0.0,8986144.0,86.0,2013-05-17,7.332,1785.0
102802.0,1500000.0,1165882.0,96.0,2013-04-18,5.45,908.0
102819.0,23000000.0,15600000.0,118.0,2013-05-26,6.599,819.0
102823.0,0.0,0.0,288.0,2000-11-05,7.6,78.0
102852.0,0.0,0.0,80.0,2010-07-24,6.8,29.0
102880.0,130000000.0,243843127.0,100.0,2013-05-30,5.177,6777.0
102903.0,75000000.0,351723989.0,116.0,2013-05-29,7.333,16448.0
102984.0,500000.0,1000000.0,93.0,2012-11-03,5.368,87.0
102993.0,4600000.0,23198652.0,103.0,2013-06-06,7.133,1893.0
103027.0,0.0,4327764.0,109.0,2013-05-28,6.758,279.0
103042.0,225000000.0,668045518.0,143.0,2013-06-12,6.6,15900.0
103048.0,1500000.0,1400000.0,95.0,2013-01-19,6.97,1199.0
103075.0,3000000.0,91266581.0,85.0,2013-05-31,6.25,8706.0
103085.0,0.0,0.0,85.0,2013-06-07,5.144,270.0
103107.0,1000000.0,5892466.0,90.0,2013-06-14,7.2,257.0
103137.0,15000000.0,19145732.0,90.0,2013-06-12,5.4,3113.0
103141.0,200000000.0,743559465.0,104.0,2013-06-19,7.044,11136.0
103171.0,0.0,0.0,110.0,2013-01-10,5.9,147.0
103210.0,0.0,7621364.0,110.0,2011-07-02,6.787,284.0
103219.0,6000000.0,2631275.0,89.0,2012-12-26,6.029,997.0
103221.0,0.0,0.0,97.0,2012-07-12,5.3,108.0
103228.0,180000000.0,411000000.0,130.0,2013-07-11,6.916,13090.0
103233.0,0.0,0.0,71.0,2013-05-21,6.453,287.0
103235.0,13500000.0,19255873.0,130.0,2013-01-01,7.804,2993.0
103245.0,0.0,0.0,93.0,2005-11-04,3.893,42.0
103249.0,200000000.0,531865000.0,116.0,2013-06-19,6.824,16206.0
103253.0,115000000.0,286140700.0,110.0,2013-08-07,6.515,9377.0
103335.0,76000000.0,970766005.0,98.0,2013-06-26,6.94,11816.0
103339.0,150000000.0,205366737.0,131.0,2013-06-27,6.465,5004.0
103341.0,20000000.0,46100000.0,109.0,2013-07-18,6.807,5753.0
103366.0,20000000.0,8352885.0,100.0,2013-05-07,6.179,1822.0
103372.0,43000000.0,229930771.0,117.0,2013-06-27,6.593,4105.0
103384.0,215000000.0,260500000.0,149.0,2013-07-03,6.118,6057.0
103449.0,20000000.0,713616.0,101.0,2013-02-13,5.2,444.0
103483.0,0.0,21833.0,90.0,2013-06-06,6.2,1146.0
103502.0,0.0,0.0,92.0,2012-10-05,4.074,27.0
103539.0,2500000.0,6854611.0,95.0,2013-08-02,6.675,2972.0
103543.0,0.0,0.0,97.0,2013-08-30,5.42,295.0
103596.0,1000000.0,0.0,86.0,2013-07-11,3.928,1658.0
103602.0,0.0,0.0,81.0,2013-03-14,6.067,30.0
103606.0,0.0,977671.0,96.0,2013-06-14,7.376,1986.0
103609.0,0.0,0.0,98.0,1992-06-05,6.142,116.0
103624.0,900000.0,17600000.0,82.0,2013-07-26,7.4,1388.0
103655.0,130000000.0,61600000.0,96.0,2013-07-18,5.852,4216.0
103685.0,300000.0,600000.0,90.0,2013-07-05,6.2,283.0
103688.0,13000000.0,321293998.0,112.0,2013-07-18,7.539,12470.0
103755.0,135000000.0,282570682.0,96.0,2013-07-11,6.264,3609.0
103772.0,120000000.0,415440673.0,128.0,2013-07-21,6.428,10105.0
103801.0,0.0,343341.0,90.0,2013-08-23,5.944,854.0
103810.0,84000000.0,148075565.0,116.0,2013-07-18,6.5,4244.0
103819.0,2000000.0,0.0,87.0,2013-07-09,6.435,107.0
103865.0,10000000.0,0.0,84.0,2012-07-17,4.588,51.0
103883.0,61000000.0,131940411.0,109.0,2013-08-02,6.539,4393.0
103980.0,18000000.0,99104804.0,99.0,2013-08-01,6.982,3593.0
103984.0,9200000.0,24930592.0,142.0,2013-05-21,7.509,3269.0
104017.0,0.0,0.0,81.0,1973-11-01,4.3,30.0
104069.0,0.0,0.0,58.0,2013-04-13,7.624,205.0
104074.0,90000000.0,199850315.0,106.0,2013-08-07,6.0,5301.0
104076.0,105000000.0,347434178.0,105.0,2013-07-30,5.751,2334.0
104078.0,4000000.0,9800000.0,90.0,2013-07-24,6.633,480.0
104129.0,25000000.0,2054941.0,115.0,2013-07-04,6.089,970.0
104141.0,0.0,0.0,75.0,2003-10-21,6.693,431.0
104211.0,37000000.0,270000000.0,118.0,2013-08-07,6.838,9300.0
104218.0,80000000.0,247022278.0,101.0,2013-07-11,6.139,4569.0
104241.0,28000000.0,60795985.0,103.0,2013-07-17,6.403,6455.0
104243.0,38000000.0,98337295.0,119.0,2013-09-02,6.337,4321.0
104245.0,50000000.0,219788712.0,92.0,2013-08-09,5.93,1782.0
104272.0,0.0,2063312.0,82.0,2013-06-07,7.841,1167.0
104283.0,30000000.0,117932401.0,126.0,2013-07-20,7.8,3271.0
104303.0,12000000.0,42100000.0,128.0,2013-08-15,6.125,2550.0
104337.0,25000000.0,177313795.0,132.0,2013-08-16,7.331,2979.0
104339.0,1000000.0,2963902.0,93.0,2013-08-09,6.34,556.0
104374.0,12000000.0,87100449.0,123.0,2013-09-04,7.906,9058.0
104419.0,0.0,0.0,75.0,2010-02-23,7.314,760.0
104457.0,1000000.0,14347000.0,94.0,2013-08-22,6.606,2628.0
104644.0,0.0,0.0,50.0,2012-11-28,6.4,18.0
104760.0,18000000.0,10501938.0,90.0,2013-08-29,5.03,653.0
104780.0,0.0,0.0,48.0,1981-07-31,7.4,120.0
104837.0,0.0,0.0,92.0,1987-02-01,5.6,25.0
104841.0,105000000.0,723192705.0,91.0,2013-10-03,7.2,16069.0
104863.0,11000000.0,8500000.0,98.0,2013-09-07,6.737,2047.0
104875.0,0.0,0.0,86.0,2012-06-15,6.618,60.0
104879.0,46000000.0,122126687.0,153.0,2013-09-19,8.102,12727.0
104906.0,4900000.0,2159041.0,97.0,2013-08-15,6.365,479.0
104908.0,5000000.0,161921515.0,105.0,2013-09-12,6.68,4478.0
104913.0,38000000.0,90200000.0,123.0,2013-09-02,7.73,7631.0
104925.0,30000000.0,36894225.0,111.0,2013-09-13,6.361,3051.0
104944.0,1000000.0,1645164.0,96.0,2013-08-23,7.763,1378.0
105020.0,13000000.0,0.0,100.0,1989-04-27,4.1,35.0
105037.0,1500000.0,3566225.0,104.0,2013-07-24,5.8,1070.0
105121.0,0.0,0.0,93.0,2012-09-14,5.238,63.0
105197.0,12000000.0,27700000.0,115.0,2013-09-21,7.454,1874.0
105211.0,0.0,25288872.0,91.0,2013-09-18,6.719,894.0
105213.0,3000000.0,0.0,90.0,2013-09-12,6.015,4498.0
105246.0,16040770.0,10435322.0,125.0,2013-01-10,6.127,646.0
105250.0,,,,,,
105254.0,0.0,223821.0,98.0,2013-07-12,5.966,161.0
105325.0,0.0,19613.0,75.0,2013-08-28,5.7,256.0
105351.0,30000000.0,62600000.0,92.0,2013-09-24,5.638,1298.0
105355.0,4300000.0,19796489.0,179.0,2013-10-09,7.066,4796.0
105468.0,78000000.0,248384621.0,95.0,2013-09-26,6.5,3422.0
105504.0,55000000.0,218791811.0,134.0,2013-10-10,7.5,7325.0
105540.0,0.0,0.0,82.0,1998-11-17,6.1,107.0
105585.0,20000000.0,1750000.0,108.0,2013-09-12,5.623,1999.0
105593.0,5000000.0,9114264.0,97.0,2013-09-23,6.841,1847.0
105653.0,50000000.0,137328301.0,115.0,2013-10-09,6.723,5472.0
105720.0,0.0,0.0,120.0,1967-02-22,6.7,80.0
105731.0,30000000.0,84790678.0,100.0,2013-10-16,6.044,4653.0
105746.0,0.0,0.0,84.0,2013-12-06,5.208,48.0
105755.0,25000000.0,71009334.0,117.0,2013-10-25,5.286,1955.0
105801.0,650000.0,171962.0,90.0,2013-10-11,4.795,239.0
105835.0,0.0,200000.0,93.0,2014-04-03,6.5,1067.0
105844.0,20000000.0,187000000.0,134.0,2013-10-18,7.934,11791.0
105954.0,9000000.0,6108720.0,105.0,2013-08-23,6.648,1709.0
106002.0,110000000.0,125537191.0,114.0,2013-10-24,6.585,6117.0
106062.0,15000000.0,151831537.0,92.0,2013-10-22,6.134,1636.0
106072.0,170000000.0,644783140.0,112.0,2013-10-30,6.51,18067.0
106100.0,5000000.0,55736588.0,116.0,2013-11-01,7.9,8897.0
106144.0,0.0,12189.0,91.0,2013-10-25,7.3,238.0
106330.0,28000000.0,134400000.0,105.0,2013-10-31,6.4,2227.0
106438.0,12000000.0,100100000.0,98.0,2013-11-01,7.341,1688.0
106441.0,19000000.0,76586316.0,131.0,2013-11-08,7.49,4463.0
106487.0,130000000.0,865011746.0,146.0,2013-11-15,7.4,18153.0
106489.0,250000000.0,958400000.0,161.0,2013-12-11,7.574,13902.0
106491.0,175000000.0,151783839.0,119.0,2013-12-06,6.204,4047.0
106540.0,26000000.0,51164106.0,103.0,2013-10-10,6.249,1554.0
106542.0,0.0,11650.0,107.0,2013-02-09,6.4,644.0
106594.0,0.0,0.0,85.0,2013-02-22,4.444,9.0
106642.0,,,,,,
106648.0,0.0,246091.0,144.0,2011-09-30,6.9,235.0
106696.0,150000000.0,1274219009.0,102.0,2013-11-20,7.248,17321.0
106766.0,11000000.0,32935319.0,104.0,2013-10-18,7.189,2861.0
106782.0,100000000.0,407038432.0,179.0,2013-12-25,8.026,25447.0
106785.0,22000000.0,51695362.0,100.0,2013-11-12,6.9,3729.0
106839.0,35000000.0,27985788.0,141.0,2013-11-28,6.9,561.0
106873.0,13000000.0,67282623.0,96.0,2012-11-17,7.189,896.0
106883.0,10000000.0,0.0,107.0,2013-09-10,5.389,131.0
106889.0,0.0,0.0,80.0,2013-12-06,7.213,164.0
106916.0,40000000.0,251171807.0,137.0,2013-12-03,6.854,7601.0
106918.0,90000000.0,188133322.0,114.0,2013-12-18,7.212,8064.0
106920.0,23000000.0,47351251.0,126.0,2013-12-18,7.842,15015.0
106927.0,250000.0,0.0,101.0,2009-10-03,5.4,77.0
107013.0,0.0,0.0,58.0,1977-12-24,6.619,21.0
107069.0,40000000.0,149295601.0,117.0,2013-12-24,7.432,4622.0
107141.0,35000000.0,112544580.0,125.0,2013-11-29,7.344,3429.0
107159.0,0.0,0.0,83.0,1964-03-14,6.9,55.0
107314.0,30000000.0,5200000.0,104.0,2013-11-14,5.913,2081.0
107338.0,0.0,5378537.0,87.0,2013-07-31,6.842,146.0
107348.0,50000000.0,173700000.0,113.0,2013-12-18,6.136,2744.0
107406.0,39200000.0,86758912.0,126.0,2013-08-01,6.908,10208.0
107408.0,269750.0,0.0,92.0,1973-10-14,7.9,123.0
107410.0,0.0,0.0,334.0,1984-07-07,7.6,80.0
107412.0,0.0,0.0,82.0,1967-04-03,7.661,270.0
107436.0,0.0,0.0,97.0,2013-10-17,6.109,626.0
107447.0,0.0,0.0,83.0,2013-12-18,6.07,322.0
107449.0,5000000.0,0.0,43.0,2008-12-17,5.942,72.0
107462.0,0.0,82000100.0,95.0,2013-12-27,6.652,408.0
107565.0,0.0,77676735.0,118.0,2013-11-07,7.011,1745.0
107630.0,10000000.0,221590.0,99.0,2010-06-03,5.7,161.0
107702.0,40000000.0,44907260.0,113.0,2013-12-25,6.098,1338.0
107723.0,0.0,0.0,86.0,2007-06-05,7.137,131.0
107771.0,7000000.0,8213623.0,123.0,2013-12-12,7.2,2346.0
107780.0,,,,,,
107846.0,0.0,0.0,93.0,1994-11-24,6.0,61.0
107945.0,0.0,0.0,87.0,2012-09-12,4.529,17.0
107951.0,2300000.0,4500000.0,107.0,2013-07-03,6.0,31.0
107953.0,0.0,50461371.0,121.0,2013-03-30,6.809,1610.0
107962.0,0.0,0.0,82.0,2014-01-17,5.27,122.0
107997.0,0.0,81381.0,105.0,2013-09-27,5.76,578.0
107999.0,0.0,15218214.0,50.0,1991-03-19,6.5,575.0
108078.0,0.0,16968297.0,114.0,2013-12-04,6.574,716.0
108090.0,0.0,0.0,120.0,1996-03-04,7.4,388.0
108156.0,25000000.0,153997819.0,99.0,2014-01-07,6.255,2363.0
108188.0,60000000.0,135500000.0,106.0,2014-01-15,6.121,3013.0
108190.0,85000000.0,288885818.0,140.0,2014-03-14,6.908,13285.0
108192.0,0.0,0.0,13.0,2007-10-26,6.9,883.0
108540.0,12500000.0,8170333.0,79.0,2012-12-12,7.8,659.0
108601.0,11000000.0,0.0,113.0,2013-05-02,5.814,140.0
108689.0,65000000.0,76801179.0,92.0,2014-01-22,5.374,2025.0
108715.0,5000000.0,75143.0,92.0,2014-03-14,5.922,309.0
108727.0,,,,,,
108729.0,0.0,3396726.0,91.0,2014-03-14,6.849,6277.0
108795.0,0.0,0.0,74.0,2009-03-03,7.186,601.0
108928.0,70000000.0,154984035.0,118.0,2014-01-24,6.062,3754.0
108932.0,60000000.0,470759687.0,100.0,2014-02-06,7.422,8282.0
108945.0,120000000.0,242688965.0,117.0,2014-01-30,5.885,5736.0
108949.0,0.0,64065.0,87.0,2013-09-20,6.179,599.0
108981.0,2350000.0,4934725.0,119.0,2013-12-25,6.7,3079.0
109042.0,0.0,86746.0,85.0,2013-01-21,5.583,436.0
109161.0,0.0,342183.0,92.0,2013-05-28,7.217,738.0
109183.0,0.0,0.0,91.0,2014-02-14,5.796,257.0
109187.0,8500000.0,770706.0,106.0,2013-09-20,6.093,1300.0
109191.0,60000000.0,30800231.0,118.0,2014-02-13,6.263,1394.0
109241.0,0.0,25109572.0,96.0,2012-12-15,5.633,692.0
109282.0,33157.0,0.0,76.0,2012-08-21,6.628,39.0
109295.0,0.0,16971.0,90.0,2013-09-20,5.448,260.0
109313.0,0.0,0.0,105.0,2003-03-19,5.3,465.0
109317.0,0.0,0.0,87.0,2014-02-07,5.589,185.0
109372.0,12500000.0,49002684.0,100.0,2014-02-14,5.965,523.0
109374.0,30000000.0,174600318.0,100.0,2014-02-26,8.033,15706.0
109383.0,0.0,65975.0,84.0,2012-01-30,5.368,19.0
109416.0,0.0,0.0,102.0,2009-07-30,6.737,575.0
109483.0,8000000.0,45600000.0,95.0,2014-01-29,6.142,2706.0
109487.0,165000000.0,746606706.0,169.0,2014-11-05,8.467,38778.0
109569.0,28000000.0,53260230.0,122.0,2014-02-14,6.105,2280.0
109576.0,3500000.0,0.0,95.0,2013-04-27,5.01,443.0
109578.0,50000000.0,222809600.0,106.0,2014-02-26,6.81,5624.0
109596.0,2000000.0,0.0,89.0,2011-09-19,7.594,139.0
109633.0,0.0,820165.0,46.0,2013-05-31,7.58,2167.0
109673.0,110000000.0,337580051.0,102.0,2014-03-05,6.115,6834.0
109687.0,0.0,0.0,99.0,2013-06-14,7.066,243.0
109723.0,0.0,56574.0,108.0,2014-02-28,5.321,368.0
109846.0,145000000.0,272912430.0,92.0,2014-02-07,6.7,2482.0
109848.0,13300000.0,7229933.0,108.0,2014-03-14,6.146,3709.0
109850.0,66000000.0,203277636.0,125.0,2014-03-12,6.429,4606.0
109853.0,6000000.0,15071.0,90.0,2014-02-02,6.648,667.0
109864.0,6000000.0,3500000.0,110.0,2014-03-13,6.622,1125.0
109895.0,9500000.0,7800000.0,88.0,2013-09-06,6.393,887.0
109897.0,22000000.0,70829270.0,138.0,2014-02-28,6.832,333.0
109941.0,0.0,0.0,13.0,2012-02-07,6.517,505.0
109968.0,0.0,1265872.0,115.0,2013-09-14,7.362,312.0
109971.0,3000000.0,78768613.0,98.0,2014-03-14,6.641,662.0
110102.0,170000000.0,714766572.0,136.0,2014-03-20,7.7,19689.0
110127.0,125000000.0,362600000.0,139.0,2014-03-07,5.671,6498.0
110130.0,42000000.0,120885527.0,85.0,2014-01-17,5.9,1010.0
110281.0,0.0,3850000.0,89.0,1999-02-08,7.383,201.0
110286.0,5000000.0,13809.0,93.0,2014-04-11,6.308,1175.0
110297.0,50000000.0,80400000.0,107.0,2014-03-20,6.3,883.0
110330.0,0.0,0.0,97.0,2012-10-24,6.187,238.0
110350.0,150000.0,0.0,76.0,2014-03-19,6.9,154.0
110387.0,0.0,0.0,102.0,2013-08-29,6.802,91.0
110501.0,4500000.0,6566916.0,148.0,2014-03-27,7.61,2520.0
110541.0,0.0,0.0,88.0,1993-11-17,5.076,33.0
110553.0,200000000.0,708962323.0,142.0,2014-04-16,6.5,13956.0
110586.0,0.0,3593460.0,100.0,2014-04-11,7.121,1025.0
110591.0,5000000.0,44459951.0,104.0,2014-04-03,6.495,3117.0
110603.0,17000000.0,29789000.0,113.0,2014-03-21,5.99,947.0
110611.0,0.0,427418.0,110.0,2014-05-23,6.546,798.0
110655.0,103000000.0,498781117.0,102.0,2014-03-19,6.522,3687.0
110669.0,0.0,0.0,90.0,2014-04-18,7.093,232.0
110718.0,0.0,2681345.0,90.0,2013-09-07,5.8,607.0
110730.0,100000000.0,103039258.0,119.0,2014-04-16,6.061,5696.0
110746.0,1169935.0,0.0,81.0,2013-06-14,5.69,379.0
110771.0,40000000.0,196800000.0,109.0,2014-04-16,6.425,3676.0
110773.0,4000000.0,25343661.0,87.0,2014-04-17,6.182,1553.0
110781.0,0.0,0.0,75.0,2004-11-03,6.5,2469.0
110826.0,28000000.0,71416730.0,100.0,2014-04-22,5.897,1575.0
110882.0,2000000.0,4635300.0,85.0,2014-04-10,6.894,2847.0
111113.0,18000000.0,270665134.0,97.0,2014-05-08,6.185,7168.0
111146.0,0.0,0.0,45.0,2014-03-25,5.473,56.0
111320.0,5000000.0,10429707.0,93.0,2014-03-25,5.632,304.0
111360.0,40000000.0,469058574.0,89.0,2014-07-25,6.472,16802.0
111362.0,250000000.0,746045700.0,131.0,2014-05-15,7.529,16011.0
111364.0,160000000.0,524978362.0,116.0,2014-05-14,6.353,9583.0
111375.0,6000000.0,8100000.0,94.0,2014-05-02,5.964,1496.0
111384.0,420000.0,993313.0,91.0,2014-04-25,6.788,1585.0
111443.0,11000000.0,50440695.0,114.0,2014-05-08,7.1,3543.0
111551.0,318000.0,121179.0,85.0,2014-04-04,6.408,603.0
111617.0,40000000.0,128000000.0,117.0,2014-05-21,6.892,3732.0
111622.0,8000000.0,63500000.0,104.0,2014-06-27,7.2,3945.0
111659.0,180000000.0,758539785.0,97.0,2014-05-28,7.086,13558.0
111663.0,0.0,14947.0,85.0,2014-10-20,4.954,760.0
111680.0,2500000.0,0.0,101.0,2013-10-09,6.247,194.0
111732.0,3000000.0,558636.0,130.0,2013-06-19,7.157,204.0
111743.0,40000000.0,86400000.0,116.0,2014-05-22,6.051,4308.0
111759.0,178000000.0,370541256.0,108.0,2014-05-27,7.634,14750.0
111781.0,150000000.0,682716636.0,131.0,2015-07-28,7.22,9510.0
111785.0,0.0,0.0,100.0,2008-01-01,4.8,22.0
111795.0,25000000.0,38307627.0,124.0,2014-05-09,6.719,652.0
111800.0,3200000.0,0.0,93.0,2014-01-17,5.9,401.0
111817.0,0.0,340911.0,118.0,2013-09-07,5.6,171.0
111844.0,5500000.0,0.0,91.0,2014-04-08,6.113,213.0
111913.0,0.0,0.0,91.0,2014-08-08,6.921,126.0
111921.0,14000000.0,307166834.0,125.0,2014-06-02,7.594,11455.0
112006.0,0.0,0.0,9.0,2012-01-13,7.134,1098.0
112070.0,15000000.0,4510000.0,111.0,2014-05-21,6.2,1124.0
112138.0,50000000.0,331333876.0,112.0,2014-06-05,6.827,8357.0
112171.0,55000000.0,192330738.0,131.0,2014-09-24,7.281,9715.0
112175.0,145000000.0,621537519.0,85.0,2014-06-05,7.678,10225.0
112183.0,18000000.0,103215094.0,119.0,2014-10-17,7.448,13375.0
112290.0,4000000.0,48137666.0,165.0,2014-06-05,7.491,5418.0
112303.0,24000000.0,70181428.0,106.0,2014-06-20,6.415,583.0
112316.0,40000000.0,67347013.0,134.0,2014-06-18,6.754,728.0
112326.0,0.0,0.0,120.0,1998-05-26,4.545,99.0
112334.0,0.0,48911.0,105.0,2014-06-27,7.885,454.0
112370.0,210000000.0,1104054072.0,165.0,2014-06-25,5.957,8597.0
112421.0,1000000.0,1897363.0,95.0,2014-05-09,6.855,1689.0
112450.0,0.0,0.0,83.0,2014-06-27,5.54,436.0
112454.0,0.0,0.0,100.0,2013-05-01,6.619,67.0
112460.0,50000000.0,151165787.0,84.0,2014-07-17,6.184,904.0
112497.0,20000000.0,100375432.0,97.0,2014-07-02,5.337,1260.0
112512.0,0.0,0.0,128.0,2010-08-21,7.207,300.0
112515.0,2000000.0,10300000.0,94.0,2014-05-22,6.53,6298.0
112552.0,3300000.0,50307484.0,106.0,2014-10-10,8.4,16270.0
112556.0,61000000.0,370890259.0,145.0,2014-10-01,7.889,19612.0
112580.0,0.0,615198.0,83.0,2014-05-23,5.649,538.0
112623.0,170000000.0,710644566.0,131.0,2014-07-08,7.336,12017.0
112727.0,30000000.0,87937815.0,119.0,2014-07-01,6.245,2177.0
112749.0,18000000.0,25312387.0,94.0,2014-07-10,6.038,475.0
112788.0,40000000.0,126069509.0,94.0,2014-07-17,5.412,4175.0
112804.0,1000000.0,481234.0,106.0,2014-07-18,7.6,3392.0
112818.0,9000000.0,111928365.0,103.0,2014-07-17,6.629,6615.0
112852.0,170000000.0,772776600.0,121.0,2014-07-30,7.905,29273.0
112868.0,4000000.0,2665322.0,97.0,2014-03-15,6.017,1793.0
112897.0,95000000.0,214657577.0,126.0,2014-08-07,6.207,5234.0
112911.0,100000000.0,244819862.0,98.0,2014-07-23,5.796,4273.0
112940.0,15000000.0,31554855.0,121.0,2014-07-25,6.478,1448.0
113159.0,2400000.0,88273.0,89.0,2014-08-15,5.5,715.0
113186.0,0.0,0.0,93.0,2014-08-28,5.7,189.0
113207.0,30000000.0,33448971.0,139.0,2014-08-01,6.8,555.0
113225.0,16800000.0,51029361.0,98.0,2014-07-25,6.494,2147.0
113252.0,0.0,0.0,111.0,2014-09-04,6.579,894.0
113275.0,22000000.0,89500000.0,123.0,2014-08-06,7.278,1514.0
113278.0,0.0,4571025.0,75.0,2014-08-12,7.325,1171.0
113280.0,0.0,0.0,93.0,2013-05-10,5.8,51.0
113313.0,500000.0,410129.0,77.0,2013-12-12,6.057,374.0
113345.0,176000000.0,184000000.0,128.0,2015-02-04,5.5,6994.0
113348.0,125000000.0,485004754.0,101.0,2014-08-07,5.924,7079.0
113350.0,0.0,0.0,93.0,2013-07-28,6.016,189.0
113374.0,0.0,0.0,24.0,1997-05-27,7.57,64.0
113378.0,25000000.0,66980456.0,97.0,2014-08-13,6.558,4573.0
113394.0,0.0,13769.0,90.0,2014-02-07,6.087,254.0
113416.0,5000000.0,107412.0,94.0,2014-10-31,5.2,102.0
113453.0,17000000.0,136600000.0,100.0,2014-08-13,6.462,2923.0
113532.0,0.0,63852235.0,96.0,2014-08-06,6.1,522.0
113565.0,4000000.0,9221.0,99.0,2014-05-01,6.0,486.0
113573.0,65000000.0,39407616.0,102.0,2014-08-20,6.4,4065.0
113604.0,11000000.0,78300000.0,107.0,2014-08-21,7.357,4274.0
113705.0,7000000.0,9016922.0,95.0,2014-05-21,6.903,996.0
113741.0,50000.0,139745.0,89.0,2014-04-06,7.222,3269.0
113780.0,5000000.0,41900000.0,93.0,2014-08-14,6.732,3762.0
113829.0,100000.0,513447.0,91.0,2014-08-08,6.849,754.0
113849.0,0.0,456.0,105.0,2011-11-24,6.2,49.0
113862.0,5000000.0,2700051.0,100.0,2014-09-05,6.641,2088.0
114028.0,0.0,16700000.0,117.0,2014-09-12,7.695,1385.0
114044.0,1000000.0,9318.0,87.0,2014-09-12,5.418,617.0
114060.0,12600000.0,19054534.0,106.0,2014-09-12,6.827,2363.0
114066.0,0.0,0.0,97.0,2014-07-05,7.0,213.0
114074.0,1000000.0,5300000.0,93.0,2014-06-05,6.6,683.0
114126.0,0.0,56386.0,90.0,2008-04-01,6.4,27.0
114180.0,34000000.0,348319861.0,114.0,2014-09-10,7.19,17837.0
114184.0,1000000.0,59744.0,112.0,2014-10-17,6.719,1083.0
114246.0,28000000.0,58834384.0,114.0,2014-09-18,6.328,2963.0
114265.0,5000000.0,2379154.0,100.0,2014-09-25,6.1,1164.0
114335.0,0.0,0.0,21.0,1957-03-31,6.109,55.0
114396.0,10000000.0,0.0,102.0,2014-03-28,6.235,66.0
114494.0,0.0,7700259.0,105.0,2014-09-25,7.573,1669.0
114554.0,49300000.0,24366656.0,137.0,2013-11-23,8.1,1928.0
114601.0,19800000.0,41300000.0,103.0,2014-09-10,6.624,1448.0
114627.0,0.0,0.0,71.0,1985-12-22,7.732,545.0
114662.0,58800000.0,542300000.0,132.0,2014-12-25,7.414,13446.0
114670.0,3000000.0,1882074.0,102.0,2014-09-19,5.5,1561.0
114678.0,0.0,1124445.0,120.0,2014-08-14,6.689,934.0
114707.0,0.0,3900000.0,123.0,2013-09-06,6.293,2392.0
114713.0,6500000.0,257589952.0,99.0,2014-10-01,5.79,6466.0
114762.0,1645000.0,868081.0,86.0,2014-09-26,6.415,1898.0
114795.0,70000000.0,217124280.0,92.0,2014-10-01,6.451,6404.0
114818.0,0.0,0.0,94.0,2014-10-14,6.197,703.0
114847.0,7000000.0,6237990.0,110.0,2014-10-09,5.872,1752.0
114925.0,0.0,1075178.0,110.0,2014-09-05,5.8,1144.0
114935.0,5500000.0,4942449.0,97.0,2014-08-28,7.42,6903.0
115065.0,22000000.0,19799759.0,93.0,2013-08-09,5.909,328.0
115111.0,0.0,0.0,15.0,2003-06-06,7.6,18.0
115122.0,1600000.0,6300000.0,82.0,2014-06-19,7.553,3827.0
115149.0,20000000.0,88761661.0,101.0,2014-10-22,7.453,20416.0
115151.0,0.0,0.0,102.0,2014-04-30,5.962,199.0
115170.0,40000000.0,84419388.0,141.0,2014-10-08,7.329,4333.0
115203.0,0.0,0.0,120.0,2014-09-18,7.426,47.0
115210.0,68000000.0,211817906.0,134.0,2014-10-15,7.541,12694.0
115216.0,10500000.0,1363964.0,88.0,2014-05-22,6.5,916.0
115231.0,13000000.0,54837234.0,102.0,2014-10-09,7.113,2019.0
115502.0,0.0,4453524.0,107.0,2014-06-15,6.028,627.0
115569.0,8500000.0,47425835.0,118.0,2014-10-23,7.709,11457.0
115617.0,165000000.0,657870525.0,105.0,2014-10-24,7.725,16323.0
115664.0,50000000.0,97437106.0,95.0,2014-10-01,7.529,2876.0
115667.0,0.0,4439431.0,103.0,2014-10-16,7.811,6433.0
115680.0,0.0,19572.0,104.0,2014-05-24,6.529,1342.0
115713.0,15000000.0,36869414.0,108.0,2015-01-21,7.573,13988.0
115727.0,0.0,0.0,106.0,1978-12-21,6.9,102.0
115819.0,295000.0,0.0,11.0,2013-10-14,6.938,146.0
115828.0,0.0,0.0,98.0,2014-10-03,6.6,211.0
115877.0,0.0,0.0,4.0,2012-07-03,6.941,380.0
115969.0,,,,,,
116044.0,0.0,0.0,93.0,1992-12-22,4.653,36.0
116138.0,4000000.0,4396821.0,141.0,2014-09-24,7.372,928.0
116169.0,12000000.0,0.0,117.0,2010-09-01,6.9,270.0
116207.0,16000000.0,0.0,105.0,2013-12-04,6.681,508.0
116411.0,0.0,0.0,87.0,2013-10-17,7.658,571.0
116413.0,0.0,8265.0,95.0,2014-12-05,5.782,241.0
116419.0,12000000.0,0.0,96.0,2014-10-03,4.3,142.0
116505.0,0.0,0.0,78.0,2011-12-07,6.084,203.0
116529.0,30000000.0,68129518.0,131.0,2013-10-09,6.38,380.0
116668.0,0.0,37473.0,101.0,2014-02-12,6.541,691.0
116718.0,0.0,0.0,104.0,1938-04-24,6.783,23.0
116724.0,0.0,0.0,109.0,2011-08-19,7.413,229.0
116738.0,0.0,0.0,95.0,2011-04-29,5.095,105.0
116797.0,14000000.0,233555708.0,115.0,2014-11-14,7.987,17802.0
116799.0,20000000.0,14810975.0,148.0,2014-12-12,6.541,2656.0
116817.0,5000000.0,58293.0,105.0,2014-10-17,7.168,333.0
116823.0,125000000.0,755356711.0,123.0,2014-11-19,6.817,16500.0
116849.0,0.0,0.0,90.0,2014-11-07,5.275,153.0
116887.0,140000000.0,268031828.0,150.0,2014-12-03,5.882,4768.0
116897.0,4000000.0,31478893.0,122.0,2014-08-21,7.9,3650.0
116941.0,0.0,0.0,82.0,1990-06-06,6.0,205.0
116963.0,0.0,18476.0,89.0,1991-01-11,5.1,101.0
116977.0,40000000.0,169837010.0,109.0,2014-11-12,5.572,3350.0
116985.0,0.0,46460.0,90.0,2014-09-05,5.1,307.0
117107.0,2000000.0,0.0,88.0,2014-09-12,5.902,285.0
117109.0,0.0,0.0,11.0,2014-10-28,7.712,139.0
117133.0,0.0,0.0,103.0,2008-09-25,5.97,164.0
117176.0,15000000.0,123726688.0,123.0,2014-11-07,7.8,10965.0
117192.0,0.0,0.0,60.0,2013-12-25,8.065,308.0
117364.0,0.0,0.0,100.0,2014-11-07,7.913,230.0
117368.0,0.0,0.0,11.0,2005-09-23,6.849,384.0
117444.0,0.0,857522.0,93.0,2014-06-23,7.999,1539.0
117466.0,100000000.0,93900000.0,122.0,2015-12-03,6.758,4280.0
117511.0,0.0,0.0,85.0,2014-11-22,6.449,158.0
117529.0,150000000.0,1671537444.0,125.0,2015-06-06,6.699,21276.0
117531.0,0.0,0.0,92.0,2013-10-11,6.5,28.0
117533.0,0.0,3003169.0,113.0,2014-10-10,7.743,1378.0
117545.0,30000000.0,51379470.0,82.0,2014-11-26,6.791,1446.0
117572.0,0.0,0.0,89.0,2014-10-31,4.7,39.0
117590.0,42000000.0,107645357.0,108.0,2014-11-12,6.177,4317.0
117630.0,0.0,0.0,83.0,1992-02-14,4.712,59.0
117646.0,0.0,0.0,84.0,2000-08-08,5.4,310.0
117849.0,0.0,0.0,99.0,1996-09-18,7.1,275.0
117851.0,132000000.0,373515621.0,85.0,2014-11-22,6.531,4388.0
117867.0,11000000.0,3200000.0,99.0,2014-10-10,6.8,1183.0
117877.0,0.0,0.0,100.0,2011-05-31,7.024,187.0
117881.0,5000000.0,44779195.0,101.0,2014-12-05,7.468,3217.0
117887.0,55000000.0,326113057.0,95.0,2014-11-24,7.117,4117.0
117895.0,61000000.0,312296056.0,133.0,2015-09-09,6.7,10852.0
117922.0,0.0,0.0,26.0,2011-11-24,6.465,689.0
118082.0,0.0,0.0,101.0,2014-01-19,6.248,1865.0
118166.0,0.0,0.0,88.0,1986-06-06,7.322,129.0
118198.0,0.0,0.0,101.0,2014-01-16,7.2,44.0
118248.0,15000000.0,0.0,94.0,2014-12-04,4.665,340.0
118270.0,0.0,0.0,87.0,2013-10-18,5.373,55.0
118290.0,0.0,0.0,84.0,1996-10-21,4.394,68.0
118326.0,0.0,0.0,105.0,2014-09-28,4.3,68.0
118354.0,5000000.0,5200000.0,112.0,2014-10-09,6.616,896.0
118512.0,0.0,0.0,98.0,2007-10-29,6.447,531.0
118530.0,0.0,0.0,120.0,1999-10-01,5.6,348.0
118572.0,0.0,0.0,103.0,2014-03-10,6.3,143.0
118696.0,250000000.0,956019788.0,144.0,2014-12-10,7.33,15066.0
118700.0,20000000.0,66787908.0,128.0,2014-12-25,7.386,2289.0
118702.0,65000000.0,163400000.0,137.0,2014-12-25,7.424,4304.0
118706.0,8000000.0,4070789.0,114.0,2014-12-05,6.263,1154.0
118784.0,0.0,0.0,59.0,2007-01-01,7.4,13.0
118814.0,0.0,1323415.0,94.0,2014-09-26,5.845,799.0
118834.0,0.0,0.0,94.0,2007-09-14,4.0,14.0
118862.0,9000000.0,0.0,112.0,2014-03-07,6.533,60.0
118880.0,1000000.0,395000.0,101.0,2014-11-21,6.819,930.0
118888.0,0.0,0.0,58.0,2004-09-04,7.659,154.0
118894.0,0.0,0.0,73.0,2010-02-16,7.672,262.0
118896.0,4900000.0,3494070.0,138.0,2014-09-19,8.217,2805.0
118900.0,15000000.0,52501541.0,116.0,2014-12-05,7.008,2633.0
118924.0,12000000.0,26117471.0,102.0,2014-12-12,6.086,490.0
118930.0,0.0,0.0,80.0,2014-12-05,7.72,173.0
118985.0,10000000.0,28900000.0,106.0,2014-12-24,6.972,3579.0
118997.0,50000000.0,212902372.0,125.0,2014-12-24,5.758,4373.0
119068.0,16000000.0,1700000.0,120.0,2014-10-17,6.478,965.0
119141.0,44000000.0,12342632.0,112.0,2014-12-25,6.19,6106.0
119145.0,81000000.0,414351546.0,129.0,2015-01-24,7.62,17549.0
119153.0,0.0,0.0,69.0,2012-08-16,7.587,156.0
119155.0,127000000.0,363204635.0,100.0,2014-12-17,6.222,6128.0
119167.0,0.0,0.0,82.0,2010-11-19,4.333,21.0
119218.0,,,,,,
119655.0,95000000.0,114178613.0,102.0,2014-12-12,5.517,2606.0
119714.0,8500000.0,0.0,90.0,2014-12-03,6.1,47.0
119828.0,0.0,0.0,95.0,1977-08-13,6.5,35.0
119964.0,0.0,0.0,81.0,2014-11-07,5.383,256.0
120130.0,0.0,0.0,45.0,2011-09-17,8.263,1196.0
120138.0,13000000.0,118920000.0,153.0,2014-12-18,7.703,1113.0
120466.0,49000000.0,104399548.0,120.0,2015-03-04,6.785,8310.0
120478.0,0.0,1059804.0,110.0,2014-08-29,8.118,662.0
120625.0,1300005.0,0.0,116.0,2014-08-09,7.803,304.0
120635.0,48000000.0,325800000.0,104.0,2014-12-16,6.259,6034.0
120637.0,70000000.0,17752940.0,133.0,2015-01-13,5.512,2143.0
120761.0,0.0,0.0,80.0,1926-12-03,6.5,41.0
120783.0,12000000.0,660241.0,108.0,2014-10-16,6.392,804.0
120799.0,155000000.0,440603537.0,126.0,2015-06-23,5.947,8821.0
120807.0,0.0,0.0,58.0,2012-01-31,7.977,197.0
120813.0,0.0,0.0,63.0,2009-08-25,7.172,29.0
120827.0,0.0,0.0,102.0,1988-08-31,7.171,76.0
120919.0,0.0,0.0,125.0,2014-06-01,6.86,100.0
121007.0,0.0,0.0,84.0,2009-02-02,5.885,217.0
121035.0,,,,,,
121097.0,0.0,0.0,89.0,1992-12-06,6.464,83.0
121099.0,0.0,0.0,70.0,2003-03-02,6.021,1221.0
121129.0,0.0,0.0,85.0,2014-02-01,4.062,524.0
121169.0,1000000.0,0.0,106.0,2014-10-18,6.336,360.0
121171.0,0.0,694600.0,76.0,2014-08-13,7.3,155.0
121231.0,2300000.0,23374076.0,100.0,2015-02-04,6.6,6783.0
121253.0,0.0,0.0,90.0,2014-10-16,5.787,508.0
121338.0,0.0,0.0,91.0,1963-06-01,6.4,67.0
121342.0,0.0,0.0,89.0,1962-03-12,6.1,67.0
121372.0,0.0,0.0,65.0,2010-09-18,7.722,115.0
121374.0,0.0,0.0,55.0,2008-08-23,7.691,102.0
121469.0,2000000.0,0.0,93.0,2008-04-24,5.6,89.0
121715.0,0.0,0.0,75.0,2012-01-05,7.6,30.0
121781.0,0.0,0.0,74.0,2005-07-14,5.2,519.0
122092.0,0.0,0.0,101.0,2005-06-06,4.54,25.0
122246.0,5000000.0,0.0,90.0,2012-03-06,4.9,175.0
122260.0,,,,,,
122433.0,0.0,0.0,83.0,1966-12-23,4.3,40.0
122490.0,3500000.0,0.0,92.0,2014-03-04,5.5,97.0
122627.0,0.0,0.0,83.0,1996-04-02,4.152,23.0
122882.0,150000000.0,378858340.0,120.0,2015-05-13,7.629,23712.0
122884.0,10000000.0,120453155.0,97.0,2015-05-28,6.284,3544.0
122886.0,245000000.0,2068223624.0,135.0,2015-12-15,7.3,20248.0
122888.0,100000000.0,94061311.0,126.0,2016-08-17,5.763,1753.0
122890.0,160000000.0,433677183.0,124.0,2016-05-25,6.395,7129.0
122892.0,235000000.0,1405403694.0,143.0,2015-04-22,7.27,24072.0
122896.0,230000000.0,795922298.0,129.0,2017-05-23,6.7,12597.0
122898.0,300000000.0,661326987.0,120.0,2017-11-15,6.071,13475.0
122900.0,130000000.0,519311965.0,118.0,2015-07-14,7.066,20586.0
122902.0,120000000.0,167977596.0,100.0,2015-08-05,4.437,6317.0
122904.0,58000000.0,782837347.0,109.0,2016-02-09,7.622,32303.0
122906.0,200000000.0,1349926083.0,134.0,2018-02-13,7.363,23137.0
122912.0,300000000.0,2052415039.0,149.0,2018-04-25,8.2,31420.0
122916.0,180000000.0,855301806.0,130.0,2017-10-02,7.582,21689.0
122918.0,200000000.0,863756051.0,138.0,2017-04-19,7.611,22600.0
122920.0,250000000.0,1155046416.0,148.0,2016-04-27,7.4,23703.0
122922.0,180000000.0,676343174.0,115.0,2016-10-25,7.417,23125.0
122924.0,178000000.0,543934787.0,144.0,2016-05-18,6.5,13559.0
122926.0,,,,,,
122932.0,10000000.0,0.0,97.0,2014-03-07,5.99,97.0
123200.0,0.0,0.0,58.0,2009-05-16,7.23,89.0
123310.0,0.0,0.0,83.0,1996-05-06,5.67,44.0
123545.0,0.0,0.0,101.0,1949-03-01,5.7,15.0
123553.0,3500000.0,0.0,85.0,2014-02-05,3.841,83.0
123947.0,7000000.0,2360281.0,102.0,2014-09-07,6.268,926.0
124273.0,0.0,0.0,200.0,2010-10-22,6.4,35.0
124404.0,0.0,6776616.0,86.0,2011-12-23,5.2,45.0
124484.0,0.0,0.0,90.0,1976-11-01,6.8,18.0
124851.0,0.0,0.0,52.0,2014-06-20,6.2,93.0
124853.0,0.0,0.0,29.0,1968-09-24,6.63,23.0
124859.0,25000000.0,39171130.0,110.0,2014-12-25,6.023,1517.0
125221.0,0.0,0.0,81.0,1956-08-01,4.217,60.0
125914.0,60000000.0,47318560.0,107.0,2015-01-21,5.519,2728.0
125916.0,40000000.0,569651467.0,125.0,2015-02-11,5.873,12240.0
125970.0,0.0,0.0,84.0,1998-11-10,6.814,581.0
125974.0,0.0,0.0,82.0,2004-10-08,6.538,318.0
126088.0,0.0,0.0,69.0,1994-11-24,6.7,148.0
126090.0,0.0,0.0,10.0,1975-10-23,7.407,257.0
126142.0,0.0,0.0,200.0,1991-12-22,6.4,160.0
126420.0,10000000.0,0.0,109.0,2014-09-11,4.776,368.0
126426.0,0.0,0.0,142.0,1968-10-08,6.0,20.0
126430.0,,,,,,
126482.0,100000000.0,13603453.0,99.0,2015-01-23,7.176,542.0
126548.0,8500000.0,43528634.0,101.0,2015-02-20,6.763,4446.0
126577.0,0.0,0.0,89.0,2012-01-10,7.1,119.0
126921.0,24000000.0,0.0,69.0,2006-11-09,6.0,690.0
127052.0,0.0,0.0,95.0,1965-07-24,7.494,501.0
127096.0,12000000.0,33200000.0,106.0,2015-01-28,6.782,2779.0
127098.0,0.0,0.0,66.0,2015-01-27,7.385,200.0
127108.0,11000000.0,62076141.0,113.0,2015-10-20,7.31,3209.0
127114.0,0.0,3002884.0,106.0,2015-07-31,7.015,600.0
127116.0,0.0,224145.0,98.0,2015-10-16,6.49,479.0
127130.0,0.0,2500431.0,84.0,2015-08-14,6.472,580.0
127132.0,0.0,0.0,103.0,2015-08-28,5.5,170.0
127134.0,8000000.0,37461274.0,104.0,2015-09-02,6.12,757.0
127136.0,0.0,5261595.0,99.0,2015-04-17,6.258,2050.0
127146.0,0.0,0.0,132.0,2015-03-23,7.626,736.0
127152.0,0.0,0.0,113.0,2015-01-25,7.572,850.0
127164.0,0.0,0.0,102.0,2015-01-22,7.399,381.0
127172.0,0.0,0.0,105.0,2013-05-17,7.1,25.0
127180.0,,,,,,
127184.0,0.0,65460.0,131.0,2014-11-19,5.824,142.0
127194.0,447524.0,771317.0,101.0,2015-05-08,4.9,251.0
127198.0,7000000.0,17986781.0,103.0,2015-06-19,7.059,1546.0
127202.0,0.0,0.0,95.0,2015-06-12,7.531,2703.0
127204.0,0.0,1100000.0,79.0,2015-06-19,5.961,356.0
127212.0,0.0,643557.0,122.0,2015-07-17,6.8,974.0
127298.0,0.0,1472431.0,100.0,2014-10-24,6.8,483.0
127319.0,14000000.0,10100000.0,103.0,2014-10-14,6.416,1540.0
127323.0,10000000.0,0.0,96.0,2015-01-16,4.347,573.0
127390.0,,,,,,
128087.0,0.0,0.0,103.0,1972-05-30,4.2,5.0
128089.0,0.0,0.0,62.0,2009-02-03,7.304,153.0
128097.0,0.0,0.0,61.0,2013-08-23,6.1,15.0
128099.0,0.0,0.0,77.0,2014-08-29,7.531,161.0
128197.0,0.0,306976.0,95.0,1992-01-31,5.5,12.0
128360.0,44000000.0,155760117.0,180.0,2015-12-25,7.756,14974.0
128366.0,0.0,0.0,71.0,2014-01-17,6.8,20.0
128488.0,30000000.0,6738764.0,92.0,2015-01-14,5.694,1887.0
128512.0,12000000.0,85500000.0,109.0,2015-06-18,6.153,5142.0
128520.0,23000000.0,79799880.0,101.0,2015-01-16,6.464,1662.0
128542.0,160000.0,111141.0,98.0,2014-09-19,6.047,492.0
128592.0,4000000.0,52425855.0,91.0,2015-01-23,4.9,2099.0
128594.0,0.0,0.0,95.0,2014-06-28,6.64,111.0
128620.0,0.0,3191971.0,138.0,2015-06-11,7.598,1312.0
128695.0,6875270.0,0.0,115.0,2014-02-13,7.039,415.0
128736.0,0.0,0.0,32.0,2010-03-01,7.245,188.0
128832.0,3500000.0,292092.0,94.0,2014-11-03,5.852,349.0
128838.0,55000000.0,74700000.0,119.0,2015-10-13,6.662,5156.0
128842.0,0.0,0.0,98.0,2015-02-24,5.4,265.0
128852.0,0.0,0.0,65.0,1999-07-10,7.419,111.0
128900.0,0.0,0.0,76.0,1996-12-05,7.2,5.0
128902.0,0.0,0.0,112.0,2010-12-31,5.4,7.0
128908.0,0.0,0.0,93.0,2011-09-23,6.318,55.0
128914.0,0.0,0.0,74.0,2014-03-15,7.484,61.0
128944.0,7000000.0,0.0,75.0,1997-07-01,5.4,714.0
128968.0,0.0,0.0,60.0,2003-09-10,6.43,765.0
128975.0,36000000.0,64800000.0,93.0,2015-02-20,5.196,993.0
128991.0,0.0,0.0,5.0,2014-05-08,7.362,58.0
129011.0,0.0,0.0,99.0,1997-11-17,7.149,47.0
129229.0,0.0,3005082.0,97.0,2014-10-23,5.452,356.0
129250.0,20000000.0,0.0,99.0,2015-03-05,5.112,491.0
129313.0,0.0,423619.0,87.0,2015-02-18,7.079,540.0
129333.0,0.0,2710.0,95.0,2015-01-03,4.842,79.0
129354.0,50100000.0,153962963.0,105.0,2015-02-25,6.9,8164.0
129397.0,0.0,0.0,12.0,2012-08-29,6.433,587.0
129428.0,10000000.0,85979176.0,122.0,2015-02-26,6.425,753.0
129514.0,0.0,0.0,70.0,2008-03-01,7.884,138.0
129657.0,11000000.0,593683.0,93.0,2015-01-15,6.026,1104.0
129659.0,0.0,45710059.0,128.0,2015-02-20,7.486,915.0
129737.0,35000000.0,14431253.0,90.0,2015-03-05,5.462,849.0
129779.0,0.0,0.0,58.0,2013-06-22,7.022,226.0
129937.0,50000000.0,71561644.0,114.0,2015-03-11,6.4,2917.0
130050.0,0.0,0.0,88.0,2015-02-20,5.4,157.0
130052.0,0.0,4381603.0,99.0,2014-11-13,5.781,1435.0
130073.0,95000000.0,543514353.0,105.0,2015-03-06,6.824,7307.0
130083.0,0.0,2633527.0,94.0,2015-03-12,6.019,654.0
130087.0,10000000.0,6500000.0,97.0,2014-09-11,5.863,1775.0
130444.0,0.0,5524381.0,118.0,2013-03-14,6.943,1139.0
130450.0,150000000.0,128388320.0,111.0,2015-09-24,5.959,2810.0
130452.0,10000000.0,17287309.0,97.0,2015-03-27,6.001,1173.0
130482.0,0.0,0.0,99.0,1949-07-17,6.8,91.0
130490.0,110000000.0,297002527.0,119.0,2015-03-18,6.362,10309.0
130498.0,4000000.0,29456000.0,100.0,1997-04-01,6.281,538.0
130518.0,0.0,0.0,22.0,2006-08-20,6.867,49.0
130520.0,135000000.0,368871007.0,94.0,2015-03-18,6.793,4155.0
130576.0,18000000.0,7112282.0,112.0,2016-02-18,6.251,1998.0
130578.0,40000000.0,13644292.0,115.0,2015-02-16,5.759,1007.0
130634.0,190000000.0,1515400000.0,137.0,2015-04-01,7.217,11118.0
130686.0,0.0,4500000.0,91.0,2015-10-09,6.389,1367.0
130840.0,0.0,49970.0,109.0,2014-10-08,6.632,761.0
130842.0,,,,,,
130970.0,0.0,0.0,74.0,2005-11-05,7.452,104.0
130976.0,7720000.0,29523237.0,134.0,2013-04-17,6.746,140.0
130978.0,0.0,0.0,107.0,1984-12-31,7.574,135.0
131013.0,40000000.0,111800000.0,100.0,2015-03-26,6.024,2845.0
131023.0,0.0,0.0,97.0,2014-07-31,6.8,222.0
131098.0,7500000.0,0.0,83.0,2013-11-05,5.2,103.0
131104.0,0.0,0.0,115.0,1969-03-07,7.291,289.0
131130.0,0.0,0.0,46.0,2007-10-02,6.8,164.0
131237.0,1950000.0,12005838.0,93.0,2010-03-04,7.211,190.0
131439.0,0.0,0.0,90.0,2015-04-10,5.618,568.0
131480.0,0.0,0.0,105.0,2014-12-20,5.891,220.0
131578.0,3539484.0,13109200.0,103.0,1993-04-08,4.364,33.0
131610.0,0.0,235262.0,86.0,1986-11-14,5.2,13.0
131656.0,25000000.0,106209378.0,85.0,2015-02-05,6.986,1481.0
131714.0,40000000.0,3643591.0,115.0,2015-04-03,6.41,1134.0
131724.0,,,,,,
131739.0,0.0,0.0,80.0,2015-04-03,7.227,976.0
131749.0,0.0,0.0,93.0,2014-05-07,6.5,205.0
131796.0,11000000.0,61619773.0,109.0,2015-03-20,7.3,1434.0
131826.0,0.0,0.0,71.0,2015-01-23,6.657,86.0
131920.0,0.0,0.0,100.0,2014-10-24,6.879,393.0
131934.0,0.0,0.0,99.0,1986-11-01,3.9,21.0
132046.0,190000000.0,209200000.0,130.0,2015-05-19,6.289,7251.0
132084.0,0.0,0.0,88.0,1995-11-17,5.0,8.0
132153.0,10000.0,13684.0,97.0,2015-03-06,5.3,61.0
132157.0,38000000.0,107597242.0,94.0,2015-04-16,5.185,1658.0
132333.0,0.0,0.0,124.0,2014-06-27,6.9,14.0
132335.0,0.0,0.0,92.0,2014-11-12,7.081,476.0
132362.0,2000000.0,0.0,116.0,1993-08-07,7.366,142.0
132422.0,1420000.0,0.0,123.0,2015-02-13,4.7,67.0
132424.0,34000000.0,63013281.0,139.0,2015-04-09,7.626,3288.0
132454.0,0.0,0.0,85.0,2014-02-10,5.866,41.0
132462.0,0.0,0.0,83.0,2015-06-07,4.8,90.0
132488.0,0.0,0.0,85.0,2014-04-24,5.0,75.0
132496.0,10000000.0,10835752.0,106.0,2015-03-19,6.746,568.0
132584.0,0.0,0.0,93.0,2003-06-13,5.8,137.0
132618.0,0.0,0.0,90.0,2014-06-13,4.318,264.0
132660.0,0.0,3000000.0,88.0,2015-05-29,6.57,1028.0
132796.0,110000000.0,473990832.0,115.0,2015-05-27,6.2,8886.0
132800.0,0.0,0.0,87.0,2015-05-01,5.837,328.0
132888.0,0.0,0.0,70.0,2013-09-02,7.2,122.0
133115.0,0.0,0.0,75.0,2014-04-23,6.3,16.0
133195.0,35000000.0,81967450.0,96.0,2015-08-20,5.896,3218.0
133217.0,0.0,358590.0,92.0,2015-03-19,5.2,27.0
133281.0,18000000.0,41325328.0,101.0,2015-07-10,5.783,735.0
133365.0,0.0,0.0,94.0,2015-04-29,6.124,109.0
133377.0,0.0,0.0,106.0,2015-04-11,5.241,382.0
133419.0,29000000.0,287144079.0,115.0,2015-05-07,6.843,5454.0
133545.0,0.0,0.0,90.0,2015-04-24,6.419,362.0
133645.0,11800000.0,40272135.0,118.0,2015-11-20,7.5,3904.0
133712.0,0.0,0.0,159.0,1977-10-26,7.88,255.0
133716.0,0.0,0.0,19.0,1962-01-08,7.35,133.0
133771.0,4000000.0,15700000.0,118.0,2015-10-15,7.029,6730.0
133780.0,0.0,0.0,111.0,2014-04-17,7.558,154.0
133782.0,4000000.0,187112.0,95.0,2015-05-08,5.4,1658.0
133798.0,35000000.0,51680201.0,88.0,2015-05-08,5.755,1692.0
133802.0,2000000.0,1617522.0,84.0,2015-05-15,6.683,1030.0
133832.0,5000000.0,12931420.0,100.0,2013-09-08,5.74,1549.0
133867.0,15000000.0,933847.0,96.0,2015-04-23,5.722,1100.0
133879.0,0.0,0.0,90.0,1967-03-02,6.6,58.0
134004.0,0.0,0.0,98.0,2007-03-23,5.167,30.0
134019.0,0.0,0.0,105.0,1961-07-25,7.727,88.0
134021.0,0.0,0.0,98.0,2014-04-19,7.114,407.0
134041.0,0.0,0.0,92.0,1976-01-01,7.801,148.0
134095.0,0.0,0.0,26.0,2006-04-08,7.054,56.0
134109.0,4000000.0,0.0,98.0,2008-03-20,7.224,114.0
134130.0,108000000.0,631058917.0,144.0,2015-09-30,7.691,20793.0
134158.0,0.0,0.0,96.0,2015-05-31,6.115,1249.0
134170.0,630019.0,0.0,31.0,2015-05-22,7.471,1914.0
134184.0,0.0,0.0,122.0,2007-10-18,7.1,122.0
134214.0,13360000.0,2000000.0,118.0,2015-05-20,6.899,2171.0
134246.0,20000000.0,0.0,96.0,2015-05-21,5.683,1057.0
134248.0,0.0,0.0,82.0,2015-01-24,6.074,692.0
134252.0,0.0,0.0,142.0,1979-12-31,7.5,87.0
134326.0,0.0,0.0,104.0,1980-12-20,7.129,492.0
134334.0,4000000.0,15360000.0,150.0,2006-06-09,6.849,139.0
134368.0,65000000.0,235666219.0,120.0,2015-05-06,6.834,6293.0
134393.0,35000000.0,140795793.0,125.0,2015-07-17,5.794,2684.0
134515.0,980385.0,2536531.0,91.0,1983-12-29,5.516,156.0
134524.0,0.0,0.0,98.0,2014-08-12,7.5,26.0
134528.0,37000000.0,26250020.0,105.0,2015-05-29,5.5,2126.0
134775.0,65000000.0,121545703.0,127.0,2015-02-19,6.403,614.0
134783.0,30000000.0,49263404.0,104.0,2015-06-03,6.249,1083.0
134796.0,0.0,0.0,135.0,2015-01-24,7.565,92.0
134808.0,0.0,0.0,93.0,2015-06-06,4.938,24.0
134847.0,0.0,1438697.0,99.0,2012-02-03,6.583,224.0
134849.0,0.0,0.0,7.0,1953-02-28,8.117,240.0
134853.0,175000000.0,857611174.0,94.0,2015-06-17,7.909,23125.0
134859.0,0.0,1301696.0,89.0,2015-06-12,6.776,321.0
134861.0,0.0,0.0,69.0,2013-07-05,7.0,43.0
134881.0,10000000.0,28600000.0,121.0,2015-05-29,7.1,733.0
135133.0,160000000.0,653428261.0,137.0,2015-11-18,6.9,13126.0
135137.0,88000000.0,244874809.0,121.0,2015-07-16,5.764,7913.0
135143.0,180000000.0,809342332.0,133.0,2016-11-16,7.309,19471.0
135198.0,0.0,0.0,106.0,2010-02-14,6.1,30.0
135216.0,1000000.0,0.0,72.0,1978-11-17,3.394,498.0
135288.0,11000000.0,29355203.0,103.0,2015-06-19,6.478,1929.0
135436.0,75000000.0,875457937.0,87.0,2016-06-18,6.313,8391.0
135456.0,0.0,0.0,160.0,2005-09-23,7.739,138.0
135518.0,26000000.0,31807156.0,117.0,2015-07-10,6.4,3242.0
135532.0,90000000.0,146936910.0,106.0,2015-10-21,6.0,3783.0
135534.0,15000000.0,61800000.0,98.0,2015-11-26,6.2,2351.0
135536.0,175000000.0,749200054.0,123.0,2016-08-03,5.9,21846.0
135567.0,165000000.0,389681935.0,120.0,2016-06-22,5.353,6339.0
135569.0,185000000.0,343471816.0,123.0,2016-07-07,6.8,6954.0
135777.0,1800000.0,4900000.0,150.0,2006-07-14,6.707,135.0
135787.0,0.0,0.0,100.0,2000-10-22,7.3,106.0
135803.0,0.0,0.0,108.0,1982-04-21,6.9,92.0
135815.0,0.0,0.0,106.0,1979-09-20,6.9,10.0
135861.0,68000000.0,215863606.0,115.0,2015-06-25,6.314,7857.0
135885.0,0.0,6303792.0,85.0,2015-02-13,5.902,1590.0
135887.0,74000000.0,1159457503.0,91.0,2015-06-17,6.417,10963.0
135937.0,3000000.0,0.0,81.0,1994-03-11,4.838,198.0
136012.0,0.0,0.0,90.0,1996-12-05,5.5,101.0
136016.0,175000000.0,332207671.0,94.0,2015-11-14,6.736,5885.0
136018.0,53000000.0,99975678.0,122.0,2015-09-17,6.526,3522.0
136020.0,245000000.0,880707597.0,148.0,2015-10-26,6.566,11033.0
136024.0,0.0,0.0,91.0,1983-05-28,6.198,81.0
136297.0,0.0,0.0,39.0,1995-08-28,3.8,36.0
136305.0,0.0,0.0,82.0,2015-07-22,4.632,521.0
136341.0,0.0,0.0,75.0,2009-04-07,7.669,275.0
136353.0,0.0,0.0,71.0,2004-05-20,7.3,446.0
136355.0,0.0,0.0,81.0,2012-10-09,7.668,211.0
136359.0,0.0,0.0,49.0,1979-12-23,7.613,142.0
136443.0,0.0,0.0,60.0,2007-08-04,7.489,91.0
136445.0,0.0,0.0,60.0,1996-03-30,7.669,74.0
136447.0,0.0,0.0,65.0,1999-02-06,7.761,94.0
136449.0,0.0,0.0,83.0,2008-07-12,7.406,452.0
136469.0,0.0,0.0,59.0,1999-10-17,7.5,95.0
136471.0,0.0,7706436.0,90.0,2011-09-09,7.101,149.0
136503.0,0.0,0.0,74.0,2006-08-21,6.897,165.0
136511.0,0.0,0.0,83.0,2014-11-18,6.159,22.0
136540.0,0.0,0.0,83.0,2011-03-13,4.9,32.0
136556.0,0.0,0.0,24.0,2011-12-12,6.465,271.0
136562.0,30000000.0,34400000.0,122.0,2015-10-09,6.777,4298.0
136564.0,15000000.0,16322067.0,113.0,2015-09-22,6.449,1506.0
136598.0,31000000.0,104400000.0,100.0,2015-07-28,6.311,3906.0
136602.0,420.0,0.0,82.0,2014-06-23,6.389,1579.0
136654.0,0.0,0.0,101.0,2014-09-06,5.1,189.0
136664.0,0.0,0.0,100.0,2015-06-05,4.8,102.0
136666.0,20000000.0,0.0,89.0,2014-10-30,5.3,197.0
136778.0,0.0,0.0,95.0,2015-04-17,5.0,11.0
136786.0,8000000.0,0.0,91.0,2015-05-06,6.1,423.0
136800.0,21000000.0,0.0,90.0,2015-01-29,4.831,270.0
136816.0,5300000.0,0.0,85.0,2015-03-06,5.986,148.0
136834.0,0.0,0.0,81.0,2005-03-24,5.1,78.0
136838.0,0.0,0.0,102.0,2006-03-30,5.5,10.0
136840.0,0.0,0.0,101.0,2013-09-12,6.3,54.0
136850.0,0.0,0.0,98.0,1971-05-26,6.1,43.0
136859.0,27000000.0,0.0,109.0,2015-03-13,4.787,75.0
136864.0,250000000.0,874362803.0,153.0,2016-03-23,5.987,18722.0
136912.0,0.0,0.0,101.0,2012-08-04,5.4,38.0
136958.0,0.0,0.0,91.0,1982-05-07,5.211,83.0
137218.0,0.0,0.0,100.0,1988-04-24,5.7,14.0
137337.0,0.0,23706386.0,127.0,2015-07-02,7.578,1296.0
137345.0,0.0,0.0,111.0,2014-04-17,5.617,77.0
137517.0,0.0,0.0,86.0,1983-03-04,2.7,37.0
137595.0,14800000.0,117800000.0,130.0,2015-07-01,6.149,1845.0
137857.0,175000000.0,966550600.0,106.0,2016-04-07,6.867,8377.0
137859.0,,,,,,
137863.0,5000000.0,61768190.0,93.0,2015-04-18,6.859,1982.0
138036.0,75000000.0,110045109.0,116.0,2015-08-13,7.08,6701.0
138186.0,0.0,0.0,91.0,2015-04-21,4.5,10.0
138204.0,0.0,0.0,42.0,2015-07-08,6.48,421.0
138208.0,35000000.0,61181942.0,100.0,2015-09-30,6.993,3326.0
138210.0,50000000.0,69411370.0,144.0,2016-01-14,7.272,3842.0
138396.0,0.0,0.0,109.0,2013-01-21,6.271,24.0
138546.0,3300000.0,50206.0,96.0,2015-01-22,4.5,49.0
138610.0,100000.0,42964410.0,81.0,2015-07-09,4.927,977.0
138632.0,0.0,1359031.0,116.0,2014-08-30,6.5,160.0
138702.0,0.0,0.0,6.0,2014-10-25,7.839,886.0
138798.0,0.0,0.0,107.0,2015-07-16,4.9,163.0
138835.0,0.0,0.0,107.0,1989-03-24,7.574,121.0
138966.0,0.0,0.0,46.0,2003-06-26,7.1,27.0
139052.0,20000000.0,5090852.0,113.0,2015-04-08,5.933,1344.0
139130.0,,,,,,
139157.0,0.0,0.0,151.0,2015-05-29,5.0,44.0
139385.0,135000000.0,532950503.0,157.0,2015-12-25,7.539,18982.0
139415.0,11000000.0,27391084.0,95.0,2015-07-17,6.525,2445.0
139511.0,0.0,0.0,108.0,2007-02-17,5.9,116.0
139640.0,6000000.0,22783699.0,87.0,2015-03-26,6.429,333.0
139642.0,30000000.0,91709827.0,124.0,2015-03-24,7.4,5709.0
139644.0,30000000.0,84997446.0,122.0,2015-09-17,7.416,9304.0
139655.0,0.0,2193474.0,99.0,2015-01-08,6.673,1668.0
139717.0,0.0,0.0,91.0,2014-07-24,4.5,20.0
139747.0,0.0,37151.0,89.0,2014-09-04,6.741,1867.0
139855.0,8000000.0,5700000.0,90.0,2015-12-30,7.103,1794.0
139857.0,14000000.0,3621046.0,110.0,2015-06-24,7.244,1963.0
139859.0,0.0,0.0,57.0,2013-11-29,7.028,158.0
139915.0,0.0,2400000.0,99.0,2015-07-16,5.645,601.0
139994.0,0.0,0.0,88.0,1985-12-20,6.096,218.0
140016.0,0.0,714058.0,91.0,2015-04-07,5.162,170.0
140038.0,0.0,0.0,102.0,1981-12-18,6.623,273.0
140110.0,35000000.0,194564672.0,121.0,2015-09-23,7.227,7155.0
140133.0,23000.0,0.0,75.0,1988-03-01,5.7,117.0
140162.0,3000000.0,249083.0,134.0,2015-07-15,6.451,2617.0
140174.0,13000000.0,35401758.0,118.0,2015-10-16,7.998,9551.0
140237.0,6000000.0,0.0,90.0,2015-08-07,4.8,181.0
140247.0,5000000.0,58978653.0,108.0,2015-07-31,6.699,3415.0
140265.0,0.0,0.0,59.0,1992-04-25,7.938,81.0
140267.0,4000000.0,40423945.0,92.0,2016-02-19,6.995,7491.0
140289.0,0.0,4765472.0,104.0,2015-02-05,6.5,242.0
140301.0,0.0,0.0,88.0,2015-11-05,5.964,443.0
140359.0,0.0,0.0,62.0,2009-11-15,7.925,233.0
140481.0,,,,,,
140523.0,5000000.0,98450062.0,93.0,2015-09-10,6.324,5051.0
140525.0,19500000.0,34854990.0,111.0,2015-10-14,6.356,1414.0
140541.0,0.0,0.0,9.0,1908-11-14,6.1,64.0
140561.0,0.0,0.0,51.0,2015-06-13,7.1,26.0
140627.0,5000000.0,0.0,118.0,2015-04-02,7.3,488.0
140711.0,28000000.0,27100000.0,95.0,2015-08-19,6.091,2904.0
140715.0,28000000.0,201634991.0,146.0,2015-08-11,7.782,4110.0
140725.0,800000.0,143658.0,88.0,2015-07-08,5.988,904.0
140737.0,,,,,,
140816.0,100000.0,925000.0,87.0,2015-07-10,6.877,777.0
140850.0,0.0,103536.0,93.0,2014-04-20,6.151,351.0
140852.0,0.0,0.0,97.0,1991-09-14,5.9,91.0
140928.0,60000000.0,101134059.0,124.0,2015-12-24,6.55,4240.0
140956.0,175000000.0,607274134.0,140.0,2018-03-28,7.585,16561.0
141004.0,40000000.0,34200000.0,110.0,2015-11-10,5.95,2234.0
141131.0,5400000.0,15065483.0,88.0,2017-02-14,5.009,803.0
141400.0,0.0,0.0,98.0,1978-11-19,6.4,42.0
141408.0,15000000.0,14900000.0,93.0,2015-10-23,6.6,2070.0
141422.0,14000000.0,16002420.0,106.0,2015-10-16,7.197,1659.0
141513.0,0.0,0.0,95.0,2014-03-08,5.553,38.0
141544.0,0.0,67132.0,93.0,2015-08-14,6.503,747.0
141646.0,0.0,0.0,88.0,2014-09-01,5.3,39.0
141668.0,3000000.0,73267874.0,120.0,2015-08-28,7.84,569.0
141688.0,25000000.0,42972994.0,131.0,2015-09-09,7.056,4168.0
141718.0,0.0,14685.0,86.0,2015-08-28,6.284,634.0
141749.0,15000000.0,64200000.0,120.0,2015-11-27,7.555,5893.0
141799.0,0.0,581011.0,88.0,2014-10-10,5.894,799.0
141810.0,0.0,0.0,89.0,1979-06-06,7.115,65.0
141816.0,,,,,,
141818.0,0.0,0.0,138.0,1978-10-02,7.34,81.0
141820.0,0.0,0.0,92.0,1972-08-07,7.227,55.0
141830.0,0.0,0.0,102.0,1974-01-31,7.222,133.0
141836.0,0.0,0.0,92.0,1975-10-23,7.299,72.0
141844.0,0.0,0.0,153.0,1971-06-21,7.6,168.0
141846.0,0.0,494506.0,129.0,2015-08-07,6.6,252.0
141866.0,5000000.0,3800000.0,95.0,2016-04-15,6.722,2875.0
141890.0,6000000.0,9077700.0,137.0,2015-09-11,7.589,1834.0
141928.0,0.0,0.0,84.0,2015-08-28,5.5,204.0
141994.0,500000.0,2783970.0,79.0,2014-11-14,1.8,102.0
142020.0,0.0,0.0,83.0,1967-10-11,7.307,518.0
142056.0,0.0,0.0,71.0,2013-12-03,5.9,215.0
142074.0,10000000.0,6341684.0,99.0,2015-06-26,5.4,3412.0
142115.0,,,,,,
142196.0,0.0,0.0,87.0,2009-11-22,4.3,41.0
142222.0,10000000.0,4366460.0,100.0,2016-04-06,6.84,2424.0
142366.0,0.0,0.0,59.0,2005-12-16,7.3,136.0
142372.0,28000000.0,7002261.0,107.0,2015-09-11,5.85,519.0
142420.0,0.0,4289074.0,119.0,2015-11-22,5.621,1228.0
142422.0,25000000.0,52395996.0,101.0,2015-11-20,6.095,1792.0
142424.0,0.0,9995.0,101.0,2016-06-03,5.824,704.0
142444.0,0.0,0.0,99.0,2014-09-11,5.575,126.0
142448.0,55000000.0,203427584.0,122.0,2015-09-10,6.8,5127.0
142456.0,8700000.0,15709652.0,110.0,2015-09-02,6.644,1732.0
142488.0,20000000.0,98690254.0,129.0,2015-11-06,7.8,8625.0
142507.0,19000000.0,5578519.0,114.0,2015-09-16,6.749,1035.0
142509.0,2000000.0,16810562.0,96.0,2015-09-12,6.397,2583.0
142536.0,20000000.0,36606743.0,100.0,2015-10-02,6.524,3517.0
142550.0,0.0,11757243.0,125.0,2015-04-25,6.21,62.0
142558.0,0.0,0.0,105.0,2002-11-27,5.716,109.0
142598.0,0.0,0.0,90.0,2014-10-25,6.273,684.0
142602.0,0.0,83027924.0,119.0,2015-09-10,6.461,998.0
142831.0,0.0,0.0,142.0,2005-11-03,5.9,96.0
142961.0,0.0,0.0,123.0,2015-03-05,7.1,83.0
142997.0,80000000.0,473200000.0,90.0,2015-09-21,6.768,6031.0
143001.0,0.0,0.0,116.0,2015-05-01,5.266,47.0
143031.0,0.0,0.0,85.0,2007-01-12,6.381,415.0
143245.0,64000000.0,101281211.0,106.0,2015-07-29,7.6,2911.0
143255.0,1500000.0,0.0,96.0,2015-09-25,4.6,75.0
143257.0,0.0,4631.0,100.0,2015-04-19,6.207,461.0
143355.0,149000000.0,823970682.0,141.0,2017-05-30,7.21,20679.0
143365.0,18000000.0,40651864.0,109.0,2017-04-27,5.522,4539.0
143367.0,46000000.0,23834809.0,159.0,2016-12-23,7.122,3229.0
143385.0,40000000.0,165478348.0,141.0,2015-10-15,7.237,7155.0
143410.0,0.0,87768.0,120.0,2015-10-09,6.8,255.0
143458.0,0.0,0.0,104.0,2014-04-29,6.608,97.0
143472.0,10000000.0,0.0,94.0,2015-02-27,5.372,316.0
143511.0,15483821.0,0.0,191.0,2015-09-12,8.5,302.0
143525.0,0.0,0.0,106.0,2015-06-27,6.4,11.0
143559.0,0.0,0.0,86.0,2015-06-12,4.8,47.0
143859.0,22000000.0,63647656.0,100.0,2016-02-05,5.934,3943.0
143896.0,0.0,0.0,110.0,2014-12-12,7.1,34.0
143969.0,3196621.0,25513752.0,116.0,2015-10-08,6.787,1885.0
144210.0,0.0,0.0,75.0,2014-04-27,6.87,23.0
144222.0,0.0,0.0,87.0,2013-12-05,6.132,117.0
144262.0,0.0,0.0,96.0,2015-08-19,5.8,68.0
144352.0,0.0,0.0,135.0,2013-09-13,7.0,76.0
144478.0,0.0,0.0,110.0,2013-08-29,6.1,35.0
144522.0,0.0,1831166.0,122.0,2003-12-05,6.221,52.0
144606.0,30000000.0,33013805.0,113.0,2002-12-31,6.7,1234.0
144620.0,58000000.0,158261424.0,104.0,2015-08-05,6.313,3928.0
144714.0,12000000.0,60273173.0,100.0,2015-09-11,5.7,337.0
144716.0,15000000.0,3020664.0,100.0,2015-10-22,5.386,364.0
144734.0,0.0,70958.0,92.0,2015-10-30,6.1,597.0
144976.0,1800000.0,475846.0,132.0,2015-10-23,6.879,2454.0
145080.0,0.0,0.0,73.0,2015-06-25,6.5,127.0
145150.0,11930000.0,25003426.0,118.0,2015-10-29,6.993,1735.0
145283.0,0.0,0.0,102.0,2014-09-18,7.36,50.0
145418.0,15000000.0,8235661.0,124.0,2015-10-27,7.158,1654.0
145491.0,2200000.0,0.0,89.0,2000-05-18,6.056,285.0
145724.0,0.0,0.0,80.0,1973-06-15,4.904,26.0
145745.0,0.0,0.0,90.0,1999-05-02,2.5,6.0
145839.0,35000000.0,50400000.0,123.0,2015-11-12,7.1,2671.0
145935.0,99000000.0,246233113.0,89.0,2015-11-05,6.951,1756.0
145951.0,0.0,0.0,100.0,1999-03-30,4.7,81.0
145994.0,0.0,0.0,90.0,1984-12-30,7.473,74.0
146024.0,0.0,0.0,99.0,1987-06-23,7.1,100.0
146028.0,0.0,0.0,74.0,1981-07-25,7.326,132.0
146210.0,0.0,0.0,90.0,2016-02-02,5.6,313.0
146244.0,1300000.0,11000000.0,179.0,1997-10-30,6.855,183.0
146309.0,0.0,49714378.0,119.0,2015-07-11,7.932,1560.0
146656.0,37000000.0,173600000.0,132.0,2015-11-25,7.4,7819.0
146662.0,0.0,0.0,22.0,2011-11-15,7.196,413.0
146682.0,0.0,0.0,90.0,2015-07-17,7.3,140.0
146684.0,0.0,0.0,5.0,2015-11-06,6.547,138.0
146688.0,0.0,22586863.0,101.0,2015-09-03,6.43,2341.0
146730.0,25000.0,25000.0,95.0,2015-11-06,5.9,112.0
146986.0,0.0,0.0,95.0,1981-10-28,6.026,190.0
147002.0,0.0,1553020.0,106.0,2004-12-03,5.67,141.0
147142.0,7508646.0,10890811.0,103.0,2006-06-28,7.341,1086.0
147196.0,0.0,0.0,96.0,1962-03-07,7.491,112.0
147250.0,,,,,,
147282.0,0.0,17808683.0,95.0,2011-12-29,6.4,103.0
147286.0,0.0,0.0,151.0,1983-06-25,7.551,59.0
147300.0,0.0,0.0,149.0,1987-04-01,7.137,51.0
147326.0,0.0,0.0,63.0,1980-09-08,7.586,64.0
147328.0,,,,,,
147330.0,,,,,,
147372.0,0.0,0.0,57.0,2014-12-25,7.747,255.0
147374.0,0.0,0.0,59.0,2011-12-25,7.057,141.0
147376.0,0.0,0.0,62.0,2010-12-25,7.951,244.0
147378.0,0.0,0.0,59.0,2009-04-11,7.495,218.0
147380.0,0.0,0.0,60.0,2008-12-25,7.383,227.0
147382.0,0.0,0.0,72.0,2007-12-25,7.568,206.0
147384.0,0.0,0.0,60.0,2006-12-25,7.778,245.0
147410.0,0.0,1702433.0,106.0,2015-08-28,6.659,662.0
147657.0,0.0,0.0,92.0,1981-05-15,6.9,33.0
147662.0,0.0,0.0,105.0,1969-02-28,6.6,100.0
147936.0,0.0,0.0,103.0,1999-01-28,6.2,8.0
148166.0,0.0,302459.0,81.0,2015-09-05,7.2,246.0
148172.0,38000000.0,109906372.0,113.0,2016-01-14,5.937,5935.0
148238.0,0.0,0.0,56.0,2015-12-04,5.2,445.0
148424.0,0.0,0.0,127.0,2015-12-04,5.714,215.0
148482.0,9600000.0,5383097.0,125.0,2015-10-16,6.534,516.0
148592.0,400000.0,0.0,85.0,2015-09-25,5.6,38.0
148626.0,28000000.0,133346506.0,131.0,2015-12-11,7.358,9618.0
148632.0,0.0,0.0,91.0,2015-11-24,5.9,32.0
148652.0,60000000.0,0.0,120.0,2015-12-11,5.223,1489.0
148667.0,0.0,0.0,61.0,2015-11-13,7.72,264.0
148671.0,5000.0,0.0,10.0,2003-10-16,7.02,653.0
148675.0,,,,,,
148709.0,0.0,8602.0,93.0,2016-01-22,5.0,146.0
148775.0,0.0,0.0,94.0,2009-08-28,7.3,1771.0
148881.0,0.0,0.0,17.0,2015-01-22,7.832,352.0
148888.0,50000000.0,56722693.0,102.0,2016-02-06,4.922,2333.0
148956.0,38000000.0,112343513.0,110.0,2016-02-08,6.258,3301.0
148978.0,0.0,5994921.0,88.0,2012-12-28,7.246,173.0
148982.0,0.0,0.0,95.0,1978-10-31,6.3,47.0
149011.0,0.0,0.0,97.0,2015-12-18,6.2,514.0
149144.0,0.0,9649013.0,96.0,2014-11-29,7.084,302.0
149146.0,0.0,12828829.0,117.0,2015-04-25,7.059,204.0
149330.0,0.0,0.0,26.0,1977-12-04,5.3,9.0
149334.0,22500000.0,29300000.0,115.0,2016-11-04,7.414,8168.0
149350.0,0.0,0.0,105.0,2015-10-16,5.0,110.0
149352.0,50000000.0,242786137.0,92.0,2015-12-25,6.293,3368.0
149354.0,30000000.0,105000000.0,118.0,2015-12-18,5.968,1440.0
149380.0,0.0,0.0,83.0,2015-11-01,5.771,59.0
149406.0,145000000.0,521170825.0,95.0,2016-01-23,6.921,6436.0
149508.0,0.0,0.0,114.0,2011-12-01,7.473,205.0
149566.0,0.0,0.0,103.0,2012-02-24,5.5,30.0
149590.0,8000000.0,0.0,82.0,2016-02-26,6.054,332.0
149612.0,8000000.0,0.0,96.0,2014-04-20,5.0,114.0
149830.0,28000000.0,16457494.0,107.0,2016-02-04,6.165,2269.0
149902.0,0.0,0.0,92.0,2014-10-24,4.625,52.0
150254.0,0.0,772319.0,79.0,2016-12-15,6.307,694.0
150401.0,3000000.0,36040116.0,80.0,2015-11-19,6.4,317.0
150548.0,,,,,,
150554.0,0.0,0.0,84.0,1997-11-29,5.7,148.0
150596.0,0.0,0.0,60.0,2015-12-25,7.978,161.0
150604.0,0.0,0.0,96.0,2015-03-14,6.141,384.0
150696.0,0.0,43471.0,118.0,2015-11-15,7.76,277.0
150993.0,0.0,0.0,94.0,2015-09-04,5.637,222.0
151311.0,0.0,469311.0,90.0,2016-06-24,5.622,230.0
151315.0,40000000.0,124827316.0,102.0,2016-01-14,6.259,1765.0
151317.0,2000000.0,3400000.0,92.0,2016-04-27,5.7,398.0
151455.0,23000000.0,46152411.0,105.0,2016-02-25,7.169,2233.0
151479.0,0.0,0.0,88.0,1991-09-18,6.468,31.0
151501.0,0.0,269915.0,97.0,2016-01-22,4.922,565.0
151557.0,13500000.0,187674.0,129.0,2015-09-18,6.0,138.0
151559.0,0.0,0.0,89.0,2015-08-29,5.396,115.0
151653.0,0.0,0.0,108.0,2016-05-20,5.4,17.0
151687.0,20000000.0,46100000.0,107.0,2016-02-18,6.259,914.0
151695.0,0.0,0.0,104.0,2015-04-15,6.222,369.0
151739.0,11500000.0,94100000.0,102.0,2016-01-20,5.936,4525.0
151745.0,0.0,0.0,92.0,1961-02-20,3.6,102.0
151759.0,0.0,44695.0,73.0,2015-04-18,7.723,197.0
151763.0,,,,,,
151769.0,0.0,0.0,17.0,1978-06-06,7.311,114.0
151777.0,80000000.0,52099090.0,118.0,2016-01-27,6.597,1699.0
151781.0,3200000.0,0.0,105.0,2007-09-01,7.5,278.0
152037.0,0.0,0.0,130.0,2016-01-31,7.0,308.0
152063.0,140000000.0,150680864.0,128.0,2016-02-25,5.692,4279.0
152065.0,1400000.0,1320005.0,125.0,2015-05-25,7.693,493.0
152071.0,5000000.0,24804129.0,123.0,2016-02-19,7.3,1595.0
152077.0,15000000.0,110216998.0,105.0,2016-03-10,6.998,8468.0
152079.0,60000000.0,205754447.0,99.0,2016-03-02,6.2,5011.0
152081.0,150000000.0,1025521689.0,109.0,2016-02-11,7.759,17605.0
152083.0,35000000.0,48000000.0,111.0,2016-03-04,6.311,1025.0
152085.0,0.0,4924990.0,94.0,2015-04-12,6.212,385.0
152091.0,35000000.0,28000000.0,83.0,2016-02-24,5.959,2441.0
152105.0,0.0,0.0,95.0,1971-03-12,4.9,88.0
152173.0,500000.0,0.0,13.0,1983-11-14,8.2,733.0
152270.0,0.0,0.0,100.0,2015-09-17,6.2,94.0
152284.0,,,,,,
152372.0,0.0,35000.0,89.0,2015-09-17,5.9,655.0
152591.0,36000000.0,157000000.0,105.0,2015-12-24,7.027,1879.0
152658.0,0.0,0.0,91.0,2015-11-17,5.392,65.0
152711.0,350000.0,0.0,56.0,2010-01-01,0.0,0.0
152970.0,2500000.0,23900000.0,100.0,2016-01-22,7.654,2238.0
153070.0,0.0,0.0,43.0,2002-06-09,6.764,271.0
153236.0,0.0,0.0,102.0,2007-07-07,6.5,57.0
153386.0,0.0,0.0,85.0,1977-11-11,7.048,21.0
153408.0,6000000.0,0.0,86.0,2008-01-30,6.059,17.0
154065.0,0.0,0.0,100.0,2016-02-05,5.0,216.0
154358.0,0.0,0.0,90.0,2014-10-26,7.4,114.0
154975.0,162297.0,3800000.0,83.0,2016-02-24,7.3,141.0
155064.0,7000000.0,3400000.0,117.0,2016-05-31,6.509,3874.0
155168.0,0.0,0.0,87.0,2012-11-06,6.841,44.0
155288.0,13000000.0,18704595.0,102.0,2015-09-07,7.005,1686.0
155358.0,0.0,0.0,103.0,2016-03-04,4.8,52.0
155509.0,8000000.0,34694.0,95.0,2016-02-29,6.459,1424.0
155589.0,0.0,0.0,97.0,1968-08-23,6.0,9.0
155659.0,29000000.0,48902953.0,110.0,2016-05-06,6.7,1514.0
155743.0,18000000.0,90632641.0,94.0,2016-03-23,5.983,1059.0
155774.0,1500000.0,0.0,101.0,2016-01-14,6.7,101.0
155812.0,8000000.0,0.0,83.0,2016-03-17,5.306,692.0
155820.0,15000000.0,20749853.0,100.0,2016-04-29,6.054,1113.0
155892.0,0.0,0.0,97.0,2016-03-11,4.8,40.0
156025.0,0.0,0.0,25.0,2016-03-19,6.4,497.0
156371.0,10000000.0,3400278.0,116.0,2016-03-30,6.375,1182.0
156387.0,4000000.0,13624522.0,106.0,2016-03-11,7.859,2407.0
156553.0,0.0,0.0,96.0,2016-03-31,5.851,111.0
156605.0,5000000.0,2152738.0,118.0,2016-11-17,7.113,2019.0
156607.0,115000000.0,164989338.0,121.0,2016-04-06,6.284,4973.0
156609.0,35000000.0,108007109.0,93.0,2016-05-04,5.8,4547.0
156675.0,0.0,0.0,97.0,1968-05-01,5.6,16.0
156706.0,9000000.0,0.0,92.0,2016-04-29,5.164,523.0
156726.0,1000000.0,0.0,81.0,2016-03-12,6.733,4756.0
156781.0,0.0,0.0,90.0,2009-11-02,7.443,44.0
156783.0,0.0,0.0,113.0,2010-11-08,7.512,42.0
157108.0,0.0,0.0,86.0,1993-11-11,5.9,45.0
157110.0,0.0,0.0,92.0,1994-12-21,6.3,57.0
157122.0,0.0,11472454.0,108.0,2016-04-08,7.161,1535.0
157130.0,0.0,0.0,113.0,2016-01-29,5.649,97.0
157172.0,0.0,0.0,79.0,1989-03-01,2.3,35.0
157200.0,27000000.0,93282604.0,95.0,2016-05-12,6.435,3098.0
157270.0,20000000.0,55030051.0,111.0,2016-04-15,6.3,489.0
157296.0,200000000.0,1029266989.0,97.0,2016-06-16,7.038,12518.0
157312.0,29000000.0,78844582.0,91.0,2016-04-07,5.82,1378.0
157340.0,73000000.0,349779543.0,98.0,2016-05-11,6.251,3906.0
157369.0,0.0,0.0,119.0,2015-10-03,6.4,55.0
157407.0,18000000.0,0.0,90.0,2016-04-14,5.685,710.0
157432.0,10500000.0,567064.0,87.0,2016-07-14,5.101,298.0
157699.0,40000000.0,37357216.0,134.0,2016-09-15,7.105,4555.0
157775.0,0.0,0.0,95.0,1996-04-20,6.0,27.0
157865.0,20000000.0,8800000.0,94.0,2016-04-13,5.762,653.0
158022.0,0.0,0.0,85.0,2015-09-30,3.5,4.0
158027.0,0.0,0.0,117.0,2016-01-27,6.7,17.0
158035.0,0.0,15954700.0,110.0,2013-07-04,7.95,140.0
158238.0,50000000.0,71261763.0,116.0,2016-05-15,7.127,8428.0
158254.0,0.0,0.0,100.0,2016-05-18,4.904,249.0
158388.0,3500000.0,21700000.0,89.0,1979-03-02,6.0,97.0
158398.0,0.0,0.0,17.0,1991-11-08,7.116,86.0
158402.0,10000000.0,27305571.0,138.0,2016-04-21,6.9,288.0
158528.0,17000000.0,119100758.0,87.0,2016-06-24,6.351,5252.0
158721.0,0.0,0.0,114.0,1999-06-18,5.336,67.0
158783.0,8575000.0,38600000.0,145.0,2016-06-01,8.19,4181.0
158813.0,170000000.0,299457024.0,113.0,2016-05-25,6.557,6689.0
158830.0,140000000.0,195243411.0,118.0,2016-06-01,6.3,3563.0
158842.0,0.0,0.0,99.0,2016-05-05,6.573,295.0
158872.0,19000000.0,140705322.0,89.0,2016-07-11,5.751,7602.0
158874.0,0.0,0.0,85.0,1975-08-09,6.5,13.0
158882.0,0.0,0.0,100.0,2016-04-02,5.7,31.0
158956.0,0.0,0.0,99.0,2016-05-13,5.653,628.0
158966.0,5000000.0,23123592.0,118.0,2016-07-08,7.891,6710.0
158972.0,10000000.0,0.0,162.0,2016-07-14,6.968,1065.0
159061.0,10951000.0,49851770.0,146.0,2016-05-12,7.374,1967.0
159069.0,0.0,0.0,78.0,1992-11-07,4.6,13.0
159077.0,3200000.0,4267218.0,104.0,2016-04-05,5.962,372.0
159093.0,120000000.0,334897606.0,130.0,2016-06-02,6.828,11350.0
159161.0,0.0,0.0,60.0,2016-05-06,7.2,184.0
159193.0,30000000.0,43763247.0,96.0,2016-05-11,6.447,2775.0
159403.0,0.0,0.0,50.0,1989-04-15,6.748,113.0
159415.0,3000000.0,5800000.0,97.0,2016-06-24,6.923,3720.0
159441.0,0.0,0.0,108.0,2016-05-27,5.711,1576.0
159510.0,0.0,0.0,88.0,1973-07-11,5.791,74.0
159690.0,135000000.0,245623848.0,113.0,2016-06-01,6.048,3720.0
159717.0,0.0,0.0,93.0,2016-06-16,7.291,2283.0
159755.0,20000000.0,9500000.0,86.0,2016-06-03,6.6,1335.0
159779.0,0.0,0.0,90.0,2016-05-30,5.133,15.0
159811.0,0.0,0.0,20.0,1969-10-10,7.005,107.0
159817.0,,,,,,
159849.0,0.0,0.0,60.0,2016-06-03,8.012,419.0
159858.0,40000000.0,322819915.0,133.0,2016-06-08,7.294,9023.0
159976.0,0.0,27312.0,107.0,2016-05-06,7.344,1132.0
160080.0,144000000.0,229147509.0,117.0,2016-07-14,5.347,6686.0
160271.0,50000000.0,216972543.0,108.0,2016-06-15,6.413,6237.0
160289.0,0.0,0.0,472.0,2016-05-20,8.398,255.0
160341.0,0.0,0.0,102.0,1997-06-20,6.688,32.0
160400.0,0.0,5681622.0,104.0,2016-06-10,6.5,713.0
160422.0,0.0,0.0,101.0,1950-10-16,6.8,27.0
160438.0,120000000.0,415484914.0,123.0,2016-07-27,6.4,6062.0
160440.0,0.0,0.0,98.0,2014-08-08,4.654,13.0
160527.0,0.0,0.0,93.0,1971-01-12,7.108,37.0
160563.0,180000000.0,356743061.0,110.0,2016-06-29,5.914,6421.0
160565.0,10000000.0,118587880.0,105.0,2016-06-29,6.384,5421.0
160567.0,33000000.0,77100000.0,98.0,2016-07-07,6.049,2563.0
160569.0,105000000.0,408579038.0,95.0,2016-06-23,6.113,4809.0
160571.0,4900000.0,149368835.0,81.0,2016-07-21,6.366,4047.0
160573.0,65000000.0,143695338.0,102.0,2016-08-10,6.375,2289.0
160644.0,0.0,3924527.0,110.0,2016-07-29,6.4,282.0
160646.0,0.0,23020.0,96.0,2016-09-23,5.4,266.0
160684.0,15000000.0,1616004.0,111.0,2016-07-01,5.828,692.0
160718.0,0.0,0.0,6.0,2016-06-16,8.151,1702.0
160730.0,0.0,15364.0,87.0,2016-04-15,5.3,220.0
160836.0,0.0,0.0,103.0,2005-11-11,6.6,23.0
160848.0,0.0,921974.0,81.0,2016-03-27,7.443,1342.0
160872.0,0.0,349183.0,84.0,2016-07-01,4.335,411.0
160954.0,19000000.0,85241496.0,97.0,2016-06-27,7.005,6951.0
160978.0,0.0,0.0,96.0,2004-02-28,5.4,55.0
160980.0,60000000.0,240800000.0,96.0,2016-09-07,7.198,7578.0
161008.0,0.0,0.0,97.0,1990-03-16,6.1,100.0
161024.0,0.0,0.0,86.0,2016-07-01,7.282,154.0
161032.0,7119.0,0.0,34.0,1970-07-01,6.598,178.0
161044.0,0.0,0.0,97.0,1998-08-28,5.8,28.0
161127.0,28000000.0,21011110.0,127.0,2016-07-13,6.683,1759.0
161131.0,50000000.0,86234523.0,114.0,2016-08-18,6.929,5328.0
161290.0,4000000.0,0.0,87.0,2016-09-01,4.132,57.0
161354.0,3500000.0,3775000.0,77.0,2016-07-24,6.612,1906.0
161580.0,20000000.0,183936074.0,101.0,2016-07-28,6.491,4206.0
161582.0,12000000.0,37600000.0,102.0,2016-08-11,7.301,4752.0
161594.0,0.0,269980.0,115.0,2016-07-09,6.75,733.0
161634.0,9900000.0,158906350.0,89.0,2016-06-08,7.014,7829.0
161830.0,0.0,2634.0,75.0,2015-12-11,5.4,77.0
161918.0,0.0,0.0,85.0,2016-07-31,4.5,398.0
161922.0,9000000.0,18803648.0,104.0,2016-11-18,7.157,4189.0
161966.0,9800000.0,2341534.0,130.0,2016-05-25,6.652,1963.0
162082.0,8500000.0,87547518.0,118.0,2016-07-20,7.7,8151.0
162344.0,0.0,0.0,73.0,2016-01-08,7.011,90.0
162350.0,90000000.0,162400000.0,132.0,2016-09-14,6.476,6258.0
162414.0,4000000.0,65046687.0,100.0,2016-10-21,7.4,7403.0
162478.0,25000000.0,29200000.0,94.0,2016-09-29,5.758,1818.0
162578.0,60000000.0,76249438.0,101.0,2016-08-18,7.633,3751.0
162590.0,35000000.0,211952420.0,123.0,2016-09-14,6.409,3045.0
162598.0,110000000.0,121790376.0,108.0,2016-09-28,6.891,4798.0
162600.0,110000000.0,296482446.0,127.0,2016-09-28,6.8,10362.0
162602.0,45000000.0,173200000.0,112.0,2016-10-05,6.442,5936.0
162606.0,44000000.0,155160045.0,128.0,2016-10-13,7.131,7161.0
162828.0,0.0,302109.0,109.0,2016-08-19,6.5,1458.0
162968.0,0.0,6319100.0,63.0,2016-01-08,7.683,298.0
162982.0,0.0,4843719.0,90.0,2013-04-20,7.578,385.0
163056.0,15000000.0,78053145.0,120.0,2016-07-29,7.218,1511.0
163072.0,0.0,0.0,11.0,1969-07-19,7.307,158.0
163112.0,0.0,0.0,10.0,1971-07-10,7.403,134.0
163134.0,0.0,358000000.0,107.0,2016-08-26,8.478,12263.0
163386.0,0.0,0.0,21.0,1972-07-13,7.444,125.0
163527.0,0.0,0.0,71.0,2010-08-15,6.861,54.0
163639.0,0.0,0.0,72.0,2016-08-09,5.9,57.0
163645.0,40000000.0,175302354.0,139.0,2016-10-07,8.192,14574.0
163653.0,0.0,0.0,73.0,2016-08-05,6.56,50.0
163809.0,,,,,,
163925.0,0.0,0.0,4.0,1986-01-01,6.96,50.0
163937.0,5000000.0,45172994.0,90.0,2016-09-15,5.231,2005.0
163981.0,1500000.0,850419.0,103.0,2016-09-15,5.443,846.0
163985.0,2000000.0,0.0,88.0,2016-09-16,6.114,1260.0
164179.0,47000000.0,203388186.0,117.0,2016-11-10,7.6,18943.0
164200.0,70000000.0,182379278.0,87.0,2016-09-22,6.7,2465.0
164226.0,0.0,4218.0,88.0,2016-09-30,4.912,256.0
164280.0,0.0,559029.0,128.0,2016-03-23,7.446,194.0
164367.0,5005600.0,0.0,111.0,2016-09-23,6.572,2109.0
164375.0,0.0,0.0,90.0,2016-01-14,4.989,262.0
164540.0,0.0,0.0,92.0,2016-09-10,6.627,581.0
164647.0,0.0,0.0,86.0,2016-09-23,5.79,93.0
164655.0,0.0,950040.0,108.0,2016-08-05,6.836,140.0
164707.0,0.0,0.0,92.0,2005-06-10,6.014,139.0
164753.0,0.0,0.0,100.0,2016-02-14,6.0,52.0
164881.0,3800000.0,0.0,93.0,2016-08-01,4.7,66.0
164909.0,30000000.0,509183536.0,128.0,2016-12-01,7.9,17805.0
164917.0,0.0,0.0,100.0,2016-10-07,7.872,777.0
165075.0,0.0,1126.0,92.0,2017-08-03,6.1,37.0
165101.0,75000000.0,220021259.0,121.0,2016-10-13,6.087,6527.0
165103.0,40000000.0,29900000.0,106.0,2016-10-20,6.09,2113.0
165139.0,0.0,0.0,96.0,2016-09-22,6.2,95.0
165343.0,20000000.0,0.0,88.0,2016-10-20,5.136,210.0
165347.0,60000000.0,162100000.0,118.0,2016-10-19,6.001,5209.0
165483.0,0.0,0.0,63.0,2016-10-21,6.846,81.0
165489.0,0.0,0.0,94.0,2016-10-15,7.48,123.0
165529.0,0.0,0.0,91.0,2000-02-20,5.6,27.0
165549.0,9000000.0,79000000.0,135.0,2016-11-17,7.552,6270.0
165551.0,12000000.0,140312928.0,118.0,2016-11-24,8.04,6855.0
165635.0,100000.0,0.0,84.0,2016-10-12,6.7,376.0
165639.0,0.0,0.0,3.0,2016-08-28,7.228,567.0
165645.0,26000000.0,24100000.0,92.0,2016-11-23,5.418,857.0
165671.0,0.0,0.0,108.0,2016-09-12,7.15,40.0
165843.0,0.0,197621.0,87.0,2017-05-05,6.6,75.0
165947.0,40000000.0,0.0,98.0,2016-11-11,5.766,837.0
165959.0,4000000.0,1732414.0,0.0,2004-12-23,6.845,132.0
165969.0,36501.0,0.0,167.0,2016-10-25,7.5,154.0
166015.0,0.0,0.0,94.0,2016-06-08,6.8,662.0
166024.0,0.0,0.0,18.0,2013-01-18,7.8,390.0
166183.0,0.0,0.0,19.0,1968-06-06,6.967,105.0
166203.0,0.0,5188128.0,116.0,2014-08-14,7.108,1019.0
166291.0,0.0,30819442.0,130.0,2016-09-17,8.382,4343.0
166461.0,150000000.0,690860472.0,108.0,2016-10-13,7.563,13514.0
166492.0,45000000.0,114500000.0,105.0,2016-11-25,5.71,2178.0
166526.0,30000000.0,14793385.0,121.0,2017-01-26,7.048,2527.0
166528.0,200000000.0,1056057273.0,134.0,2016-12-14,7.504,16113.0
166534.0,9000000.0,278454358.0,117.0,2017-01-19,7.343,18094.0
166558.0,35000000.0,81093313.0,93.0,2016-11-24,5.9,3870.0
166568.0,13000000.0,9101546.0,132.0,2016-11-25,7.4,1929.0
166635.0,110000000.0,303144152.0,117.0,2016-12-21,6.952,13985.0
166643.0,25000000.0,235957472.0,127.0,2016-12-10,8.048,10246.0
166705.0,24000000.0,64400000.0,139.0,2016-12-16,6.875,2758.0
166946.0,15000000.0,24121245.0,115.0,2016-11-24,7.137,5282.0
167018.0,38000000.0,118102725.0,112.0,2016-12-22,6.38,4332.0
167036.0,75000000.0,634151679.0,108.0,2016-11-23,7.12,8317.0
167064.0,1000000.0,7123919.0,89.0,2017-02-03,7.74,504.0
167296.0,0.0,0.0,73.0,1931-04-29,5.4,18.0
167370.0,125000000.0,240700000.0,116.0,2016-12-21,5.4,8014.0
167380.0,22000000.0,205000000.0,99.0,2017-01-19,7.636,3472.0
167538.0,0.0,0.0,76.0,1983-08-31,4.3,91.0
167570.0,,,,,,
167634.0,22000000.0,41087017.0,91.0,2017-02-16,6.048,1290.0
167706.0,0.0,49.0,93.0,2005-01-20,4.8,5.0
167732.0,8000000.0,17900000.0,103.0,2016-11-04,7.899,1524.0
167746.0,80000000.0,311950384.0,105.0,2017-02-08,7.233,5292.0
167772.0,0.0,0.0,5.0,1995-12-25,6.595,74.0
167790.0,900000.0,1237319.0,95.0,2016-11-10,5.4,41.0
167854.0,0.0,0.0,64.0,2016-11-04,6.233,58.0
168026.0,0.0,0.0,15.0,2013-10-04,7.233,846.0
168090.0,0.0,3546960.0,64.0,2016-08-19,7.97,218.0
168144.0,0.0,0.0,58.0,2006-09-19,6.477,22.0
168174.0,0.0,0.0,73.0,2017-01-10,6.918,79.0
168218.0,0.0,817874.0,83.0,2017-01-06,7.993,227.0
168248.0,40000000.0,171539887.0,122.0,2017-02-08,7.3,13951.0
168250.0,4500000.0,255407969.0,104.0,2017-02-24,7.6,18510.0
168252.0,97000000.0,619021436.0,138.0,2017-02-28,7.8,20103.0
168254.0,185000000.0,566652812.0,118.0,2017-03-08,6.551,10958.0
168266.0,18000000.0,41681746.0,117.0,2017-01-27,6.945,3285.0
168326.0,5000000.0,56303596.0,120.0,2017-03-30,7.336,2580.0
168350.0,0.0,0.0,93.0,2016-11-11,6.0,181.0
168358.0,10000000.0,4900000.0,95.0,1980-02-15,5.3,212.0
168366.0,160000000.0,1266115964.0,129.0,2017-03-16,6.968,15893.0
168418.0,125000000.0,527965936.0,97.0,2017-03-23,6.453,7366.0
168456.0,0.0,0.0,102.0,2016-01-05,4.7,50.0
168492.0,3500000.0,43143046.0,131.0,2017-10-01,8.096,12568.0
168608.0,10000000.0,0.0,120.0,2017-11-16,7.4,1284.0
168612.0,110000000.0,169801921.0,107.0,2017-03-29,6.1,8418.0
168632.0,0.0,0.0,77.0,2017-01-31,6.919,173.0
168712.0,55000000.0,381545846.0,118.0,2017-02-08,6.473,7863.0
168846.0,0.0,0.0,65.0,2017-01-17,7.198,81.0
169034.0,0.0,0.0,46.0,2016-04-23,8.421,164.0
169180.0,0.0,0.0,96.0,2017-02-17,6.0,95.0
169670.0,0.0,151042.0,94.0,2016-09-22,6.008,1380.0
169904.0,0.0,0.0,123.0,1994-04-20,5.6,87.0
169912.0,0.0,0.0,62.0,1993-02-20,6.9,42.0
169958.0,0.0,73121.0,98.0,2017-05-28,6.138,304.0
169982.0,105000000.0,142300000.0,124.0,2017-03-23,6.25,4571.0
169984.0,97000000.0,240891763.0,122.0,2017-05-09,6.169,9217.0
169992.0,7000000.0,3719383.0,90.0,2017-03-31,6.264,1193.0
170289.0,0.0,0.0,115.0,2005-01-14,5.195,458.0
170297.0,0.0,0.0,73.0,2006-08-08,6.803,317.0
170355.0,,,,,,
170357.0,0.0,0.0,67.0,2017-03-21,7.62,280.0
170399.0,25000000.0,26800152.0,100.0,2017-03-23,6.1,1356.0
170401.0,5000000.0,5042014.0,87.0,2017-03-03,5.904,1005.0
170411.0,0.0,0.0,66.0,2017-03-21,7.639,251.0
170551.0,0.0,0.0,99.0,1998-04-25,7.046,197.0
170597.0,0.0,0.0,9.0,1981-12-31,7.258,60.0
170697.0,7000000.0,40300000.0,101.0,2017-04-07,8.0,5835.0
170705.0,,,,,,
170777.0,0.0,0.0,10.0,1982-11-10,7.948,155.0
170813.0,69000000.0,177900000.0,119.0,2017-05-25,6.087,8393.0
170817.0,42000000.0,60800000.0,90.0,2017-05-03,5.3,821.0
170827.0,125000000.0,409231607.0,110.0,2017-06-06,5.519,7511.0
170837.0,7000000.0,0.0,101.0,2000-03-05,6.432,453.0
170875.0,250000000.0,1236000000.0,136.0,2017-04-12,6.857,10679.0
170897.0,0.0,0.0,130.0,2017-04-14,5.5,585.0
170907.0,0.0,0.0,104.0,2016-03-17,7.054,121.0
170937.0,0.0,0.0,88.0,2017-03-11,5.685,271.0
170939.0,38000000.0,125427681.0,90.0,2017-06-01,6.278,1320.0
170945.0,5000000.0,19280931.0,97.0,2017-06-09,5.9,2562.0
170957.0,175000000.0,383925276.0,109.0,2017-06-15,6.9,6261.0
170993.0,6000000.0,156318.0,91.0,2006-07-14,5.538,129.0
171011.0,,,,,,
171023.0,0.0,4077333.0,93.0,2017-06-09,6.1,248.0
171251.0,0.0,0.0,95.0,2017-01-24,6.006,87.0
171495.0,,,,,,
171631.0,0.0,0.0,64.0,2017-05-02,5.2,23.0
171695.0,0.0,0.0,99.0,2002-07-14,7.719,80.0
171701.0,0.0,17355.0,105.0,2016-11-02,6.5,98.0
171749.0,,,,,,
171751.0,0.0,0.0,156.0,2003-12-19,7.172,341.0
171759.0,10500000.0,27869129.0,93.0,2017-06-23,5.921,2210.0
171763.0,34000000.0,226945087.0,113.0,2017-06-28,7.4,16549.0
171765.0,50000000.0,0.0,121.0,2017-06-28,7.342,4476.0
171811.0,0.0,0.0,105.0,2013-10-18,5.231,26.0
171867.0,20000000.0,47347283.0,101.0,2017-06-15,5.681,2070.0
171891.0,0.0,0.0,106.0,2017-05-12,6.8,53.0
171917.0,0.0,0.0,90.0,2015-09-11,6.321,28.0
172013.0,0.0,0.0,108.0,2016-06-02,6.6,77.0
172215.0,0.0,0.0,92.0,1992-11-27,6.2,60.0
172229.0,7500000.0,289323.0,98.0,1988-04-15,5.8,33.0
172233.0,0.0,0.0,98.0,2001-04-24,5.9,25.0
172253.0,0.0,0.0,90.0,1988-04-15,6.1,92.0
172321.0,0.0,0.0,61.0,2004-08-10,6.5,14.0
172461.0,0.0,0.0,101.0,2017-04-23,7.0,141.0
172497.0,,,,,,
172547.0,80000000.0,1034800131.0,90.0,2017-06-15,6.5,7524.0
172577.0,0.0,0.0,20.0,1983-12-31,7.2,85.0
172583.0,0.0,0.0,21.0,1986-04-05,6.859,39.0
172585.0,0.0,0.0,20.0,1970-06-06,7.02,102.0
172587.0,0.0,0.0,18.0,1980-06-06,7.48,99.0
172589.0,0.0,0.0,16.0,1984-06-06,7.604,96.0
172591.0,0.0,0.0,583.0,1992-10-21,8.903,165.0
172637.0,0.0,0.0,128.0,1980-03-24,7.6,70.0
172705.0,0.0,0.0,111.0,2017-03-15,7.608,37.0
172793.0,0.0,0.0,19.0,1965-01-01,7.208,72.0
172825.0,0.0,0.0,20.0,1968-01-01,7.792,24.0
172875.0,0.0,0.0,10.0,2003-04-04,7.2,156.0
172881.0,0.0,0.0,9.0,2003-03-21,6.9,184.0
172887.0,0.0,0.0,15.0,2003-06-03,7.1,183.0
172909.0,,,,,,
173145.0,150000000.0,490719763.0,142.0,2017-07-11,7.214,9542.0
173197.0,0.0,9494535.0,142.0,2017-08-25,6.753,1693.0
173205.0,11400000.0,0.0,110.0,2017-10-13,6.463,1250.0
173209.0,60000000.0,0.0,122.0,2017-05-26,5.613,1207.0
173235.0,0.0,0.0,52.0,2017-07-28,6.688,48.0
173253.0,0.0,0.0,65.0,2017-04-25,6.882,38.0
173255.0,0.0,0.0,61.0,2017-05-09,6.839,87.0
173291.0,177200000.0,225973340.0,137.0,2017-07-19,6.631,7847.0
173307.0,0.0,0.0,95.0,2017-07-21,4.746,118.0
173317.0,0.0,0.0,94.0,2016-10-14,7.4,15.0
173351.0,0.0,0.0,8.0,1983-03-31,8.066,38.0
173355.0,0.0,0.0,9.0,1983-01-01,7.0,35.0
173535.0,,,,,,
173619.0,0.0,0.0,89.0,1986-12-17,6.789,419.0
173751.0,0.0,0.0,92.0,2016-10-07,4.471,17.0
173873.0,,,,,,
173925.0,20000000.0,27975429.0,124.0,2017-08-18,7.15,6340.0
173941.0,30000000.0,100014025.0,111.0,2017-07-26,6.433,6514.0
173963.0,0.0,0.0,103.0,2007-03-08,6.8,71.0
174045.0,0.0,124875.0,101.0,2017-03-17,5.704,341.0
174053.0,,,,,,
174055.0,150000000.0,527000000.0,106.0,2017-07-19,7.449,17277.0
174141.0,0.0,0.0,86.0,1973-06-30,7.4,349.0
174403.0,,,,,,
174479.0,0.0,0.0,11.0,2014-12-16,6.957,58.0
174551.0,0.0,34947.0,31.0,1965-08-16,7.472,36.0
174681.0,0.0,0.0,102.0,2017-06-13,6.881,88.0
174727.0,2000000.0,3283369.0,101.0,2017-08-11,7.2,3029.0
174737.0,0.0,0.0,111.0,1965-09-18,7.1,200.0
174815.0,40000000.0,34200000.0,88.0,2017-06-29,5.626,956.0
174909.0,29000000.0,48453605.0,118.0,2017-08-17,6.733,3755.0
175197.0,60000000.0,113231078.0,95.0,2017-08-03,5.8,5425.0
175199.0,15000000.0,306592201.0,109.0,2017-08-03,6.604,5911.0
175293.0,0.0,0.0,20.0,1969-12-30,7.667,114.0
175303.0,35000000.0,719766009.0,135.0,2017-09-06,7.2,20051.0
175387.0,0.0,0.0,18.0,1973-02-02,7.027,74.0
175397.0,0.0,0.0,8.0,1984-06-06,7.0,33.0
175401.0,0.0,0.0,10.0,1984-01-01,7.0,30.0
175431.0,0.0,0.0,10.0,1977-01-01,7.172,61.0
175435.0,0.0,0.0,20.0,1979-01-01,7.826,23.0
175475.0,50000000.0,216909830.0,86.0,2017-07-23,5.402,3260.0
175485.0,40000000.0,0.0,101.0,2017-08-25,4.266,4077.0
175569.0,11000000.0,44998252.0,107.0,2017-08-03,7.433,5629.0
175577.0,0.0,0.0,66.0,2017-06-20,7.2,20.0
175585.0,0.0,0.0,121.0,2017-07-07,6.95,2165.0
175661.0,30000000.0,176586701.0,111.0,2017-08-16,6.893,6534.0
175693.0,,,,,,
175705.0,0.0,0.0,105.0,1973-03-01,6.5,52.0
175707.0,0.0,0.0,113.0,2016-10-15,6.5,12.0
175743.0,0.0,0.0,99.0,2017-01-29,6.6,9.0
175781.0,0.0,0.0,60.0,1967-01-01,8.4,11.0
176051.0,0.0,0.0,72.0,2017-07-12,6.441,51.0
176101.0,104000000.0,410902662.0,141.0,2017-09-20,7.0,10942.0
176329.0,,,,,,
176371.0,150000000.0,259239658.0,164.0,2017-10-04,7.6,14737.0
176389.0,40000000.0,68743485.0,91.0,2017-08-11,6.1,454.0
176413.0,0.0,0.0,108.0,2012-02-22,5.429,14.0
176415.0,0.0,0.0,119.0,2014-03-06,4.5,13.0
176419.0,30000000.0,44516999.0,115.0,2017-09-13,6.963,6972.0
176423.0,0.0,0.0,121.0,2017-06-03,7.659,800.0
176579.0,0.0,863413.0,80.0,2017-08-11,4.6,342.0
176601.0,0.0,0.0,4.0,2011-06-20,7.698,58.0
176621.0,0.0,0.0,20.0,1965-01-01,5.991,54.0
176751.0,50000000.0,133511855.0,115.0,2017-08-18,6.897,4857.0
176805.0,0.0,0.0,89.0,2017-04-14,6.1,65.0
176935.0,120000000.0,221600160.0,109.0,2017-10-12,6.111,5057.0
177185.0,0.0,0.0,67.0,2017-08-01,6.0,23.0
177285.0,0.0,29322339.0,119.0,2017-02-18,7.687,729.0
177593.0,15000000.0,162729321.0,116.0,2017-12-01,8.062,10676.0
177615.0,10000000.0,79000000.0,94.0,2017-09-01,7.253,8895.0
177763.0,55000000.0,352800000.0,114.0,2017-11-03,6.705,10384.0
177765.0,175000000.0,814641172.0,110.0,2017-10-27,8.198,20621.0
177939.0,0.0,3878208.0,93.0,2017-04-07,7.426,242.0
178061.0,11000000.0,53900000.0,120.0,2017-12-07,7.47,6083.0
178111.0,0.0,26617621.0,90.0,2017-08-18,6.602,359.0
178129.0,0.0,0.0,85.0,2011-05-30,2.0,1.0
178323.0,0.0,0.0,101.0,2017-09-21,7.434,594.0
178613.0,0.0,0.0,57.0,2000-07-26,8.126,167.0
178615.0,0.0,26409.0,87.0,2016-08-05,5.6,23.0
178827.0,40000000.0,290132513.0,103.0,2017-11-09,7.475,2687.0
179053.0,0.0,0.0,5.0,2017-09-14,6.783,360.0
179073.0,0.0,0.0,100.0,1964-09-18,6.5,32.0
179119.0,13000000.0,24600000.0,107.0,2017-10-20,7.0,2076.0
179133.0,5500000.0,42187665.0,94.0,2017-06-22,7.989,2564.0
179135.0,,,,,,
179211.0,0.0,0.0,59.0,2017-10-10,6.018,28.0
179401.0,90000000.0,995339117.0,119.0,2017-12-09,6.818,14252.0
179427.0,0.0,0.0,78.0,2014-10-17,7.0,5.0
179491.0,2500000.0,17366.0,86.0,2017-11-10,6.451,769.0
179511.0,0.0,0.0,112.0,2016-07-07,6.966,876.0
179709.0,25000000.0,15366466.0,101.0,2017-12-01,6.4,1346.0
179749.0,0.0,0.0,80.0,2017-10-14,6.327,875.0
179813.0,20000000.0,2510151.0,98.0,2017-11-03,6.4,163.0
179815.0,22000000.0,13025860.0,129.0,2017-11-17,6.349,1356.0
179817.0,30000000.0,150847207.0,125.0,2017-11-22,7.355,5422.0
179819.0,300000000.0,1332698830.0,152.0,2017-12-13,6.8,16063.0
179953.0,28000000.0,130560428.0,104.0,2017-08-04,6.319,2179.0
180031.0,19500000.0,195300000.0,123.0,2017-12-01,7.238,12655.0
180045.0,30000000.0,59284015.0,140.0,2017-12-07,7.151,3929.0
180095.0,20000000.0,315025930.0,113.0,2017-11-13,8.109,8146.0
180231.0,69000000.0,180613180.0,98.0,2017-11-09,6.3,2683.0
180263.0,,,,,,
180265.0,0.0,0.0,94.0,2017-09-05,7.5,721.0
180297.0,10000000.0,29820616.0,103.0,2017-03-12,7.105,3682.0
180497.0,50000000.0,179769467.0,116.0,2017-12-22,7.002,4816.0
180777.0,0.0,0.0,90.0,2005-01-01,5.0,1.0
180985.0,84000000.0,459066134.0,104.0,2017-12-20,7.867,9886.0
180987.0,111000000.0,295038508.0,107.0,2017-12-09,7.218,3029.0
181065.0,0.0,0.0,67.0,2017-10-24,6.839,62.0
181139.0,0.0,0.0,51.0,2017-08-22,5.5,14.0
181315.0,35000000.0,47756590.0,130.0,2017-12-25,7.316,3708.0
181413.0,0.0,0.0,95.0,2017-10-20,7.848,66.0
181659.0,0.0,0.0,66.0,2017-12-05,6.0,30.0
181719.0,0.0,0.0,91.0,1995-01-23,5.4,17.0
182293.0,0.0,0.0,8.0,1939-08-12,6.5,15.0
182297.0,0.0,0.0,7.0,1938-09-24,7.0,80.0
182299.0,0.0,0.0,8.0,1938-04-30,6.5,17.0
182639.0,0.0,0.0,9.0,2003-05-05,7.5,183.0
182715.0,40000000.0,43070915.0,115.0,2018-02-22,6.437,9175.0
182727.0,0.0,0.0,131.0,2017-12-17,4.7,36.0
182731.0,0.0,0.0,85.0,2004-11-13,5.209,86.0
182749.0,0.0,0.0,69.0,2017-12-12,6.2,86.0
182793.0,0.0,0.0,105.0,2009-10-15,6.554,93.0
182823.0,90000000.0,0.0,117.0,2017-12-22,6.159,5880.0
183011.0,30000000.0,119942387.0,105.0,2018-01-11,6.363,4571.0
183197.0,0.0,0.0,64.0,2017-12-31,7.488,247.0
183199.0,0.0,0.0,104.0,2017-07-26,7.2,9.0
183227.0,0.0,0.0,49.0,2017-12-31,7.449,198.0
183295.0,10000000.0,172811971.0,104.0,2018-01-03,6.254,3081.0
183301.0,0.0,0.0,51.0,1986-03-26,7.0,4.0
183317.0,0.0,0.0,86.0,1988-01-15,2.8,9.0
183611.0,37000000.0,117501013.0,100.0,2018-02-15,6.849,6156.0
183635.0,62000000.0,288175335.0,142.0,2018-01-10,7.087,8245.0
183897.0,62770198.0,64337744.0,101.0,2018-03-23,7.845,5271.0
183911.0,0.0,0.0,89.0,2018-01-26,4.872,282.0
183959.0,0.0,0.0,71.0,2018-01-12,7.156,80.0
184015.0,10000000.0,0.0,97.0,2018-02-08,6.56,2342.0
184053.0,0.0,0.0,81.0,2008-11-02,4.125,24.0
184245.0,0.0,0.0,90.0,1978-01-01,5.25,4.0
184253.0,45000000.0,0.0,102.0,2018-02-04,5.63,3476.0
184257.0,,,,,,
184349.0,2600000.0,2985837.0,108.0,2005-07-28,7.787,82.0
184471.0,94000000.0,274650803.0,118.0,2018-03-05,6.4,8218.0
184641.0,0.0,8053641.0,134.0,2017-12-01,5.4,568.0
184721.0,3500000.0,3988612.0,108.0,2018-05-18,6.979,1426.0
184791.0,0.0,0.0,65.0,2018-02-06,6.203,32.0
184931.0,30000000.0,34017028.0,109.0,2018-03-01,6.219,2726.0
184987.0,103000000.0,132675864.0,109.0,2018-03-08,5.1,1838.0
184997.0,17000000.0,66316289.0,109.0,2018-02-16,7.982,6193.0
185029.0,17000000.0,340955294.0,90.0,2018-04-03,7.4,15050.0
185031.0,51000000.0,99630675.0,96.0,2018-08-17,6.528,2673.0
185033.0,15100000.0,0.0,104.0,2017-11-15,6.2,1229.0
185135.0,,,,,,
185435.0,0.0,0.0,101.0,2018-03-23,5.5,954.0
185473.0,21000000.0,94017294.0,102.0,2018-03-14,6.307,2088.0
185585.0,150000000.0,290061297.0,111.0,2018-03-21,6.128,5222.0
186587.0,120000000.0,428028233.0,100.0,2018-04-11,6.5,7390.0
187031.0,170000000.0,1310469037.0,128.0,2018-06-06,6.5,12522.0
187541.0,200000000.0,1243225667.0,118.0,2018-06-14,7.453,13477.0
187593.0,110000000.0,785896632.0,120.0,2018-05-15,7.5,18897.0
187595.0,250000000.0,392952373.0,135.0,2018-05-15,6.557,9094.0
187717.0,0.0,22835787.0,95.0,2018-06-29,7.999,576.0
188189.0,3200000.0,18200000.0,111.0,2018-07-06,6.788,1704.0
188301.0,140000000.0,622674139.0,118.0,2018-07-04,6.908,13964.0
188675.0,0.0,5080147.0,95.0,2018-05-17,7.519,2273.0
188751.0,75000000.0,395607854.0,114.0,2018-07-18,7.084,3522.0
188797.0,28000000.0,75100000.0,100.0,2018-05-30,6.7,3352.0
188833.0,19116000.0,2433457.0,132.0,2018-05-19,6.749,1062.0
189043.0,0.0,557169.0,104.0,2018-06-22,5.6,64.0
189111.0,0.0,0.0,79.0,2018-06-22,4.0,1.0
189333.0,178000000.0,791658205.0,147.0,2018-07-25,7.446,8930.0
189381.0,16000000.0,20545116.0,116.0,2018-06-13,6.715,398.0
189547.0,0.0,0.0,75.0,2010-06-24,5.2,3.0
189713.0,15000000.0,93411426.0,128.0,2018-08-09,7.491,7944.0
190183.0,34000000.0,41142379.0,104.0,2018-07-25,7.025,2902.0
190207.0,0.0,0.0,94.0,2011-01-28,6.281,16.0
190209.0,0.0,0.0,50.0,2017-11-13,6.9,8.0
190213.0,0.0,0.0,95.0,2016-03-31,5.6,16.0
190215.0,0.0,0.0,87.0,2017-10-19,6.6,69.0
190219.0,0.0,0.0,7.0,1998-11-02,6.602,64.0
190221.0,0.0,0.0,2.0,2002-02-02,6.875,16.0
191005.0,0.0,47455832.0,131.0,2017-07-14,6.8,130.0
193565.0,0.0,10453259.0,95.0,2010-04-24,7.432,95.0
193567.0,0.0,109630.0,101.0,2013-08-31,7.468,188.0
193571.0,0.0,0.0,111.0,2014-03-07,6.7,14.0
193573.0,0.0,22069046.0,99.0,2015-06-13,7.7,60.0
193579.0,0.0,0.0,47.0,2015-08-07,7.7,5.0
193581.0,0.0,511132.0,100.0,2017-01-21,7.5,98.0
193583.0,0.0,6356284.0,106.0,2017-07-15,7.817,426.0
193585.0,0.0,0.0,96.0,2017-10-28,6.8,18.0
193587.0,0.0,2373203.0,90.0,2018-03-03,8.11,182.0
193609.0,0.0,0.0,85.0,1991-05-17,6.7,9.0
